text	link	year
Roberto Benigni	/wiki/Roberto_Benigni	['1952', '2025']
Nino Castelnuovo	/wiki/Nino_Castelnuovo	['1936', '2025']
Tino Caspanello	/wiki/Tino_Caspanello	['1900', '1950']
Gino Cervi	/wiki/Gino_Cervi	['1901', '1974']
Eduardo De Filippo	/wiki/Eduardo_De_Filippo	['1900', '1984']
Robert De Niro	/wiki/Robert_De_Niro	['1943', '2025']
Manuel De Peppe	/wiki/Manuel_De_Peppe	['1970', '2025']
Vittorio Gassman	/wiki/Vittorio_Gassman	['1922', '2000']
Elio Germano	/wiki/Elio_Germano	['1980', '2025']
Giancarlo Giannini	/wiki/Giancarlo_Giannini	['1942', '2025']
Terence Hill	/wiki/Terence_Hill	['1939', '2025']
Nino Manfredi	/wiki/Nino_Manfredi	['1921', '2004']
Marcello Mastroianni	/wiki/Marcello_Mastroianni	['1924', '1996']
Amedeo Nazzari	/wiki/Amedeo_Nazzari	['1907', '1979']
Alberto Sordi	/wiki/Alberto_Sordi	['1920', '2003']
Ugo Tognazzi	/wiki/Ugo_Tognazzi	['1922', '1990']
Totò	/wiki/Tot%C3%B2	['1898', '1967']
Massimo Troisi	/wiki/Massimo_Troisi	['1953', '1994']
Rudolph Valentino	/wiki/Rudolph_Valentino	['1895', '1926']
Carlo Verdone	/wiki/Carlo_Verdone	['1950', '2025']
Gian Maria Volonté	/wiki/Gian_Maria_Volont%C3%A9	['1933', '1994']
Stefano Accorsi	/wiki/Stefano_Accorsi	['1971', '2025']
Clara Calamai	/wiki/Clara_Calamai	['1909', '1998']
Claudia Cardinale	/wiki/Claudia_Cardinale	['1938', '2025']
Eleonora Duse	/wiki/Eleonora_Duse	['1858', '1924']
Virna Lisi	/wiki/Virna_Lisi	['1936', '2025']
Gina Lollobrigida	/wiki/Gina_Lollobrigida	['1927', '2025']
Sophia Loren	/wiki/Sophia_Loren	['1934', '2025']
Anna Magnani	/wiki/Anna_Magnani	['1908', '1973']
Silvana Mangano	/wiki/Silvana_Mangano	['1930', '1989']
Mariangela Melato	/wiki/Mariangela_Melato	['1941', '2013']
Sandra Milo	/wiki/Sandra_Milo	['1933', '2025']
Alida Valli	/wiki/Alida_Valli	['1921', '2006']
Monica Vitti	/wiki/Monica_Vitti	['1931', '2025']
Monica Bellucci	/wiki/Monica_Bellucci	['30', '2025']
Asia Argento	/wiki/Asia_Argento	['20', '2025']
Ornella Muti	/wiki/Ornella_Muti	['1900', '1950']
Valeria Golino	/wiki/Valeria_Golino	['22', '2025']
Chiara Caselli	/wiki/Chiara_Caselli	['22', '2025']
Cocceius Auctus	/wiki/Cocceius_Auctus	['1900', '1950']
Hyginus Gromaticus	/wiki/Hyginus_Gromaticus	['1900', '1950']
Lucius Vitruvius Cordo	/wiki/Lucius_Vitruvius_Cordo	['1900', '1950']
Rabirius	/wiki/Rabirius_(architect)	['1900', '1950']
Vitruvius	/wiki/Vitruvius	['1900', '1950']
Guglielmo Agnelli	/wiki/Guglielmo_Agnelli	['1238', '1313']
Pietro Baseggio	/wiki/Pietro_Baseggio	['1900', '1950']
Bartolomeo Bon	/wiki/Bartolomeo_Bon	['1424', '1430']
Bertolino Bragerio	/wiki/Bertolino_Bragerio	['1900', '1950']
Jacopo Celega	/wiki/Jacopo_Celega	['1900', '1950']
Diotisalvi	/wiki/Diotisalvi	['1900', '1950']
Maginardo	/wiki/Maginardo	['1900', '1950']
Lorenzo Maitani	/wiki/Lorenzo_Maitani	['1275', '1330']
Leon Battista Alberti	/wiki/Leon_Battista_Alberti	['1404', '1472']
Galeazzo Alessi	/wiki/Galeazzo_Alessi	['1512', '1572']
Iacomo Andrea	/wiki/Iacomo_Andrea	['1900', '1950']
Antonio da Sangallo the Elder	/wiki/Antonio_da_Sangallo_the_Elder	['1453', '1534']
Antonio da Sangallo the Younger	/wiki/Antonio_da_Sangallo_the_Younger	['1484', '1546']
Donato Bramante	/wiki/Donato_Bramante	['1444', '1514']
Filippo Brunelleschi	/wiki/Filippo_Brunelleschi	['1377', '1446']
Bernardo Buontalenti	/wiki/Bernardo_Buontalenti	['1531', '1608']
Giacomo della Porta	/wiki/Giacomo_della_Porta	['1533', '1602']
Giovanni Maria Falconetto	/wiki/Giovanni_Maria_Falconetto	['1468', '1535']
Filarete	/wiki/Filarete	['1900', '1950']
Domenico Fontana	/wiki/Domenico_Fontana	['1543', '1607']
Giacomo Barozzi da Vignola	/wiki/Giacomo_Barozzi_da_Vignola	['1507', '1573']
Francesco di Giorgio	/wiki/Francesco_di_Giorgio	['1439', '1502']
Giuliano da Maiano	/wiki/Giuliano_da_Maiano	['1432', '1490']
Giuliano da Sangallo	/wiki/Giuliano_da_Sangallo	['1443', '1516']
Luciano Laurana	/wiki/Luciano_Laurana	['1420', '1479']
Pirro Ligorio	/wiki/Pirro_Ligorio	['1510', '1583']
Michelozzo	/wiki/Michelozzo	['1396', '1472']
Andrea Palladio	/wiki/Andrea_Palladio	['1508', '1580']
Baldassare Peruzzi	/wiki/Baldassare_Peruzzi	['1481', '1536']
Michele Sanmicheli	/wiki/Michele_Sanmicheli	['1484', '1559']
Jacopo Sansovino	/wiki/Jacopo_Sansovino	['1486', '1570']
Vincenzo Scamozzi	/wiki/Vincenzo_Scamozzi	['1552', '1616']
Sebastiano Serlio	/wiki/Sebastiano_Serlio	['1475', '1554']
Francesco Borromini	/wiki/Francesco_Borromini	['1599', '1667']
Cosimo Fanzago	/wiki/Cosimo_Fanzago	['1591', '1678']
Carlo Fontana	/wiki/Carlo_Fontana	['1900', '1950']
Rosario Gagliardi	/wiki/Rosario_Gagliardi	['1698', '1762']
Guarino Guarini	/wiki/Guarino_Guarini	['1624', '1683']
Filippo Juvarra	/wiki/Filippo_Juvarra	['1678', '1736']
Baldassarre Longhena	/wiki/Baldassarre_Longhena	['1598', '1682']
Carlo Maderno	/wiki/Carlo_Maderno	['1556', '1629']
Pietro da Cortona	/wiki/Pietro_da_Cortona	['1596', '1669']
Carlo Rainaldi	/wiki/Carlo_Rainaldi	['1611', '1691']
Francesco Bartolomeo Rastrelli	/wiki/Francesco_Bartolomeo_Rastrelli	['1700', '1771']
Nicola Salvi	/wiki/Nicola_Salvi	['1697', '1751']
Giovanni Battista Vaccarini	/wiki/Giovanni_Battista_Vaccarini	['1702', '1768']
Luigi Vanvitelli	/wiki/Luigi_Vanvitelli	['1700', '1773']
Nicola Bettoli	/wiki/Nicola_Bettoli	['1780', '1854']
Luigi Cagnola	/wiki/Luigi_Cagnola	['1762', '1833']
Luigi Canina	/wiki/Luigi_Canina	['1795', '1856']
Antonio Corazzi	/wiki/Antonio_Corazzi	['1792', '1877']
Alessandro Galilei	/wiki/Alessandro_Galilei	['1691', '1737']
Giacomo Leoni	/wiki/Giacomo_Leoni	['1686', '1746']
Giuseppe Venanzio Marvuglia	/wiki/Giuseppe_Venanzio_Marvuglia	['1729', '1814']
Giovanni Battista Piranesi	/wiki/Giovanni_Battista_Piranesi	['1720', '1778']
Giacomo Quarenghi	/wiki/Giacomo_Quarenghi	['1744', '1817']
Carlo Rossi	/wiki/Carlo_Rossi_(architect)	['1775', '1849']
Francesco Sabatini	/wiki/Francesco_Sabatini	['1722', '1797']
Giuseppe Valadier	/wiki/Giuseppe_Valadier	['1762', '1839']
Franco Albini	/wiki/Franco_Albini	['1905', '1977']
Carlo Aymonino	/wiki/Carlo_Aymonino	['1926', '2010']
Ernesto Basile	/wiki/Ernesto_Basile	['1857', '1932']
Achille Castiglioni	/wiki/Achille_Castiglioni	['1918', '2002']
Giancarlo De Carlo	/wiki/Giancarlo_De_Carlo	['1919', '2005']
Ignazio Gardella	/wiki/Ignazio_Gardella	['1905', '1999']
Adalberto Libera	/wiki/Adalberto_Libera	['1903', '1963']
Alessandro Mendini	/wiki/Alessandro_Mendini	['1931', '2025']
Giovanni Michelucci	/wiki/Giovanni_Michelucci	['1891', '1990']
Carlo Mollino	/wiki/Carlo_Mollino	['1905', '1973']
Luigi Moretti	/wiki/Luigi_Moretti	['1907', '1973']
Giovanni Muzio	/wiki/Giovanni_Muzio	['1893', '1982']
Marcello Piacentini	/wiki/Marcello_Piacentini	['1881', '1960']
Renzo Piano	/wiki/Renzo_Piano	['1937', '2025']
Giò Ponti	/wiki/Gi%C3%B2_Ponti	['1891', '1979']
Paolo Portoghesi	/wiki/Paolo_Portoghesi	['1931', '2025']
Aldo Rossi	/wiki/Aldo_Rossi	['1931', '1997']
Giuseppe Samonà	/wiki/Giuseppe_Samon%C3%A0	['1898', '1983']
Antonio Sant'Elia	/wiki/Antonio_Sant%27Elia	['1888', '1916']
Carlo Scarpa	/wiki/Carlo_Scarpa	['1906', '1978']
Ettore Sottsass	/wiki/Ettore_Sottsass	['1917', '2007']
Manfredo Tafuri	/wiki/Manfredo_Tafuri	['1935', '1994']
Giuseppe Terragni	/wiki/Giuseppe_Terragni	['1904', '1943']
Vittorio Gregotti	/wiki/Vittorio_Gregotti	['1927', '2025']
Mario Bellini	/wiki/Mario_Bellini	['1935', '2025']
Stefano Boeri	/wiki/Stefano_Boeri	['1956', '2025']
Martino da Como	/wiki/Martino_da_Como	['1900', '1950']
Pellegrino Artusi	/wiki/Pellegrino_Artusi	['1820', '1911']
Carlo Petrini	/wiki/Carlo_Petrini	['1949', '2025']
Cesare Antonio Accius	/wiki/Cesare_Antonio_Accius	['1900', '1950']
Pagolo Arsago	/wiki/Pagolo_Arsago	['1900', '1950']
Sebastiano Bianchi	/wiki/Sebastiano_Bianchi	['1900', '1950']
Alessandro della Via	/wiki/Alessandro_della_Via	['1900', '1950']
Baldassare Gabbugiani	/wiki/Baldassare_Gabbugiani	['1900', '1950']
Archimedes	/wiki/Archimedes	['1900', '1950']
Enrico Bernardi	/wiki/Enrico_Bernardi	['1841', '1919']
Giovanni Branca	/wiki/Giovanni_Branca	['1571', '1645']
Matteo Campani-Alimenis	/wiki/Matteo_Campani-Alimenis	['1620', '1678']
Secondo Campini	/wiki/Secondo_Campini	['1904', '1980']
Alessandro Capra	/wiki/Alessandro_Capra	['1620', '2025']
Giovanni Battista Caproni	/wiki/Giovanni_Battista_Caproni	['1886', '1957']
Mario Castoldi	/wiki/Mario_Castoldi	['1888', '1968']
Bernard Castro	/wiki/Bernard_Castro	['1904', '1991']
Ettore Bugatti	/wiki/Ettore_Bugatti	['1881', '1947']
Leonardo Chiariglione	/wiki/Leonardo_Chiariglione	['1953', '2025']
Luigi Negrelli	/wiki/Luigi_Negrelli	['1799', '1858']
Corradino D'Ascanio	/wiki/Corradino_D%27Ascanio	['1891', '1981']
Luigi Emanueli	/wiki/Luigi_Emanueli	['1883', '1959']
Lorenzo Allievi	/wiki/Lorenzo_Allievi	['1856', '1941']
Federico Faggin	/wiki/Federico_Faggin	['1941', '2025']
Enrico Forlanini	/wiki/Enrico_Forlanini	['1848', '1930']
Francesco Lana de Terzi	/wiki/Francesco_Lana_de_Terzi	['1631', '1687']
Leonardo da Vinci	/wiki/Leonardo_da_Vinci	['1452', '1519']
Giovanni Luppis	/wiki/Giovanni_Luppis	['1813', '1875']
Felice Matteucci	/wiki/Felice_Matteucci	['1808', '1887']
Antonio Meucci	/wiki/Antonio_Meucci	['1808', '1889']
Riccardo Morandi	/wiki/Riccardo_Morandi	['1902', '1989']
Pier Luigi Nervi	/wiki/Pier_Luigi_Nervi	['1891', '1979']
Camillo Olivetti	/wiki/Camillo_Olivetti	['1868', '1943']
Pier Giorgio Perotto	/wiki/Pier_Giorgio_Perotto	['1930', '2002']
Giovanni Battista Piatti	/wiki/Giovanni_Battista_Piatti	['1812', '1867']
Ignazio Porro	/wiki/Ignazio_Porro	['1801', '1875']
Agostino Ramelli	/wiki/Agostino_Ramelli	['1531', '1600']
Raffaele Rossetti	/wiki/Raffaele_Rossetti	['1881', '1951']
Germain Sommeiller	/wiki/Germain_Sommeiller	['1815', '1871']
Juanelo Turriano	/wiki/Juanelo_Turriano	['1500', '1585']
António de Noli	/wiki/Ant%C3%B3nio_de_Noli	['1900', '1950']
Giovanni Battista Belzoni	/wiki/Giovanni_Battista_Belzoni	['1778', '1823']
John Cabot	/wiki/John_Cabot	['1900', '1950']
Sebastian Cabot	/wiki/Sebastian_Cabot_(explorer)	['1476', '1557']
Christopher Columbus	/wiki/Christopher_Columbus	['1451', '1506']
Henri de Tonti	/wiki/Henri_de_Tonti	['1900', '1950']
Giovanni da Pian del Carpine	/wiki/Giovanni_da_Pian_del_Carpine	['1180', '1252']
Giovanni da Verrazzano	/wiki/Giovanni_da_Verrazzano	['1485', '1528']
Alessandro Malaspina	/wiki/Alessandro_Malaspina	['1754', '1810']
Umberto Nobile	/wiki/Umberto_Nobile	['1885', '1978']
Antonio Pigafetta	/wiki/Antonio_Pigafetta	['1900', '1950']
Marco Polo	/wiki/Marco_Polo	['1254', '1324']
Pierre Savorgnan de Brazza	/wiki/Pierre_Savorgnan_de_Brazza	['1852', '1905']
Amerigo Vespucci	/wiki/Amerigo_Vespucci_(explorer)	['1454', '1512']
Romolo Gessi	/wiki/Romolo_Gessi	['1831', '1881']
Brighella	/wiki/Brighella	['1900', '1950']
Don Camillo	/wiki/Don_Camillo	['1900', '1950']
Ray Barone	/wiki/Ray_Barone	['1900', '1950']
Juliet Capulet	/wiki/Juliet_Capulet	['1900', '1950']
Columbina	/wiki/Columbina	['1900', '1950']
Corleone family	/wiki/Corleone_family	['1900', '1950']
Carmine Falcone	/wiki/Carmine_Falcone	['1900', '1950']
Salvatore Maroni	/wiki/Salvatore_Maroni	['1900', '1950']
Lucius Vorenus	/wiki/Lucius_Vorenus	['1900', '1950']
Titus Pullo	/wiki/Titus_Pullo	['1900', '1950']
Ezio Auditore da Firenze	/wiki/Ezio_Auditore_da_Firenze	['1900', '1950']
Il Dottore	/wiki/Il_Dottore	['1900', '1950']
Ugo Fantozzi	/wiki/Ugo_Fantozzi	['1900', '1950']
Victor Frankenstein	/wiki/Victor_Frankenstein	['1900', '1950']
Mario Falcone	/wiki/Mario_Falcone_(DC_Comics)	['1900', '1950']
Gianduja	/wiki/Gianduja_(commedia_dell%27arte)	['1900', '1950']
Tony Soprano	/wiki/Tony_Soprano	['1900', '1950']
Harlequin	/wiki/Harlequin	['1900', '1950']
Messala	/wiki/Messala_(Ben-Hur)	['1900', '1950']
Luigi	/wiki/Luigi	['1900', '1950']
Mario	/wiki/Mario	['1900', '1950']
Romeo Montague	/wiki/Romeo_Montague	['1900', '1950']
Salvo Montalbano	/wiki/Salvo_Montalbano	['1900', '1950']
Pantalone	/wiki/Pantalone	['1900', '1950']
Pedrolino	/wiki/Pedrolino	['1900', '1950']
Pierrot	/wiki/Pierrot	['1900', '1950']
Pinocchio	/wiki/Pinocchio	['1900', '1950']
Pulcinella	/wiki/Pulcinella	['1900', '1950']
Scaramouche	/wiki/Scaramouche	['1900', '1950']
Trivelino	/wiki/Trivelino	['1900', '1950']
Tony Verdeschi	/wiki/Tony_Verdeschi	['1900', '1950']
Filoteo Alberini	/wiki/Filoteo_Alberini	['1865', '1937']
Gianni Amelio	/wiki/Gianni_Amelio	['1945', '2025']
Michelangelo Antonioni	/wiki/Michelangelo_Antonioni	['1912', '2007']
Dario Argento	/wiki/Dario_Argento	['1940', '2025']
Pupi Avati	/wiki/Pupi_Avati	['1938', '2025']
Marco Bellocchio	/wiki/Marco_Bellocchio	['1939', '2025']
Roberto Benigni	/wiki/Roberto_Benigni	['1952', '2025']
Bernardo Bertolucci	/wiki/Bernardo_Bertolucci	['1940', '2018']
Luigi Comencini	/wiki/Luigi_Comencini	['1916', '2007']
Giuseppe De Santis	/wiki/Giuseppe_De_Santis	['1917', '1997']
Vittorio De Seta	/wiki/Vittorio_De_Seta	['1923', '2011']
Vittorio De Sica	/wiki/Vittorio_De_Sica	['1901', '1974']
Ruggero Deodato	/wiki/Ruggero_Deodato	['1939', '2025']
Federico Fellini	/wiki/Federico_Fellini	['1920', '1993']
Marco Ferreri	/wiki/Marco_Ferreri	['1928', '1997']
Lucio Fulci	/wiki/Lucio_Fulci	['1927', '1996']
Matteo Garrone	/wiki/Matteo_Garrone	['1968', '2025']
Pietro Germi	/wiki/Pietro_Germi	['1914', '1974']
Alberto Lattuada	/wiki/Alberto_Lattuada	['1914', '2005']
Sergio Leone	/wiki/Sergio_Leone	['1929', '1989']
Mario Monicelli	/wiki/Mario_Monicelli	['1915', '2010']
Nanni Moretti	/wiki/Nanni_Moretti	['1953', '2025']
Ermanno Olmi	/wiki/Ermanno_Olmi	['1931', '2025']
Ferzan Özpetek	/wiki/Ferzan_%C3%96zpetek	['1959', '2025']
Pier Paolo Pasolini	/wiki/Pier_Paolo_Pasolini	['1922', '1975']
Giovanni Pastrone	/wiki/Giovanni_Pastrone	['1883', '1959']
Elio Petri	/wiki/Elio_Petri	['1929', '1982']
Gillo Pontecorvo	/wiki/Gillo_Pontecorvo	['1919', '2006']
Francesco Rosi	/wiki/Francesco_Rosi	['1922', '2015']
Roberto Rossellini	/wiki/Roberto_Rossellini	['1906', '1977']
Gabriele Salvatores	/wiki/Gabriele_Salvatores	['1950', '2025']
Martin Scorsese	/wiki/Martin_Scorsese	['1942', '2025']
Michele Soavi	/wiki/Michele_Soavi	['1957', '2025']
Silvio Soldini	/wiki/Silvio_Soldini	['1958', '2025']
Paolo Sorrentino	/wiki/Paolo_Sorrentino	['1970', '2025']
Paolo and Vittorio Taviani	/wiki/Paolo_and_Vittorio_Taviani	['1931', '2025']
Giuseppe Tornatore	/wiki/Giuseppe_Tornatore	['1956', '2025']
Luchino Visconti	/wiki/Luchino_Visconti	['1906', '1976']
Lina Wertmüller	/wiki/Lina_Wertm%C3%BCller	['1928', '2025']
Franco Zeffirelli	/wiki/Franco_Zeffirelli	['1923', '2019']
Valerio Zurlini	/wiki/Valerio_Zurlini	['1926', '1982']
Leonetto Cappiello	/wiki/Leonetto_Cappiello	['1875', '1942']
Adolfo de Carolis	/wiki/Adolfo_de_Carolis	['1874', '1928']
Onofrio Catacchio	/wiki/Onofrio_Catacchio	['1964', '2025']
Max Crivello	/wiki/Max_Crivello	['1958', '2025']
Gabriele Dell'Otto	/wiki/Gabriele_Dell%27Otto	['1973', '2025']
Franco Donatelli	/wiki/Franco_Donatelli	['1924', '1995']
Virginio Livraghi	/wiki/Virginio_Livraghi	['1900', '1950']
Enrico Mazzanti	/wiki/Enrico_Mazzanti	['1850', '1910']
Bartolomeo Pinelli	/wiki/Bartolomeo_Pinelli	['1781', '1835']
Umberto Verdirosi	/wiki/Umberto_Verdirosi	['1900', '1950']
Maria Zacchè	/wiki/Maria_Zacch%C3%A8	['1933', '2025']
Mezentius	/wiki/Mezentius	['1900', '1950']
Lars Porsena	/wiki/Lars_Porsena	['1900', '1950']
Lars Tolumnius	/wiki/Lars_Tolumnius	['1900', '1950']
Scipio Aemilianus	/wiki/Scipio_Aemilianus	['1900', '1950']
Caligula	/wiki/Caligula	['1900', '1950']
Marcus Aemilius Lepidus	/wiki/Marcus_Aemilius_Lepidus_(triumvir)	['1900', '1950']
Lucius Aemilius Paullus Macedonicus	/wiki/Lucius_Aemilius_Paullus_Macedonicus	['1900', '1950']
Scipio Africanus	/wiki/Scipio_Africanus	['1900', '1950']
Nero	/wiki/Nero	['1900', '1950']
Mark Antony	/wiki/Mark_Antony	['1900', '1950']
Romulus and Remus	/wiki/Romulus_and_Remus	['1900', '1950']
Marcus Atilius Regulus	/wiki/Marcus_Atilius_Regulus	['1900', '1950']
Augustus	/wiki/Augustus	['1900', '1950']
Marcus Aurelius	/wiki/Marcus_Aurelius	['121', '180']
Lucius Junius Brutus	/wiki/Lucius_Junius_Brutus	['1900', '1950']
Marcus Junius Brutus	/wiki/Marcus_Junius_Brutus	['1900', '1950']
Julius Caesar	/wiki/Julius_Caesar	['1900', '1950']
Marcus Furius Camillus	/wiki/Marcus_Furius_Camillus	['1900', '1950']
Catiline	/wiki/Catiline	['1900', '1950']
Tiberius	/wiki/Tiberius	['1900', '1950']
Cato the Elder	/wiki/Cato_the_Elder	['1900', '1950']
Cato the Younger	/wiki/Cato_the_Younger	['1900', '1950']
Cicero	/wiki/Cicero	['1900', '1950']
Cincinnatus	/wiki/Cincinnatus	['1900', '1950']
Appius Claudius Caecus	/wiki/Appius_Claudius_Caecus	['1900', '1950']
Marcus Claudius Marcellus	/wiki/Marcus_Claudius_Marcellus	['218', '201']
Publius Clodius Pulcher	/wiki/Publius_Clodius_Pulcher	['1900', '1950']
Lucius Cornelius Scipio Barbatus	/wiki/Lucius_Cornelius_Scipio_Barbatus	['1900', '1950']
Lucius Cornelius Sulla	/wiki/Lucius_Cornelius_Sulla	['1900', '1950']
Manius Curius Dentatus	/wiki/Manius_Curius_Dentatus	['1900', '1950']
Gaius Duilius	/wiki/Gaius_Duilius	['1900', '1950']
Germanicus	/wiki/Germanicus	['1900', '1950']
Gaius Gracchus	/wiki/Gaius_Gracchus	['1900', '1950']
Marcus Licinius Crassus	/wiki/Marcus_Licinius_Crassus	['1900', '1950']
Lucullus	/wiki/Lucullus	['1900', '1950']
Gaius Maecenas	/wiki/Gaius_Maecenas	['1900', '1950']
Gaius Marius	/wiki/Gaius_Marius	['1900', '1950']
Quintus Fabius Maximus Verrucosus	/wiki/Quintus_Fabius_Maximus_Verrucosus	['1900', '1950']
Lucius Aemilius Paullus Macedonicus	/wiki/Lucius_Aemilius_Paullus_Macedonicus	['1900', '1950']
Pontius Pilate	/wiki/Pontius_Pilate	['1900', '1950']
Antoninus Pius	/wiki/Antoninus_Pius	['86', '161']
Pompey	/wiki/Pompey	['1900', '1950']
Lucius Tarquinius Superbus	/wiki/Lucius_Tarquinius_Superbus	['1900', '1950']
Trajan	/wiki/Trajan	['53', '117']
Titus Quinctius Flamininus	/wiki/Titus_Quinctius_Flamininus	['1900', '1950']
Quintus Sertorius	/wiki/Quintus_Sertorius	['1900', '1950']
Marcus Vipsanius Agrippa	/wiki/Marcus_Vipsanius_Agrippa	['1900', '1950']
Pope Adrian I	/wiki/Pope_Adrian_I	['700', '795']
Pope Agapetus I	/wiki/Pope_Agapetus_I	['1900', '1950']
Pope Alexander III	/wiki/Pope_Alexander_III	['1900', '1950']
Ambrose	/wiki/Ambrose	['1900', '1950']
Pope Benedict V	/wiki/Pope_Benedict_V	['1900', '1950']
Pope Boniface VIII	/wiki/Pope_Boniface_VIII	['1235', '1303']
Pope Celestine I	/wiki/Pope_Celestine_I	['1900', '1950']
Pope Celestine V	/wiki/Pope_Celestine_V	['1215', '1296']
Peter Damian	/wiki/Peter_Damian	['1007', '1072']
Pope Gregory I	/wiki/Pope_Gregory_I	['540', '604']
Pope Gregory II	/wiki/Pope_Gregory_II	['669', '731']
Pope Gregory VII	/wiki/Pope_Gregory_VII	['1900', '1950']
John Gualbert	/wiki/John_Gualbert	['1900', '1950']
Pope Honorius I	/wiki/Pope_Honorius_I	['1900', '1950']
Pope Honorius III	/wiki/Pope_Honorius_III	['1900', '1950']
Pope Innocent III	/wiki/Pope_Innocent_III	['1160', '1216']
Pope John II	/wiki/Pope_John_II	['523', '526']
Pope John VIII	/wiki/Pope_John_VIII	['1900', '1950']
Pope John XIX	/wiki/Pope_John_XIX	['1900', '1950']
Pope Leo I	/wiki/Pope_Leo_I	['400', '461']
Pope Leo III	/wiki/Pope_Leo_III	['750', '816']
Pope Liberius	/wiki/Pope_Liberius	['1900', '1950']
Pope Nicholas I	/wiki/Pope_Nicholas_I	['800', '867']
Romuald	/wiki/Romuald	['1900', '1950']
Pope Sergius I	/wiki/Pope_Sergius_I	['1900', '1950']
Pope Stephen II	/wiki/Pope_Stephen_II	['715', '757']
Pope Sylvester I	/wiki/Pope_Sylvester_I	['1900', '1950']
Pope Symmachus	/wiki/Pope_Symmachus	['1900', '1950']
Rainerius Saccho	/wiki/Rainerius_Saccho	['1900', '1950']
Catherine de' Medici	/wiki/Catherine_de%27_Medici	['1519', '1589']
Cosimo de' Medici	/wiki/Cosimo_de%27_Medici	['1389', '1464']
Giovanni di Bicci de' Medici	/wiki/Giovanni_di_Bicci_de%27_Medici	['1360', '1429']
Lorenzo de' Medici	/wiki/Lorenzo_de%27_Medici	['1449', '1492']
Marie de' Medici	/wiki/Marie_de%27_Medici	['1575', '1642']
Salvestro de' Medici	/wiki/Salvestro_de%27_Medici	['1331', '1388']
Pope Clement VII	/wiki/Pope_Clement_VII	['1478', '1534']
Pope Leo X	/wiki/Pope_Leo_X	['1475', '1521']
Pope Leo XI	/wiki/Pope_Leo_XI	['1535', '1605']
Cesare Borgia	/wiki/Cesare_Borgia	['1900', '1950']
Bartolomeo Colleoni	/wiki/Bartolomeo_Colleoni	['1400', '1475']
Andrea Doria	/wiki/Andrea_Doria	['1466', '1560']
Frederick II, Holy Roman Emperor	/wiki/Frederick_II,_Holy_Roman_Emperor	['1194', '1250']
Federico da Montefeltro	/wiki/Federico_da_Montefeltro	['1422', '1482']
Giovanni dalle Bande Nere	/wiki/Giovanni_dalle_Bande_Nere	['1498', '1526']
Sigismondo Pandolfo Malatesta	/wiki/Sigismondo_Pandolfo_Malatesta	['1417', '1468']
Niccolò Piccinino	/wiki/Niccol%C3%B2_Piccinino	['1386', '1444']
Francesco I Sforza	/wiki/Francesco_I_Sforza	['1401', '1466']
Muzio Sforza	/wiki/Muzio_Sforza	['1369', '1424']
Gian Giacomo Trivulzio	/wiki/Gian_Giacomo_Trivulzio	['1900', '1950']
Michelangelo Alessandro Colli-Marchi	/wiki/Michelangelo_Alessandro_Colli-Marchi	['1738', '1808']
Achille Fontanelli	/wiki/Achille_Fontanelli	['1755', '1838']
Franziska Scanagatta	/wiki/Franziska_Scanagatta	['1776', '1864']
Torquato Conti	/wiki/Torquato_Conti	['1591', '1636']
Pasquale Paoli	/wiki/Pasquale_Paoli	['1725', '1807']
Pietro Micca	/wiki/Pietro_Micca	['1677', '1706']
Raimondo Montecuccoli	/wiki/Raimondo_Montecuccoli	['1609', '1680']
Napoleon	/wiki/Napoleon	['1769', '1821']
Ottavio Piccolomini	/wiki/Ottavio_Piccolomini	['1599', '1656']
Pietro Badoglio	/wiki/Pietro_Badoglio	['1871', '1956']
Italo Balbo	/wiki/Italo_Balbo	['1896', '1940']
Cesare Battisti	/wiki/Cesare_Battisti_(politician)	['1875', '1916']
Camillo Benso, conte di Cavour	/wiki/Camillo_Benso,_conte_di_Cavour	['1810', '1861']
Francesco Crispi	/wiki/Francesco_Crispi	['1819', '1901']
Salvo D'Acquisto	/wiki/Salvo_D%27Acquisto	['1920', '1943']
Armando Diaz	/wiki/Armando_Diaz	['1861', '1928']
Giulio Douhet	/wiki/Giulio_Douhet	['1869', '1930']
Giuseppe Garibaldi	/wiki/Giuseppe_Garibaldi	['1807', '1882']
Maurizio Giglio	/wiki/Maurizio_Giglio	['1920', '1944']
Giovanni Giolitti	/wiki/Giovanni_Giolitti	['1842', '1928']
Antonio Gramsci	/wiki/Antonio_Gramsci	['1891', '1937']
Giacomo Matteotti	/wiki/Giacomo_Matteotti	['1885', '1924']
Giuseppe Mazzini	/wiki/Giuseppe_Mazzini	['1805', '1872']
Benito Mussolini	/wiki/Benito_Mussolini	['1883', '1945']
Carlo Rosselli	/wiki/Carlo_Rosselli	['1899', '1937']
Piero Torrigiani	/wiki/Piero_Torrigiani	['1846', '1920']
Enrico Toti	/wiki/Enrico_Toti	['1882', '1916']
Giulio Andreotti	/wiki/Giulio_Andreotti	['1919', '2013']
Enrico Berlinguer	/wiki/Enrico_Berlinguer	['1922', '1984']
Silvio Berlusconi	/wiki/Silvio_Berlusconi	['1936', '2025']
Umberto Bossi	/wiki/Umberto_Bossi	['1941', '2025']
Bettino Craxi	/wiki/Bettino_Craxi	['1934', '2000']
Alcide De Gasperi	/wiki/Alcide_De_Gasperi	['1881', '1954']
Enrico De Nicola	/wiki/Enrico_De_Nicola	['1877', '1959']
Antonio Di Pietro	/wiki/Antonio_Di_Pietro	['1950', '2025']
Luigi Einaudi	/wiki/Luigi_Einaudi	['1874', '1961']
Nilde Iotti	/wiki/Nilde_Iotti	['1920', '1999']
Aldo Moro	/wiki/Aldo_Moro	['1916', '1978']
Romano Prodi	/wiki/Romano_Prodi	['1939', '2025']
Antonio Segni	/wiki/Antonio_Segni	['1891', '1972']
Luigi Sturzo	/wiki/Luigi_Sturzo	['1871', '1959']
Palmiro Togliatti	/wiki/Palmiro_Togliatti	['1893', '1964']
Altiero Spinelli	/wiki/Altiero_Spinelli	['1907', '1986']
Johannes Ciconia	/wiki/Johannes_Ciconia	['1370', '1412']
Gherardello da Firenze	/wiki/Gherardello_da_Firenze	['1900', '1950']
Jacopo da Bologna	/wiki/Jacopo_da_Bologna	['1900', '1950']
Francesco Landini	/wiki/Francesco_Landini	['1900', '1950']
Marchetto da Padova	/wiki/Marchetto_da_Padova	['1900', '1950']
Giovanni Animuccia	/wiki/Giovanni_Animuccia	['1500', '1571']
Adriano Banchieri	/wiki/Adriano_Banchieri	['1568', '1634']
Giulio Caccini	/wiki/Giulio_Caccini	['1551', '1618']
Francesco Canova da Milano	/wiki/Francesco_Canova_da_Milano	['1497', '1543']
Emilio de' Cavalieri	/wiki/Emilio_de%27_Cavalieri	['1550', '1602']
Andrea Gabrieli	/wiki/Andrea_Gabrieli	['1900', '1950']
Giovanni Gabrieli	/wiki/Giovanni_Gabrieli	['1900', '1950']
Carlo Gesualdo	/wiki/Carlo_Gesualdo	['1566', '1613']
Giovanni Pierluigi da Palestrina	/wiki/Giovanni_Pierluigi_da_Palestrina	['1900', '1950']
Luzzasco Luzzaschi	/wiki/Luzzasco_Luzzaschi	['1545', '1607']
Luca Marenzio	/wiki/Luca_Marenzio	['1553', '1599']
Claudio Merulo	/wiki/Claudio_Merulo	['1533', '1604']
Claudio Monteverdi	/wiki/Claudio_Monteverdi	['1567', '1643']
Jacopo Peri	/wiki/Jacopo_Peri	['1561', '1633']
Gioseffo Zarlino	/wiki/Gioseffo_Zarlino	['1517', '1590']
Tomaso Albinoni	/wiki/Tomaso_Albinoni	['1671', '1751']
Gregorio Allegri	/wiki/Gregorio_Allegri	['1582', '1652']
Francesca Caccini	/wiki/Francesca_Caccini	['1587', '1641']
Antonio Caldara	/wiki/Antonio_Caldara	['1900', '1950']
Giacomo Carissimi	/wiki/Giacomo_Carissimi	['1605', '1674']
Francesco Cavalli	/wiki/Francesco_Cavalli	['1602', '1676']
Antonio Cesti	/wiki/Antonio_Cesti	['1623', '1669']
Arcangelo Corelli	/wiki/Arcangelo_Corelli	['1653', '1713']
Girolamo Frescobaldi	/wiki/Girolamo_Frescobaldi	['1583', '1643']
Francesco Geminiani	/wiki/Francesco_Geminiani	['1687', '1762']
Leonardo Leo	/wiki/Leonardo_Leo	['1694', '1744']
Pietro Locatelli	/wiki/Pietro_Locatelli	['1695', '1764']
Jean Baptiste Lully	/wiki/Jean_Baptiste_Lully	['1632', '1687']
Giovanni Battista Pergolesi	/wiki/Giovanni_Battista_Pergolesi	['1710', '1736']
Nicola Porpora	/wiki/Nicola_Porpora	['1686', '1768']
Alessandro Scarlatti	/wiki/Alessandro_Scarlatti	['1660', '1725']
Domenico Scarlatti	/wiki/Domenico_Scarlatti	['1685', '1757']
Barbara Strozzi	/wiki/Barbara_Strozzi	['1619', '1677']
Giuseppe Tartini	/wiki/Giuseppe_Tartini	['1692', '1770']
Giuseppe Torelli	/wiki/Giuseppe_Torelli	['1658', '1709']
Antonio Vivaldi	/wiki/Antonio_Vivaldi	['1678', '1741']
Domenico Zipoli	/wiki/Domenico_Zipoli	['1688', '1726']
Luigi Boccherini	/wiki/Luigi_Boccherini	['1743', '1805']
Ferdinando Carulli	/wiki/Ferdinando_Carulli	['1770', '1841']
Domenico Cimarosa	/wiki/Domenico_Cimarosa	['1749', '1801']
Baldassare Galuppi	/wiki/Baldassare_Galuppi	['1706', '1784']
Mauro Giuliani	/wiki/Mauro_Giuliani	['1781', '1829']
Niccolò Jommelli	/wiki/Niccol%C3%B2_Jommelli	['1714', '1774']
Giovanni Battista Martini	/wiki/Giovanni_Battista_Martini	['1706', '1784']
Giovanni Paisiello	/wiki/Giovanni_Paisiello	['1740', '1816']
Niccolò Piccinni	/wiki/Niccol%C3%B2_Piccinni	['1728', '1800']
Antonio Salieri	/wiki/Antonio_Salieri	['1750', '1825']
Giovanni Battista Sammartini	/wiki/Giovanni_Battista_Sammartini	['1900', '1950']
Giovanni Battista Viotti	/wiki/Giovanni_Battista_Viotti	['1755', '1824']
Vincenzo Bellini	/wiki/Vincenzo_Bellini	['1801', '1835']
Arrigo Boito	/wiki/Arrigo_Boito	['1842', '1918']
Alfredo Catalani	/wiki/Alfredo_Catalani	['1854', '1893']
Luigi Cherubini	/wiki/Luigi_Cherubini	['1760', '1842']
Muzio Clementi	/wiki/Muzio_Clementi	['1752', '1832']
Gaetano Donizetti	/wiki/Gaetano_Donizetti	['1797', '1848']
Ruggero Leoncavallo	/wiki/Ruggero_Leoncavallo	['1857', '1919']
Pietro Mascagni	/wiki/Pietro_Mascagni	['1863', '1945']
Saverio Mercadante	/wiki/Saverio_Mercadante	['1795', '1870']
Niccolò Paganini	/wiki/Niccol%C3%B2_Paganini	['1782', '1840']
Amilcare Ponchielli	/wiki/Amilcare_Ponchielli	['1834', '1886']
Gioachino Rossini	/wiki/Gioachino_Rossini	['1792', '1868']
Gaspare Spontini	/wiki/Gaspare_Spontini	['1774', '1851']
Giuseppe Verdi	/wiki/Giuseppe_Verdi	['1813', '1901']
Luciano Berio	/wiki/Luciano_Berio	['1925', '2003']
Ferruccio Busoni	/wiki/Ferruccio_Busoni	['1866', '1924']
Mario Castelnuovo-Tedesco	/wiki/Mario_Castelnuovo-Tedesco	['1895', '1968']
Vito Carnevali	/wiki/Vito_Carnevali	['1900', '1950']
Francesco Cilea	/wiki/Francesco_Cilea	['1866', '1950']
Luigi Dallapiccola	/wiki/Luigi_Dallapiccola	['1904', '1975']
Lorenzo Ferrero	/wiki/Lorenzo_Ferrero	['1951', '2025']
Umberto Giordano	/wiki/Umberto_Giordano	['1867', '1948']
Pietro Mascagni	/wiki/Pietro_Mascagni	['1863', '1945']
Ennio Morricone	/wiki/Ennio_Morricone	['1928', '2025']
Luigi Nono	/wiki/Luigi_Nono_(composer)	['1924', '1990']
Goffredo Petrassi	/wiki/Goffredo_Petrassi	['1904', '2003']
Giacomo Puccini	/wiki/Giacomo_Puccini	['1858', '1924']
Ottorino Respighi	/wiki/Ottorino_Respighi	['1879', '1936']
Nino Rota	/wiki/Nino_Rota	['1911', '1979']
John Serry Sr.	/wiki/John_Serry_Sr.	['1915', '2003']
Claudio Abbado	/wiki/Claudio_Abbado	['1933', '2014']
Ferruccio Busoni	/wiki/Ferruccio_Busoni	['1866', '1924']
Riccardo Chailly	/wiki/Riccardo_Chailly	['1953', '2025']
Victor de Sabata	/wiki/Victor_de_Sabata	['1892', '1967']
Daniele Gatti	/wiki/Daniele_Gatti	['1961', '2025']
Carlo Maria Giulini	/wiki/Carlo_Maria_Giulini	['1914', '2005']
Fabio Luisi	/wiki/Fabio_Luisi	['1959', '2025']
Riccardo Muti	/wiki/Riccardo_Muti	['1941', '2025']
Claudio Scimone	/wiki/Claudio_Scimone	['1934', '2025']
Tullio Serafin	/wiki/Tullio_Serafin	['1878', '1968']
Giuseppe Sinopoli	/wiki/Giuseppe_Sinopoli	['1946', '2001']
Arturo Toscanini	/wiki/Arturo_Toscanini	['1867', '1957']
Alexia	/wiki/Alexia_(Italian_singer)	['1900', '1950']
Alessandra Amoroso	/wiki/Alessandra_Amoroso	['1900', '1950']
Annalisa	/wiki/Annalisa	['1900', '1950']
Arisa	/wiki/Arisa	['1900', '1950']
Bianca Atzei	/wiki/Bianca_Atzei	['1900', '1950']
Serena Autieri	/wiki/Serena_Autieri	['1900', '1950']
Malika Ayane	/wiki/Malika_Ayane	['1900', '1950']
Baby K	/wiki/Baby_K_(artist)	['1900', '1950']
Claudio Baglioni	/wiki/Claudio_Baglioni	['1900', '1950']
Franco Battiato	/wiki/Franco_Battiato	['1900', '1950']
Lucio Battisti	/wiki/Lucio_Battisti	['1943', '1998']
Alessandra Belloni	/wiki/Alessandra_Belloni	['1900', '1950']
Edoardo Bennato	/wiki/Edoardo_Bennato	['1900', '1950']
Eugenio Bennato	/wiki/Eugenio_Bennato	['1900', '1950']
Loredana Bertè	/wiki/Loredana_Bert%C3%A8	['1900', '1950']
Orietta Berti	/wiki/Orietta_Berti	['1900', '1950']
Carla Bissi	/wiki/Carla_Bissi	['1900', '1950']
Angelo Branduardi	/wiki/Angelo_Branduardi	['1900', '1950']
Michele Bravi	/wiki/Michele_Bravi	['1900', '1950']
Fred Buscaglione	/wiki/Fred_Buscaglione	['1921', '1960']
Andrea Caccese	/wiki/Andrea_Caccese	['1900', '1950']
Renato Carosone	/wiki/Renato_Carosone	['1920', '2001']
Raffaella Carrà	/wiki/Raffaella_Carr%C3%A0	['1900', '1950']
Albano Carrisi	/wiki/Albano_Carrisi	['1900', '1950']
Marco Carta	/wiki/Marco_Carta	['1900', '1950']
Adriano Celentano	/wiki/Adriano_Celentano	['1900', '1950']
Chiara	/wiki/Chiara_(Italian_singer)	['1900', '1950']
Lodovica Comello	/wiki/Lodovica_Comello	['1900', '1950']
Paolo Conte	/wiki/Paolo_Conte	['1900', '1950']
Lorella Cuccarini	/wiki/Lorella_Cuccarini	['1900', '1950']
Lucio Dalla	/wiki/Lucio_Dalla	['1943', '2012']
Pino Daniele	/wiki/Pino_Daniele	['1955', '2015']
Cristina D'Avena	/wiki/Cristina_D%27Avena	['1900', '1950']
Fabrizio De André	/wiki/Fabrizio_De_Andr%C3%A9	['1940', '1999']
Francesco De Gregori	/wiki/Francesco_De_Gregori	['1900', '1950']
Roberto Demo	/wiki/Roberto_Demo	['1900', '1950']
Manuel De Peppe	/wiki/Manuel_De_Peppe	['1900', '1950']
Teresa De Sio	/wiki/Teresa_De_Sio	['1900', '1950']
Elisa	/wiki/Elisa_(Italian_singer)	['1900', '1950']
Fedez	/wiki/Fedez	['1900', '1950']
Giusy Ferreri	/wiki/Giusy_Ferreri	['1900', '1950']
Tiziano Ferro	/wiki/Tiziano_Ferro	['1900', '1950']
Eugenio Finardi	/wiki/Eugenio_Finardi	['1900', '1950']
Riccardo Fogli	/wiki/Riccardo_Fogli	['1900', '1950']
Ivano Fossati	/wiki/Ivano_Fossati	['1900', '1950']
Francesco Gabbani	/wiki/Francesco_Gabbani	['1900', '1950']
Rino Gaetano	/wiki/Rino_Gaetano	['1950', '1981']
Giorgia	/wiki/Giorgia	['1900', '1950']
Irene Grandi	/wiki/Irene_Grandi	['1900', '1950']
Francesco Guccini	/wiki/Francesco_Guccini	['1900', '1950']
J-Ax	/wiki/J-Ax	['1900', '1950']
Bruno Lauzi	/wiki/Bruno_Lauzi	['1937', '2006']
Fausto Leali	/wiki/Fausto_Leali	['1900', '1950']
Luciano Ligabue	/wiki/Luciano_Ligabue	['1900', '1950']
Mahmood	/wiki/Mahmood	['1900', '1950']
Cristiano Malgioglio	/wiki/Cristiano_Malgioglio	['1900', '1950']
Fiorella Mannoia	/wiki/Fiorella_Mannoia	['1900', '1950']
Emma Marrone	/wiki/Emma_Marrone	['1900', '1950']
Mia Martini	/wiki/Mia_Martini	['1947', '1995']
Paolo Meneguzzi	/wiki/Paolo_Meneguzzi	['1900', '1950']
Marco Mengoni	/wiki/Marco_Mengoni	['1900', '1950']
Francesca Michielin	/wiki/Francesca_Michielin	['1900', '1950']
Milva	/wiki/Milva	['1900', '1950']
Mina	/wiki/Mina_(singer)	['1900', '1950']
Domenico Modugno	/wiki/Domenico_Modugno	['1928', '1994']
Gianni Morandi	/wiki/Gianni_Morandi	['1900', '1950']
Fabrizio Moro	/wiki/Fabrizio_Moro	['1900', '1950']
Franco Mussida	/wiki/Franco_Mussida	['1900', '1950']
Gianna Nannini	/wiki/Gianna_Nannini	['1900', '1950']
Noemi	/wiki/Noemi_(singer)	['1900', '1950']
Gino Paoli	/wiki/Gino_Paoli	['1900', '1950']
Laura Pausini	/wiki/Laura_Pausini	['1900', '1950']
Povia	/wiki/Povia	['1900', '1950']
Patty Pravo	/wiki/Patty_Pravo	['1900', '1950']
Eros Ramazzotti	/wiki/Eros_Ramazzotti	['1900', '1950']
Donatella Rettore	/wiki/Donatella_Rettore	['1900', '1950']
Vasco Rossi	/wiki/Vasco_Rossi	['1900', '1950']
Enrico Ruggeri	/wiki/Enrico_Ruggeri	['1900', '1950']
Antonella Ruggiero	/wiki/Antonella_Ruggiero	['1900', '1950']
Giuni Russo	/wiki/Giuni_Russo	['1951', '2004']
Valerio Scanu	/wiki/Valerio_Scanu	['1900', '1950']
Demetrio Stratos	/wiki/Demetrio_Stratos	['1945', '1973']
Aldo Tagliapietra	/wiki/Aldo_Tagliapietra	['1900', '1950']
Luigi Tenco	/wiki/Luigi_Tenco	['1938', '1967']
Ornella Vanoni	/wiki/Ornella_Vanoni	['1900', '1950']
Roberto Vecchioni	/wiki/Roberto_Vecchioni	['1900', '1950']
Antonello Venditti	/wiki/Antonello_Venditti	['1900', '1950']
Edoardo Vianello	/wiki/Edoardo_Vianello	['1900', '1950']
Renato Zero	/wiki/Renato_Zero	['1900', '1950']
Zucchero	/wiki/Zucchero	['1900', '1950']
Antonio Bernacchi	/wiki/Antonio_Bernacchi	['1685', '1756']
Caffarelli	/wiki/Caffarelli_(castrato)	['1710', '1783']
Giovanni Carestini	/wiki/Giovanni_Carestini	['1900', '1950']
Girolamo Crescentini	/wiki/Girolamo_Crescentini	['1762', '1846']
Farinelli	/wiki/Farinelli	['1705', '1782']
Giacinto Fontana	/wiki/Giacinto_Fontana	['1692', '1739']
Nicolò Grimaldi	/wiki/Nicol%C3%B2_Grimaldi	['1673', '1732']
Giovanni Francesco Grossi	/wiki/Giovanni_Francesco_Grossi	['1653', '1697']
Gaetano Guadagni	/wiki/Gaetano_Guadagni	['1728', '1792']
Giuseppe Millico	/wiki/Giuseppe_Millico	['1737', '1802']
Alessandro Moreschi	/wiki/Alessandro_Moreschi	['1858', '1922']
Gaspare Pacchierotti	/wiki/Gaspare_Pacchierotti	['1740', '1821']
Senesino	/wiki/Senesino	['1686', '1758']
Giovanni Velluti	/wiki/Giovanni_Velluti_(castrato)	['1780', '1861']
Gemma Bellincioni	/wiki/Gemma_Bellincioni	['1864', '1950']
Maria Caniglia	/wiki/Maria_Caniglia	['1905', '1979']
Mariella Devia	/wiki/Mariella_Devia	['1948', '2025']
Mirella Freni	/wiki/Mirella_Freni	['1935', '2025']
Amelita Galli-Curci	/wiki/Amelita_Galli-Curci	['1882', '1963']
Giulia Grisi	/wiki/Giulia_Grisi	['1811', '1869']
Claudia Muzio	/wiki/Claudia_Muzio	['1889', '1936']
Giuditta Pasta	/wiki/Giuditta_Pasta	['1797', '1865']
Adelina Patti	/wiki/Adelina_Patti	['1843', '1919']
Amelia Pinto	/wiki/Amelia_Pinto	['1876', '1946']
Renata Scotto	/wiki/Renata_Scotto	['1934', '2025']
Renata Tebaldi	/wiki/Renata_Tebaldi	['1922', '2004']
Luisa Tetrazzini	/wiki/Luisa_Tetrazzini	['1871', '1940']
Cecilia Bartoli	/wiki/Cecilia_Bartoli	['1966', '2025']
Faustina Bordoni	/wiki/Faustina_Bordoni	['1697', '1781']
Fiorenza Cossotto	/wiki/Fiorenza_Cossotto	['1935', '2025']
Armida Parsi-Pettinella	/wiki/Armida_Parsi-Pettinella	['1868', '1949']
Giulietta Simionato	/wiki/Giulietta_Simionato	['1910', '2010']
Ebe Stignani	/wiki/Ebe_Stignani	['1900', '1950']
Lucia Valentini Terrani	/wiki/Lucia_Valentini_Terrani	['1946', '1998']
Marietta Alboni	/wiki/Marietta_Alboni	['1823', '1894']
Clorinda Corradi	/wiki/Clorinda_Corradi	['1804', '1877']
Giuseppina Grassini	/wiki/Giuseppina_Grassini	['1773', '1850']
Carlo Bergonzi	/wiki/Carlo_Bergonzi	['1924', '2025']
Andrea Bocelli	/wiki/Andrea_Bocelli	['1958', '2025']
Enrico Caruso	/wiki/Enrico_Caruso	['1873', '1921']
Franco Corelli	/wiki/Franco_Corelli	['1921', '2003']
Fernando De Lucia	/wiki/Fernando_De_Lucia	['1900', '1950']
Mario Del Monaco	/wiki/Mario_Del_Monaco	['1915', '1982']
Giuseppe Di Stefano	/wiki/Giuseppe_Di_Stefano	['1921', '2008']
Giuseppe Filianoti	/wiki/Giuseppe_Filianoti	['1974', '2025']
Beniamino Gigli	/wiki/Beniamino_Gigli	['1890', '1957']
Giacomo Lauri-Volpi	/wiki/Giacomo_Lauri-Volpi	['1892', '1979']
Giovanni Martinelli	/wiki/Giovanni_Martinelli	['1885', '1969']
Luciano Pavarotti	/wiki/Luciano_Pavarotti	['1935', '2007']
Aureliano Pertile	/wiki/Aureliano_Pertile	['1885', '1952']
Gianni Raimondi	/wiki/Gianni_Raimondi	['1923', '2008']
Giovanni Battista Rubini	/wiki/Giovanni_Battista_Rubini	['1794', '1854']
Tito Schipa	/wiki/Tito_Schipa	['1888', '1965']
Francesco Tamagno	/wiki/Francesco_Tamagno	['1850', '1905']
Pasquale Amato	/wiki/Pasquale_Amato	['1878', '1942']
Ettore Bastianini	/wiki/Ettore_Bastianini	['1922', '1967']
Mattia Battistini	/wiki/Mattia_Battistini	['1856', '1928']
Renato Bruson	/wiki/Renato_Bruson	['1934', '2025']
Piero Cappuccilli	/wiki/Piero_Cappuccilli	['1926', '2005']
Antonio Cotogni	/wiki/Antonio_Cotogni	['1831', '1918']
Giuseppe De Luca	/wiki/Giuseppe_De_Luca	['1876', '1950']
Tito Gobbi	/wiki/Tito_Gobbi	['1913', '1984']
Rolando Panerai	/wiki/Rolando_Panerai	['1924', '2025']
Giorgio Ronconi	/wiki/Giorgio_Ronconi	['1810', '1890']
Titta Ruffo	/wiki/Titta_Ruffo	['1877', '1953']
Giuseppe Taddei	/wiki/Giuseppe_Taddei	['1916', '2010']
Salvatore Baccaloni	/wiki/Salvatore_Baccaloni	['1900', '1969']
Sesto Bruscantini	/wiki/Sesto_Bruscantini	['1919', '2003']
Enzo Dara	/wiki/Enzo_Dara	['1938', '2025']
Nazzareno De Angelis	/wiki/Nazzareno_De_Angelis	['1881', '1962']
Ferruccio Furlanetto	/wiki/Ferruccio_Furlanetto	['1949', '2025']
Luigi Lablache	/wiki/Luigi_Lablache	['1794', '1858']
Tancredi Pasero	/wiki/Tancredi_Pasero	['1893', '1983']
Ezio Pinza	/wiki/Ezio_Pinza	['1892', '1957']
Cesare Siepi	/wiki/Cesare_Siepi	['1923', '2010']
Pacuvius	/wiki/Pacuvius	['1900', '1950']
Studius	/wiki/Studius_(painter)	['1900', '1950']
Altichiero	/wiki/Altichiero	['1900', '1950']
Bonaventura Berlinghieri	/wiki/Bonaventura_Berlinghieri	['1900', '1950']
Pietro Cavallini	/wiki/Pietro_Cavallini	['1900', '1950']
Cimabue	/wiki/Cimabue	['95', '1290']
Coppo di Marcovaldo	/wiki/Coppo_di_Marcovaldo	['1900', '1950']
Bernardo Daddi	/wiki/Bernardo_Daddi	['1280', '1348']
Duccio	/wiki/Duccio	['1308', '1311']
Taddeo Gaddi	/wiki/Taddeo_Gaddi	['1300', '1366']
Giottino	/wiki/Giottino	['1900', '1950']
Giotto di Bondone	/wiki/Giotto_di_Bondone	['1900', '1950']
Ambrogio Lorenzetti	/wiki/Ambrogio_Lorenzetti	['1290', '1348']
Pietro Lorenzetti	/wiki/Pietro_Lorenzetti	['1280', '1348']
Simone Martini	/wiki/Simone_Martini	['1284', '1344']
Lippo Memmi	/wiki/Lippo_Memmi	['1291', '1356']
Orcagna	/wiki/Orcagna	['1308', '1368']
Paolo Veneziano	/wiki/Paolo_Veneziano	['1900', '1950']
Giunta Pisano	/wiki/Giunta_Pisano	['1900', '1950']
Piero da Rimini	/wiki/Piero_da_Rimini	['1900', '1950']
Jacopo Torriti	/wiki/Jacopo_Torriti	['1900', '1950']
Mariotto Albertinelli	/wiki/Mariotto_Albertinelli	['1474', '1515']
Alessandro Allori	/wiki/Alessandro_Allori	['1535', '1607']
Andrea del Castagno	/wiki/Andrea_del_Castagno	['1421', '1457']
Andrea del Sarto	/wiki/Andrea_del_Sarto	['1486', '1530']
Andrea del Verrocchio	/wiki/Andrea_del_Verrocchio	['1435', '1488']
Sofonisba Anguissola	/wiki/Sofonisba_Anguissola	['1535', '1625']
Antonello da Messina	/wiki/Antonello_da_Messina	['1430', '1479']
Antonio da Correggio	/wiki/Antonio_da_Correggio	['1489', '1534']
Giuseppe Arcimboldo	/wiki/Giuseppe_Arcimboldo	['1527', '1593']
Alesso Baldovinetti	/wiki/Alesso_Baldovinetti	['1425', '1499']
Jacopo de' Barbari	/wiki/Jacopo_de%27_Barbari	['1900', '1950']
Federico Barocci	/wiki/Federico_Barocci	['1526', '1612']
Jacopo Bassano	/wiki/Jacopo_Bassano	['1510', '1592']
Domenico di Pace Beccafumi	/wiki/Domenico_di_Pace_Beccafumi	['1486', '1551']
Gentile Bellini	/wiki/Gentile_Bellini	['1429', '1507']
Giovanni Bellini	/wiki/Giovanni_Bellini	['1430', '1516']
Jacopo Bellini	/wiki/Jacopo_Bellini	['1900', '1950']
Ambrogio Bergognone	/wiki/Ambrogio_Bergognone	['1900', '1950']
Boccaccio Boccaccino	/wiki/Boccaccio_Boccaccino	['1900', '1950']
Giovanni Antonio Boltraffio	/wiki/Giovanni_Antonio_Boltraffio	['1900', '1950']
Paris Bordone	/wiki/Paris_Bordone	['1500', '1571']
Sandro Botticelli	/wiki/Sandro_Botticelli	['1445', '1510']
Francesco Botticini	/wiki/Francesco_Botticini	['1446', '1498']
Bramantino	/wiki/Bramantino	['1900', '1950']
Bronzino	/wiki/Bronzino	['1503', '1572']
Luca Cambiasi	/wiki/Luca_Cambiasi	['1527', '1585']
Vittore Carpaccio	/wiki/Vittore_Carpaccio	['1900', '1950']
Cennino Cennini	/wiki/Cennino_Cennini	['1900', '1950']
Cigoli	/wiki/Cigoli	['1559', '1613']
Cima da Conegliano	/wiki/Cima_da_Conegliano	['1900', '1950']
Niccolò Antonio Colantonio	/wiki/Niccol%C3%B2_Antonio_Colantonio	['1900', '1950']
Francesco del Cossa	/wiki/Francesco_del_Cossa	['1900', '1950']
Lorenzo Costa	/wiki/Lorenzo_Costa	['1460', '1535']
Carlo Crivelli	/wiki/Carlo_Crivelli	['1900', '1950']
Daniele da Volterra	/wiki/Daniele_da_Volterra	['1509', '1566']
Ercole de' Roberti	/wiki/Ercole_de%27_Roberti	['1451', '1496']
Francesco de' Rossi	/wiki/Francesco_de%27_Rossi_(Il_Salviati)	['1510', '1563']
Niccolò dell'Abbate	/wiki/Niccol%C3%B2_dell%27Abbate	['1900', '1950']
Dosso Dossi	/wiki/Dosso_Dossi	['1490', '1542']
Gaudenzio Ferrari	/wiki/Gaudenzio_Ferrari	['1471', '1546']
Rosso Fiorentino	/wiki/Rosso_Fiorentino	['1494', '1540']
Lavinia Fontana	/wiki/Lavinia_Fontana	['1552', '1614']
Prospero Fontana	/wiki/Prospero_Fontana	['1512', '1597']
Vincenzo Foppa	/wiki/Vincenzo_Foppa	['1900', '1950']
Fra Angelico	/wiki/Fra_Angelico	['1395', '1455']
Fra Bartolomeo	/wiki/Fra_Bartolomeo	['1472', '1517']
Franciabigio	/wiki/Franciabigio	['1482', '1525']
Agnolo Gaddi	/wiki/Agnolo_Gaddi	['1350', '1396']
Fede Galizia	/wiki/Fede_Galizia	['1578', '1630']
Gentile da Fabriano	/wiki/Gentile_da_Fabriano	['1370', '1427']
Domenico Ghirlandaio	/wiki/Domenico_Ghirlandaio	['1449', '1494']
Ridolfo Ghirlandaio	/wiki/Ridolfo_Ghirlandaio	['1483', '1561']
Giorgione	/wiki/Giorgione	['1900', '1950']
Giovanni da Udine	/wiki/Giovanni_da_Udine	['1487', '1564']
Giovanni di Paolo	/wiki/Giovanni_di_Paolo	['1403', '1482']
Stefano di Giovanni	/wiki/Stefano_di_Giovanni	['1400', '1450']
Benozzo Gozzoli	/wiki/Benozzo_Gozzoli	['1421', '1497']
Leonardo da Vinci	/wiki/Leonardo_da_Vinci	['1452', '1519']
Filippino Lippi	/wiki/Filippino_Lippi	['1457', '1504']
Filippo Lippi	/wiki/Filippo_Lippi	['1406', '1469']
Gian Paolo Lomazzo	/wiki/Gian_Paolo_Lomazzo	['1538', '1592']
Lorenzo di Credi	/wiki/Lorenzo_di_Credi	['1459', '1537']
Lorenzo Monaco	/wiki/Lorenzo_Monaco	['1900', '1950']
Lorenzo Lotto	/wiki/Lorenzo_Lotto	['1480', '1556']
Bernardino Luini	/wiki/Bernardino_Luini	['1900', '1950']
Andrea Mantegna	/wiki/Andrea_Mantegna	['1431', '1506']
Masaccio	/wiki/Masaccio	['1401', '1428']
Masolino da Panicale	/wiki/Masolino_da_Panicale	['1900', '1950']
Melozzo da Forlì	/wiki/Melozzo_da_Forl%C3%AC	['1438', '1494']
Michelangelo	/wiki/Michelangelo	['1475', '1564']
Moretto da Brescia	/wiki/Moretto_da_Brescia	['1498', '1554']
Giovanni Battista Moroni	/wiki/Giovanni_Battista_Moroni	['1900', '1950']
Palma Giovane	/wiki/Palma_Giovane	['1900', '1950']
Palma Vecchio	/wiki/Palma_Vecchio	['1480', '1528']
Parmigianino	/wiki/Parmigianino	['1503', '1540']
Perino del Vaga	/wiki/Perino_del_Vaga	['1501', '1547']
Francesco Pesellino	/wiki/Francesco_Pesellino	['1422', '1457']
Piero della Francesca	/wiki/Piero_della_Francesca	['1415', '1492']
Piero di Cosimo	/wiki/Piero_di_Cosimo	['1462', '1521']
Pietro Perugino	/wiki/Pietro_Perugino	['1446', '1524']
Pinturicchio	/wiki/Pinturicchio	['1454', '1513']
Pisanello	/wiki/Pisanello	['1395', '1455']
Polidoro da Caravaggio	/wiki/Polidoro_da_Caravaggio	['1499', '1543']
Antonio del Pollaiolo	/wiki/Antonio_del_Pollaiolo	['1900', '1950']
Pontormo	/wiki/Pontormo	['1494', '1557']
Il Pordenone	/wiki/Il_Pordenone	['1484', '1539']
Francesco Primaticcio	/wiki/Francesco_Primaticcio	['1504', '1570']
Francesco Raibolini	/wiki/Francesco_Raibolini	['1450', '1517']
Raphael	/wiki/Raphael	['1483', '1520']
Giulio Romano	/wiki/Giulio_Romano	['1499', '1546']
Cosimo Rosselli	/wiki/Cosimo_Rosselli	['1439', '1507']
Andrea Schiavone	/wiki/Andrea_Schiavone	['1900', '1950']
Sebastiano del Piombo	/wiki/Sebastiano_del_Piombo	['1485', '1547']
Luca Signorelli	/wiki/Luca_Signorelli	['1445', '1523']
Il Sodoma	/wiki/Il_Sodoma	['1477', '1549']
Francesco Squarcione	/wiki/Francesco_Squarcione	['1900', '1950']
Taddeo di Bartolo	/wiki/Taddeo_di_Bartolo	['1362', '1422']
Antonio Tempesta	/wiki/Antonio_Tempesta	['1555', '1630']
Pellegrino Tibaldi	/wiki/Pellegrino_Tibaldi	['1527', '1596']
Tintoretto	/wiki/Tintoretto	['1518', '1594']
Titian	/wiki/Titian	['1520', '1523']
Cosimo Tura	/wiki/Cosimo_Tura	['1430', '1495']
Paolo Uccello	/wiki/Paolo_Uccello	['1397', '1475']
Bartolomeo Veneto	/wiki/Bartolomeo_Veneto	['1900', '1950']
Domenico Veneziano	/wiki/Domenico_Veneziano	['1410', '1461']
Paolo Veronese	/wiki/Paolo_Veronese	['1528', '1588']
Alvise Vivarini	/wiki/Alvise_Vivarini	['1900', '1950']
Bartolomeo Vivarini	/wiki/Bartolomeo_Vivarini	['1900', '1950']
Jacopo Zabolino	/wiki/Jacopo_Zabolino	['1900', '1950']
Federico Zuccari	/wiki/Federico_Zuccari	['1900', '1950']
Taddeo Zuccari	/wiki/Taddeo_Zuccari	['1529', '1566']
Francesco Albani	/wiki/Francesco_Albani	['1578', '1660']
Giacomo Alberelli	/wiki/Giacomo_Alberelli	['1600', '1650']
Cristofano Allori	/wiki/Cristofano_Allori	['1577', '1621']
Jacopo Amigoni	/wiki/Jacopo_Amigoni	['1682', '1752']
Leonardo dell'Arca	/wiki/Leonardo_dell%27Arca	['1900', '1950']
Marcello Bacciarelli	/wiki/Marcello_Bacciarelli	['1731', '1818']
Sisto Badalocchio	/wiki/Sisto_Badalocchio	['1900', '1950']
Pompeo Batoni	/wiki/Pompeo_Batoni	['1708', '1787']
Bernardo Bellotto	/wiki/Bernardo_Bellotto	['1720', '1780']
Guido Cagnacci	/wiki/Guido_Cagnacci	['1601', '1663']
Canaletto	/wiki/Canaletto	['1697', '1768']
Battistello Caracciolo	/wiki/Battistello_Caracciolo	['1578', '1635']
Caravaggio	/wiki/Caravaggio	['1571', '1610']
Annibale Carracci	/wiki/Annibale_Carracci	['1560', '1609']
Ludovico Carracci	/wiki/Ludovico_Carracci	['1555', '1619']
Rosalba Carriera	/wiki/Rosalba_Carriera	['1675', '1757']
Giuseppe Crespi	/wiki/Giuseppe_Crespi	['1665', '1747']
Carlo Dolci	/wiki/Carlo_Dolci	['1616', '1686']
Domenichino	/wiki/Domenichino	['1581', '1641']
Domenico Fetti	/wiki/Domenico_Fetti	['1589', '1623']
Giovanni Battista Gaulli	/wiki/Giovanni_Battista_Gaulli	['1639', '1709']
Artemisia Gentileschi	/wiki/Artemisia_Gentileschi	['1593', '1653']
Orazio Gentileschi	/wiki/Orazio_Gentileschi	['1563', '1639']
Luca Giordano	/wiki/Luca_Giordano	['1634', '1705']
Francesco Guardi	/wiki/Francesco_Guardi	['1712', '1793']
Guercino	/wiki/Guercino	['1591', '1666']
Giovanni Lanfranco	/wiki/Giovanni_Lanfranco	['1582', '1647']
Pietro Longhi	/wiki/Pietro_Longhi	['1702', '1785']
Alessandro Magnasco	/wiki/Alessandro_Magnasco	['1667', '1749']
Bartolomeo Manfredi	/wiki/Bartolomeo_Manfredi	['1582', '1622']
Carlo Maratta	/wiki/Carlo_Maratta	['1625', '1713']
Pietro Novelli	/wiki/Pietro_Novelli	['1603', '1647']
Giovanni Paolo Panini	/wiki/Giovanni_Paolo_Panini	['1691', '1765']
Giovanni Battista Piazzetta	/wiki/Giovanni_Battista_Piazzetta	['1682', '1754']
Andrea Pozzo	/wiki/Andrea_Pozzo	['1642', '1709']
Mattia Preti	/wiki/Mattia_Preti	['1613', '1699']
Guido Reni	/wiki/Guido_Reni	['1575', '1642']
Sebastiano Ricci	/wiki/Sebastiano_Ricci	['1659', '1734']
Salvator Rosa	/wiki/Salvator_Rosa	['1615', '1673']
Francesco Solimena	/wiki/Francesco_Solimena	['1657', '1747']
Massimo Stanzione	/wiki/Massimo_Stanzione	['1900', '1950']
Bernardo Strozzi	/wiki/Bernardo_Strozzi	['1581', '1644']
Giovanni Battista Tiepolo	/wiki/Giovanni_Battista_Tiepolo	['1696', '1770']
Giovanni Domenico Tiepolo	/wiki/Giovanni_Domenico_Tiepolo	['1727', '1804']
Giuseppe Abbati	/wiki/Giuseppe_Abbati	['1836', '1868']
Andrea Appiani	/wiki/Andrea_Appiani	['1754', '1817']
Giovanni Boldini	/wiki/Giovanni_Boldini	['1842', '1931']
Constantino Brumidi	/wiki/Constantino_Brumidi	['1805', '1880']
Vincenzo Camuccini	/wiki/Vincenzo_Camuccini	['1771', '1844']
Antonio Ciseri	/wiki/Antonio_Ciseri	['1821', '1891']
Giuseppe De Nittis	/wiki/Giuseppe_De_Nittis	['1846', '1884']
Giacomo Di Chirico	/wiki/Giacomo_Di_Chirico	['1844', '1883']
Giovanni Fattori	/wiki/Giovanni_Fattori	['1825', '1908']
Francesco Hayez	/wiki/Francesco_Hayez	['1791', '1882']
Cesare Maccari	/wiki/Cesare_Maccari	['1840', '1919']
Giovanni Segantini	/wiki/Giovanni_Segantini	['1858', '1899']
Pietro Annigoni	/wiki/Pietro_Annigoni	['1910', '1988']
Giacomo Balla	/wiki/Giacomo_Balla	['1871', '1958']
Alziro Bergonzo	/wiki/Alziro_Bergonzo	['1906', '1997']
Vincenzo Bianchini	/wiki/Vincenzo_Bianchini	['1903', '2000']
Umberto Boccioni	/wiki/Umberto_Boccioni	['1882', '1916']
Alberto Burri	/wiki/Alberto_Burri	['1915', '1995']
Aldo Carpi	/wiki/Aldo_Carpi	['1886', '1973']
Carlo Carrà	/wiki/Carlo_Carr%C3%A0	['1881', '1966']
Bruno Caruso	/wiki/Bruno_Caruso	['1927', '2018']
Nicoletta Ceccoli	/wiki/Nicoletta_Ceccoli	['1900', '1950']
Francesco Clemente	/wiki/Francesco_Clemente	['1952', '2025']
Enzo Cucchi	/wiki/Enzo_Cucchi	['1949', '2025']
Giorgio de Chirico	/wiki/Giorgio_de_Chirico	['1888', '1978']
Annalaura di Luggo	/wiki/Annalaura_di_Luggo	['1900', '1950']
Lazzaro Donati	/wiki/Lazzaro_Donati	['1926', '1977']
Lucio Fontana	/wiki/Lucio_Fontana	['1899', '1968']
Renato Guttuso	/wiki/Renato_Guttuso	['1911', '1987']
Piero Manzoni	/wiki/Piero_Manzoni	['1933', '1963']
Amedeo Modigliani	/wiki/Amedeo_Modigliani	['1884', '1920']
Giorgio Morandi	/wiki/Giorgio_Morandi	['1890', '1964']
Giuseppe Pellizza da Volpedo	/wiki/Giuseppe_Pellizza_da_Volpedo	['1868', '1907']
Giovanni Pelliccioli	/wiki/Giovanni_Pelliccioli	['1900', '1950']
Luigi Russolo	/wiki/Luigi_Russolo	['1885', '1947']
Emilio Scanavino	/wiki/Emilio_Scanavino	['1922', '1986']
Gino Severini	/wiki/Gino_Severini	['1883', '1966']
Mario Sironi	/wiki/Mario_Sironi	['1885', '1961']
Antonio Diego Voci	/wiki/Antonio_Diego_Voci	['1920', '1985']
Sergio Zanni	/wiki/Sergio_Zanni	['1942', '2025']
Giulia Andreani	/wiki/Giulia_Andreani	['1985', '2025']
Giuseppe Incorpora	/wiki/Giuseppe_Incorpora	['1834', '1914']
Panfilo Castaldi	/wiki/Panfilo_Castaldi	['1900', '1950']
Fortunato de Felice, 2nd Count Panzutti	/wiki/Fortunato_de_Felice,_2nd_Count_Panzutti	['1723', '1789']
Francesco Franceschi	/wiki/Francesco_Franceschi	['1900', '1950']
Gabriele Giolito de' Ferrari	/wiki/Gabriele_Giolito_de%27_Ferrari	['1508', '1578']
Johannes Philippus de Lignamine	/wiki/Johannes_Philippus_de_Lignamine	['1900', '1950']
Aldus Manutius	/wiki/Aldus_Manutius	['1449', '1515']
Aldus Manutius the Younger	/wiki/Aldus_Manutius_the_Younger	['1547', '1597']
Giovanni Battista Pasquali	/wiki/Giovanni_Battista_Pasquali	['1702', '1784']
Pietro Perna	/wiki/Pietro_Perna	['1519', '1582']
Ottaviano Petrucci	/wiki/Ottaviano_Petrucci	['1466', '1539']
Lawrence Torrentinus	/wiki/Lawrence_Torrentinus	['1499', '1563']
Domenico Campagnola	/wiki/Domenico_Campagnola	['1500', '1564']
Giulio Campagnola	/wiki/Giulio_Campagnola	['1900', '1950']
Agostino Carracci	/wiki/Agostino_Carracci	['1557', '1602']
Giovanni Francesco Cassioni	/wiki/Giovanni_Francesco_Cassioni	['1900', '1950']
Stefano della Bella	/wiki/Stefano_della_Bella	['1610', '1664']
Marcantonio Raimondi	/wiki/Marcantonio_Raimondi	['1900', '1950']
Mario Labacco	/wiki/Mario_Labacco	['1900', '1950']
Francesco Rosselli	/wiki/Francesco_Rosselli	['1900', '1950']
Ugo da Carpi	/wiki/Ugo_da_Carpi	['1900', '1950']
Robert Bellarmine	/wiki/Robert_Bellarmine	['1542', '1621']
Charles Borromeo	/wiki/Charles_Borromeo	['1538', '1584']
John Bosco	/wiki/John_Bosco	['1815', '1888']
Saint Cecilia	/wiki/Saint_Cecilia	['1900', '1950']
Januarius	/wiki/Januarius	['1900', '1950']
Saint Longinus	/wiki/Saint_Longinus	['1900', '1950']
Saint Lucy	/wiki/Saint_Lucy	['283', '304']
Philip Neri	/wiki/Philip_Neri	['1515', '1595']
Saint Rosalia	/wiki/Saint_Rosalia	['1130', '1166']
Saint Valentine	/wiki/Saint_Valentine	['1900', '1950']
Vitus	/wiki/Vitus	['1900', '1950']
Maria Gaetana Agnesi	/wiki/Maria_Gaetana_Agnesi	['1718', '1799']
Ulisse Aldrovandi	/wiki/Ulisse_Aldrovandi	['1522', '1605']
Giovanni Battista Amici	/wiki/Giovanni_Battista_Amici	['1786', '1863']
Giovanni Arduino	/wiki/Giovanni_Arduino_(geologist)	['1714', '1795']
Silvano Arieti	/wiki/Silvano_Arieti	['1914', '1981']
Gaspare Aselli	/wiki/Gaspare_Aselli	['1581', '1625']
Roberto Assagioli	/wiki/Roberto_Assagioli	['1888', '1974']
Amedeo Avogadro	/wiki/Amedeo_Avogadro	['1776', '1856']
Fabio Badilini	/wiki/Fabio_Badilini	['1964', '2025']
Gjuro Baglivi	/wiki/Gjuro_Baglivi	['1668', '1707']
Franco Basaglia	/wiki/Franco_Basaglia	['1924', '1980']
Agostino Bassi	/wiki/Agostino_Bassi	['1773', '1856']
Laura Bassi	/wiki/Laura_Bassi	['1711', '1778']
Jacopo Berengario da Carpi	/wiki/Jacopo_Berengario_da_Carpi	['1900', '1950']
Giulio Bizzozero	/wiki/Giulio_Bizzozero	['1846', '1901']
Enrico Bombieri	/wiki/Enrico_Bombieri	['1940', '2025']
Claudio Bordignon	/wiki/Claudio_Bordignon	['1950', '2025']
Giovanni Alfonso Borelli	/wiki/Giovanni_Alfonso_Borelli	['1608', '1679']
Giacomo Bresadola	/wiki/Giacomo_Bresadola	['1847', '1929']
Francesco Brioschi	/wiki/Francesco_Brioschi	['1824', '1897']
Giuseppe Brotzu	/wiki/Giuseppe_Brotzu	['1895', '1976']
Tito Livio Burattini	/wiki/Tito_Livio_Burattini	['1617', '1681']
Nicola Cabibbo	/wiki/Nicola_Cabibbo	['1935', '2010']
Leopoldo Marco Antonio Caldani	/wiki/Leopoldo_Marco_Antonio_Caldani	['1725', '1813']
Temistocle Calzecchi-Onesti	/wiki/Temistocle_Calzecchi-Onesti	['1853', '1922']
Tommaso Campailla	/wiki/Tommaso_Campailla	['1668', '1740']
Giuseppe Campani	/wiki/Giuseppe_Campani	['1635', '1715']
Stanislao Cannizzaro	/wiki/Stanislao_Cannizzaro	['1826', '1910']
Federico Capasso	/wiki/Federico_Capasso	['1949', '2025']
Mario Capecchi	/wiki/Mario_Capecchi	['1937', '2025']
Gerolamo Cardano	/wiki/Gerolamo_Cardano	['1501', '1576']
Antonio Cardarelli	/wiki/Antonio_Cardarelli	['1831', '1926']
Antonio Carini	/wiki/Antonio_Carini	['1872', '1950']
Francesco Carlini	/wiki/Francesco_Carlini	['1783', '1862']
Giovanni Caselli	/wiki/Giovanni_Caselli	['1815', '1891']
Giovanni Domenico Cassini	/wiki/Giovanni_Domenico_Cassini	['1625', '1712']
Bonaventura Cavalieri	/wiki/Bonaventura_Cavalieri	['1598', '1647']
Luigi Luca Cavalli-Sforza	/wiki/Luigi_Luca_Cavalli-Sforza	['1922', '2025']
Tiberius Cavallo	/wiki/Tiberius_Cavallo	['1749', '1809']
Ugo Cerletti	/wiki/Ugo_Cerletti	['1877', '1963']
Vincenzo Cerulli	/wiki/Vincenzo_Cerulli	['1859', '1927']
Andrea Cesalpino	/wiki/Andrea_Cesalpino	['1519', '1603']
Ernesto Cesàro	/wiki/Ernesto_Ces%C3%A0ro	['1859', '1906']
Giacinto Cestoni	/wiki/Giacinto_Cestoni	['1637', '1718']
Vincenzo Chiarugi	/wiki/Vincenzo_Chiarugi	['1759', '1820']
Realdo Colombo	/wiki/Realdo_Colombo	['1516', '1559']
Orso Mario Corbino	/wiki/Orso_Mario_Corbino	['1876', '1937']
Alfonso Giacomo Gaspare Corti	/wiki/Alfonso_Giacomo_Gaspare_Corti	['1822', '1876']
Domenico Cotugno	/wiki/Domenico_Cotugno	['1736', '1822']
Alessandro Cruto	/wiki/Alessandro_Cruto	['1847', '1908']
Bruno de Finetti	/wiki/Bruno_de_Finetti	['1906', '1985']
Annibale de Gasparis	/wiki/Annibale_de_Gasparis	['1819', '1892']
Ennio de Giorgi	/wiki/Ennio_de_Giorgi	['1928', '1996']
Mondino de Liuzzi	/wiki/Mondino_de_Liuzzi	['1270', '1326']
Francesco de Vico	/wiki/Francesco_de_Vico	['1805', '1848']
Giambattista della Porta	/wiki/Giambattista_della_Porta	['1535', '1615']
Ulisse Dini	/wiki/Ulisse_Dini	['1845', '1918']
Eustachio Divini	/wiki/Eustachio_Divini	['1610', '1685']
Giovanni Battista Donati	/wiki/Giovanni_Battista_Donati	['1826', '1873']
Giovanni Dondi dell'Orologio	/wiki/Giovanni_Dondi_dell%27Orologio	['1330', '1388']
Jacopo Dondi dell'Orologio	/wiki/Jacopo_Dondi_dell%27Orologio	['1293', '1359']
Angelo Dubini	/wiki/Angelo_Dubini	['1813', '1902']
Girolamo Segato	/wiki/Girolamo_Segato	['1792', '1836']
Renato Dulbecco	/wiki/Renato_Dulbecco	['1914', '2025']
Federigo Enriques	/wiki/Federigo_Enriques	['1871', '1946']
Vittorio Erspamer	/wiki/Vittorio_Erspamer	['1909', '1999']
Bartolomeo Eustachi	/wiki/Bartolomeo_Eustachi	['1900', '1950']
Francesco Faà di Bruno	/wiki/Francesco_Fa%C3%A0_di_Bruno	['1825', '1888']
Hieronymus Fabricius	/wiki/Hieronymus_Fabricius	['1537', '1619']
Gabriele Falloppio	/wiki/Gabriele_Falloppio	['1523', '1562']
Enrico Fermi	/wiki/Enrico_Fermi	['1901', '1954']
Lodovico Ferrari	/wiki/Lodovico_Ferrari	['1522', '1565']
Galileo Ferraris	/wiki/Galileo_Ferraris	['1847', '1897']
Amarro Fiamberti	/wiki/Amarro_Fiamberti	['1900', '1950']
Leonardo Fibonacci	/wiki/Leonardo_Fibonacci	['1900', '1950']
Quirico Filopanti	/wiki/Quirico_Filopanti	['1812', '1894']
Niccolò Fontana Tartaglia	/wiki/Niccol%C3%B2_Fontana_Tartaglia	['1499', '1557']
Carlo Forlanini	/wiki/Carlo_Forlanini	['1847', '1918']
Carlo Fornasini	/wiki/Carlo_Fornasini	['1854', '1931']
Girolamo Fracastoro	/wiki/Girolamo_Fracastoro	['1478', '1553']
Guido Fubini	/wiki/Guido_Fubini	['1879', '1943']
Galileo Galilei	/wiki/Galileo_Galilei	['1564', '1642']
Luigi Galvani	/wiki/Luigi_Galvani	['1737', '1798']
Agostino Gemelli	/wiki/Agostino_Gemelli	['1878', '1959']
Luca Ghini	/wiki/Luca_Ghini	['1490', '1556']
Riccardo Giacconi	/wiki/Riccardo_Giacconi	['1931', '2018']
Clelia Giacobini	/wiki/Clelia_Giacobini	['1931', '2010']
Corrado Gini	/wiki/Corrado_Gini	['1884', '1965']
Camillo Golgi	/wiki/Camillo_Golgi	['1843', '1926']
Luigi Guido Grandi	/wiki/Luigi_Guido_Grandi	['1671', '1742']
Giovanni Battista Grassi	/wiki/Giovanni_Battista_Grassi	['1854', '1925']
Francesco Maria Grimaldi	/wiki/Francesco_Maria_Grimaldi	['1618', '1663']
Nicola Guarino	/wiki/Nicola_Guarino	['1954', '2025']
Guido da Vigevano	/wiki/Guido_da_Vigevano	['1900', '1950']
Giovanni Battista Hodierna	/wiki/Giovanni_Battista_Hodierna	['1597', '1660']
Arturo Issel	/wiki/Arturo_Issel	['1842', '1922']
Joseph-Louis Lagrange	/wiki/Joseph-Louis_Lagrange	['1736', '1813']
Giovanni Maria Lancisi	/wiki/Giovanni_Maria_Lancisi	['1654', '1720']
Rita Levi-Montalcini	/wiki/Rita_Levi-Montalcini	['1909', '2012']
Aloysius Lilius	/wiki/Aloysius_Lilius	['1510', '1576']
Salvador Luria	/wiki/Salvador_Luria	['1912', '1991']
Giovanni Antonio Magini	/wiki/Giovanni_Antonio_Magini	['1555', '1617']
Ettore Majorana	/wiki/Ettore_Majorana	['1906', '1938']
Marcello Malpighi	/wiki/Marcello_Malpighi	['1628', '1694']
Massimo Marchiori	/wiki/Massimo_Marchiori	['1900', '1950']
Guglielmo Marconi	/wiki/Guglielmo_Marconi	['1874', '1937']
Macedonio Melloni	/wiki/Macedonio_Melloni	['1798', '1854']
Giuseppe Mercalli	/wiki/Giuseppe_Mercalli	['1850', '1914']
Franco Modigliani	/wiki/Franco_Modigliani	['1918', '2003']
Geminiano Montanari	/wiki/Geminiano_Montanari	['1633', '1687']
Maria Montessori	/wiki/Maria_Montessori	['1870', '1952']
Giovanni Battista Morgagni	/wiki/Giovanni_Battista_Morgagni	['1682', '1771']
Angelo Mosso	/wiki/Angelo_Mosso	['1846', '1910']
Giulio Natta	/wiki/Giulio_Natta	['1903', '1979']
Adelchi Negri	/wiki/Adelchi_Negri	['1876', '1912']
Leopoldo Nobili	/wiki/Leopoldo_Nobili	['1784', '1835']
Giuseppe Occhialini	/wiki/Giuseppe_Occhialini	['1907', '1993']
Barnaba Oriani	/wiki/Barnaba_Oriani	['1752', '1832']
Filippo Pacini	/wiki/Filippo_Pacini	['1812', '1883']
Antonio Pacinotti	/wiki/Antonio_Pacinotti	['1841', '1912']
Luca Pacioli	/wiki/Luca_Pacioli	['1900', '1950']
Ferdinando Palasciano	/wiki/Ferdinando_Palasciano	['1815', '1891']
Luigi Palmieri	/wiki/Luigi_Palmieri	['1807', '1896']
Pier Paolo Pandolfi	/wiki/Pier_Paolo_Pandolfi	['1963', '2025']
Vilfredo Pareto	/wiki/Vilfredo_Pareto	['1848', '1923']
Giorgio Parisi	/wiki/Giorgio_Parisi	['1948', '2025']
Emanuele Paternò	/wiki/Emanuele_Patern%C3%B2	['1847', '1935']
Giuseppe Peano	/wiki/Giuseppe_Peano	['1858', '1932']
Gaetano Perusini	/wiki/Gaetano_Perusini	['1879', '1915']
Giuseppe Piazzi	/wiki/Giuseppe_Piazzi	['1746', '1826']
Raffaele Piria	/wiki/Raffaele_Piria	['1814', '1865']
Giovanni Antonio Amedeo Plana	/wiki/Giovanni_Antonio_Amedeo_Plana	['1781', '1864']
Edoardo Amaldi	/wiki/Edoardo_Amaldi	['1908', '1989']
Bernardino Ramazzini	/wiki/Bernardino_Ramazzini	['1633', '1714']
Francesco Redi	/wiki/Francesco_Redi	['1626', '1697']
Jacopo Riccati	/wiki/Jacopo_Riccati	['1676', '1754']
Matteo Ricci	/wiki/Matteo_Ricci	['1552', '1610']
Gregorio Ricci-Curbastro	/wiki/Gregorio_Ricci-Curbastro	['1853', '1925']
Giovanni Battista Riccioli	/wiki/Giovanni_Battista_Riccioli	['1598', '1671']
Augusto Righi	/wiki/Augusto_Righi	['1850', '1920']
Scipione Riva-Rocci	/wiki/Scipione_Riva-Rocci	['1863', '1937']
Rogerius	/wiki/Rogerius_(physician)	['1900', '1950']
Gian Domenico Romagnosi	/wiki/Gian_Domenico_Romagnosi	['1761', '1835']
Bruno Rossi	/wiki/Bruno_Rossi	['1905', '1993']
Carlo Rubbia	/wiki/Carlo_Rubbia	['1934', '2025']
Paolo Ruffini	/wiki/Paolo_Ruffini	['1765', '1822']
Giovanni Girolamo Saccheri	/wiki/Giovanni_Girolamo_Saccheri	['1667', '1733']
Sanctorius	/wiki/Sanctorius	['1561', '1636']
Antonio Scarpa	/wiki/Antonio_Scarpa	['1752', '1832']
Giovanni Schiaparelli	/wiki/Giovanni_Schiaparelli	['1835', '1910']
Angelo Secchi	/wiki/Angelo_Secchi	['1818', '1878']
Emilio Segrè	/wiki/Emilio_Segr%C3%A8	['1905', '1989']
Francesco Selmi	/wiki/Francesco_Selmi	['1817', '1881']
Enrico Sertoli	/wiki/Enrico_Sertoli	['1842', '1910']
Ascanio Sobrero	/wiki/Ascanio_Sobrero	['1812', '1888']
Lazzaro Spallanzani	/wiki/Lazzaro_Spallanzani	['1729', '1799']
Francesco Stelluti	/wiki/Francesco_Stelluti	['1577', '1652']
Gasparo Tagliacozzi	/wiki/Gasparo_Tagliacozzi	['1546', '1599']
Roberto Assagioli	/wiki/Roberto_Assagioli	['1888', '1974']
Gjuro Baglivi	/wiki/Gjuro_Baglivi	['1668', '1707']
Franco Basaglia	/wiki/Franco_Basaglia	['1924', '1980']
Agostino Bassi	/wiki/Agostino_Bassi	['1773', '1856']
Vincenzo Tiberio	/wiki/Vincenzo_Tiberio	['1869', '1915']
Laura Bassi	/wiki/Laura_Bassi	['1711', '1778']
Giuseppe Toaldo	/wiki/Giuseppe_Toaldo	['1719', '1797']
Evangelista Torricelli	/wiki/Evangelista_Torricelli	['1608', '1647']
Trotula	/wiki/Trotula	['1900', '1950']
Pellegrino Turri	/wiki/Pellegrino_Turri	['1900', '1950']
Carlo Urbani	/wiki/Carlo_Urbani	['1956', '2003']
Antonio Vallisneri	/wiki/Antonio_Vallisneri	['1661', '1730']
Antonio Maria Valsalva	/wiki/Antonio_Maria_Valsalva	['1666', '1723']
Costanzo Varolio	/wiki/Costanzo_Varolio	['1543', '1575']
Gabriele Veneziano	/wiki/Gabriele_Veneziano	['1942', '2025']
Giovanni Battista Venturi	/wiki/Giovanni_Battista_Venturi	['1746', '1822']
Emilio Veratti	/wiki/Emilio_Veratti	['1872', '1967']
Alessandro Volta	/wiki/Alessandro_Volta	['1745', '1827']
Vito Volterra	/wiki/Vito_Volterra	['1860', '1940']
Giuseppe Zamboni	/wiki/Giuseppe_Zamboni	['1776', '1846']
Francesco Zantedeschi	/wiki/Francesco_Zantedeschi	['1797', '1873']
Niccolò Zucchi	/wiki/Niccol%C3%B2_Zucchi	['1586', '1670']
Giovanni Battista Zupi	/wiki/Giovanni_Battista_Zupi	['1590', '1650']
Nazareno Strampelli	/wiki/Nazareno_Strampelli	['1866', '1942']
Agostino di Duccio	/wiki/Agostino_di_Duccio	['1900', '1950']
Giovanni Antonio Amadeo	/wiki/Giovanni_Antonio_Amadeo	['1447', '1522']
Bartolomeo Ammanati	/wiki/Bartolomeo_Ammanati	['1511', '1592']
Benedetto Antelami	/wiki/Benedetto_Antelami	['1900', '1950']
Andrea di Alessandro	/wiki/Andrea_di_Alessandro	['1900', '1950']
Arnolfo di Cambio	/wiki/Arnolfo_di_Cambio	['1900', '1950']
Bartolommeo Bandinelli	/wiki/Bartolommeo_Bandinelli	['1493', '1560']
Renato Barisani	/wiki/Renato_Barisani	['1900', '1950']
Lorenzo Bartolini	/wiki/Lorenzo_Bartolini	['1777', '1850']
Benedetto da Maiano	/wiki/Benedetto_da_Maiano	['1442', '1497']
Gian Lorenzo Bernini	/wiki/Gian_Lorenzo_Bernini	['1598', '1680']
Umberto Boccioni	/wiki/Umberto_Boccioni	['1882', '1916']
Antonio Canova	/wiki/Antonio_Canova	['1757', '1822']
Benvenuto Cellini	/wiki/Benvenuto_Cellini_(opera)	['1500', '1571']
Vincenzo Danti	/wiki/Vincenzo_Danti	['1530', '1576']
Andrea della Robbia	/wiki/Andrea_della_Robbia	['1435', '1525']
Desiderio da Settignano	/wiki/Desiderio_da_Settignano	['1430', '1464']
Donatello	/wiki/Donatello	['1386', '1466']
Giovanni Battista Foggini	/wiki/Giovanni_Battista_Foggini	['1652', '1725']
Domenico Gagini	/wiki/Domenico_Gagini	['1420', '1492']
Silvio Gazzaniga	/wiki/Silvio_Gazzaniga	['1921', '2025']
Vincenzo Gemito	/wiki/Vincenzo_Gemito	['1852', '1929']
Lorenzo Ghiberti	/wiki/Lorenzo_Ghiberti	['1378', '1455']
Giambologna	/wiki/Giambologna	['1529', '1608']
Jacopo della Quercia	/wiki/Jacopo_della_Quercia	['1374', '1438']
Cesare Lapini	/wiki/Cesare_Lapini	['1900', '1950']
Francesco Laurana	/wiki/Francesco_Laurana	['1430', '1502']
Leone Leoni	/wiki/Leone_Leoni	['1509', '1590']
Tullio Lombardo	/wiki/Tullio_Lombardo	['1460', '1532']
Stefano Maderno	/wiki/Stefano_Maderno	['1576', '1636']
Giacomo Manzù	/wiki/Giacomo_Manz%C3%B9	['1908', '1991']
Marino Marini	/wiki/Marino_Marini_(sculptor)	['1901', '1980']
Arturo Martini	/wiki/Arturo_Martini	['1889', '1947']
Michelangelo	/wiki/Michelangelo	['1475', '1564']
Mino da Fiesole	/wiki/Mino_da_Fiesole	['1429', '1484']
Giovanni Angelo Montorsoli	/wiki/Giovanni_Angelo_Montorsoli	['1900', '1950']
Nanni di Banco	/wiki/Nanni_di_Banco	['1384', '1421']
Niccolò dell'Arca	/wiki/Niccol%C3%B2_dell%27Arca	['1900', '1950']
Andrea Pisano	/wiki/Andrea_Pisano	['1290', '1348']
Giovanni Pisano	/wiki/Giovanni_Pisano	['1900', '1950']
Nicola Pisano	/wiki/Nicola_Pisano	['1900', '1950']
Arnaldo Pomodoro	/wiki/Arnaldo_Pomodoro	['1926', '2025']
Luca della Robbia	/wiki/Luca_della_Robbia	['1900', '1950']
Bernardo Rossellino	/wiki/Bernardo_Rossellino	['1409', '1464']
Giuseppe Sanmartino	/wiki/Giuseppe_Sanmartino	['1720', '1793']
Andrea Sansovino	/wiki/Andrea_Sansovino	['1467', '1529']
Pietro Torrigiano	/wiki/Pietro_Torrigiano	['1472', '1528']
Vecchietta	/wiki/Vecchietta	['1410', '1480']
Alessandro Vittoria	/wiki/Alessandro_Vittoria	['1525', '1608']
Vittorio Santoro	/wiki/Vittorio_Santoro	['1962', '2025']
Pierluigi Bini	/wiki/Pierluigi_Bini	['1900', '1950']
Tony Cairoli	/wiki/Tony_Cairoli	['1985', '2025']
Giacomo Agostini	/wiki/Giacomo_Agostini	['1942', '2025']
Alberto Ascari	/wiki/Alberto_Ascari	['1918', '1955']
Roberto Baggio	/wiki/Roberto_Baggio	['1967', '2025']
Marco Belinelli	/wiki/Marco_Belinelli	['1986', '2025']
Mario Balotelli	/wiki/Mario_Balotelli	['1990', '2025']
Franco Baresi	/wiki/Franco_Baresi	['1960', '2025']
Andrea Bargnani	/wiki/Andrea_Bargnani	['1985', '2025']
Gino Bartali	/wiki/Gino_Bartali	['1914', '2000']
Jacques Balmat	/wiki/Jacques_Balmat	['1762', '1834']
Stefania Belmondo	/wiki/Stefania_Belmondo	['1969', '2025']
Jury Chechi	/wiki/Jury_Chechi	['1969', '2025']
Lorenzo Bernardi	/wiki/Lorenzo_Bernardi	['1968', '2025']
Mario Andretti	/wiki/Mario_Andretti	['1940', '2025']
Paolo Bettini	/wiki/Paolo_Bettini	['1974', '2025']
Gianluigi Buffon	/wiki/Gianluigi_Buffon	['1978', '2025']
Fabio Cannavaro	/wiki/Fabio_Cannavaro	['1973', '2025']
Primo Carnera	/wiki/Primo_Carnera	['1906', '1967']
Pierluigi Collina	/wiki/Pierluigi_Collina	['1960', '2025']
Deborah Compagnoni	/wiki/Deborah_Compagnoni	['1970', '2025']
Fausto Coppi	/wiki/Fausto_Coppi	['1919', '1960']
Umberto De Morpurgo	/wiki/Umberto_De_Morpurgo	['1896', '1961']
Alessandro Del Piero	/wiki/Alessandro_Del_Piero	['1974', '2025']
Frankie Dettori	/wiki/Frankie_Dettori	['1970', '2025']
Alessio Di Chirico	/wiki/Alessio_Di_Chirico	['1989', '2025']
Giuseppe Farina	/wiki/Giuseppe_Farina	['1906', '1966']
Enzo Ferrari	/wiki/Enzo_Ferrari	['1898', '1988']
Giancarlo Fisichella	/wiki/Giancarlo_Fisichella	['1973', '2025']
Camila Giorgi	/wiki/Camila_Giorgi	['1991', '2025']
Danilo Gallinari	/wiki/Danilo_Gallinari	['1988', '2025']
Christof Innerhofer	/wiki/Christof_Innerhofer	['1984', '2025']
Paolo Maldini	/wiki/Paolo_Maldini	['1968', '2025']
Giuseppe Meazza	/wiki/Giuseppe_Meazza	['1910', '1979']
Dino Meneghin	/wiki/Dino_Meneghin	['1950', '2025']
Pietro Mennea	/wiki/Pietro_Mennea	['1952', '2013']
Reinhold Messner	/wiki/Reinhold_Messner	['1944', '2025']
Stefano Modena	/wiki/Stefano_Modena	['1963', '2025']
Eugenio Monti	/wiki/Eugenio_Monti	['1928', '2003']
Carlton Myers	/wiki/Carlton_Myers	['1971', '2025']
Alessandro Nesta	/wiki/Alessandro_Nesta	['1976', '2025']
Tazio Nuvolari	/wiki/Tazio_Nuvolari	['1892', '1953']
Armin Zöggeler	/wiki/Armin_Z%C3%B6ggeler	['1974', '2025']
Marco Pantani	/wiki/Marco_Pantani	['1970', '2004']
Umberto Pelizzari	/wiki/Umberto_Pelizzari	['1965', '2025']
Felix Peselj	/wiki/Felix_Peselj	['1990', '2025']
Andrea Pirlo	/wiki/Andrea_Pirlo	['1979', '2025']
Gianmarco Pozzecco	/wiki/Gianmarco_Pozzecco	['1972', '2025']
Gaetano Poziello	/wiki/Gaetano_Poziello	['1900', '1950']
Nino Bibbia	/wiki/Nino_Bibbia	['1922', '2013']
Costantino Rocca	/wiki/Costantino_Rocca	['1956', '2025']
Antonio Rossi	/wiki/Antonio_Rossi	['1968', '2025']
Paolo Rossi	/wiki/Paolo_Rossi	['1956', '2025']
Valentino Rossi	/wiki/Valentino_Rossi	['1979', '2025']
Sara Simeoni	/wiki/Sara_Simeoni	['1953', '2025']
Alberto Tomba	/wiki/Alberto_Tomba	['1966', '2025']
Francesco Totti	/wiki/Francesco_Totti	['1976', '2025']
Jarno Trulli	/wiki/Jarno_Trulli	['1974', '2025']
Trebisonda Valla	/wiki/Trebisonda_Valla	['1916', '2006']
Christian Vieri	/wiki/Christian_Vieri	['1973', '2025']
Alex Zanardi	/wiki/Alex_Zanardi	['1966', '2025']
Dino Zoff	/wiki/Dino_Zoff	['1942', '2025']
Gianfranco Zola	/wiki/Gianfranco_Zola	['1966', '2025']
Valentina Vezzali	/wiki/Valentina_Vezzali	['1974', '2025']
Maurice Garin	/wiki/Maurice_Garin	['1871', '1957']
Klaus Dibiasi	/wiki/Klaus_Dibiasi	['1947', '2025']
Edoardo Mangiarotti	/wiki/Edoardo_Mangiarotti	['1919', '2012']
Josefa Idem Guerrini	/wiki/Josefa_Idem_Guerrini	['1964', '2025']
Nedo Nadi	/wiki/Nedo_Nadi	['1894', '1940']
Gustavo Thoeni	/wiki/Gustavo_Thoeni	['1951', '2025']
Alex Treves	/wiki/Alex_Treves	['1929', '2025']
Lucius Accius	/wiki/Lucius_Accius	['1900', '1950']
Livius Andronicus	/wiki/Livius_Andronicus	['1900', '1950']
Arator	/wiki/Arator	['1900', '1950']
Boethius	/wiki/Boethius	['1900', '1950']
Cassiodorus	/wiki/Cassiodorus	['1900', '1950']
Catullus	/wiki/Catullus	['1900', '1950']
Ennius	/wiki/Ennius	['1900', '1950']
Julius Firmicus Maternus	/wiki/Julius_Firmicus_Maternus	['1900', '1950']
Gaius Valerius Flaccus	/wiki/Gaius_Valerius_Flaccus	['1900', '1950']
Venantius Fortunatus	/wiki/Venantius_Fortunatus	['1900', '1950']
Sextus Julius Frontinus	/wiki/Sextus_Julius_Frontinus	['40', '103']
Aulus Gellius	/wiki/Aulus_Gellius	['1900', '1950']
Horace	/wiki/Horace	['1900', '1950']
Juvenal	/wiki/Juvenal	['1900', '1950']
Livy	/wiki/Livy	['1900', '1950']
Lucretius	/wiki/Lucretius	['1900', '1950']
Gnaeus Naevius	/wiki/Gnaeus_Naevius	['1900', '1950']
Cornelius Nepos	/wiki/Cornelius_Nepos	['1900', '1950']
Ovid	/wiki/Ovid	['1900', '1950']
Persius	/wiki/Persius	['34', '62']
Petronius	/wiki/Petronius	['1900', '1950']
Plautus	/wiki/Plautus	['1900', '1950']
Pliny the Elder	/wiki/Pliny_the_Elder	['23', '79']
Pliny the Younger	/wiki/Pliny_the_Younger	['1900', '1950']
Sextus Propertius	/wiki/Sextus_Propertius	['1900', '1950']
Gaius Musonius Rufus	/wiki/Gaius_Musonius_Rufus	['1900', '1950']
Sallust	/wiki/Sallust	['1900', '1950']
Silius Italicus	/wiki/Silius_Italicus	['26', '102']
Statius	/wiki/Statius	['18', '133']
Suetonius	/wiki/Suetonius	['1900', '1950']
Quintus Aurelius Symmachus	/wiki/Quintus_Aurelius_Symmachus	['345', '402']
Tibullus	/wiki/Tibullus	['1900', '1950']
Marcus Terentius Varro	/wiki/Marcus_Terentius_Varro	['1900', '1950']
Marcus Velleius Paterculus	/wiki/Marcus_Velleius_Paterculus	['1900', '1950']
Virgil	/wiki/Virgil	['1900', '1950']
Dante Alighieri	/wiki/Dante_Alighieri	['1265', '1321']
Cecco Angiolieri	/wiki/Cecco_Angiolieri	['1900', '1950']
Thomas Aquinas	/wiki/Thomas_Aquinas	['1225', '1274']
Bonaventure	/wiki/Bonaventure	['1221', '1274']
Boncompagno da Signa	/wiki/Boncompagno_da_Signa	['1900', '1950']
Guido Cavalcanti	/wiki/Guido_Cavalcanti	['1255', '1300']
Gioacchino da Fiore	/wiki/Gioacchino_da_Fiore	['1130', '1202']
Dino Compagni	/wiki/Dino_Compagni	['1255', '1324']
Pietro d'Abano	/wiki/Pietro_d%27Abano	['1257', '1315']
Bonvesin da la Riva	/wiki/Bonvesin_da_la_Riva	['1900', '1950']
Giacomo da Lentini	/wiki/Giacomo_da_Lentini	['1900', '1950']
Guido delle Colonne	/wiki/Guido_delle_Colonne	['1900', '1950']
Guido Guinizelli	/wiki/Guido_Guinizelli	['1230', '1276']
Guittone d'Arezzo	/wiki/Guittone_d%27Arezzo	['1235', '1294']
Jacobus de Voragine	/wiki/Jacobus_de_Voragine	['1900', '1950']
Jacopone da Todi	/wiki/Jacopone_da_Todi	['1230', '1306']
Lanfranc	/wiki/Lanfranc	['1005', '1089']
Brunetto Latini	/wiki/Brunetto_Latini	['1220', '1294']
Peter Lombard	/wiki/Peter_Lombard	['1100', '1160']
Giovanni Villani	/wiki/Giovanni_Villani	['1275', '1348']
Pietro Aretino	/wiki/Pietro_Aretino	['1492', '1556']
Ludovico Ariosto	/wiki/Ludovico_Ariosto	['1474', '1533']
Pietro Bembo	/wiki/Pietro_Bembo	['1470', '1547']
Francesco Berni	/wiki/Francesco_Berni	['1900', '1950']
Giovanni Boccaccio	/wiki/Giovanni_Boccaccio	['1313', '1375']
Matteo Maria Boiardo	/wiki/Matteo_Maria_Boiardo	['1900', '1950']
Giovanni Botero	/wiki/Giovanni_Botero	['1544', '1617']
Luigi Da Porto	/wiki/Luigi_Da_Porto	['1485', '1530']
Leonardo Bruni	/wiki/Leonardo_Bruni	['1370', '1444']
Giordano Bruno	/wiki/Giordano_Bruno	['1548', '1600']
Giulio Camillo	/wiki/Giulio_Camillo	['1480', '1544']
Baldassare Castiglione	/wiki/Baldassare_Castiglione	['1478', '1529']
Francesco Colonna	/wiki/Francesco_Colonna_(writer)	['1433', '1527']
Cesare Cremonini	/wiki/Cesare_Cremonini_(philosopher)	['1550', '1631']
Mario Equicola	/wiki/Mario_Equicola	['1470', '1525']
Marsilio Ficino	/wiki/Marsilio_Ficino	['1433', '1499']
Francesco Filelfo	/wiki/Francesco_Filelfo	['1398', '1481']
Veronica Franco	/wiki/Veronica_Franco	['1546', '1591']
Giovanni Battista Guarini	/wiki/Giovanni_Battista_Guarini	['1538', '1612']
Francesco Guicciardini	/wiki/Francesco_Guicciardini	['1483', '1540']
Cristoforo Landino	/wiki/Cristoforo_Landino	['1424', '1498']
Niccolò Machiavelli	/wiki/Niccol%C3%B2_Machiavelli	['1469', '1527']
Giannozzo Manetti	/wiki/Giannozzo_Manetti	['1396', '1459']
Girolamo Mei	/wiki/Girolamo_Mei	['1519', '1594']
Guidobaldo del Monte	/wiki/Guidobaldo_del_Monte	['1545', '1607']
Gianfrancesco Straparola	/wiki/Gianfrancesco_Straparola	['1480', '1557']
Agostino Nifo	/wiki/Agostino_Nifo	['1900', '1950']
Marius Nizolius	/wiki/Marius_Nizolius	['1498', '1576']
Franciscus Patricius	/wiki/Franciscus_Patricius	['1529', '1597']
Petrarch	/wiki/Petrarch	['1304', '1374']
Alessandro Piccolomini	/wiki/Alessandro_Piccolomini	['1508', '1579']
Giovanni Pico della Mirandola	/wiki/Giovanni_Pico_della_Mirandola	['1463', '1494']
Bartolomeo Platina	/wiki/Bartolomeo_Platina	['1421', '1481']
Poliziano	/wiki/Poliziano	['1454', '1494']
Pietro Pomponazzi	/wiki/Pietro_Pomponazzi	['1462', '1525']
Simone Porzio	/wiki/Simone_Porzio	['1496', '1554']
Francesco Pucci	/wiki/Francesco_Pucci	['1543', '1597']
Luigi Pulci	/wiki/Luigi_Pulci	['1432', '1484']
Ottavio Rinuccini	/wiki/Ottavio_Rinuccini	['1562', '1621']
Coluccio Salutati	/wiki/Coluccio_Salutati	['1331', '1406']
Jacopo Sannazaro	/wiki/Jacopo_Sannazaro	['1456', '1530']
Julius Caesar Scaliger	/wiki/Julius_Caesar_Scaliger	['1484', '1558']
Sperone Speroni	/wiki/Sperone_Speroni	['1500', '1588']
Torquato Tasso	/wiki/Torquato_Tasso	['1544', '1595']
Bernardino Telesio	/wiki/Bernardino_Telesio	['1509', '1588']
Gian Giorgio Trissino	/wiki/Gian_Giorgio_Trissino	['1478', '1550']
Lorenzo Valla	/wiki/Lorenzo_Valla	['1407', '1457']
Lucilio Vanini	/wiki/Lucilio_Vanini	['1585', '1619']
Benedetto Varchi	/wiki/Benedetto_Varchi	['1900', '1950']
Giorgio Vasari	/wiki/Giorgio_Vasari	['1511', '1574']
Nicoletto Vernia	/wiki/Nicoletto_Vernia	['1442', '1499']
Giovanni della Casa	/wiki/Giovanni_della_Casa	['1503', '1556']
Claudio Achillini	/wiki/Claudio_Achillini	['1574', '1640']
Vittorio Alfieri	/wiki/Vittorio_Alfieri	['1749', '1803']
Francesco Algarotti	/wiki/Francesco_Algarotti	['1712', '1764']
Maria Gaetana Agnesi	/wiki/Maria_Gaetana_Agnesi	['1718', '1799']
Giuseppe Marc'Antonio Baretti	/wiki/Giuseppe_Marc%27Antonio_Baretti	['1719', '1789']
Giambattista Basile	/wiki/Giambattista_Basile	['1900', '1950']
Cesare Beccaria	/wiki/Cesare_Beccaria	['1738', '1794']
Saverio Bettinelli	/wiki/Saverio_Bettinelli	['1718', '1808']
Tommaso Campanella	/wiki/Tommaso_Campanella	['1568', '1639']
Giuseppe Lorenzo Maria Casaregi	/wiki/Giuseppe_Lorenzo_Maria_Casaregi	['1670', '1737']
Melchiorre Cesarotti	/wiki/Melchiorre_Cesarotti	['1730', '1808']
Elena Cornaro Piscopia	/wiki/Elena_Cornaro_Piscopia	['1646', '1684']
Lorenzo Da Ponte	/wiki/Lorenzo_Da_Ponte	['1749', '1838']
Carlo Denina	/wiki/Carlo_Denina	['1731', '1813']
Gaetano Filangieri	/wiki/Gaetano_Filangieri	['1752', '1788']
Ferdinando Galiani	/wiki/Ferdinando_Galiani	['1728', '1787']
Antonio Genovesi	/wiki/Antonio_Genovesi	['1712', '1769']
Pietro Giannone	/wiki/Pietro_Giannone	['1676', '1748']
Carlo Goldoni	/wiki/Carlo_Goldoni	['1707', '1793']
Gasparo Gozzi	/wiki/Gasparo_Gozzi	['1713', '1786']
Giovanni Battista Guarini	/wiki/Giovanni_Battista_Guarini	['1538', '1612']
Scipione Maffei	/wiki/Scipione_Maffei	['1675', '1755']
Giambattista Marino	/wiki/Giambattista_Marino	['1569', '1625']
Metastasio	/wiki/Metastasio	['1698', '1782']
Ludovico Antonio Muratori	/wiki/Ludovico_Antonio_Muratori	['1672', '1750']
Ferrante Pallavicino	/wiki/Ferrante_Pallavicino	['1615', '1644']
Giuseppe Parini	/wiki/Giuseppe_Parini	['1729', '1799']
Cesare Ripa	/wiki/Cesare_Ripa	['1900', '1950']
Alessandro Verri	/wiki/Alessandro_Verri	['1741', '1816']
Pietro Verri	/wiki/Pietro_Verri	['1728', '1797']
Giambattista Vico	/wiki/Giambattista_Vico	['1668', '1744']
Giuseppe Gioacchino Belli	/wiki/Giuseppe_Gioacchino_Belli	['1791', '1863']
Giovanni Berchet	/wiki/Giovanni_Berchet	['1783', '1851']
Luigi Capuana	/wiki/Luigi_Capuana	['1839', '1915']
Giosuè Carducci	/wiki/Giosu%C3%A8_Carducci	['1835', '1907']
Carlo Collodi	/wiki/Carlo_Collodi	['1826', '1890']
Gabriele D'Annunzio	/wiki/Gabriele_D%27Annunzio	['1863', '1938']
Edmondo De Amicis	/wiki/Edmondo_De_Amicis	['1846', '1908']
Federico De Roberto	/wiki/Federico_De_Roberto	['1861', '1927']
Francesco de Sanctis	/wiki/Francesco_de_Sanctis_(critic)	['1817', '1883']
Antonio Fogazzaro	/wiki/Antonio_Fogazzaro	['1842', '1911']
Ugo Foscolo	/wiki/Ugo_Foscolo	['1778', '1827']
Vincenzo Gioberti	/wiki/Vincenzo_Gioberti	['1801', '1852']
Giuseppe Giusti	/wiki/Giuseppe_Giusti	['1809', '1850']
Raimondo Guarini	/wiki/Raimondo_Guarini	['1765', '1852']
Francesco Guicciardini	/wiki/Francesco_Guicciardini_(politician)	['1851', '1915']
Giacomo Leopardi	/wiki/Giacomo_Leopardi	['1798', '1837']
Alessandro Manzoni	/wiki/Alessandro_Manzoni	['1785', '1873']
Ippolito Nievo	/wiki/Ippolito_Nievo	['1831', '1861']
Giovanni Pascoli	/wiki/Giovanni_Pascoli	['1855', '1912']
Silvio Pellico	/wiki/Silvio_Pellico	['1789', '1854']
Antonio Rosmini-Serbati	/wiki/Antonio_Rosmini-Serbati	['1797', '1855']
Emilio Salgari	/wiki/Emilio_Salgari	['1862', '1911']
Niccolò Tommaseo	/wiki/Niccol%C3%B2_Tommaseo	['1802', '1874']
Achille Torelli	/wiki/Achille_Torelli	['1841', '1922']
Giovanni Verga	/wiki/Giovanni_Verga	['1840', '1922']
Nicola Abbagnano	/wiki/Nicola_Abbagnano	['1901', '1990']
Corrado Alvaro	/wiki/Corrado_Alvaro	['1895', '1956']
Giulio Angioni	/wiki/Giulio_Angioni	['1939', '2025']
Giorgio Bassani	/wiki/Giorgio_Bassani	['1916', '2000']
Carmelo Bene	/wiki/Carmelo_Bene	['1937', '2002']
Gesualdo Bufalino	/wiki/Gesualdo_Bufalino	['1920', '1996']
Dino Buzzati	/wiki/Dino_Buzzati	['1906', '1972']
Italo Calvino	/wiki/Italo_Calvino	['1923', '1985']
Andrea Camilleri	/wiki/Andrea_Camilleri	['1925', '2019']
Dino Campana	/wiki/Dino_Campana	['1885', '1932']
Carlo Cassola	/wiki/Carlo_Cassola	['1917', '1987']
Benedetto Croce	/wiki/Benedetto_Croce	['1866', '1952']
Erri De Luca	/wiki/Erri_De_Luca	['1950', '2025']
Grazia Deledda	/wiki/Grazia_Deledda	['1871', '1936']
Umberto Eco	/wiki/Umberto_Eco	['1932', '2016']
Julius Evola	/wiki/Julius_Evola	['1898', '1974']
Oriana Fallaci	/wiki/Oriana_Fallaci	['1929', '2006']
Beppe Fenoglio	/wiki/Beppe_Fenoglio	['1922', '1963']
Dario Fo	/wiki/Dario_Fo	['1926', '2025']
Carlo Emilio Gadda	/wiki/Carlo_Emilio_Gadda	['1893', '1973']
Francesco Gaeta	/wiki/Francesco_Gaeta	['1900', '1950']
Natalia Ginzburg	/wiki/Natalia_Ginzburg	['1916', '1991']
Giovannino Guareschi	/wiki/Giovannino_Guareschi	['1908', '1968']
Tommaso Landolfi	/wiki/Tommaso_Landolfi	['1908', '1979']
Carlo Levi	/wiki/Carlo_Levi	['1902', '1975']
Primo Levi	/wiki/Primo_Levi	['1919', '1987']
Claudio Magris	/wiki/Claudio_Magris	['1939', '2025']
Filippo Tommaso Marinetti	/wiki/Filippo_Tommaso_Marinetti	['1876', '1944']
Fulvio Melia	/wiki/Fulvio_Melia	['1956', '2025']
Eugenio Montale	/wiki/Eugenio_Montale	['1896', '1981']
Indro Montanelli	/wiki/Indro_Montanelli	['1909', '2001']
Elsa Morante	/wiki/Elsa_Morante	['1912', '1985']
Alberto Moravia	/wiki/Alberto_Moravia	['1907', '1990']
Aldo Palazzeschi	/wiki/Aldo_Palazzeschi	['1885', '1974']
Cesare Pavese	/wiki/Cesare_Pavese	['1908', '1950']
Luigi Pirandello	/wiki/Luigi_Pirandello	['1867', '1936']
Vasco Pratolini	/wiki/Vasco_Pratolini	['1913', '1991']
Salvatore Quasimodo	/wiki/Salvatore_Quasimodo	['1901', '1968']
Mario Rigoni Stern	/wiki/Mario_Rigoni_Stern	['1921', '2008']
Gianni Rodari	/wiki/Gianni_Rodari	['1920', '1980']
Rafael Sabatini	/wiki/Rafael_Sabatini	['1875', '1950']
Leonardo Sciascia	/wiki/Leonardo_Sciascia	['1921', '1989']
Filippo Scòzzari	/wiki/Filippo_Sc%C3%B2zzari	['1946', '2025']
Ignazio Silone	/wiki/Ignazio_Silone	['1900', '1978']
Italo Svevo	/wiki/Italo_Svevo	['1861', '1928']
Antonio Tabucchi	/wiki/Antonio_Tabucchi	['1943', '2012']
Susanna Tamaro	/wiki/Susanna_Tamaro	['1957', '2025']
Giuseppe Tomasi di Lampedusa	/wiki/Giuseppe_Tomasi_di_Lampedusa	['1896', '1957']
Pier Vittorio Tondelli	/wiki/Pier_Vittorio_Tondelli	['1955', '1991']
Federigo Tozzi	/wiki/Federigo_Tozzi	['1883', '1920']
Giuseppe Ungaretti	/wiki/Giuseppe_Ungaretti	['1888', '1970']
Elio Vittorini	/wiki/Elio_Vittorini	['1908', '1966']
Franco Archibugi	/wiki/Franco_Archibugi	['1900', '1950']
Mike Bongiorno	/wiki/Mike_Bongiorno	['1924', '2009']
Palizzolo Gravina	/wiki/Palizzolo_Gravina	['1900', '1950']
Barbara Labate	/wiki/Barbara_Labate	['1970', '2025']
Marcel Bich	/wiki/Marcel_Bich	['1914', '1994']
Giovanni Agnelli	/wiki/Giovanni_Agnelli	['1866', '1945']
Francesco Antonio Broccu	/wiki/Francesco_Antonio_Broccu	['1797', '1882']
Alessandro Cagliostro	/wiki/Alessandro_Cagliostro	['1743', '1795']
Ambrogio Calepino	/wiki/Ambrogio_Calepino	['1440', '1510']
Antonio Benedetto Carpano	/wiki/Antonio_Benedetto_Carpano	['1764', '1815']
Giacomo Casanova	/wiki/Giacomo_Casanova	['1725', '1798']
Bartolomeo Cristofori	/wiki/Bartolomeo_Cristofori	['1655', '1731']
Francesco Datini	/wiki/Francesco_Datini	['1335', '1410']
Lorenzo de Tonti	/wiki/Lorenzo_de_Tonti	['1900', '1950']
Giuseppe Donati	/wiki/Giuseppe_Donati	['1835', '1925']
Giovanni Falcone	/wiki/Giovanni_Falcone	['1939', '1992']
Rosina Ferrario	/wiki/Rosina_Ferrario	['1888', '1957']
Andrea Fogli	/wiki/Andrea_Fogli	['1900', '1950']
Jose Greco	/wiki/Jose_Greco	['1918', '2000']
Johann Maria Farina	/wiki/Johann_Maria_Farina	['1685', '1766']
Sonia Gandhi	/wiki/Sonia_Gandhi	['1946', '2025']
Ugolino della Gherardesca	/wiki/Ugolino_della_Gherardesca	['1220', '1289']
Lisa del Giocondo	/wiki/Lisa_del_Giocondo	['1900', '1950']
Giovanni Paolo Lancelotti	/wiki/Giovanni_Paolo_Lancelotti	['1522', '1590']
Enrico Mattei	/wiki/Enrico_Mattei	['1906', '1962']
Philip Mazzei	/wiki/Philip_Mazzei	['1730', '1816']
Francesco Morosini	/wiki/Francesco_Morosini	['1619', '1694']
Edgardo Mortara	/wiki/Edgardo_Mortara	['1851', '1940']
Matteo Ricci	/wiki/Matteo_Ricci	['1552', '1610']
Cola di Rienzo	/wiki/Cola_di_Rienzo	['1313', '1354']
Sacco and Vanzetti	/wiki/Sacco_and_Vanzetti	['1900', '1950']
Massimo Salvadori	/wiki/Massimo_Salvadori	['1908', '1992']
Girolamo Savonarola	/wiki/Girolamo_Savonarola	['1452', '1498']
Emilia Telese	/wiki/Emilia_Telese	['1973', '2025']
Augusto Odone	/wiki/Augusto_Odone	['1900', '1950']
Luisa Marelli Valazza	/wiki/Luisa_Marelli_Valazza	['1950', '2025']
Simonetta Vespucci	/wiki/Simonetta_Vespucci	['1900', '1950']
Antonio Zabelli	/wiki/Antonio_Zabelli	['1742', '1796']
Template:Italy topics	/wiki/Template:Italy_topics	['1900', '1950']
Template talk:Italy topics	/wiki/Template_talk:Italy_topics	['1900', '1950']
Prehistoric Italy	/wiki/Prehistoric_Italy	['1900', '1950']
Italic peoples	/wiki/Italic_peoples	['1900', '1950']
Pre-Nuragic Sardinia	/wiki/Pre-Nuragic_Sardinia	['1900', '1950']
Etruscan civilization	/wiki/Etruscan_civilization	['1900', '1950']
Nuragic civilization	/wiki/Nuragic_civilization	['1900', '1950']
Ancient Carthage	/wiki/Ancient_Carthage	['1900', '1950']
Magna Graecia	/wiki/Magna_Graecia	['1900', '1950']
Ancient Rome	/wiki/Ancient_Rome	['1900', '1950']
Roman Kingdom	/wiki/Roman_Kingdom	['1900', '1950']
Roman Republic	/wiki/Roman_Republic	['1900', '1950']
Roman Empire	/wiki/Roman_Empire	['1900', '1950']
Odoacer	/wiki/Odoacer#King_of_Italy	['1900', '1950']
Ostrogothic Kingdom	/wiki/Ostrogothic_Kingdom	['1900', '1950']
Byzantine Italy	/wiki/Byzantine_Italy	['1900', '1950']
Sardinian medieval kingdoms	/wiki/Sardinian_medieval_kingdoms	['1900', '1950']
Guelphs and Ghibellines	/wiki/Guelphs_and_Ghibellines	['1900', '1950']
Maritime republics	/wiki/Maritime_republics	['1900', '1950']
Crimean War	/wiki/Crimean_War#Piedmontese_Involvement	['1900', '1950']
Fascist Italy	/wiki/Fascist_Italy_(1922%E2%80%931943)	['1900', '1950']
Mani pulite	/wiki/Mani_pulite	['1900', '1950']
Northern Italy	/wiki/Northern_Italy	['1900', '1950']
Northwest Italy	/wiki/Northwest_Italy	['1900', '1950']
Northeast Italy	/wiki/Northeast_Italy	['1900', '1950']
Central Italy	/wiki/Central_Italy	['1900', '1950']
Southern Italy	/wiki/Southern_Italy	['1900', '1950']
South Italy	/wiki/South_Italy	['1900', '1950']
Insular Italy	/wiki/Insular_Italy	['1900', '1950']
Alpine foothills	/wiki/Alpine_foothills	['1900', '1950']
Alps	/wiki/Alps	['1900', '1950']
Apennine Mountains	/wiki/Apennine_Mountains	['1900', '1950']
Comune	/wiki/Comune	['1900', '1950']
Immigration to Italy	/wiki/Immigration_to_Italy	['1900', '1950']
Duecento	/wiki/Duecento	['1900', '1950']
Trecento	/wiki/Trecento	['1900', '1950']
Quattrocento	/wiki/Quattrocento	['1900', '1950']
Cinquecento	/wiki/Cinquecento	['1900', '1950']
Seicento	/wiki/Seicento	['1900', '1950']
Italophilia	/wiki/Italophilia	['1900', '1950']
Altare della Patria	/wiki/Altare_della_Patria	['1900', '1950']
Italia turrita	/wiki/Italia_turrita	['1900', '1950']
Strawberry Tree	/wiki/Strawberry_Tree_(national_symbol_of_Italy)	['1900', '1950']
wikiquote:Italy	https://en.wikiquote.org/wiki/Italy	['1900', '1950']
wikivoyage:Italy	https://en.wikivoyage.org/wiki/Italy	['1900', '1950']
Wikipedia:WikiProject Italy	/wiki/Wikipedia:WikiProject_Italy	['1900', '1950']
