text	link	year
Michel Abitbol	/wiki/Michel_Abitbol	['1900', '1950']
Rajaâ Cherkaoui El Moursli	/wiki/Raja%C3%A2_Cherkaoui_El_Moursli	['1900', '1950']
David Assouline	/wiki/David_Assouline	['1900', '1950']
Moshe Bar-Asher	/wiki/Moshe_Bar-Asher	['1900', '1950']
Baruj Benacerraf	/wiki/Baruj_Benacerraf	['1900', '1950']
Paul Benacerraf	/wiki/Paul_Benacerraf	['1900', '1950']
Samuel Benchimol	/wiki/Samuel_Benchimol	['1900', '1950']
Sara Bendahan	/wiki/Sara_Bendahan	['1900', '1950']
Merieme Chadid	/wiki/Merieme_Chadid	['1900', '1950']
Sami Shalom Chetrit	/wiki/Sami_Shalom_Chetrit	['1900', '1950']
Serge Haroche	/wiki/Serge_Haroche	['1900', '1950']
Raphael Israeli	/wiki/Raphael_Israeli	['1900', '1950']
Marcelle Machluf	/wiki/Marcelle_Machluf	['1900', '1950']
Adnane Remmal	/wiki/Adnane_Remmal	['1900', '1950']
Daniel Sivan	/wiki/Daniel_Sivan	['1900', '1950']
Rachid Yazami	/wiki/Rachid_Yazami	['1900', '1950']
Haim Zafrani	/wiki/Haim_Zafrani	['1900', '1950']
Mohammed al-Ifrani	/wiki/Mohammed_al-Ifrani	['1900', '1950']
Abdelwahid al-Marrakushi	/wiki/Abdelwahid_al-Marrakushi	['1900', '1950']
Robert Assaraf	/wiki/Robert_Assaraf	['1900', '1950']
Nadia Bouras	/wiki/Nadia_Bouras	['1900', '1950']
Abdelhadi Tazi	/wiki/Abdelhadi_Tazi	['1900', '1950']
Mustapha Adib	/wiki/Mustapha_Adib	['1900', '1950']
Linor Abargil	/wiki/Linor_Abargil	['1900', '1950']
Reuven Abergel	/wiki/Reuven_Abergel	['1900', '1950']
Kacem El Ghazzali	/wiki/Kacem_El_Ghazzali	['1900', '1950']
Lamya Essemlali	/wiki/Lamya_Essemlali	['1900', '1950']
Saadia Marciano	/wiki/Saadia_Marciano	['1900', '1950']
Mohamed Rabbae	/wiki/Mohamed_Rabbae	['1900', '1950']
Abraham Serfaty	/wiki/Abraham_Serfaty	['1900', '1950']
Mordechai Vanunu	/wiki/Mordechai_Vanunu	['1900', '1950']
Avital Abergel	/wiki/Avital_Abergel	['1900', '1950']
Ahmed Salah Abdelfatah	/wiki/Ahmed_Salah_Abdelfatah	['1900', '1950']
Yael Abecassis	/wiki/Yael_Abecassis	['1900', '1950']
Loubna Abidar	/wiki/Loubna_Abidar	['1900', '1950']
Morjana Alaoui	/wiki/Morjana_Alaoui	['1900', '1950']
Fu'ad Aït Aattou	/wiki/Fu%27ad_A%C3%AFt_Aattou	['1900', '1950']
Achmed Akkabi	/wiki/Achmed_Akkabi	['1900', '1950']
Natacha Amal	/wiki/Natacha_Amal	['1900', '1950']
Najib Amhali	/wiki/Najib_Amhali	['1900', '1950']
Reymond Amsalem	/wiki/Reymond_Amsalem	['1900', '1950']
Richard Anconina	/wiki/Richard_Anconina	['1900', '1950']
Shiri Appleby	/wiki/Shiri_Appleby	['1900', '1950']
Moran Atias	/wiki/Moran_Atias	['1900', '1950']
Aure Atika	/wiki/Aure_Atika	['1900', '1950']
Amal Ayouch	/wiki/Amal_Ayouch	['1966', '2025']
Mohammed Azaay	/wiki/Mohammed_Azaay	['1900', '1950']
Lubna Azabal	/wiki/Lubna_Azabal	['1900', '1950']
Samuel Benchetrit	/wiki/Samuel_Benchetrit	['1900', '1950']
Marc Bendavid	/wiki/Marc_Bendavid	['1900', '1950']
Omar Berdouni	/wiki/Omar_Berdouni	['1900', '1950']
Miri Bohadana	/wiki/Miri_Bohadana	['1900', '1950']
Mohammed Chaara	/wiki/Mohammed_Chaara	['1900', '1950']
Emmanuelle Chriqui	/wiki/Emmanuelle_Chriqui	['1900', '1950']
Philippe Clair	/wiki/Philippe_Clair	['1900', '1950']
Adam Deacon	/wiki/Adam_Deacon	['1900', '1950']
Vincent Elbaz	/wiki/Vincent_Elbaz	['1900', '1950']
Jérémie Elkaïm	/wiki/J%C3%A9r%C3%A9mie_Elka%C3%AFm	['1900', '1950']
Nadia Farès	/wiki/Nadia_Far%C3%A8s	['1900', '1950']
Houda Echouafni	/wiki/Houda_Echouafni	['1900', '1950']
Mehdi El Glaoui	/wiki/Mehdi_El_Glaoui	['1900', '1950']
Mamoun Elyounoussi	/wiki/Mamoun_Elyounoussi	['1900', '1950']
Nabil Elouahabi	/wiki/Nabil_Elouahabi	['1900', '1950']
Nora Fatehi	/wiki/Nora_Fatehi	['1900', '1950']
Touriya Haoud	/wiki/Touriya_Haoud	['1900', '1950']
Maryam Hassouni	/wiki/Maryam_Hassouni	['1900', '1950']
Sol Heras	/wiki/Sol_Heras	['1900', '1950']
Aharon Ipalé	/wiki/Aharon_Ipal%C3%A9	['1900', '1950']
Dana Ivgy	/wiki/Dana_Ivgy	['1900', '1950']
Moshe Ivgy	/wiki/Moshe_Ivgy	['1900', '1950']
Touriya Jabrane	/wiki/Touriya_Jabrane	['1900', '1950']
Yasmine Lafitte	/wiki/Yasmine_Lafitte	['1900', '1950']
Karen Lancaume	/wiki/Karen_Lancaume	['1900', '1950']
Danny Nucci	/wiki/Danny_Nucci	['1900', '1950']
Mimoun Oaïssa	/wiki/Mimoun_Oa%C3%AFssa	['1900', '1950']
Mimoun Ouled Radi	/wiki/Mimoun_Ouled_Radi	['1900', '1950']
Zineb Oukach	/wiki/Zineb_Oukach	['1900', '1950']
Ze'ev Revach	/wiki/Ze%27ev_Revach	['1900', '1950']
Laila Rouass	/wiki/Laila_Rouass	['1900', '1950']
Nasser Saleh	/wiki/Nasser_Saleh	['1900', '1950']
Rosalinda Serfaty	/wiki/Rosalinda_Serfaty	['1900', '1950']
Leila Shenna	/wiki/Leila_Shenna	['1900', '1950']
Benjamin Siksou	/wiki/Benjamin_Siksou	['1900', '1950']
Saïd Taghmaoui	/wiki/Sa%C3%AFd_Taghmaoui	['1900', '1950']
Elisa Tovati	/wiki/Elisa_Tovati	['1900', '1950']
Jake Weber	/wiki/Jake_Weber	['1900', '1950']
Roschdy Zem	/wiki/Roschdy_Zem	['1900', '1950']
Kim Edri	/wiki/Kim_Edri	['1900', '1950']
Sara Chafak	/wiki/Sara_Chafak	['1900', '1950']
Maroua Kharbouch	/wiki/Maroua_Kharbouch	['1900', '1950']
Shlomit Malka	/wiki/Shlomit_Malka	['1900', '1950']
Mor Maman	/wiki/Mor_Maman_(beauty_queen)	['1900', '1950']
Richard Attias	/wiki/Richard_Attias	['1900', '1950']
Sylvain Abitbol	/wiki/Sylvain_Abitbol	['1900', '1950']
Abdeslam Ahizoune	/wiki/Abdeslam_Ahizoune	['1900', '1950']
Aziz Akhannouch	/wiki/Aziz_Akhannouch	['1900', '1950']
Modar Alaoui	/wiki/Modar_Alaoui	['1900', '1950']
Alain J. P. Belda	/wiki/Alain_J._P._Belda	['1900', '1950']
Isaac Benayon Sabba	/wiki/Isaac_Benayon_Sabba	['1900', '1950']
Othman Benjelloun	/wiki/Othman_Benjelloun	['1900', '1950']
Babette Bensoussan	/wiki/Babette_Bensoussan	['1900', '1950']
Moses Bensusan	/wiki/Moses_Bensusan	['1900', '1950']
Jacky Ben-Zaken	/wiki/Jacky_Ben-Zaken	['1900', '1950']
Miloud Chaabi	/wiki/Miloud_Chaabi	['1900', '1950']
Joseph Chetrit	/wiki/Joseph_Chetrit	['1900', '1950']
Salomón Cohen Levy	/wiki/Salom%C3%B3n_Cohen_Levy	['1900', '1950']
Albert Dadon	/wiki/Albert_Dadon	['1900', '1950']
Patrick Drahi	/wiki/Patrick_Drahi	['1900', '1950']
Victor Drai	/wiki/Victor_Drai	['1900', '1950']
Mahdi ElMandjra	/wiki/Mahdi_ElMandjra	['1900', '1950']
Sonia Gardner	/wiki/Sonia_Gardner	['1900', '1950']
Salwa Idrissi Akhannouch	/wiki/Salwa_Idrissi_Akhannouch	['1900', '1950']
Daniel Iffla	/wiki/Daniel_Iffla	['1900', '1950']
Amina Lahbabi-Peters	/wiki/Amina_Lahbabi-Peters	['1900', '1950']
Marc Lasry	/wiki/Marc_Lasry	['1900', '1950']
Maurice Lévy	/wiki/Maurice_L%C3%A9vy_(Publicis)	['1900', '1950']
Mostafa Terrab	/wiki/Mostafa_Terrab	['1900', '1950']
Ary Abittan	/wiki/Ary_Abittan	['1900', '1950']
Najib Amhali	/wiki/Najib_Amhali	['1900', '1950']
Rachid Badouri	/wiki/Rachid_Badouri	['1900', '1950']
Jamel Debbouze	/wiki/Jamel_Debbouze	['1900', '1950']
Gad Elmaleh	/wiki/Gad_Elmaleh	['1900', '1950']
Anne Roumanoff	/wiki/Anne_Roumanoff	['1900', '1950']
Élie Semoun	/wiki/%C3%89lie_Semoun	['1900', '1950']
Hamed Abderrahaman Ahmad	/wiki/Hamed_Abderrahaman_Ahmad	['1900', '1950']
Mohamed Taieb Ahmed	/wiki/Mohamed_Taieb_Ahmed	['1900', '1950']
Samir Azzouz	/wiki/Samir_Azzouz	['1900', '1950']
Said Bahaji	/wiki/Said_Bahaji	['1900', '1950']
Lalla Batoul	/wiki/Lalla_Batoul	['1900', '1950']
Racid Belkacem	/wiki/Racid_Belkacem	['1900', '1950']
Nordin Benallal	/wiki/Nordin_Benallal	['1900', '1950']
Ibrahim Bin Shakaran	/wiki/Ibrahim_Bin_Shakaran	['1900', '1950']
Ahmed Bouchiki	/wiki/Ahmed_Bouchiki	['1900', '1950']
Mohammed Bouyeri	/wiki/Mohammed_Bouyeri	['1900', '1950']
Adil Charkaoui	/wiki/Adil_Charkaoui	['1900', '1950']
Tarek Dergoul	/wiki/Tarek_Dergoul	['1900', '1950']
Malika El Aroud	/wiki/Malika_El_Aroud	['1900', '1950']
Nathan Elbaz	/wiki/Nathan_Elbaz	['1900', '1950']
Nouredine el Fahtni	/wiki/Nouredine_el_Fahtni	['1900', '1950']
Farid Essebar	/wiki/Farid_Essebar	['1900', '1950']
Zakariya Essabar	/wiki/Zakariya_Essabar	['1900', '1950']
Younis Mohammad Ibrahim al-Hayyari	/wiki/Younis_Mohammad_Ibrahim_al-Hayyari	['1900', '1950']
Mounir El Motassadeq	/wiki/Mounir_El_Motassadeq	['1900', '1950']
Khalil el-Moumni	/wiki/Khalil_el-Moumni	['1900', '1950']
Ilan Halimi	/wiki/Ilan_Halimi	['1900', '1950']
Jamila M'Barek	/wiki/Jamila_M%27Barek	['1900', '1950']
Zacarias Moussaoui	/wiki/Zacarias_Moussaoui	['1900', '1950']
Lee Murray	/wiki/Lee_Murray	['1900', '1950']
Abdelghani Mzoudi	/wiki/Abdelghani_Mzoudi	['1900', '1950']
Abdellah Ouzghar	/wiki/Abdellah_Ouzghar	['1900', '1950']
Younes Tsouli	/wiki/Younes_Tsouli	['1900', '1950']
Dan Attias	/wiki/Dan_Attias	['1900', '1950']
Nabil Ayouch	/wiki/Nabil_Ayouch	['1900', '1950']
Lisa Azuelos	/wiki/Lisa_Azuelos	['1900', '1950']
Jom Tob Azulay	/wiki/Jom_Tob_Azulay	['1900', '1950']
Margot Benacerraf	/wiki/Margot_Benacerraf	['1900', '1950']
Hicham Bennir	/wiki/Hicham_Bennir	['1900', '1950']
Faouzi Bensaïdi	/wiki/Faouzi_Bensa%C3%AFdi	['1900', '1950']
Jacques Bensimon	/wiki/Jacques_Bensimon	['1900', '1950']
Simone Bitton	/wiki/Simone_Bitton	['1900', '1950']
André Elbaz	/wiki/Andr%C3%A9_Elbaz	['1900', '1950']
Olivier Dahan	/wiki/Olivier_Dahan	['1900', '1950']
Ismaël Ferroukhi	/wiki/Isma%C3%ABl_Ferroukhi	['1900', '1950']
Sanaa Hamri	/wiki/Sanaa_Hamri	['1900', '1950']
Laila Marrakchi	/wiki/Laila_Marrakchi	['1900', '1950']
Hakim Nouri	/wiki/Hakim_Nouri	['1900', '1950']
Michèle Ohayon	/wiki/Mich%C3%A8le_Ohayon	['1900', '1950']
Mohamed Reggab	/wiki/Mohamed_Reggab	['1900', '1950']
Heinz Tietjen	/wiki/Heinz_Tietjen	['1900', '1950']
Abdelhadi Tazi	/wiki/Abdelhadi_Tazi	['1900', '1950']
Malika Zouhali-Worrall	/wiki/Malika_Zouhali-Worrall	['1900', '1950']
Karima Adebibe	/wiki/Karima_Adebibe	['1900', '1950']
Moufid Aziz	/wiki/Moufid_Aziz	['1900', '1950']
Yigal Azrouël	/wiki/Yigal_Azrou%C3%ABl	['1900', '1950']
Elena Benarroch	/wiki/Elena_Benarroch	['1900', '1950']
Aldo Bensadoun	/wiki/Aldo_Bensadoun	['1900', '1950']
Sara Chafak	/wiki/Sara_Chafak	['1900', '1950']
Alber Elbaz	/wiki/Alber_Elbaz	['1900', '1950']
Joseph Ettedgui	/wiki/Joseph_Ettedgui	['1900', '1950']
Bouchra Jarrar	/wiki/Bouchra_Jarrar	['1900', '1950']
Paul Marciano	/wiki/Paul_Marciano	['1900', '1950']
Joe Mimran	/wiki/Joe_Mimran	['1900', '1950']
Pnina Tornai	/wiki/Pnina_Tornai	['1900', '1950']
Muhammad Ibn 'Abd al-Karim al-Khattabi	/wiki/Muhammad_Ibn_%27Abd_al-Karim_al-Khattabi	['1900', '1950']
Averroes	/wiki/Averroes	['1900', '1950']
Moïse Maimonide	/wiki/Mo%C3%AFse_Maimonide	['1900', '1950']
Judah ben David Hayyuj	/wiki/Judah_ben_David_Hayyuj	['1900', '1950']
Muhammad al-Idrisi	/wiki/Muhammad_al-Idrisi	['1900', '1950']
Muhammad al-Muqri	/wiki/Muhammad_al-Muqri	['1900', '1950']
Muley Xeque	/wiki/Muley_Xeque	['1566', '1621']
Mohammed Abed Al-Jabri	/wiki/Mohammed_Abed_Al-Jabri	['1900', '1950']
Ahmed el Inglizi	/wiki/Ahmed_el_Inglizi	['1900', '1950']
David Levy Yulee	/wiki/David_Levy_Yulee	['1900', '1950']
Moses Elias Levy	/wiki/Moses_Elias_Levy	['1900', '1950']
Robert Purvis	/wiki/Robert_Purvis	['1900', '1950']
Mouha ou Hammou Zayani	/wiki/Mouha_ou_Hammou_Zayani	['1900', '1950']
Samuel Pallache	/wiki/Samuel_Pallache	['1900', '1950']
Pallache family	/wiki/Pallache_family	['1900', '1950']
Lalla Zoulikha	/wiki/Lalla_Zoulikha	['1900', '1950']
Tariq ibn Ziyad	/wiki/Tariq_ibn_Ziyad	['1900', '1950']
Ahmad ibn Ajiba	/wiki/Ahmad_ibn_Ajiba	['1900', '1950']
Muhammad al-Jazuli	/wiki/Muhammad_al-Jazuli	['1900', '1950']
Sidi Ahmed al-Tidjani	/wiki/Sidi_Ahmed_al-Tidjani	['1900', '1950']
Ahmad al-Ghumari	/wiki/Ahmad_al-Ghumari	['1900', '1950']
Abdullah al-Ghumari	/wiki/Abdullah_al-Ghumari	['1900', '1950']
Abd al-Aziz al-Ghumari	/wiki/Abd_al-Aziz_al-Ghumari	['1900', '1950']
Mohammed Moussaoui	/wiki/Mohammed_Moussaoui	['1900', '1950']
Muhammad Abu Khubza	/wiki/Muhammad_Abu_Khubza	['1900', '1950']
Solomon Abudarham	/wiki/Solomon_Abudarham	['1900', '1950']
Baruch Abuhatzeira	/wiki/Baruch_Abuhatzeira	['1900', '1950']
Yaakov Abuhatzeira	/wiki/Yaakov_Abuhatzeira	['1900', '1950']
Israel Abuhatzeira	/wiki/Israel_Abuhatzeira	['1900', '1950']
Amram Aburbeh	/wiki/Amram_Aburbeh	['1900', '1950']
Zechariah Aghmati	/wiki/Zechariah_Aghmati	['1900', '1950']
Samuel Albas	/wiki/Samuel_Albas	['1900', '1950']
Isaac Alfasi	/wiki/Isaac_Alfasi	['1900', '1950']
Shlomo Amar	/wiki/Shlomo_Amar	['1900', '1950']
Raphael Ankawa	/wiki/Raphael_Ankawa	['1900', '1950']
Abraham Azulai	/wiki/Abraham_Azulai	['1900', '1950']
Amram ben Diwan	/wiki/Amram_ben_Diwan	['1900', '1950']
David Ben Hassin	/wiki/David_Ben_Hassin	['1900', '1950']
Dunash ben Labrat	/wiki/Dunash_ben_Labrat	['1900', '1950']
David ben Shimon	/wiki/David_ben_Shimon	['1900', '1950']
Raphael Berdugo	/wiki/Raphael_Berdugo	['1900', '1950']
Salomon Berdugo	/wiki/Salomon_Berdugo	['1900', '1950']
Shalom Buzaglo	/wiki/Shalom_Buzaglo	['1900', '1950']
Kotel Da-Don	/wiki/Kotel_Da-Don	['1900', '1950']
Yisroel Meir Gabbai	/wiki/Yisroel_Meir_Gabbai	['1900', '1950']
Chaim ibn Attar	/wiki/Chaim_ibn_Attar	['1900', '1950']
Issachar ben Mordecai ibn Susan	/wiki/Issachar_ben_Mordecai_ibn_Susan	['1900', '1950']
Abraham ibn Zimra	/wiki/Abraham_ibn_Zimra	['1900', '1950']
Jacob ben Reuben ibn Zur	/wiki/Jacob_ben_Reuben_ibn_Zur	['1900', '1950']
Yaakov Israel Ifargan	/wiki/Yaakov_Israel_Ifargan	['1900', '1950']
Zion Levy	/wiki/Zion_Levy	['1900', '1950']
David Messas	/wiki/David_Messas	['1900', '1950']
Chalom Messas	/wiki/Chalom_Messas	['1900', '1950']
Chaim Pinto	/wiki/Chaim_Pinto	['1900', '1950']
Yosef Yitzchak Shloush	/wiki/Yosef_Yitzchak_Shloush	['1900', '1950']
David Rebibo	/wiki/David_Rebibo	['1900', '1950']
Yoshiyahu Yosef Pinto	/wiki/Yoshiyahu_Yosef_Pinto	['1900', '1950']
Laïla Abid	/wiki/La%C3%AFla_Abid	['1900', '1950']
Esmaa Alariachi	/wiki/Esmaa_Alariachi	['1900', '1950']
Hajar Alariachi	/wiki/Hajar_Alariachi	['1900', '1950']
Jihad Alariachi	/wiki/Jihad_Alariachi	['1900', '1950']
Arthur	/wiki/Arthur_(TV_presenter)	['1900', '1950']
Tristane Banon	/wiki/Tristane_Banon	['1900', '1950']
Valérie Bénaïm	/wiki/Val%C3%A9rie_B%C3%A9na%C3%AFm	['1900', '1950']
Abdelkader Benali	/wiki/Abdelkader_Benali	['1900', '1950']
Ahmed Benchemsi	/wiki/Ahmed_Benchemsi	['1900', '1950']
Sonia Benezra	/wiki/Sonia_Benezra	['1900', '1950']
Ralph Benmergui	/wiki/Ralph_Benmergui	['1900', '1950']
Mohammed Benzakour	/wiki/Mohammed_Benzakour	['1900', '1950']
Hassnae Bouazza	/wiki/Hassnae_Bouazza	['1900', '1950']
Karim Boukhari	/wiki/Karim_Boukhari	['1900', '1950']
Abdellah Dami	/wiki/Abdellah_Dami	['1900', '1950']
Naima El Bezaz	/wiki/Naima_El_Bezaz	['1900', '1950']
Ruth Elkrief	/wiki/Ruth_Elkrief	['1900', '1950']
Gilberto Dimenstein	/wiki/Gilberto_Dimenstein	['1900', '1950']
Kheredine Idessane	/wiki/Kheredine_Idessane	['1900', '1950']
Salim Jay	/wiki/Salim_Jay	['1900', '1950']
Najat Kaanache	/wiki/Najat_Kaanache	['1900', '1950']
Driss Ksikes	/wiki/Driss_Ksikes	['1900', '1950']
Ali Lmrabet	/wiki/Ali_Lmrabet	['1900', '1950']
Omar Nasiri	/wiki/Omar_Nasiri	['1900', '1950']
James Poniewozik	/wiki/James_Poniewozik	['1900', '1950']
Ariel Wizman	/wiki/Ariel_Wizman	['1900', '1950']
Richard Wolffe	/wiki/Richard_Wolffe	['1900', '1950']
Michaël Youn	/wiki/Micha%C3%ABl_Youn	['1900', '1950']
Rachid Ben Ali	/wiki/Rachid_Ben_Ali	['1900', '1950']
Mahi Binebine	/wiki/Mahi_Binebine	['1900', '1950']
Chaïbia Talal	/wiki/Cha%C3%AFbia_Talal	['1900', '1950']
Noureddine Daifallah	/wiki/Noureddine_Daifallah	['1900', '1950']
Abdellah Derkaoui	/wiki/Abdellah_Derkaoui	['1900', '1950']
Latifa Echakhch	/wiki/Latifa_Echakhch	['1900', '1950']
Bouchta El Hayani	/wiki/Bouchta_El_Hayani	['1900', '1950']
Tala Hadid	/wiki/Tala_Hadid	['1900', '1950']
Mohamed Hamri	/wiki/Mohamed_Hamri	['1900', '1950']
Bouchra Khalili	/wiki/Bouchra_Khalili	['1900', '1950']
Édouard Lock	/wiki/%C3%89douard_Lock	['1900', '1950']
Shuli Nachshon	/wiki/Shuli_Nachshon	['1900', '1950']
Alberto Pinto	/wiki/Alberto_Pinto_(interior_designer)	['1900', '1950']
Pokimane	/wiki/Pokimane	['1900', '1950']
Salah	/wiki/Salah_(dancer)	['1900', '1950']
Cyril Takayama	/wiki/Cyril_Takayama	['1900', '1950']
Armand Amar	/wiki/Armand_Amar	['1900', '1950']
Omer Avital	/wiki/Omer_Avital	['1900', '1950']
Shlomo Bar	/wiki/Shlomo_Bar	['1900', '1950']
Henri Belolo	/wiki/Henri_Belolo	['1900', '1950']
Ohad Benchetrit	/wiki/Ohad_Benchetrit	['1900', '1950']
Chico Bouchikhi	/wiki/Chico_Bouchikhi	['1900', '1950']
Avraham Eilam-Amzallag	/wiki/Avraham_Eilam-Amzallag	['1900', '1950']
David Guetta	/wiki/David_Guetta	['1900', '1950']
Mahmoud Guinia	/wiki/Mahmoud_Guinia	['1900', '1950']
Hassan Hakmoun	/wiki/Hassan_Hakmoun	['1900', '1950']
Alain Macklovitch	/wiki/Alain_Macklovitch	['1900', '1950']
Maurice Ohana	/wiki/Maurice_Ohana	['1900', '1950']
Adil Takhssait	/wiki/Adil_Takhssait	['1900', '1950']
Adam Zindani	/wiki/Adam_Zindani	['1900', '1950']
Bouchaib Abdelhadi	/wiki/Bouchaib_Abdelhadi	['1900', '1950']
Zohra Al Fassiya	/wiki/Zohra_Al_Fassiya	['1900', '1950']
Jo Amar	/wiki/Jo_Amar	['1900', '1950']
Amine	/wiki/Amine_(singer)	['1900', '1950']
Appa	/wiki/Appa_(rapper)	['1900', '1950']
Malika Ayane	/wiki/Malika_Ayane	['1900', '1950']
Ali B	/wiki/Ali_B	['1900', '1950']
Isam Bachiri	/wiki/Isam_Bachiri	['1900', '1950']
Farid Bang	/wiki/Farid_Bang	['1900', '1950']
Basim	/wiki/Basim_(singer)	['1900', '1950']
Dounia Batma	/wiki/Dounia_Batma	['1900', '1950']
Laarbi Batma	/wiki/Laarbi_Batma	['1948', '1998']
Rajae Belmlih	/wiki/Rajae_Belmlih	['1900', '1950']
Najoua Belyzel	/wiki/Najoua_Belyzel	['1900', '1950']
Zehava Ben	/wiki/Zehava_Ben	['1900', '1950']
Nadja Benaissa	/wiki/Nadja_Benaissa	['1900', '1950']
Amel Bent	/wiki/Amel_Bent	['1900', '1950']
Eden Ben Zaken	/wiki/Eden_Ben_Zaken	['1900', '1950']
Amelle Berrabah	/wiki/Amelle_Berrabah	['1900', '1950']
Isaac Bitton	/wiki/Isaac_Bitton	['1900', '1950']
Raquel Bitton	/wiki/Raquel_Bitton	['1900', '1950']
Soukaina Boukries	/wiki/Soukaina_Boukries	['1900', '1950']
Maya Bouskilla	/wiki/Maya_Bouskilla	['1900', '1950']
Ahmed Chawki	/wiki/Ahmed_Chawki	['1900', '1950']
Abdessadeq Cheqara	/wiki/Abdessadeq_Cheqara	['1900', '1950']
Cilvaringz	/wiki/Cilvaringz	['1900', '1950']
Cut Killer	/wiki/Cut_Killer	['1900', '1950']
Yosefa Dahari	/wiki/Yosefa_Dahari	['1900', '1950']
Abdelwahab Doukkali	/wiki/Abdelwahab_Doukkali	['1900', '1950']
Dizzy DROS	/wiki/Dizzy_DROS	['1900', '1950']
DJ Izm	/wiki/DJ_Izm	['1900', '1950']
Younes Elamine	/wiki/Younes_Elamine	['1900', '1950']
Gad Elbaz	/wiki/Gad_Elbaz	['1900', '1950']
Sofia Marikh	/wiki/Sofia_Marikh	['1900', '1950']
Rajae El Mouhandiz	/wiki/Rajae_El_Mouhandiz	['1900', '1950']
Empire I	/wiki/Empire_I	['1900', '1950']
Sofia Essaïdi	/wiki/Sofia_Essa%C3%AFdi	['1900', '1950']
Nadia Essadiqi	/wiki/Nadia_Essadiqi	['1900', '1950']
Fouradi	/wiki/Fouradi	['1900', '1950']
Eyal Golan	/wiki/Eyal_Golan	['1900', '1950']
Laila Ghofran	/wiki/Laila_Ghofran	['1900', '1950']
Senna Guemmour	/wiki/Senna_Guemmour	['1900', '1950']
David Guetta	/wiki/David_Guetta	['1900', '1950']
Shatha Hassoun	/wiki/Shatha_Hassoun	['1900', '1950']
Elam Jay	/wiki/Elam_Jay	['1900', '1950']
La Caution	/wiki/La_Caution	['1900', '1950']
La Fouine	/wiki/La_Fouine	['1900', '1950']
Leila K	/wiki/Leila_K	['1900', '1950']
Amir Haddad	/wiki/Amir_Haddad	['1900', '1950']
Raphaël Haroche	/wiki/Rapha%C3%ABl_Haroche	['1900', '1950']
Ishtar	/wiki/Ishtar	['1900', '1950']
Mor Karbasi	/wiki/Mor_Karbasi	['1900', '1950']
Rajaa Kasabni	/wiki/Rajaa_Kasabni	['1900', '1950']
Kineret	/wiki/Kineret_(singer)	['1900', '1950']
Imad Kotbi	/wiki/Imad_Kotbi	['1900', '1950']
Saad Lamjarred	/wiki/Saad_Lamjarred	['1900', '1950']
Asma Lamnawar	/wiki/Asma_Lamnawar	['1900', '1950']
Hind Laroussi	/wiki/Hind_Laroussi	['1900', '1950']
Loreen	/wiki/Loreen_(singer)	['1900', '1950']
Jannat Mahid	/wiki/Jannat_Mahid	['1900', '1950']
Younes Megri	/wiki/Younes_Megri	['1900', '1950']
Shiri Maimon	/wiki/Shiri_Maimon	['1900', '1950']
Sofia Mestari	/wiki/Sofia_Mestari	['1900', '1950']
French Montana	/wiki/French_Montana	['1900', '1950']
Harel Moyal	/wiki/Harel_Moyal	['1900', '1950']
Reinette L'Oranaise	/wiki/Reinette_L%27Oranaise	['1900', '1950']
Avi Peretz	/wiki/Avi_Peretz_(singer)	['1900', '1950']
Kobi Peretz	/wiki/Kobi_Peretz	['1900', '1950']
Moshe Peretz	/wiki/Moshe_Peretz	['1900', '1950']
Édith Piaf	/wiki/%C3%89dith_Piaf	['1900', '1950']
RedOne	/wiki/RedOne	['1900', '1950']
Kathleen Reiter	/wiki/Kathleen_Reiter	['1900', '1950']
R3hab	/wiki/R3hab	['1900', '1950']
Hoda Saad	/wiki/Hoda_Saad	['1900', '1950']
Samira Said	/wiki/Samira_Said	['1900', '1950']
Salah Edin	/wiki/Salah_Edin	['1900', '1950']
Sapho	/wiki/Sapho_(singer)	['1900', '1950']
Houcine Slaoui	/wiki/Houcine_Slaoui	['1900', '1950']
Chico Slimani	/wiki/Chico_Slimani	['1900', '1950']
Sliimy	/wiki/Sliimy	['1900', '1950']
Ahmed Soultan	/wiki/Ahmed_Soultan	['1900', '1950']
Fatima Tabaamrant	/wiki/Fatima_Tabaamrant	['1900', '1950']
Khleo Thomas	/wiki/Khleo_Thomas	['1900', '1950']
Avi Toledano	/wiki/Avi_Toledano	['1900', '1950']
Haim Ulliel	/wiki/Haim_Ulliel	['1900', '1950']
Wallen	/wiki/Wallen	['1900', '1950']
Hindi Zahra	/wiki/Hindi_Zahra	['1900', '1950']
Brigitte Zarie	/wiki/Brigitte_Zarie	['1900', '1950']
Manal	/wiki/Manal	['1900', '1950']
Mohammed Achaari	/wiki/Mohammed_Achaari	['1900', '1950']
Mohammed ibn Mohammed Alami	/wiki/Mohammed_ibn_Mohammed_Alami	['1900', '1950']
Mohammed ibn Idris al-Amrawi	/wiki/Mohammed_ibn_Idris_al-Amrawi	['1900', '1950']
Muhammad Awzal	/wiki/Muhammad_Awzal	['1900', '1950']
Kaddour El Alamy	/wiki/Kaddour_El_Alamy	['1900', '1950']
Abdellatif Laabi	/wiki/Abdellatif_Laabi	['1900', '1950']
David Hassine	/wiki/David_Hassine	['1900', '1950']
Hemmou Talb	/wiki/Hemmou_Talb	['1900', '1950']
Mustafa Aberchán	/wiki/Mustafa_Aberch%C3%A1n	['1900', '1950']
Ahmed Aboutaleb	/wiki/Ahmed_Aboutaleb	['1900', '1950']
Shai Abuhatsira	/wiki/Shai_Abuhatsira	['1900', '1950']
Aharon Abuhatzira	/wiki/Aharon_Abuhatzira	['1900', '1950']
Roni Alsheikh	/wiki/Roni_Alsheikh	['1900', '1950']
Jacques Amir	/wiki/Jacques_Amir	['1900', '1950']
Shaul Amor	/wiki/Shaul_Amor	['1900', '1950']
Lolita Aniyar de Castro	/wiki/Lolita_Aniyar_de_Castro	['1900', '1950']
Danny Atar	/wiki/Danny_Atar	['1900', '1950']
Ariel Atias	/wiki/Ariel_Atias	['1900', '1950']
Shmuel Avital	/wiki/Shmuel_Avital	['1900', '1950']
Idriss Azami Al Idrissi	/wiki/Idriss_Azami_Al_Idrissi	['1900', '1950']
André Azoulay	/wiki/Andr%C3%A9_Azoulay	['1900', '1950']
Audrey Azoulay	/wiki/Audrey_Azoulay	['1900', '1950']
Yosef Azran	/wiki/Yosef_Azran	['1900', '1950']
Aryeh Azulai	/wiki/Aryeh_Azulai	['1900', '1950']
David Azulai	/wiki/David_Azulai	['1900', '1950']
Driss Basri	/wiki/Driss_Basri	['1900', '1950']
Mohamed Benaissa	/wiki/Mohamed_Benaissa	['1900', '1950']
Mehdi Ben Barka	/wiki/Mehdi_Ben_Barka	['1900', '1950']
Eli Ben-Dahan	/wiki/Eli_Ben-Dahan	['1900', '1950']
Shlomo Benizri	/wiki/Shlomo_Benizri	['1900', '1950']
Jamal Benomar	/wiki/Jamal_Benomar	['1900', '1950']
Yahya Bennani	/wiki/Yahya_Bennani	['1900', '1950']
Abraham Bentes	/wiki/Abraham_Bentes	['1900', '1950']
Fadel Benyaich	/wiki/Fadel_Benyaich	['1900', '1950']
David Bitan	/wiki/David_Bitan	['1900', '1950']
Shlomo Bohbot	/wiki/Shlomo_Bohbot	['1900', '1950']
Rachad Bouhlal	/wiki/Rachad_Bouhlal	['1900', '1950']
Ahmed Boukhari	/wiki/Ahmed_Boukhari	['1900', '1950']
Alima Boumediene-Thiery	/wiki/Alima_Boumediene-Thiery	['1999', '2004']
Asma Chaabi	/wiki/Asma_Chaabi	['1900', '1950']
Yoni Chetboun	/wiki/Yoni_Chetboun	['1900', '1950']
Meir Cohen	/wiki/Meir_Cohen_(politician)	['1900', '1950']
Yitzhak Cohen	/wiki/Yitzhak_Cohen	['1900', '1950']
Nissim Dahan	/wiki/Nissim_Dahan	['1900', '1950']
Yohanan Danino	/wiki/Yohanan_Danino	['1900', '1950']
Danny Danon	/wiki/Danny_Danon	['1900', '1950']
Rachida Dati	/wiki/Rachida_Dati	['1900', '1950']
Eli Dayan	/wiki/Eli_Dayan	['1900', '1950']
Shlomo Dayan	/wiki/Shlomo_Dayan	['1900', '1950']
Driss Debbagh	/wiki/Driss_Debbagh	['1900', '1950']
Aryeh Deri	/wiki/Aryeh_Deri	['1900', '1950']
Rafael Edri	/wiki/Rafael_Edri	['1900', '1950']
Yaakov Edri	/wiki/Yaakov_Edri	['1900', '1950']
Gadi Eizenkot	/wiki/Gadi_Eizenkot	['1900', '1950']
Kamal El-Hajji	/wiki/Kamal_El-Hajji	['1900', '1950']
Karin Elharar	/wiki/Karin_Elharar	['1900', '1950']
Saïd El Khadraoui	/wiki/Sa%C3%AFd_El_Khadraoui	['1900', '1950']
Myriam El Khomri	/wiki/Myriam_El_Khomri	['1900', '1950']
Rafi Elul	/wiki/Rafi_Elul	['1900', '1950']
Sari Essayah	/wiki/Sari_Essayah	['1900', '1950']
Abdellatif Filali	/wiki/Abdellatif_Filali	['1985', '1989']
John Fritchey	/wiki/John_Fritchey	['1900', '1950']
Tzachi Hanegbi	/wiki/Tzachi_Hanegbi	['1900', '1950']
Sharren Haskel	/wiki/Sharren_Haskel	['1900', '1950']
Asher Hassin	/wiki/Asher_Hassin	['1900', '1950']
Fatima Houda-Pepin	/wiki/Fatima_Houda-Pepin	['1900', '1950']
Leslie Hore-Belisha	/wiki/Leslie_Hore-Belisha	['1900', '1950']
Driss Jettou	/wiki/Driss_Jettou	['1900', '1950']
Omar Kabbaj	/wiki/Omar_Kabbaj	['1900', '1950']
Avraham Kalfon	/wiki/Avraham_Kalfon	['1900', '1950']
Moshe Karadi	/wiki/Moshe_Karadi	['1900', '1950']
Roger Karoutchi	/wiki/Roger_Karoutchi	['1900', '1950']
Ahmed Lakhrif	/wiki/Ahmed_Lakhrif	['2007', '2008']
David Levy	/wiki/David_Levy_(Israeli_politician)	['1900', '1950']
Jackie Levy	/wiki/Jackie_Levy	['1900', '1950']
Maxim Levy	/wiki/Maxim_Levy	['1900', '1950']
Orly Levy	/wiki/Orly_Levy	['1900', '1950']
Yitzhak Levy	/wiki/Yitzhak_Levy	['1900', '1950']
Waldemar Levy Cardoso	/wiki/Waldemar_Levy_Cardoso	['1900', '1950']
David Magen	/wiki/David_Magen	['1900', '1950']
Yoram Marciano	/wiki/Yoram_Marciano	['1900', '1950']
Fatima Marouan	/wiki/Fatima_Marouan	['1952', '2025']
Mohamed Mediouri	/wiki/Mohamed_Mediouri	['1900', '1950']
Aziz Mekouar	/wiki/Aziz_Mekouar	['1900', '1950']
Abdelaziz Meziane Belfqih	/wiki/Abdelaziz_Meziane_Belfqih	['1900', '1950']
Mohammed Moussaoui	/wiki/Mohammed_Moussaoui	['1900', '1950']
Shuli Mualem	/wiki/Shuli_Mualem	['1900', '1950']
Aharon Nahmias	/wiki/Aharon_Nahmias	['1900', '1950']
Yitzhak Navon	/wiki/Yitzhak_Navon	['1900', '1950']
Amir Ohana	/wiki/Amir_Ohana	['1900', '1950']
Asher Ohana	/wiki/Asher_Ohana	['1900', '1950']
Shimon Ohayon	/wiki/Shimon_Ohayon	['1900', '1950']
Ahmed Osman	/wiki/Ahmed_Osman_(politician)	['1900', '1950']
Fathallah Oualalou	/wiki/Fathallah_Oualalou	['1900', '1950']
Amir Peretz	/wiki/Amir_Peretz	['1900', '1950']
Yair Peretz	/wiki/Yair_Peretz	['1900', '1950']
Yitzhak Peretz	/wiki/Yitzhak_Peretz_(politician_born_1938)	['1900', '1950']
Yitzhak Peretz	/wiki/Yitzhak_Peretz_(politician_born_1936)	['1900', '1950']
Abderrahim Qanir	/wiki/Abderrahim_Qanir	['1900', '1950']
Miri Regev	/wiki/Miri_Regev	['1900', '1950']
Jorge Sampaio	/wiki/Jorge_Sampaio	['1996', '2006']
Bechor-Shalom Sheetrit	/wiki/Bechor-Shalom_Sheetrit	['1900', '1950']
Meir Sheetrit	/wiki/Meir_Sheetrit	['1900', '1950']
Shimon Shetreet	/wiki/Shimon_Shetreet	['1900', '1950']
Mahjoub Tobji	/wiki/Mahjoub_Tobji	['1900', '1950']
Avraham Toledano	/wiki/Avraham_Toledano	['1900', '1950']
Shmuel Toledano	/wiki/Shmuel_Toledano	['1900', '1950']
Sami Turgeman	/wiki/Sami_Turgeman	['1900', '1950']
Yitzhak Vaknin	/wiki/Yitzhak_Vaknin	['1900', '1950']
Najat Vallaud-Belkacem	/wiki/Najat_Vallaud-Belkacem	['1900', '1950']
Yosef Vanunu	/wiki/Yosef_Vanunu	['1900', '1950']
Yehonatan Yifrah	/wiki/Yehonatan_Yifrah	['1900', '1950']
Abderrahmane Youssoufi	/wiki/Abderrahmane_Youssoufi	['1998', '2002']
Lalla Latifa Hammou	/wiki/Lalla_Latifa_Hammou	['1900', '1950']
Lalla Abla bint Tahar	/wiki/Lalla_Abla_bint_Tahar	['1900', '1950']
Jonathan Ohayon	/wiki/Jonathan_Ohayon	['1900', '1950']
Abderrahman Ait Khamouch	/wiki/Abderrahman_Ait_Khamouch	['1900', '1950']
Saïd Aouita	/wiki/Sa%C3%AFd_Aouita	['1900', '1950']
Hasna Benhassi	/wiki/Hasna_Benhassi	['1900', '1950']
Abdellah Béhar	/wiki/Abdellah_B%C3%A9har	['1900', '1950']
Nezha Bidouane	/wiki/Nezha_Bidouane	['1900', '1950']
Brahim Boulami	/wiki/Brahim_Boulami	['1900', '1950']
Hind Dehiba	/wiki/Hind_Dehiba	['1900', '1950']
Hicham El Guerrouj	/wiki/Hicham_El_Guerrouj	['1900', '1950']
Driss El Himer	/wiki/Driss_El_Himer	['1900', '1950']
Nawal El Moutawakel	/wiki/Nawal_El_Moutawakel	['1900', '1950']
Yousef El Nasri	/wiki/Yousef_El_Nasri	['1900', '1950']
Sari Essayah	/wiki/Sari_Essayah	['1900', '1950']
Ilias Fifa	/wiki/Ilias_Fifa	['1900', '1950']
Jaouad Gharib	/wiki/Jaouad_Gharib	['1900', '1950']
Bouchra Ghezielle	/wiki/Bouchra_Ghezielle	['1900', '1950']
Salah Hissou	/wiki/Salah_Hissou	['1900', '1950']
Adil Kaouch	/wiki/Adil_Kaouch	['1900', '1950']
Abderrahman Ait Khamouch	/wiki/Abderrahman_Ait_Khamouch	['1900', '1950']
Khalid Khannouchi	/wiki/Khalid_Khannouchi	['1900', '1950']
Brahim Lahlafi	/wiki/Brahim_Lahlafi	['1900', '1950']
Driss Maazouzi	/wiki/Driss_Maazouzi	['1900', '1950']
Adel Mechaal	/wiki/Adel_Mechaal	['1900', '1950']
Abdelaziz Merzougui	/wiki/Abdelaziz_Merzougui	['1900', '1950']
Mohamed Ouaadi	/wiki/Mohamed_Ouaadi	['1900', '1950']
Muncef Ouardi	/wiki/Muncef_Ouardi	['1900', '1950']
Zahra Ouaziz	/wiki/Zahra_Ouaziz	['1900', '1950']
Rashid Ramzi	/wiki/Rashid_Ramzi	['1900', '1950']
Ismaïl Sghyr	/wiki/Isma%C3%AFl_Sghyr	['1900', '1950']
Khalid Skah	/wiki/Khalid_Skah	['1900', '1950']
Achraf Tadili	/wiki/Achraf_Tadili	['1900', '1950']
Mounir Yemmouni	/wiki/Mounir_Yemmouni	['1900', '1950']
Kamal Ziani	/wiki/Kamal_Ziani	['1900', '1950']
Bouchra Ghezielle	/wiki/Bouchra_Ghezielle	['1900', '1950']
Omri Casspi	/wiki/Omri_Casspi	['1900', '1950']
Yogev Ohayon	/wiki/Yogev_Ohayon	['1900', '1950']
Sophian Rafai	/wiki/Sophian_Rafai	['1900', '1950']
Amit Simhon	/wiki/Amit_Simhon	['1900', '1950']
Abdelhak Achik	/wiki/Abdelhak_Achik	['1900', '1950']
Mohammed Achik	/wiki/Mohammed_Achik	['1900', '1950']
Najib Daho	/wiki/Najib_Daho	['1900', '1950']
Yassine El maachi	/wiki/Yassine_El_maachi	['1900', '1950']
Ismael El Massoudi	/wiki/Ismael_El_Massoudi	['1900', '1950']
Karim El Ouazghari	/wiki/Karim_El_Ouazghari	['1900', '1950']
Ali Hallab	/wiki/Ali_Hallab	['1900', '1950']
Badr Hari	/wiki/Badr_Hari	['1900', '1950']
Driss Moussaid	/wiki/Driss_Moussaid	['1900', '1950']
Mahdi Ouatine	/wiki/Mahdi_Ouatine	['1900', '1950']
Nordine Oubaali	/wiki/Nordine_Oubaali	['1900', '1950']
Khalid Rahilou	/wiki/Khalid_Rahilou	['1900', '1950']
Tahar Tamsamani	/wiki/Tahar_Tamsamani	['1900', '1950']
Hassan Saada	/wiki/Hassan_Saada	['1900', '1950']
Thal Abergel	/wiki/Thal_Abergel	['1900', '1950']
Henry Ohayon	/wiki/Henry_Ohayon	['1900', '1950']
Lydia Hatuel-Czuckermann	/wiki/Lydia_Hatuel-Czuckermann	['1900', '1950']
Yaniv Abargil	/wiki/Yaniv_Abargil	['1900', '1950']
Zakariya Abarouai	/wiki/Zakariya_Abarouai	['1900', '1950']
Yassine Abdellaoui	/wiki/Yassine_Abdellaoui	['1900', '1950']
Yacine Abdessadki	/wiki/Yacine_Abdessadki	['1900', '1950']
Laurent Abergel	/wiki/Laurent_Abergel	['1900', '1950']
Shimon Abuhatzira	/wiki/Shimon_Abuhatzira	['1900', '1950']
Moshe Abutbul	/wiki/Moshe_Abutbul_(footballer)	['1900', '1950']
Shay Abutbul	/wiki/Shay_Abutbul	['1900', '1950']
Youssef Adnane	/wiki/Youssef_Adnane	['1900', '1950']
Ibrahim Afellay	/wiki/Ibrahim_Afellay	['1900', '1950']
Achmed Ahahaoui	/wiki/Achmed_Ahahaoui	['1900', '1950']
Ismail Aissati	/wiki/Ismail_Aissati	['1900', '1950']
Jamel Aït Ben Idir	/wiki/Jamel_A%C3%AFt_Ben_Idir	['1900', '1950']
Karim Aït-Fana	/wiki/Karim_A%C3%AFt-Fana	['1900', '1950']
Jamal Akachar	/wiki/Jamal_Akachar	['1900', '1950']
Zakaria Alaoui	/wiki/Zakaria_Alaoui	['1900', '1950']
Avi Alfasi	/wiki/Avi_Alfasi	['1900', '1950']
Rachid Alioui	/wiki/Rachid_Alioui	['1900', '1950']
Mustapha Allaoui	/wiki/Mustapha_Allaoui	['1900', '1950']
Nayim	/wiki/Nayim	['1900', '1950']
Ahmed Ammi	/wiki/Ahmed_Ammi	['1900', '1950']
Nordin Amrabat	/wiki/Nordin_Amrabat	['1900', '1950']
Ofir Amram	/wiki/Ofir_Amram	['1900', '1950']
Mohamed Amsif	/wiki/Mohamed_Amsif	['1900', '1950']
Yossi Asayag	/wiki/Yossi_Asayag	['1900', '1950']
Maor Asor	/wiki/Maor_Asor	['1900', '1950']
Gai Assulin	/wiki/Gai_Assulin	['1900', '1950']
Lior Asulin	/wiki/Lior_Asulin	['1900', '1950']
Eliran Atar	/wiki/Eliran_Atar	['1900', '1950']
Reuven Atar	/wiki/Reuven_Atar	['1900', '1950']
Roi Atar	/wiki/Roi_Atar	['1900', '1950']
Shalom Avitan	/wiki/Shalom_Avitan	['1900', '1950']
Timor Avitan	/wiki/Timor_Avitan	['1900', '1950']
Zohra Ayachi	/wiki/Zohra_Ayachi	['1900', '1950']
Mimoun Azaouagh	/wiki/Mimoun_Azaouagh	['1900', '1950']
Aviv Azaria	/wiki/Aviv_Azaria	['1900', '1950']
Eitan Azaria	/wiki/Eitan_Azaria	['1900', '1950']
Karim Azizou	/wiki/Karim_Azizou	['1900', '1950']
Yaniv Azran	/wiki/Yaniv_Azran	['1900', '1950']
Hen Azriel	/wiki/Hen_Azriel	['1900', '1950']
Shlomi Azulay	/wiki/Shlomi_Azulay	['1900', '1950']
Nabil Baha	/wiki/Nabil_Baha	['1900', '1950']
Otman Bakkal	/wiki/Otman_Bakkal	['1900', '1950']
Said Bakkati	/wiki/Said_Bakkati	['1900', '1950']
Shahar Balilti	/wiki/Shahar_Balilti	['1900', '1950']
Yacine Bammou	/wiki/Yacine_Bammou	['1900', '1950']
Eden Batit	/wiki/Eden_Batit	['1900', '1950']
Nacer Barazite	/wiki/Nacer_Barazite	['1900', '1950']
Abdelaziz Barrada	/wiki/Abdelaziz_Barrada	['1900', '1950']
Michaël Chrétien Basser	/wiki/Micha%C3%ABl_Chr%C3%A9tien_Basser	['1900', '1950']
Chahir Belghazouani	/wiki/Chahir_Belghazouani	['1900', '1950']
Younès Belhanda	/wiki/Youn%C3%A8s_Belhanda	['1900', '1950']
Tamir Ben Ami	/wiki/Tamir_Ben_Ami	['1900', '1950']
Aziz Ben Askar	/wiki/Aziz_Ben_Askar	['1900', '1950']
Medhi Benatia	/wiki/Medhi_Benatia	['1900', '1950']
Yossi Benayoun	/wiki/Yossi_Benayoun	['1900', '1950']
Larbi Benbarek	/wiki/Larbi_Benbarek	['1900', '1950']
Dedi Ben Dayan	/wiki/Dedi_Ben_Dayan	['1900', '1950']
Omri Ben Harush	/wiki/Omri_Ben_Harush	['1900', '1950']
Shlomi Ben Hemo	/wiki/Shlomi_Ben_Hemo	['1900', '1950']
Asaf Ben-Muha	/wiki/Asaf_Ben-Muha	['1900', '1950']
Ismaël Bennacer	/wiki/Isma%C3%ABl_Bennacer	['1900', '1950']
Armon Ben-Naim	/wiki/Armon_Ben-Naim	['1900', '1950']
Asael Ben Shabat	/wiki/Asael_Ben_Shabat	['1900', '1950']
Galil Ben Shanan	/wiki/Galil_Ben_Shanan	['1900', '1950']
Ran Ben Shimon	/wiki/Ran_Ben_Shimon_(footballer,_born_1990)	['1900', '1950']
Amit Ben Shushan	/wiki/Amit_Ben_Shushan	['1900', '1950']
Netanel Ben Simon	/wiki/Netanel_Ben_Simon	['1900', '1950']
Benny Ben Zaken	/wiki/Benny_Ben_Zaken	['1900', '1950']
David Biton	/wiki/David_Biton	['1900', '1950']
Eran Biton	/wiki/Eran_Biton	['1900', '1950']
Moshe Biton	/wiki/Moshe_Biton	['1900', '1950']
Ori Biton	/wiki/Ori_Biton	['1900', '1950']
Ben Bitton	/wiki/Ben_Bitton	['1900', '1950']
Dan Bitton	/wiki/Dan_Bitton	['1900', '1950']
Shimon Bitton	/wiki/Shimon_Bitton	['1900', '1950']
Younes Bnou Marzouk	/wiki/Younes_Bnou_Marzouk	['1900', '1950']
Rachid Bouaouzan	/wiki/Rachid_Bouaouzan	['1900', '1950']
Elbekay Bouchiba	/wiki/Elbekay_Bouchiba	['1900', '1950']
Aziz Bouderbala	/wiki/Aziz_Bouderbala	['1900', '1950']
Sofiane Boufal	/wiki/Sofiane_Boufal	['1900', '1950']
Kamel Boughanem	/wiki/Kamel_Boughanem	['1900', '1950']
Samir Boughanem	/wiki/Samir_Boughanem	['1900', '1950']
Khalid Boulahrouz	/wiki/Khalid_Boulahrouz	['1900', '1950']
Nourdin Boukhari	/wiki/Nourdin_Boukhari	['1900', '1950']
Mourad Bounoua	/wiki/Mourad_Bounoua	['1900', '1950']
Ali Boussaboun	/wiki/Ali_Boussaboun	['1900', '1950']
Dries Boussatta	/wiki/Dries_Boussatta	['1900', '1950']
Mbark Boussoufa	/wiki/Mbark_Boussoufa	['1900', '1950']
Khalid Boutaïb	/wiki/Khalid_Bouta%C3%AFb	['1900', '1950']
Said Boutahar	/wiki/Said_Boutahar	['1900', '1950']
Ben Butbul	/wiki/Ben_Butbul	['1900', '1950']
Mehdi Carcela-Gonzalez	/wiki/Mehdi_Carcela-Gonzalez	['1900', '1950']
Samir Carruthers	/wiki/Samir_Carruthers	['1900', '1950']
Kamel Chafni	/wiki/Kamel_Chafni	['1900', '1950']
Aatif Chahechouhe	/wiki/Aatif_Chahechouhe	['1900', '1950']
Abdelhali Chaiat	/wiki/Abdelhali_Chaiat	['1900', '1950']
Khalid Chalqi	/wiki/Khalid_Chalqi	['1900', '1950']
Marouane Chamakh	/wiki/Marouane_Chamakh	['1900', '1950']
Mohammed Chaouch	/wiki/Mohammed_Chaouch	['1900', '1950']
Issam Chebake	/wiki/Issam_Chebake	['1900', '1950']
Almog Cohen	/wiki/Almog_Cohen	['1900', '1950']
Meir Cohen	/wiki/Meir_Cohen_(footballer)	['1900', '1950']
Mehdi Courgnaud	/wiki/Mehdi_Courgnaud	['1900', '1950']
Manuel da Costa	/wiki/Manuel_da_Costa_(footballer)	['1900', '1950']
Mor Dahan	/wiki/Mor_Dahan	['1900', '1950']
Rafi Dahan	/wiki/Rafi_Dahan	['1900', '1950']
Karim Dahou	/wiki/Karim_Dahou	['1900', '1950']
Kenza Dali	/wiki/Kenza_Dali	['1900', '1950']
Guy Dayan	/wiki/Guy_Dayan	['1900', '1950']
Roei Dayan	/wiki/Roei_Dayan	['1900', '1950']
Anouar Diba	/wiki/Anouar_Diba	['1900', '1950']
Kieran Djilali	/wiki/Kieran_Djilali	['1900', '1950']
Olivier Echouafni	/wiki/Olivier_Echouafni	['1900', '1950']
Amir Edri	/wiki/Amir_Edri	['1900', '1950']
Kfir Edri	/wiki/Kfir_Edri	['1900', '1950']
Shimon Edri	/wiki/Shimon_Edri	['1900', '1950']
Shlomi Edri	/wiki/Shlomi_Edri	['1900', '1950']
Issam El Adoua	/wiki/Issam_El_Adoua	['1900', '1950']
Karim El Ahmadi	/wiki/Karim_El_Ahmadi	['1900', '1950']
Youssef El Akchaoui	/wiki/Youssef_El_Akchaoui	['1900', '1950']
Ahmed El Aouad	/wiki/Ahmed_El_Aouad	['1900', '1950']
Youssef El-Arabi	/wiki/Youssef_El-Arabi	['1900', '1950']
Yassin El-Azzouzi	/wiki/Yassin_El-Azzouzi	['1900', '1950']
Eli Elbaz	/wiki/Eli_Elbaz	['1900', '1950']
Tomer Elbaz	/wiki/Tomer_Elbaz	['1900', '1950']
Hakim El Bounadi	/wiki/Hakim_El_Bounadi	['1900', '1950']
Faouzi El Brazi	/wiki/Faouzi_El_Brazi	['1900', '1950']
Samir El Gaaouiri	/wiki/Samir_El_Gaaouiri	['1900', '1950']
Mustafa El Haddaoui	/wiki/Mustafa_El_Haddaoui	['1900', '1950']
Mounir El Haimour	/wiki/Mounir_El_Haimour	['1900', '1950']
Oualid El Hajjam	/wiki/Oualid_El_Hajjam	['1900', '1950']
Mounir El Hamdaoui	/wiki/Mounir_El_Hamdaoui	['1900', '1950']
Karim El Idrissi	/wiki/Karim_El_Idrissi	['1900', '1950']
Faysal El Idrissi	/wiki/Faysal_El_Idrissi	['1900', '1950']
Shavit Elimelech	/wiki/Shavit_Elimelech	['1900', '1950']
Alharbi El Jadeyaoui	/wiki/Alharbi_El_Jadeyaoui	['1900', '1950']
Moestafa El Kabir	/wiki/Moestafa_El_Kabir	['1900', '1950']
Badr El Kaddouri	/wiki/Badr_El_Kaddouri	['1900', '1950']
Abdelhamid El Kaoutari	/wiki/Abdelhamid_El_Kaoutari	['1900', '1950']
Itay Elkaslasy	/wiki/Itay_Elkaslasy	['1900', '1950']
Eliran Elkayam	/wiki/Eliran_Elkayam	['1900', '1950']
Oded Elkayam	/wiki/Oded_Elkayam	['1900', '1950']
Aziz El Khanchaf	/wiki/Aziz_El_Khanchaf	['1900', '1950']
Ali El Khattabi	/wiki/Ali_El_Khattabi	['1900', '1950']
Abdou El-Kholti	/wiki/Abdou_El-Kholti	['1900', '1950']
Omri Elmakyes	/wiki/Omri_Elmakyes	['1900', '1950']
Nisim Elmaliah	/wiki/Nisim_Elmaliah	['1900', '1950']
Bouchaib El Moubarki	/wiki/Bouchaib_El_Moubarki	['1900', '1950']
Karim El Mourabet	/wiki/Karim_El_Mourabet	['1900', '1950']
Samir El Moussaoui	/wiki/Samir_El_Moussaoui	['1900', '1950']
Ali El-Omari	/wiki/Ali_El-Omari	['1900', '1950']
Mohamed El Yaagoubi	/wiki/Mohamed_El_Yaagoubi	['1900', '1950']
Tarik Elyounoussi	/wiki/Tarik_Elyounoussi	['1900', '1950']
Nabil El Zhar	/wiki/Nabil_El_Zhar	['1900', '1950']
Saïd Ennjimi	/wiki/Sa%C3%AFd_Ennjimi	['1900', '1950']
Hen Ezra	/wiki/Hen_Ezra	['1900', '1950']
Karim Fachtali	/wiki/Karim_Fachtali	['1900', '1950']
Omer Fadida	/wiki/Omer_Fadida	['1900', '1950']
Fayçal Fajr	/wiki/Fay%C3%A7al_Fajr	['1900', '1950']
Mohammed Faouzi	/wiki/Mohammed_Faouzi	['1900', '1950']
Marouane Fellaini	/wiki/Marouane_Fellaini	['1900', '1950']
Rayan Frikeche	/wiki/Rayan_Frikeche	['1900', '1950']
Dovev Gabay	/wiki/Dovev_Gabay	['1900', '1950']
Ronen Gabay	/wiki/Ronen_Gabay	['1900', '1950']
Shoval Gozlan	/wiki/Shoval_Gozlan	['1900', '1950']
Ben Grabli	/wiki/Ben_Grabli	['1900', '1950']
Mustapha Hadji	/wiki/Mustapha_Hadji	['1900', '1950']
Youssef Hadji	/wiki/Youssef_Hadji	['1900', '1950']
Youssouf Hadji	/wiki/Youssouf_Hadji	['1900', '1950']
Samir Hadji	/wiki/Samir_Hadji	['1900', '1950']
Anouar Hadouir	/wiki/Anouar_Hadouir	['1900', '1950']
Ofir Haim	/wiki/Ofir_Haim	['1900', '1950']
Kheira Hamraoui	/wiki/Kheira_Hamraoui	['1900', '1950']
Ariel Harush	/wiki/Ariel_Harush	['1900', '1950']
Shimon Harush	/wiki/Shimon_Harush	['1900', '1950']
Gadi Hazut	/wiki/Gadi_Hazut	['1900', '1950']
Tal Hen	/wiki/Tal_Hen	['1900', '1950']
Adil Hermach	/wiki/Adil_Hermach	['1900', '1950']
Golan Hermon	/wiki/Golan_Hermon	['1900', '1950']
Samy Houri	/wiki/Samy_Houri	['1900', '1950']
Lyes Houri	/wiki/Lyes_Houri	['1900', '1950']
Youssef Idrissi	/wiki/Youssef_Idrissi	['1900', '1950']
Oz Ifrah	/wiki/Oz_Ifrah	['1900', '1950']
Shlomo Iluz	/wiki/Shlomo_Iluz	['1900', '1950']
Avi Ivgi	/wiki/Avi_Ivgi	['1900', '1950']
Avishai Jano	/wiki/Avishai_Jano	['1900', '1950']
Younès Kaabouni	/wiki/Youn%C3%A8s_Kaabouni	['1900', '1950']
Younès Kaboul	/wiki/Youn%C3%A8s_Kaboul	['1900', '1950']
Abderrahman Kabous	/wiki/Abderrahman_Kabous	['1900', '1950']
Ahmed Kantari	/wiki/Ahmed_Kantari	['1900', '1950']
Sakina Karchaoui	/wiki/Sakina_Karchaoui	['1900', '1950']
David Keltjens	/wiki/David_Keltjens	['1900', '1950']
Houssine Kharja	/wiki/Houssine_Kharja	['1900', '1950']
Younes Khattabi	/wiki/Younes_Khattabi	['1900', '1950']
Avi Knafo	/wiki/Avi_Knafo	['1900', '1950']
Zakaria Labyad	/wiki/Zakaria_Labyad	['1900', '1950']
Hoda Lattaf	/wiki/Hoda_Lattaf	['1900', '1950']
Amine Lecomte	/wiki/Amine_Lecomte	['1900', '1950']
Moshe Lugasi	/wiki/Moshe_Lugasi	['1900', '1950']
Nassir Maachi	/wiki/Nassir_Maachi	['1900', '1950']
Mouaad Madri	/wiki/Mouaad_Madri	['1900', '1950']
Zinédine Machach	/wiki/Zin%C3%A9dine_Machach	['1900', '1950']
Riyad Mahrez	/wiki/Riyad_Mahrez	['1900', '1950']
Tal Makhlouf	/wiki/Tal_Makhlouf	['1900', '1950']
Ben Malka	/wiki/Ben_Malka	['1900', '1950']
Haim Malka	/wiki/Haim_Malka	['1900', '1950']
Sean Malka	/wiki/Sean_Malka	['1900', '1950']
Zadok Malka	/wiki/Zadok_Malka	['1900', '1950']
Dor Malul	/wiki/Dor_Malul	['1900', '1950']
Shmulik Malul	/wiki/Shmulik_Malul	['1900', '1950']
Adir Maman	/wiki/Adir_Maman	['1900', '1950']
Baruch Maman	/wiki/Baruch_Maman	['1900', '1950']
Hanan Maman	/wiki/Hanan_Maman	['1900', '1950']
Mor Maman	/wiki/Mor_Maman_(footballer)	['1900', '1950']
Ofir Marciano	/wiki/Ofir_Marciano	['1900', '1950']
Mehdi Messaoudi	/wiki/Mehdi_Messaoudi	['1900', '1950']
Mourad Mghizrat	/wiki/Mourad_Mghizrat	['1900', '1950']
Offer Mizrahi	/wiki/Offer_Mizrahi	['1900', '1950']
Ofir Mizrahi	/wiki/Ofir_Mizrahi	['1900', '1950']
Smail Morabit	/wiki/Smail_Morabit	['1900', '1950']
Yassin Moutaouakil	/wiki/Yassin_Moutaouakil	['1900', '1950']
Kobi Moyal	/wiki/Kobi_Moyal	['1900', '1950']
Eden Nachmani	/wiki/Eden_Nachmani	['1900', '1950']
Nir Nachum	/wiki/Nir_Nachum	['1900', '1950']
Chafik Najih	/wiki/Chafik_Najih	['1900', '1950']
Noureddine Naybet	/wiki/Noureddine_Naybet	['1900', '1950']
Mounir Obbadi	/wiki/Mounir_Obbadi	['1900', '1950']
Eli Ohana	/wiki/Eli_Ohana	['1900', '1950']
Michael Ohana	/wiki/Michael_Ohana	['1900', '1950']
Matan Ohayon	/wiki/Matan_Ohayon	['1900', '1950']
Moshe Ohayon	/wiki/Moshe_Ohayon	['1900', '1950']
Amine Oudrhiri	/wiki/Amine_Oudrhiri	['1900', '1950']
Reuven Oved	/wiki/Reuven_Oved	['1900', '1950']
Dor Peretz	/wiki/Dor_Peretz	['1900', '1950']
Omer Peretz	/wiki/Omer_Peretz	['1900', '1950']
Omer Peretz	/wiki/Omer_Peretz_(footballer,_born_1990)	['1900', '1950']
Oz Peretz	/wiki/Oz_Peretz	['1900', '1950']
Reef Peretz	/wiki/Reef_Peretz	['1900', '1950']
Yacine Qasmi	/wiki/Yacine_Qasmi	['1900', '1950']
Adil Rami	/wiki/Adil_Rami	['1900', '1950']
Adil Ramzi	/wiki/Adil_Ramzi	['1900', '1950']
Adrien Regattin	/wiki/Adrien_Regattin	['1900', '1950']
Hoalid Regragui	/wiki/Hoalid_Regragui	['1900', '1950']
Hamid Rhanem	/wiki/Hamid_Rhanem	['1900', '1950']
David Revivo	/wiki/David_Revivo	['1900', '1950']
Haim Revivo	/wiki/Haim_Revivo	['1900', '1950']
Shay Revivo	/wiki/Shay_Revivo	['1900', '1950']
Yonatan Revivo	/wiki/Yonatan_Revivo	['1900', '1950']
Youssef Rossi	/wiki/Youssef_Rossi	['1900', '1950']
Moshe Sabag	/wiki/Moshe_Sabag	['1900', '1950']
Youssef Safri	/wiki/Youssef_Safri	['1900', '1950']
Karim Safsaf	/wiki/Karim_Safsaf	['1900', '1950']
Romain Saïss	/wiki/Romain_Sa%C3%AFss	['1900', '1950']
Hamza Sakhi	/wiki/Hamza_Sakhi	['1900', '1950']
Victor Sarusi	/wiki/Victor_Sarusi	['1900', '1950']
Salaheddine Sbai	/wiki/Salaheddine_Sbai	['1900', '1950']
Youssef Sekour	/wiki/Youssef_Sekour	['1900', '1950']
Tarik Sektioui	/wiki/Tarik_Sektioui	['1900', '1950']
Nitzan Shirazi	/wiki/Nitzan_Shirazi	['1900', '1950']
Shlomo Shirazi	/wiki/Shlomo_Shirazi	['1900', '1950']
Ofer Shitrit	/wiki/Ofer_Shitrit	['1900', '1950']
Idan Shriki	/wiki/Idan_Shriki	['1900', '1950']
Liran Shriki	/wiki/Liran_Shriki	['1900', '1950']
Mor Shushan	/wiki/Mor_Shushan	['1900', '1950']
Ron Shushan	/wiki/Ron_Shushan	['1900', '1950']
Shay Sibony	/wiki/Shay_Sibony	['1900', '1950']
Khalid Sinouh	/wiki/Khalid_Sinouh	['1900', '1950']
Hassan Souari	/wiki/Hassan_Souari	['1900', '1950']
Mounir Soufiani	/wiki/Mounir_Soufiani	['1900', '1950']
Tomer Swisa	/wiki/Tomer_Swisa	['1900', '1950']
Adel Taarabt	/wiki/Adel_Taarabt	['1900', '1950']
Farid Talhaoui	/wiki/Farid_Talhaoui	['1900', '1950']
Mehdi Taouil	/wiki/Mehdi_Taouil	['1900', '1950']
Eitan Tibi	/wiki/Eitan_Tibi	['1900', '1950']
Karim Touzani	/wiki/Karim_Touzani	['1900', '1950']
Yoann Touzghar	/wiki/Yoann_Touzghar	['1900', '1950']
Smahi Triki	/wiki/Smahi_Triki	['1900', '1950']
Adir Tubul	/wiki/Adir_Tubul	['1900', '1950']
Alon Turgeman	/wiki/Alon_Turgeman	['1900', '1950']
Amir Turgeman	/wiki/Amir_Turgeman	['1900', '1950']
Ben Turjeman	/wiki/Ben_Turjeman	['1900', '1950']
Guy Tzarfati	/wiki/Guy_Tzarfati	['1900', '1950']
Idan Weitzman	/wiki/Idan_Weitzman	['1900', '1950']
Yisrael Zaguri	/wiki/Yisrael_Zaguri	['1900', '1950']
Jawad Zairi	/wiki/Jawad_Zairi	['1900', '1950']
Moris Zano	/wiki/Moris_Zano	['1900', '1950']
Badou Zaki	/wiki/Badou_Zaki	['1900', '1950']
Merouane Zemmama	/wiki/Merouane_Zemmama	['1900', '1950']
Roei Zikri	/wiki/Roei_Zikri	['1900', '1950']
Abdellah Zoubir	/wiki/Abdellah_Zoubir	['1900', '1950']
Niv Zrihan	/wiki/Niv_Zrihan	['1900', '1950']
Josh Tordjman	/wiki/Josh_Tordjman	['1900', '1950']
Cyril Abidi	/wiki/Cyril_Abidi	['1900', '1950']
Badr Hari	/wiki/Badr_Hari	['1900', '1950']
Chalid Arrab	/wiki/Chalid_Arrab	['1900', '1950']
Faldir Chahbari	/wiki/Faldir_Chahbari	['1900', '1950']
Chahid Oulad El Hadj	/wiki/Chahid_Oulad_El_Hadj	['1900', '1950']
Aziz Jahjah	/wiki/Aziz_Jahjah	['1900', '1950']
Karim Ghajji	/wiki/Karim_Ghajji	['1900', '1950']
Lee Murray	/wiki/Lee_Murray	['1900', '1950']
Khalid Ismail	/wiki/Khalid_Ismail	['1900', '1950']
Zakaria Moumni	/wiki/Zakaria_Moumni	['1900', '1950']
Farid Villaume	/wiki/Farid_Villaume	['1900', '1950']
Abdelatif Benazzi	/wiki/Abdelatif_Benazzi	['1900', '1950']
Abdellatif Boutaty	/wiki/Abdellatif_Boutaty	['1900', '1950']
Abderazak El Khalouki	/wiki/Abderazak_El_Khalouki	['1900', '1950']
Jamal Fakir	/wiki/Jamal_Fakir	['1900', '1950']
Adel Fellous	/wiki/Adel_Fellous	['1900', '1950']
Younes Khattabi	/wiki/Younes_Khattabi	['1900', '1950']
Djalil Narjissi	/wiki/Djalil_Narjissi	['1900', '1950']
Fouad Yaha	/wiki/Fouad_Yaha	['1900', '1950']
Victor Soussan	/wiki/Victor_Soussan	['1900', '1950']
Michaël Benyahia	/wiki/Micha%C3%ABl_Benyahia	['1900', '1950']
Moe Sbihi	/wiki/Moe_Sbihi	['1900', '1950']
Vered Buskila	/wiki/Vered_Buskila	['1900', '1950']
Kenza Tazi	/wiki/Kenza_Tazi	['1900', '1950']
Adam Lamhamedi	/wiki/Adam_Lamhamedi	['1900', '1950']
Samir Azzimani	/wiki/Samir_Azzimani	['1900', '1950']
Abdelhakim Bagy	/wiki/Abdelhakim_Bagy	['1900', '1950']
Abdellah Béhar	/wiki/Abdellah_B%C3%A9har	['1900', '1950']
Fouad Chouki	/wiki/Fouad_Chouki	['1900', '1950']
Driss El Himer	/wiki/Driss_El_Himer	['1900', '1950']
Abderrahim El Haouzy	/wiki/Abderrahim_El_Haouzy	['1900', '1950']
Mustapha Essaïd	/wiki/Mustapha_Essa%C3%AFd	['1900', '1950']
Mohamed Ezzher	/wiki/Mohamed_Ezzher	['1900', '1950']
Adam Gemili	/wiki/Adam_Gemili	['1900', '1950']
Brahim Lahlafi	/wiki/Brahim_Lahlafi	['1900', '1950']
Driss Maazouzi	/wiki/Driss_Maazouzi	['1500', '2025']
Mohamed Ouaadi	/wiki/Mohamed_Ouaadi	['1900', '1950']
Yamna Oubouhou	/wiki/Yamna_Oubouhou	['1900', '1950']
Ismaïl Sghyr	/wiki/Isma%C3%AFl_Sghyr	['1900', '1950']
Mounir Yemmouni	/wiki/Mounir_Yemmouni	['1900', '1950']
Karim Alami	/wiki/Karim_Alami	['1900', '1950']
Hicham Arazi	/wiki/Hicham_Arazi	['1900', '1950']
Younes El Aynaoui	/wiki/Younes_El_Aynaoui	['1900', '1950']
Lina Qostal	/wiki/Lina_Qostal	['1900', '1950']
Layla El	/wiki/Layla_El	['1900', '1950']
Adriana Behar	/wiki/Adriana_Behar	['1900', '1950']
Eliette Abécassis	/wiki/Eliette_Ab%C3%A9cassis	['1900', '1950']
Leila Abouzeid	/wiki/Leila_Abouzeid	['1900', '1950']
Mohammed Achaari	/wiki/Mohammed_Achaari	['1900', '1950']
Said Achtouk	/wiki/Said_Achtouk	['1900', '1950']
Mririda n’Ait Attik	/wiki/Mririda_n%E2%80%99Ait_Attik	['1900', '1950']
Lotfi Akalay	/wiki/Lotfi_Akalay	['1900', '1950']
Idriss ibn al-Hassan al-Alami	/wiki/Idriss_ibn_al-Hassan_al-Alami	['1925', '2007']
Mohammed ibn Mohammed Alami	/wiki/Mohammed_ibn_Mohammed_Alami	['1900', '1950']
Allal al-Fassi	/wiki/Allal_al-Fassi	['1910', '1974']
Malika al-Fassi	/wiki/Malika_al-Fassi	['1900', '1950']
Mohammed al-Habib al-Fourkani	/wiki/Mohammed_al-Habib_al-Fourkani	['1922', '2008']
Abd al-Aziz al-Ghumari	/wiki/Abd_al-Aziz_al-Ghumari	['1920', '1997']
Abdullah al-Ghumari	/wiki/Abdullah_al-Ghumari	['1910', '1993']
Ahmad al-Ghumari	/wiki/Ahmad_al-Ghumari	['1902', '1961']
Mohammed Abed al-Jabri	/wiki/Mohammed_Abed_al-Jabri	['1936', '2010']
Ahmad al-Tayyeb Aldj	/wiki/Ahmad_al-Tayyeb_Aldj	['1928', '2025']
Tewfik Allal	/wiki/Tewfik_Allal	['1947', '2025']
Ahmed al-Madini	/wiki/Ahmed_al-Madini	['1949', '2025']
Mohammed al-Makki al-Nasiri	/wiki/Mohammed_al-Makki_al-Nasiri	['1906', '1994']
Tuhami al-Wazzani	/wiki/Tuhami_al-Wazzani	['1903', '1972']
Ali ibn Qasim al-Zaqqaq	/wiki/Ali_ibn_Qasim_al-Zaqqaq	['1900', '1950']
Ali Azaykou	/wiki/Ali_Azaykou	['1942', '2004']
Latifa Baka	/wiki/Latifa_Baka	['1900', '1950']
Muriel Barbery	/wiki/Muriel_Barbery	['1900', '1950']
Hafsa Bekri	/wiki/Hafsa_Bekri	['1900', '1950']
Abdelmalek Belghiti	/wiki/Abdelmalek_Belghiti	['1906', '2010']
Abdelkader Benali	/wiki/Abdelkader_Benali	['1975', '2025']
Mehdi Ben Barka	/wiki/Mehdi_Ben_Barka	['1920', '1965']
Siham Benchekroun	/wiki/Siham_Benchekroun	['1900', '1950']
Rajae Benchemsi	/wiki/Rajae_Benchemsi	['1900', '1950']
Esther Bendahan	/wiki/Esther_Bendahan	['1900', '1950']
Abdelmajid Benjelloun	/wiki/Abdelmajid_Benjelloun	['1919', '1981']
Abdelmajid Benjelloun, historian	/wiki/Abdelmajid_Benjelloun,_historian	['1944', '2025']
Tahar Ben Jelloun	/wiki/Tahar_Ben_Jelloun	['1944', '2025']
Abdelwahab Benmansour	/wiki/Abdelwahab_Benmansour	['1900', '1950']
Mohammed Suerte Bennani	/wiki/Mohammed_Suerte_Bennani	['1961', '2025']
Mohammed Bennis	/wiki/Mohammed_Bennis	['1948', '2025']
Khnata Bennouna	/wiki/Khnata_Bennouna	['1900', '1950']
Khnata bent Bakkar	/wiki/Khnata_bent_Bakkar	['1900', '1950']
Mohammed Benzakour	/wiki/Mohammed_Benzakour	['1972', '2025']
Mohammed Berrada	/wiki/Mohammed_Berrada	['1938', '2025']
Hafsa Bikri	/wiki/Hafsa_Bikri	['1900', '1950']
Mahi Binebine	/wiki/Mahi_Binebine	['1959', '2025']
Ali Bourequat	/wiki/Ali_Bourequat	['1900', '1950']
Ahmed Bouzfour	/wiki/Ahmed_Bouzfour	['1954', '2025']
Al-Buzidi al-Bujrafi	/wiki/Al-Buzidi_al-Bujrafi	['1925', '2025']
Mohamed Chafik	/wiki/Mohamed_Chafik	['1926', '2025']
Nadia Chafik	/wiki/Nadia_Chafik	['1900', '1950']
Driss Ben Hamed Charhadi	/wiki/Driss_Ben_Hamed_Charhadi	['1937', '1986']
Isaac Chocrón	/wiki/Isaac_Chocr%C3%B3n	['1900', '1950']
Sonia Chocrón	/wiki/Sonia_Chocr%C3%B3n	['1900', '1950']
Mohamed Choukri	/wiki/Mohamed_Choukri	['1935', '2003']
Driss Chraïbi	/wiki/Driss_Chra%C3%AFbi	['1926', '2007']
Mohammed Daoud	/wiki/Mohammed_Daoud	['1901', '1984']
Zakya Daoud	/wiki/Zakya_Daoud	['1900', '1950']
Farida Diouri	/wiki/Farida_Diouri	['1900', '1950']
Najat El Hachmi	/wiki/Najat_El_Hachmi	['1979', '2025']
Youssouf Amine Elalamy	/wiki/Youssouf_Amine_Elalamy	['1961', '2025']
Mohammed Aziz El-Hababi	/wiki/Mohammed_Aziz_El-Hababi	['1922', '1993']
Najat El Hachmi	/wiki/Najat_El_Hachmi	['1900', '1950']
Allal El Hajjam	/wiki/Allal_El_Hajjam	['1948', '2025']
Driss El Khouri	/wiki/Driss_El_Khouri	['1900', '1950']
Edmond Amran El Maleh	/wiki/Edmond_Amran_El_Maleh	['1917', '2010']
Mahdi Elmandjra	/wiki/Mahdi_Elmandjra	['1933', '2025']
Mohammed El-Moustaoui	/wiki/Mohammed_El-Moustaoui	['1943', '2025']
Youssef Fadel	/wiki/Youssef_Fadel	['1949', '2025']
Halima Ferhat	/wiki/Halima_Ferhat	['1900', '1950']
Éric Fottorino	/wiki/%C3%89ric_Fottorino	['1900', '1950']
Abdelkrim Ghallab	/wiki/Abdelkrim_Ghallab	['1919', '2006']
Soumya Naâmane Guessous	/wiki/Soumya_Na%C3%A2mane_Guessous	['1900', '1950']
Abdallah Guennoun	/wiki/Abdallah_Guennoun	['1910', '1989']
Ali Haddani	/wiki/Ali_Haddani	['1936', '2007']
Badia Hadj Nasser	/wiki/Badia_Hadj_Nasser	['1900', '1950']
Ahmed Harrak Srifi	/wiki/Ahmed_Harrak_Srifi	['1900', '1950']
Ben Salem Himmich	/wiki/Ben_Salem_Himmich	['1947', '2025']
Ali Squalli Houssaini	/wiki/Ali_Squalli_Houssaini	['1932', '2025']
Salim Jay	/wiki/Salim_Jay	['1951', '2025']
Liz Jensen	/wiki/Liz_Jensen	['1900', '1950']
Abderrafi Jouahri	/wiki/Abderrafi_Jouahri	['1943', '2025']
Abdelkarim Jouiti	/wiki/Abdelkarim_Jouiti	['1962', '2025']
Ahmed Joumari	/wiki/Ahmed_Joumari	['1939', '1995']
Maati Kabbal	/wiki/Maati_Kabbal	['1900', '1950']
Maguy Kakon	/wiki/Maguy_Kakon	['1900', '1950']
Mohammed Kaghat	/wiki/Mohammed_Kaghat	['1942', '2001']
Mohammed Khammar Kanouni	/wiki/Mohammed_Khammar_Kanouni	['1938', '1991']
Mohammed Khaïr-Eddine	/wiki/Mohammed_Kha%C3%AFr-Eddine	['1941', '1995']
Abdelkebir Khatibi	/wiki/Abdelkebir_Khatibi	['1938', '2025']
Rita El Khayat	/wiki/Rita_El_Khayat	['1900', '1950']
Abdelfattah Kilito	/wiki/Abdelfattah_Kilito	['1945', '2025']
Driss Ksikes	/wiki/Driss_Ksikes	['1900', '1950']
Abdellatif Laabi	/wiki/Abdellatif_Laabi	['1942', '2025']
Leila Lahlou	/wiki/Leila_Lahlou	['1900', '1950']
Mohammed Aziz Lahbabi	/wiki/Mohammed_Aziz_Lahbabi	['1922', '1993']
Abdelrahim Lahbibi	/wiki/Abdelrahim_Lahbibi	['1950', '2025']
Laila Lalami	/wiki/Laila_Lalami	['1900', '1950']
Wafaa Lamrani	/wiki/Wafaa_Lamrani	['1900', '1950']
Abdallah Laroui	/wiki/Abdallah_Laroui	['1933', '2025']
Fouad Laroui	/wiki/Fouad_Laroui	['1958', '2025']
Mohammed Leftah	/wiki/Mohammed_Leftah	['1946', '2008']
Ahmed Lemsih	/wiki/Ahmed_Lemsih	['1950', '2025']
Ali Lmrabet	/wiki/Ali_Lmrabet	['1959', '2025']
Zahra Mansouri	/wiki/Zahra_Mansouri	['1900', '1950']
Ahmed Mejjati	/wiki/Ahmed_Mejjati	['1936', '1995']
Saida Menebhi	/wiki/Saida_Menebhi	['1900', '1950']
Fatema Mernissi	/wiki/Fatema_Mernissi	['1900', '1950']
Mohamed Mrabet	/wiki/Mohamed_Mrabet	['1936', '2025']
Mostafa Nissaboury	/wiki/Mostafa_Nissaboury	['1943', '2025']
Rachid O	/wiki/Rachid_O	['1970', '2025']
Malika Oufkir	/wiki/Malika_Oufkir	['1900', '1950']
Touria Oulehri	/wiki/Touria_Oulehri	['1900', '1950']
Bachir Qamari	/wiki/Bachir_Qamari	['1951', '2025']
Mubarak Rabi	/wiki/Mubarak_Rabi	['1938', '2025']
Mohamed Said Raihani	/wiki/Mohamed_Said_Raihani	['1968', '2025']
Fouzia Rhissassi	/wiki/Fouzia_Rhissassi	['1900', '1950']
Najima Rhozali	/wiki/Najima_Rhozali	['1900', '1950']
Mohammed Sabila	/wiki/Mohammed_Sabila	['1900', '1950']
Abdelhadi Said	/wiki/Abdelhadi_Said	['1974', '2025']
Thouria Saqqat	/wiki/Thouria_Saqqat	['1900', '1950']
Simon Sebag Montefiore	/wiki/Simon_Sebag_Montefiore	['1900', '1950']
Tayeb Seddiki	/wiki/Tayeb_Seddiki	['1938', '2025']
Ahmed Sefrioui	/wiki/Ahmed_Sefrioui	['1915', '2004']
Mohamed Serghini	/wiki/Mohamed_Serghini	['1930', '2025']
Abdelhak Serhane	/wiki/Abdelhak_Serhane	['1900', '1950']
Mohamed Sibari	/wiki/Mohamed_Sibari	['1945', '2025']
Hourya Sinaceur	/wiki/Hourya_Sinaceur	['1900', '1950']
Mohammed Allal Sinaceur	/wiki/Mohammed_Allal_Sinaceur	['1941', '2025']
Ali Siqli	/wiki/Ali_Siqli	['1932', '2025']
Mohammed al-Mokhtar Soussi	/wiki/Mohammed_al-Mokhtar_Soussi	['1900', '1963']
Abdelkarim Tabbal	/wiki/Abdelkarim_Tabbal	['1931', '2025']
Abdellah Taïa	/wiki/Abdellah_Ta%C3%AFa	['1973', '2025']
Abdelhadi Tazi	/wiki/Abdelhadi_Tazi	['1921', '2025']
Mahjoub Tobji	/wiki/Mahjoub_Tobji	['1942', '2025']
Ralph de Toledano	/wiki/Ralph_de_Toledano	['1916', '2007']
Abdelkhalek Torres	/wiki/Abdelkhalek_Torres	['1910', '1970']
Houcine Toulali	/wiki/Houcine_Toulali	['1924', '1998']
Ahmed Toufiq	/wiki/Ahmed_Toufiq	['1943', '2025']
Bahaa Trabelsi	/wiki/Bahaa_Trabelsi	['1900', '1950']
Said Yaktine	/wiki/Said_Yaktine	['1955', '2025']
Nadia Yassine	/wiki/Nadia_Yassine	['1958', '2025']
Mohamed Zafzaf	/wiki/Mohamed_Zafzaf	['1942', '2001']
Mohammed Zniber	/wiki/Mohammed_Zniber	['1923', '1993']
Abdallah Zrika	/wiki/Abdallah_Zrika	['1953', '2025']
Mohammed ibn Abu al-Qasim al-Sijilmasi	/wiki/Mohammed_ibn_Abu_al-Qasim_al-Sijilmasi	['1900', '1950']
Mohammed ibn Abd as-Salam ibn Nasir	/wiki/Mohammed_ibn_Abd_as-Salam_ibn_Nasir	['1900', '1950']
Mohammed Ibn Amr	/wiki/Mohammed_Ibn_Amr	['1900', '1950']
Thami Mdaghri	/wiki/Thami_Mdaghri	['1900', '1950']
Idriss al-Amraoui	/wiki/Idriss_al-Amraoui	['1900', '1950']
Ahmad ibn Hamdun ibn al-Hajj	/wiki/Ahmad_ibn_Hamdun_ibn_al-Hajj	['1900', '1950']
Abd as-Salam al-Alami	/wiki/Abd_as-Salam_al-Alami	['1834', '1895']
Ahmad ibn Khalid al-Nasiri	/wiki/Ahmad_ibn_Khalid_al-Nasiri	['1835', '1897']
Salomon Berdugo	/wiki/Salomon_Berdugo	['1854', '1906']
Mohammed ibn Jaafar al-Kattani	/wiki/Mohammed_ibn_Jaafar_al-Kattani	['1858', '1927']
Ibn Zaydan	/wiki/Ibn_Zaydan	['1873', '1946']
Muhammad Ibn al-Habib	/wiki/Muhammad_Ibn_al-Habib	['1876', '1972']
Ahmed Skirej	/wiki/Ahmed_Skirej	['1878', '1944']
Abdelkrim al-Khattabi	/wiki/Abdelkrim_al-Khattabi	['1882', '1963']
Mohammed Boujendar	/wiki/Mohammed_Boujendar	['1889', '1926']
Mohammed Ben Brahim	/wiki/Mohammed_Ben_Brahim	['1897', '1955']
Mohammed ibn abd al-Wahab al-Ghassani	/wiki/Mohammed_ibn_abd_al-Wahab_al-Ghassani	['1900', '1950']
Mohammed ibn Qasim ibn Zakur	/wiki/Mohammed_ibn_Qasim_ibn_Zakur	['1900', '1950']
Mohammed ibn al-Tayyib al-Alami	/wiki/Mohammed_ibn_al-Tayyib_al-Alami	['1900', '1950']
Abd al-Qadir ibn Shaqrun	/wiki/Abd_al-Qadir_ibn_Shaqrun	['1900', '1950']
Mohammed ibn Zakri al-Fasi	/wiki/Mohammed_ibn_Zakri_al-Fasi	['1900', '1950']
Ahmed ibn al-Mubarak al-Lamti al-Sijilmasi	/wiki/Ahmed_ibn_al-Mubarak_al-Lamti_al-Sijilmasi	['1900', '1950']
Khnata bent Bakkar	/wiki/Khnata_bent_Bakkar	['1900', '1950']
Ibn al-Wannan	/wiki/Ibn_al-Wannan	['1900', '1950']
Ahmed al-Ghazzal	/wiki/Ahmed_al-Ghazzal	['1900', '1950']
Abd Allah ibn Azzuz	/wiki/Abd_Allah_ibn_Azzuz	['1900', '1950']
Mohammed al-Qadiri	/wiki/Mohammed_al-Qadiri	['1712', '1773']
David Hassine	/wiki/David_Hassine	['1722', '1792']
Abu al-Qasim al-Zayyani	/wiki/Abu_al-Qasim_al-Zayyani	['1734', '1833']
Kaddour El Alamy	/wiki/Kaddour_El_Alamy	['1742', '1850']
Raphael Berdugo	/wiki/Raphael_Berdugo	['1747', '1821']
Sulayman al-Hawwat	/wiki/Sulayman_al-Hawwat	['1747', '1816']
Ahmad ibn Ajiba	/wiki/Ahmad_ibn_Ajiba	['1747', '1809']
Mohammed al-Duayf	/wiki/Mohammed_al-Duayf	['1752', '2025']
Mohammed al-Tayyib ibn Kiran	/wiki/Mohammed_al-Tayyib_ibn_Kiran	['1758', '1812']
Muhammad al-Arabi al-Darqawi	/wiki/Muhammad_al-Arabi_al-Darqawi	['1760', '1823']
Hamdun ibn al-Hajj al-Fasi	/wiki/Hamdun_ibn_al-Hajj_al-Fasi	['1760', '1817']
Ahmad ibn Idris al-Fasi	/wiki/Ahmad_ibn_Idris_al-Fasi	['1760', '1837']
Suleiman al-Alawi	/wiki/Suleiman_al-Alawi	['1760', '1822']
Mohammed al-Harraq	/wiki/Mohammed_al-Harraq	['1772', '1845']
Mohammed al-Haik	/wiki/Mohammed_al-Haik	['1900', '1950']
Mohammed al-Tawdi ibn Suda	/wiki/Mohammed_al-Tawdi_ibn_Suda	['1900', '1950']
Ahmed al-Salawi	/wiki/Ahmed_al-Salawi	['1791', '1840']
Mohammed ibn Idris al-Amrawi	/wiki/Mohammed_ibn_Idris_al-Amrawi	['1794', '1847']
Mohammed Akensus	/wiki/Mohammed_Akensus	['1797', '1877']
Hemmou Talb	/wiki/Hemmou_Talb	['1900', '1950']
Isaac Uziel	/wiki/Isaac_Uziel	['1900', '1950']
Abd al-Rahman al-Tamanarti	/wiki/Abd_al-Rahman_al-Tamanarti	['1900', '1950']
Abu Abdallah Mohammed al-Murabit al-Dila'i	/wiki/Abu_Abdallah_Mohammed_al-Murabit_al-Dila%27i	['1900', '1950']
Mohammed ibn Nasir	/wiki/Mohammed_ibn_Nasir	['1603', '1674']
Mohammed al-Mahdi al-Fasi	/wiki/Mohammed_al-Mahdi_al-Fasi	['1624', '1698']
Mohammed al-Rudani	/wiki/Mohammed_al-Rudani	['1627', '1683']
Abu Salim al-Ayyashi	/wiki/Abu_Salim_al-Ayyashi	['1628', '1679']
Abd al-Rahman al-Fasi	/wiki/Abd_al-Rahman_al-Fasi	['1631', '1685']
Abu Ali al-Hassan al-Yusi	/wiki/Abu_Ali_al-Hassan_al-Yusi	['1631', '1691']
Ahmed ibn Nasir	/wiki/Ahmed_ibn_Nasir	['1647', '1717']
Abd as-Salam al-Qadiri	/wiki/Abd_as-Salam_al-Qadiri	['1648', '1698']
Abd al-Wahhab Adarrak	/wiki/Abd_al-Wahhab_Adarrak	['1666', '1746']
Mohammed Awzal	/wiki/Mohammed_Awzal	['1670', '1749']
Mohammed al-Ifrani	/wiki/Mohammed_al-Ifrani	['1670', '1745']
Ahmed ibn al-Mubarak al-Lamati	/wiki/Ahmed_ibn_al-Mubarak_al-Lamati	['1679', '1743']
Mohammed ibn al-Tayyib	/wiki/Mohammed_ibn_al-Tayyib	['1698', '1756']
Ali ibn Qasim al-Zaqqaq	/wiki/Ali_ibn_Qasim_al-Zaqqaq	['1900', '1950']
Abdallah al-Ghazwani	/wiki/Abdallah_al-Ghazwani	['1900', '1950']
Abderrahman El Majdoub	/wiki/Abderrahman_El_Majdoub	['1900', '1950']
Abu-l-Hasan al-Tamgruti	/wiki/Abu-l-Hasan_al-Tamgruti	['1900', '1950']
Ahmed al-Mandjur	/wiki/Ahmed_al-Mandjur	['1520', '1587']
Abu Abdallah ibn Askar	/wiki/Abu_Abdallah_ibn_Askar	['1529', '1578']
Abul Qasim ibn Mohammed al-Ghassani	/wiki/Abul_Qasim_ibn_Mohammed_al-Ghassani	['1548', '1610']
Abd al-Aziz al-Fishtali	/wiki/Abd_al-Aziz_al-Fishtali	['1549', '1621']
Ahmad Ibn al-Qadi	/wiki/Ahmad_Ibn_al-Qadi	['1553', '1616']
Ahmed ibn Abi Mahalli	/wiki/Ahmed_ibn_Abi_Mahalli	['1559', '1613']
Abraham Azulai	/wiki/Abraham_Azulai	['1570', '1643']
Mohammed al-Arbi al-Fasi	/wiki/Mohammed_al-Arbi_al-Fasi	['1580', '1642']
Abdelaziz al-Maghrawi	/wiki/Abdelaziz_al-Maghrawi	['1580', '1600']
Ahmed Mohammed al-Maqqari	/wiki/Ahmed_Mohammed_al-Maqqari	['1591', '1632']
Mahamad Mayyara	/wiki/Mahamad_Mayyara	['1591', '1662']
Abd al-Qadir al-Fasi	/wiki/Abd_al-Qadir_al-Fasi	['1599', '1680']
Al-Masfiwi	/wiki/Al-Masfiwi	['1900', '1950']
Abdarrahman al-Makudi	/wiki/Abdarrahman_al-Makudi	['1900', '1950']
Muhammad al-Jazuli	/wiki/Muhammad_al-Jazuli	['1900', '1950']
Ibrahim ibn Hilal al-Sijilmasi	/wiki/Ibrahim_ibn_Hilal_al-Sijilmasi	['1900', '1950']
Ibn Ghazi al-Miknasi	/wiki/Ibn_Ghazi_al-Miknasi	['1437', '1513']
Ahmad Zarruq	/wiki/Ahmad_Zarruq	['1442', '1493']
Leo Africanus	/wiki/Leo_Africanus	['1488', '1554']
Abu Mohammed al-Qasim al-Sijilmasi	/wiki/Abu_Mohammed_al-Qasim_al-Sijilmasi	['1900', '1950']
Ibn Abi Zar	/wiki/Ibn_Abi_Zar	['1900', '1950']
Abu al-Hassan Ali ibn Mohammed al-Zarwili	/wiki/Abu_al-Hassan_Ali_ibn_Mohammed_al-Zarwili	['1900', '1950']
Abd al-Haqq al-Badisi	/wiki/Abd_al-Haqq_al-Badisi	['1900', '1950']
Ibn Shuayb	/wiki/Ibn_Shuayb	['1900', '1950']
Ibn Idhari	/wiki/Ibn_Idhari	['1900', '1950']
Ibn Battuta	/wiki/Ibn_Battuta	['1304', '1377']
Mohammed al-Hazmiri	/wiki/Mohammed_al-Hazmiri	['1900', '1950']
Ibn Juzayy	/wiki/Ibn_Juzayy	['1321', '1357']
Abu Muqri Mohammed al-Battiwi	/wiki/Abu_Muqri_Mohammed_al-Battiwi	['1900', '1950']
Ibn Abbad al-Rundi	/wiki/Ibn_Abbad_al-Rundi	['1333', '1390']
Abu Yahya ibn al-Sakkak	/wiki/Abu_Yahya_ibn_al-Sakkak	['1335', '1415']
Abd al-Rahman al-Jadiri	/wiki/Abd_al-Rahman_al-Jadiri	['1375', '1416']
Ismail ibn al-Ahmar	/wiki/Ismail_ibn_al-Ahmar	['1387', '1406']
Abu al-Hasan Ali al-Jaznai	/wiki/Abu_al-Hasan_Ali_al-Jaznai	['1900', '1950']
Ibn al-Yasamin	/wiki/Ibn_al-Yasamin	['1900', '1950']
Ahmad ibn Munim al-Abdari	/wiki/Ahmad_ibn_Munim_al-Abdari	['1900', '1950']
Ibn al-Zayyat al-Tadili	/wiki/Ibn_al-Zayyat_al-Tadili	['1900', '1950']
Abd al-Rahman al-Fazazi	/wiki/Abd_al-Rahman_al-Fazazi	['1900', '1950']
Ali ibn al-Qattan	/wiki/Ali_ibn_al-Qattan	['1900', '1950']
Ibn al-Khabbaza	/wiki/Ibn_al-Khabbaza	['1900', '1950']
Abdelaziz al-Malzuzi	/wiki/Abdelaziz_al-Malzuzi	['1900', '1950']
Salih ben Sharif al-Rundi	/wiki/Salih_ben_Sharif_al-Rundi	['1204', '1285']
Malik ibn al-Murahhal	/wiki/Malik_ibn_al-Murahhal	['1207', '1289']
Ibn abd al-Malik al-Marrakushi	/wiki/Ibn_abd_al-Malik_al-Marrakushi	['1237', '1303']
Mohammed al-Abdari	/wiki/Mohammed_al-Abdari	['1256', '1336']
Ibn al-Banna	/wiki/Ibn_al-Banna	['1256', '1321']
Mohammed ibn Rushayd	/wiki/Mohammed_ibn_Rushayd	['1259', '1321']
Mohammed ibn Adjurrum	/wiki/Mohammed_ibn_Adjurrum	['1273', '1323']
Abu Ali al-Hasan al-Marrakushi	/wiki/Abu_Ali_al-Hasan_al-Marrakushi	['1900', '1950']
Mohammed al-Abdari al-Hihi	/wiki/Mohammed_al-Abdari_al-Hihi	['1900', '1950']
Judah ben Nissim	/wiki/Judah_ben_Nissim	['1900', '1950']
Ibn Bajjah	/wiki/Ibn_Bajjah	['1900', '1950']
Abu Jafar ibn Atiyya	/wiki/Abu_Jafar_ibn_Atiyya	['1900', '1950']
Ali ibn Harzihim	/wiki/Ali_ibn_Harzihim	['1900', '1950']
Al-Suhayli	/wiki/Al-Suhayli	['1114', '1185']
Zechariah Aghmati	/wiki/Zechariah_Aghmati	['1120', '1195']
Abu al-Abbas as-Sabti	/wiki/Abu_al-Abbas_as-Sabti	['1129', '1204']
Abu al-Abbas al-Jarawi	/wiki/Abu_al-Abbas_al-Jarawi	['1133', '1212']
Abd as-Salam ibn Mashish	/wiki/Abd_as-Salam_ibn_Mashish	['1140', '1227']
Mohammed ibn Qasim al-Tamimi	/wiki/Mohammed_ibn_Qasim_al-Tamimi	['1900', '1950']
Ibn Dihya al-Kalby	/wiki/Ibn_Dihya_al-Kalby	['1149', '1235']
Mohammed al-Baydhaq	/wiki/Mohammed_al-Baydhaq	['1900', '1950']
Abu Mohammed Salih	/wiki/Abu_Mohammed_Salih	['1153', '1234']
Abu al-Abbas al-Azafi	/wiki/Abu_al-Abbas_al-Azafi	['1162', '1236']
Abdelwahid al-Marrakushi	/wiki/Abdelwahid_al-Marrakushi	['1185', '2025']
Abu-l-Hassan ash-Shadhili	/wiki/Abu-l-Hassan_ash-Shadhili	['1196', '1258']
Abu Bakr al-Hassar	/wiki/Abu_Bakr_al-Hassar	['1900', '1950']
Abu Imran al-Fasi	/wiki/Abu_Imran_al-Fasi	['1900', '1950']
Isaac Alfasi	/wiki/Isaac_Alfasi	['1013', '1103']
Ibn Tumart	/wiki/Ibn_Tumart	['1080', '1130']
Qadi Ayyad	/wiki/Qadi_Ayyad	['1083', '1149']
Mohammed al-Idrisi	/wiki/Mohammed_al-Idrisi	['1099', '1165']
Dunash ben Labrat	/wiki/Dunash_ben_Labrat	['920', '990']
Judah ben David Hayyuj	/wiki/Judah_ben_David_Hayyuj	['945', '1000']
David ben Abraham al-Fasi	/wiki/David_ben_Abraham_al-Fasi	['950', '1000']
Moroccans	/wiki/Moroccans	['1900', '1950']
Casablanca	/wiki/Casablanca#People_born_in_Casablanca	['1900', '1950']
Pallache family	/wiki/Pallache_family	['1900', '1950']
