text	link	year
Alice Braga	/wiki/Alice_Braga	['1900', '1950']
Alinne Moraes	/wiki/Alinne_Moraes	['1900', '1950']
Ana Paula Arósio	/wiki/Ana_Paula_Ar%C3%B3sio	['1900', '1950']
Antônio Fagundes	/wiki/Ant%C3%B4nio_Fagundes	['1900', '1950']
Bete Mendes	/wiki/Bete_Mendes	['1900', '1950']
Betty Lago	/wiki/Betty_Lago	['1900', '1950']
Bruno Campos	/wiki/Bruno_Campos	['1900', '1950']
Bruna Lombardi	/wiki/Bruna_Lombardi	['1900', '1950']
Bruna Marquezine	/wiki/Bruna_Marquezine	['1900', '1950']
Carolina Dieckmann	/wiki/Carolina_Dieckmann	['1900', '1950']
Cauã Reymond	/wiki/Cau%C3%A3_Reymond	['1900', '1950']
Daniel Benzali	/wiki/Daniel_Benzali	['1900', '1950']
Daniele Suzuki	/wiki/Daniele_Suzuki	['1900', '1950']
Denise Fraga	/wiki/Denise_Fraga	['1900', '1950']
Dercy Gonçalves	/wiki/Dercy_Gon%C3%A7alves	['1907', '2008']
Eliane Giardini	/wiki/Eliane_Giardini	['1900', '1950']
Fernanda Montenegro	/wiki/Fernanda_Montenegro	['1900', '1950']
Fernanda Torres	/wiki/Fernanda_Torres	['1900', '1950']
Fábio Assunção	/wiki/F%C3%A1bio_Assun%C3%A7%C3%A3o	['1900', '1950']
Fábio Lago	/wiki/F%C3%A1bio_Lago	['1900', '1950']
Francisca Queiroz	/wiki/Francisca_Queiroz	['1900', '1950']
Gianfrancesco Guarnieri	/wiki/Gianfrancesco_Guarnieri	['1934', '2006']
Giovanna Antonelli	/wiki/Giovanna_Antonelli	['1900', '1950']
Glória Menezes	/wiki/Gl%C3%B3ria_Menezes	['1900', '1950']
Grande Otelo	/wiki/Grande_Otelo	['1915', '1993']
Guilherme Berenguer	/wiki/Guilherme_Berenguer	['1900', '1950']
Hebe Camargo	/wiki/Hebe_Camargo	['1929', '2012']
Jéssica Sodré	/wiki/J%C3%A9ssica_Sodr%C3%A9	['1900', '1950']
José Lewgoy	/wiki/Jos%C3%A9_Lewgoy	['1920', '2003']
José Wilker	/wiki/Jos%C3%A9_Wilker	['1945', '2014']
Juliana Didone	/wiki/Juliana_Didone	['1900', '1950']
Juliana Silveira	/wiki/Juliana_Silveira	['1900', '1950']
Lázaro Ramos	/wiki/L%C3%A1zaro_Ramos	['1900', '1950']
Lima Duarte	/wiki/Lima_Duarte	['1900', '1950']
Lucélia Santos	/wiki/Luc%C3%A9lia_Santos	['1900', '1950']
Malu Mader	/wiki/Malu_Mader	['1900', '1950']
Carmen Miranda	/wiki/Carmen_Miranda	['1909', '1955']
Marco Nanini	/wiki/Marco_Nanini	['1900', '1950']
Maria Flor	/wiki/Maria_Flor	['1900', '1950']
Matheus Nachtergaele	/wiki/Matheus_Nachtergaele	['1900', '1950']
Miguel Falabella	/wiki/Miguel_Falabella	['1900', '1950']
Morena Baccarin	/wiki/Morena_Baccarin	['1900', '1950']
Murilo Benício	/wiki/Murilo_Ben%C3%ADcio	['1900', '1950']
Natália Guimarães	/wiki/Nat%C3%A1lia_Guimar%C3%A3es	['1900', '1950']
Oscarito	/wiki/Oscarito	['1900', '1950']
Paola Oliveira	/wiki/Paola_Oliveira	['1900', '1950']
Paulo Autran	/wiki/Paulo_Autran	['1922', '2007']
Paulo Betti	/wiki/Paulo_Betti	['1900', '1950']
Raul Cortez	/wiki/Raul_Cortez	['1932', '2006']
Raw Leiba	/wiki/Raw_Leiba	['1900', '1950']
Regina Duarte	/wiki/Regina_Duarte	['1900', '1950']
Renato Aragão	/wiki/Renato_Arag%C3%A3o	['1900', '1950']
Reynaldo Gianecchini	/wiki/Reynaldo_Gianecchini	['1900', '1950']
Rodrigo Hilbert	/wiki/Rodrigo_Hilbert	['1900', '1950']
Rodrigo Lopes	/wiki/Rodrigo_Lopes	['1900', '1950']
Rodrigo Santoro	/wiki/Rodrigo_Santoro	['1900', '1950']
Ronald Golias	/wiki/Ronald_Golias	['1929', '2005']
Sandy Leah	/wiki/Sandy_Leah	['1900', '1950']
Selton Mello	/wiki/Selton_Mello	['1900', '1950']
Seu Jorge	/wiki/Seu_Jorge	['1900', '1950']
Sônia Braga	/wiki/S%C3%B4nia_Braga	['1900', '1950']
Taís Araújo	/wiki/Ta%C3%ADs_Ara%C3%BAjo	['1900', '1950']
Tarcisio Meira	/wiki/Tarcisio_Meira	['1900', '1950']
Teresa Seiblitz	/wiki/Teresa_Seiblitz	['1900', '1950']
Vera Fischer	/wiki/Vera_Fischer_(actress)	['1900', '1950']
Viétia Zangrandi	/wiki/Vi%C3%A9tia_Zangrandi	['1900', '1950']
Xuxa Meneghel	/wiki/Xuxa_Meneghel	['1900', '1950']
Leonardo Villar	/wiki/Leonardo_Villar	['1900', '1950']
Affonso Eduardo Reidy	/wiki/Affonso_Eduardo_Reidy	['1909', '1964']
Alexandre Chan	/wiki/Alexandre_Chan	['1900', '1950']
João Batista Vilanova Artigas	/wiki/Jo%C3%A3o_Batista_Vilanova_Artigas	['1915', '1985']
Lina Bo Bardi	/wiki/Lina_Bo_Bardi	['1900', '1950']
Lúcio Costa	/wiki/L%C3%BAcio_Costa	['1902', '1998']
Oscar Niemeyer	/wiki/Oscar_Niemeyer	['1907', '2012']
Paulo Mendes da Rocha	/wiki/Paulo_Mendes_da_Rocha	['1900', '1950']
Roberto Burle Marx	/wiki/Roberto_Burle_Marx	['1909', '1994']
Jaime Lerner	/wiki/Jaime_Lerner	['1900', '1950']
Ruy Ohtake	/wiki/Ruy_Ohtake	['1900', '1950']
Marcio Kogan	/wiki/Marcio_Kogan	['1900', '1950']
Igor de Vetyemy	/wiki/Igor_de_Vetyemy	['1900', '1950']
Antonio Francisco Lisboa	/wiki/Antonio_Francisco_Lisboa	['1730', '1814']
Artur Barrio	/wiki/Artur_Barrio	['1900', '1950']
Moysés Baumstein	/wiki/Moys%C3%A9s_Baumstein	['1931', '1991']
Raul Bopp	/wiki/Raul_Bopp	['1900', '1950']
Victor Brecheret	/wiki/Victor_Brecheret	['1894', '1955']
Lygia Clark	/wiki/Lygia_Clark	['1920', '1988']
Mauricio de Sousa	/wiki/Mauricio_de_Sousa	['1900', '1950']
Emiliano Di Cavalcanti	/wiki/Emiliano_Di_Cavalcanti	['1897', '1976']
Tarsila do Amaral	/wiki/Tarsila_do_Amaral	['1886', '1973']
Oswaldo Goeldi	/wiki/Oswaldo_Goeldi	['1895', '1961']
Ricardo Graziano	/wiki/Ricardo_Graziano	['1900', '1950']
Almeida Junior	/wiki/Almeida_Junior	['1850', '1899']
Carlos Latuff	/wiki/Carlos_Latuff	['1900', '1950']
Manabu Mabe	/wiki/Manabu_Mabe	['1924', '1997']
Anita Malfatti	/wiki/Anita_Malfatti	['1900', '1950']
Victor Meirelles	/wiki/Victor_Meirelles	['1832', '1903']
Naza	/wiki/Naza_(artist)	['1900', '1950']
Hélio Oiticica	/wiki/H%C3%A9lio_Oiticica	['1937', '1980']
Ana Maria Pacheco	/wiki/Ana_Maria_Pacheco	['1900', '1950']
José Pancetti	/wiki/Jos%C3%A9_Pancetti	['1900', '1950']
Lygia Pape	/wiki/Lygia_Pape	['1924', '2004']
Cândido Portinari	/wiki/C%C3%A2ndido_Portinari	['1903', '1962']
Lasar Segall	/wiki/Lasar_Segall	['1900', '1950']
Ana Lucia Souza	/wiki/Ana_Lucia_Souza	['1900', '1950']
Taiguara	/wiki/Taiguara	['1945', '1996']
Sidnei Tendler	/wiki/Sidnei_Tendler	['1900', '1950']
Cybèle Varela	/wiki/Cyb%C3%A8le_Varela	['1900', '1950']
Alfredo Volpi	/wiki/Alfredo_Volpi	['1896', '1988']
Daniel Adler	/wiki/Daniel_Adler_(sailor)	['1900', '1950']
Francisco Arrué	/wiki/Francisco_Arru%C3%A9	['1900', '1950']
Kevin Alves	/wiki/Kevin_Alves	['1900', '1950']
Thiago Alves	/wiki/Thiago_Alves_(fighter)	['1900', '1950']
Carolina Azedo	/wiki/Carolina_Azedo	['1992', '2025']
Jade Barbosa	/wiki/Jade_Barbosa	['1900', '1950']
Leandro Barbosa	/wiki/Leandro_Barbosa	['1900', '1950']
Rubens Barrichello	/wiki/Rubens_Barrichello	['1900', '1950']
Bebeto	/wiki/Bebeto	['1900', '1950']
Adriana Behar	/wiki/Adriana_Behar	['1900', '1950']
Blanka	/wiki/Blanka	['1900', '1950']
Jonas Brignoni Dos Santos	/wiki/Jonas_Brignoni_Dos_Santos	['1983', '2025']
Bob Burnquist	/wiki/Bob_Burnquist	['1900', '1950']
Bruno Caboclo	/wiki/Bruno_Caboclo	['1900', '1950']
Cafu	/wiki/Cafu	['1900', '1950']
Roberto Carlos	/wiki/Roberto_Carlos	['1900', '1950']
Marquinhos Caruaru	/wiki/Marquinhos_Caruaru	['1900', '1950']
Casemiro	/wiki/Casemiro	['1900', '1950']
Hélio Castroneves	/wiki/H%C3%A9lio_Castroneves	['1900', '1950']
Eurico Rosa Da Silva	/wiki/Eurico_Rosa_Da_Silva	['1900', '1950']
Eronilde de Araújo	/wiki/Eronilde_de_Ara%C3%BAjo	['1900', '1950']
Anderson de Jesus Ramos	/wiki/Anderson_de_Jesus_Ramos	['1979', '2025']
Leandro Novais de Souza Alves	/wiki/Leandro_Novais_de_Souza_Alves	['1988', '2025']
Daniel Dias	/wiki/Daniel_Dias	['1900', '1950']
Dida	/wiki/Dida_(goalkeeper)	['1900', '1950']
Amílton Jesus dos Santos	/wiki/Am%C3%ADlton_Jesus_dos_Santos	['1981', '2025']
Junior dos Santos	/wiki/Junior_dos_Santos	['1900', '1950']
Benny Feilhaber	/wiki/Benny_Feilhaber	['1985', '2025']
César Cielo Filho	/wiki/C%C3%A9sar_Cielo_Filho	['1900', '1950']
Christian Fittipaldi	/wiki/Christian_Fittipaldi	['1900', '1950']
Emerson Fittipaldi	/wiki/Emerson_Fittipaldi	['1900', '1950']
Yan Gomes	/wiki/Yan_Gomes	['1900', '1950']
Garrincha	/wiki/Garrincha	['83', '1933']
Giba	/wiki/Giba	['1976', '2025']
Fernando Luis Gomes Guilherme	/wiki/Fernando_Luis_Gomes_Guilherme	['1988', '2025']
Bruno Demetrio Iotti	/wiki/Bruno_Demetrio_Iotti	['1987', '2025']
Marcelo Huertas	/wiki/Marcelo_Huertas	['1900', '1950']
Nenê Hilário	/wiki/Nen%C3%AA_Hil%C3%A1rio	['1900', '1950']
Jairzinho	/wiki/Jairzinho	['1900', '1950']
Kaká	/wiki/Kak%C3%A1	['1900', '1950']
Tony Kanaan	/wiki/Tony_Kanaan	['1900', '1950']
Felipe Kitadai	/wiki/Felipe_Kitadai	['1900', '1950']
Emerson Silva Leal	/wiki/Emerson_Silva_Leal	['1900', '1950']
Lucas Leiva	/wiki/Lucas_Leiva	['1900', '1950']
Alex Pereira Lopes	/wiki/Alex_Pereira_Lopes	['1900', '1950']
Lúcio	/wiki/L%C3%BAcio	['1900', '1950']
David Luiz	/wiki/David_Luiz	['1900', '1950']
Fernando Alves Machado	/wiki/Fernando_Alves_Machado	['1900', '1950']
Lyoto Machida	/wiki/Lyoto_Machida	['1900', '1950']
Maurren Maggi	/wiki/Maurren_Maggi	['1900', '1950']
Felipe Massa	/wiki/Felipe_Massa	['1900', '1950']
Fab Melo	/wiki/Fab_Melo	['1900', '1950']
Marcio Navarro	/wiki/Marcio_Navarro	['1900', '1950']
Marta	/wiki/Marta_(footballer)	['1900', '1950']
Raul Neto	/wiki/Raul_Neto	['1900', '1950']
Neymar	/wiki/Neymar	['1900', '1950']
Antônio Rodrigo Nogueira	/wiki/Ant%C3%B4nio_Rodrigo_Nogueira	['1900', '1950']
Roberto Firmino	/wiki/Roberto_Firmino	['1900', '1950']
Antônio Rogério Nogueira	/wiki/Ant%C3%B4nio_Rog%C3%A9rio_Nogueira	['1900', '1950']
André Lima Pedro	/wiki/Andr%C3%A9_Lima_Pedro	['1900', '1950']
Pelé	/wiki/Pel%C3%A9	['1900', '1950']
Nelson Piquet	/wiki/Nelson_Piquet	['1900', '1950']
Alexandre de Pontes	/wiki/Alexandre_de_Pontes	['1900', '1950']
Bernard Rajzman	/wiki/Bernard_Rajzman	['1900', '1950']
Rivaldo	/wiki/Rivaldo	['1900', '1950']
Rivelino	/wiki/Rivelino	['1900', '1950']
Robinho	/wiki/Robinho	['1900', '1950']
Rodrigo Pessoa	/wiki/Rodrigo_Pessoa	['1900', '1950']
Rogério Ceni	/wiki/Rog%C3%A9rio_Ceni	['1900', '1950']
Romário	/wiki/Rom%C3%A1rio	['1900', '1950']
Ronaldinho	/wiki/Ronaldinho	['1900', '1950']
Ronaldo	/wiki/Ronaldo_(Brazilian_footballer)	['1900', '1950']
"Mauricio ""Shogun"" Rua"	/wiki/Mauricio_%22Shogun%22_Rua	['1900', '1950']
Murilo Rua	/wiki/Murilo_Rua	['1900', '1950']
Ângelo Sampaio Benedetti	/wiki/%C3%82ngelo_Sampaio_Benedetti	['1981', '2025']
Alefe Santos	/wiki/Alefe_Santos	['1900', '1950']
Oscar Schmidt	/wiki/Oscar_Schmidt	['1900', '1950']
Ayrton Senna da Silva	/wiki/Ayrton_Senna_da_Silva	['94', '1960']
Bruno Senna	/wiki/Bruno_Senna	['1900', '1950']
Anderson Silva	/wiki/Anderson_Silva	['1900', '1950']
Edimar Silva Jacomelli	/wiki/Edimar_Silva_Jacomelli	['1987', '2025']
Thiago Silva	/wiki/Thiago_Silva	['1900', '1950']
Wanderlei Silva	/wiki/Wanderlei_Silva	['1900', '1950']
Juan Pablo Sorín	/wiki/Juan_Pablo_Sor%C3%ADn	['1976', '2025']
Tiago Splitter	/wiki/Tiago_Splitter	['1900', '1950']
Wilson Surubim	/wiki/Wilson_Surubim	['1980', '2025']
Anderson Varejão	/wiki/Anderson_Varej%C3%A3o	['1900', '1950']
Diego Walsh	/wiki/Diego_Walsh	['1900', '1950']
Zico	/wiki/Zico	['1900', '1950']
Zizinho	/wiki/Zizinho	['1900', '1950']
Philippe Coutinho	/wiki/Philippe_Coutinho	['1900', '1950']
Barão do Rio Branco	/wiki/Bar%C3%A3o_do_Rio_Branco	['1845', '1912']
Joaquim Nabuco	/wiki/Joaquim_Nabuco	['1849', '1910']
Luiz Martins de Souza Dantas	/wiki/Luiz_Martins_de_Souza_Dantas	['1900', '1950']
Oswaldo Aranha	/wiki/Oswaldo_Aranha	['1900', '1950']
Rui Barbosa	/wiki/Rui_Barbosa	['1900', '1950']
Sérgio Vieira de Mello	/wiki/S%C3%A9rgio_Vieira_de_Mello	['1900', '1950']
Walter Moreira Salles	/wiki/Walter_Moreira_Salles	['1900', '1950']
Sérgio Vieira de Mello	/wiki/S%C3%A9rgio_Vieira_de_Mello	['1948', '2003']
Antônia Melo	/wiki/Ant%C3%B4nia_Melo	['1949', '2025']
Aluizio Abranches	/wiki/Aluizio_Abranches	['1900', '1950']
Ana Carolina	/wiki/Ana_Carolina_(director)	['1900', '1950']
Andrucha Waddington	/wiki/Andrucha_Waddington	['1900', '1950']
Alberto Cavalcanti	/wiki/Alberto_Cavalcanti	['1897', '1982']
Ana Maria Magalhães	/wiki/Ana_Maria_Magalh%C3%A3es	['1900', '1950']
Anselmo Duarte	/wiki/Anselmo_Duarte	['1920', '2025']
Bruno Barreto	/wiki/Bruno_Barreto	['1900', '1950']
Arnaldo Jabor	/wiki/Arnaldo_Jabor	['1900', '1950']
Cacá Diegues	/wiki/Cac%C3%A1_Diegues	['1900', '1950']
Cao Hamburger	/wiki/Cao_Hamburger	['1900', '1950']
Carlos Coimbra	/wiki/Carlos_Coimbra	['1925', '2007']
Carlos Reichenbach	/wiki/Carlos_Reichenbach	['1900', '1950']
Daniel Filho	/wiki/Daniel_Filho	['1900', '1950']
Daniela Thomas	/wiki/Daniela_Thomas	['1900', '1950']
David Neves	/wiki/David_Neves	['1938', '1994']
Domingos Oliveira	/wiki/Domingos_Oliveira	['1900', '1950']
Eduardo Coutinho	/wiki/Eduardo_Coutinho	['1900', '1950']
Fabio Barreto	/wiki/Fabio_Barreto	['1900', '1950']
Fernando Meirelles	/wiki/Fernando_Meirelles	['1900', '1950']
Glauber Rocha	/wiki/Glauber_Rocha	['1939', '1981']
Guilherme de Almeida Prado	/wiki/Guilherme_de_Almeida_Prado	['1900', '1950']
Hugo Carvana	/wiki/Hugo_Carvana	['1900', '1950']
Hector Babenco	/wiki/Hector_Babenco	['1900', '1950']
Heitor Dhalia	/wiki/Heitor_Dhalia	['1900', '1950']
Humberto Mauro	/wiki/Humberto_Mauro	['1897', '1983']
João Moreira Salles	/wiki/Jo%C3%A3o_Moreira_Salles	['1900', '1950']
Joaquim Pedro de Andrade	/wiki/Joaquim_Pedro_de_Andrade	['1932', '1988']
Joel Zito Araújo	/wiki/Joel_Zito_Ara%C3%BAjo	['1900', '1950']
Jom Tob Azulay	/wiki/Jom_Tob_Azulay	['1900', '1950']
Jorge Furtado	/wiki/Jorge_Furtado	['1900', '1950']
José Mojica Marins	/wiki/Jos%C3%A9_Mojica_Marins	['1936', '2025']
José Padilha	/wiki/Jos%C3%A9_Padilha	['1900', '1950']
Karim Aïnouz	/wiki/Karim_A%C3%AFnouz	['1900', '1950']
Lima Barreto	/wiki/Lima_Barreto	['1906', '1982']
Lucélia Santos	/wiki/Luc%C3%A9lia_Santos	['1900', '1950']
Luiz de Barros	/wiki/Luiz_de_Barros	['1893', '1992']
Luiz Duarte	/wiki/Luiz_Duarte	['1956', '2025']
Luiz Fernando Carvalho	/wiki/Luiz_Fernando_Carvalho	['1900', '1950']
Marcelo Gomes	/wiki/Marcelo_Gomes_(director)	['1900', '1950']
Mário Peixoto	/wiki/M%C3%A1rio_Peixoto	['1910', '1992']
Nelson Pereira dos Santos	/wiki/Nelson_Pereira_dos_Santos	['1900', '1950']
Norma Bengell	/wiki/Norma_Bengell	['1900', '1950']
Paulo Porto	/wiki/Paulo_Porto	['1917', '1999']
Paulo Thiago	/wiki/Paulo_Thiago	['1900', '1950']
Roberto Farias	/wiki/Roberto_Farias	['1900', '1950']
Roberto Santos	/wiki/Roberto_Santos	['1928', '1987']
Ruy Guerra	/wiki/Ruy_Guerra	['1900', '1950']
Sérgio Machado	/wiki/S%C3%A9rgio_Machado	['1900', '1950']
Sérgio Rezende	/wiki/S%C3%A9rgio_Rezende	['1900', '1950']
Suzana Amaral	/wiki/Suzana_Amaral	['1900', '1950']
Tata Amaral	/wiki/Tata_Amaral	['1900', '1950']
Walter Hugo Khouri	/wiki/Walter_Hugo_Khouri	['1929', '2003']
Walter Lima Jr.	/wiki/Walter_Lima_Jr.	['1900', '1950']
Walter Salles	/wiki/Walter_Salles	['1900', '1950']
Abílio dos Santos Diniz	/wiki/Ab%C3%ADlio_dos_Santos_Diniz	['1900', '1950']
Aloysio de Andrade Faria	/wiki/Aloysio_de_Andrade_Faria	['1900', '1950']
Andre Medici	/wiki/Andre_Medici	['1900', '1950']
Antônio Ermírio de Moraes	/wiki/Ant%C3%B4nio_Erm%C3%ADrio_de_Moraes	['1900', '1950']
Armínio Fraga	/wiki/Arm%C3%ADnio_Fraga	['1900', '1950']
Assis 'Chatô' Chateaubriand	/wiki/Assis_%27Chat%C3%B4%27_Chateaubriand	['1900', '1950']
Arne Ragnar Enge	/wiki/Arne_Ragnar_Enge	['1900', '1950']
Bob Falkenburg	/wiki/Bob_Falkenburg	['1900', '1950']
Carlos Ghosn	/wiki/Carlos_Ghosn	['1900', '1950']
Daniel Dantas	/wiki/Daniel_Dantas_(entrepreneur)	['1900', '1950']
Edmond Safra	/wiki/Edmond_Safra	['1900', '1950']
Eduardo Saverin	/wiki/Eduardo_Saverin	['1900', '1950']
Eike Batista	/wiki/Eike_Batista	['1900', '1950']
Count Francesco Matarazzo	/wiki/Count_Francesco_Matarazzo	['1900', '1950']
Germán Efromovich	/wiki/Germ%C3%A1n_Efromovich	['1900', '1950']
Gustavo Brigagão	/wiki/Gustavo_Brigag%C3%A3o	['1900', '1950']
Gustavo Franco	/wiki/Gustavo_Franco	['1900', '1950']
Henrique Meirelles	/wiki/Henrique_Meirelles	['1900', '1950']
João Carlos di Genio	/wiki/Jo%C3%A3o_Carlos_di_Genio	['1900', '1950']
Jorge Paulo Lemann	/wiki/Jorge_Paulo_Lemann	['1900', '1950']
José Alencar	/wiki/Jos%C3%A9_Alencar	['1900', '1950']
Julio Bozano	/wiki/Julio_Bozano	['1900', '1950']
Mike Krieger	/wiki/Mike_Krieger	['1900', '1950']
Norberto Odebrecht	/wiki/Norberto_Odebrecht	['1900', '1950']
Pedro Moreira Salles	/wiki/Pedro_Moreira_Salles	['1900', '1950']
Ricardo Samuel Goldstein	/wiki/Ricardo_Samuel_Goldstein	['1900', '1950']
Ricardo Semler	/wiki/Ricardo_Semler	['1900', '1950']
Roberto Marinho	/wiki/Roberto_Marinho	['1900', '1950']
Samuel Klein	/wiki/Samuel_Klein_(businessman)	['1900', '1950']
Victor Civita	/wiki/Victor_Civita	['1900', '1950']
Walter Moreira Salles	/wiki/Walter_Moreira_Salles	['1900', '1950']
Cândido Rondon	/wiki/C%C3%A2ndido_Rondon	['1865', '1958']
Villas Boas brothers	/wiki/Villas_Boas_brothers	['1914', '2003']
Amyr Klink	/wiki/Amyr_Klink	['1900', '1950']
Sydney Possuelo	/wiki/Sydney_Possuelo	['1900', '1950']
Alexandre Herchcovitch	/wiki/Alexandre_Herchcovitch	['1900', '1950']
Amir Slama	/wiki/Amir_Slama	['1900', '1950']
André Lima	/wiki/Andr%C3%A9_Lima	['1900', '1950']
Carlos Falchi	/wiki/Carlos_Falchi	['1900', '1950']
Carlos Tufvesson	/wiki/Carlos_Tufvesson	['1900', '1950']
Clodovil Hernandes	/wiki/Clodovil_Hernandes	['1900', '1950']
David Azulay	/wiki/David_Azulay	['1900', '1950']
Francisco Costa	/wiki/Francisco_Costa_(designer)	['1900', '1950']
Igor Cavalera	/wiki/Igor_Cavalera	['1900', '1950']
João Pimenta	/wiki/Jo%C3%A3o_Pimenta	['1900', '1950']
Ocimar Versolato	/wiki/Ocimar_Versolato	['1900', '1950']
Ricardo Almeida	/wiki/Ricardo_Almeida	['1900', '1950']
Tufi Duek	/wiki/Tufi_Duek	['1900', '1950']
Zuzu Angel	/wiki/Zuzu_Angel	['1900', '1950']
Djalma Guimarães	/wiki/Djalma_Guimar%C3%A3es	['1900', '1950']
Fernando Flávio Marques de Almeida	/wiki/Fernando_Fl%C3%A1vio_Marques_de_Almeida	['1900', '1950']
José Bonifácio de Andrada e Silva	/wiki/Jos%C3%A9_Bonif%C3%A1cio_de_Andrada_e_Silva	['1763', '1838']
Louis Agassiz	/wiki/Louis_Agassiz	['1900', '1950']
Louis de Loczy	/wiki/Louis_de_Loczy	['1900', '1950']
Orville Adalbert Derby	/wiki/Orville_Adalbert_Derby	['1900', '1950']
Reinhard Maack	/wiki/Reinhard_Maack	['1900', '1950']
Walter K. Link	/wiki/Walter_K._Link	['1900', '1950']
Octávio Barbosa	/wiki/Oct%C3%A1vio_Barbosa	['1907', '1997']
Heinz Ebert	/wiki/Heinz_Ebert	['1907', '1983']
Aziz Ab'Saber	/wiki/Aziz_Ab%27Saber	['1924', '2025']
Sérgio Estanislau do Amaral	/wiki/S%C3%A9rgio_Estanislau_do_Amaral	['1900', '1950']
Peter Szatmari	/wiki/Peter_Szatmari_(geologist)	['1900', '1950']
Joaquim Marques Lisboa	/wiki/Joaquim_Marques_Lisboa	['1900', '1950']
Ana Néri	/wiki/Ana_N%C3%A9ri	['1900', '1950']
Anita Garibaldi	/wiki/Anita_Garibaldi	['1821', '1849']
Ayrton Senna	/wiki/Ayrton_Senna	['1960', '1994']
Francisco Manuel Barroso da Silva	/wiki/Francisco_Manuel_Barroso_da_Silva	['1900', '1950']
Carlos Marighella	/wiki/Carlos_Marighella	['1911', '1969']
Bento Gonçalves da Silva	/wiki/Bento_Gon%C3%A7alves_da_Silva	['1900', '1950']
Chico Mendes	/wiki/Chico_Mendes	['1944', '1988']
José Bonifácio de Andrade e Silva	/wiki/Jos%C3%A9_Bonif%C3%A1cio_de_Andrade_e_Silva	['1900', '1950']
Tiradentes	/wiki/Tiradentes	['1746', '1792']
Tristão de Alencar Araripe	/wiki/Trist%C3%A3o_de_Alencar_Araripe	['1900', '1950']
Zumbi	/wiki/Zumbi	['1655', '1695']
Leonardo Boff	/wiki/Leonardo_Boff	['1938', '2025']
Benjamin Constant	/wiki/Benjamin_Constant_(Brazil)	['1836', '1891']
Raymundo Faoro	/wiki/Raymundo_Faoro	['1925', '2003']
Paulo Freire	/wiki/Paulo_Freire	['1921', '1997']
Florestan Fernandes	/wiki/Florestan_Fernandes	['1920', '1995']
Gilberto Freyre	/wiki/Gilberto_Freyre	['1900', '1987']
Pontes de Miranda	/wiki/Pontes_de_Miranda	['1892', '1979']
Anna Veronica Mautner	/wiki/Anna_Veronica_Mautner	['1935', '2019']
José do Patrocínio	/wiki/Jos%C3%A9_do_Patroc%C3%ADnio	['1854', '1905']
Darcy Ribeiro	/wiki/Darcy_Ribeiro	['1922', '1997']
Jorge Stolfi	/wiki/Jorge_Stolfi	['1950', '2025']
Milton Santos	/wiki/Milton_Santos	['1926', '2001']
Carolina Araujo	/wiki/Carolina_Araujo_(mathematician)	['1900', '1950']
Artur Avila	/wiki/Artur_Avila	['1900', '1950']
Manfredo do Carmo	/wiki/Manfredo_do_Carmo	['1900', '1950']
Walter Carnielli	/wiki/Walter_Carnielli	['1900', '1950']
Gauss Moutinho Cordeiro	/wiki/Gauss_Moutinho_Cordeiro	['1900', '1950']
Celso Costa	/wiki/Celso_Costa	['1900', '1950']
Newton da Costa	/wiki/Newton_da_Costa	['1900', '1950']
César Camacho	/wiki/C%C3%A9sar_Camacho	['1900', '1950']
Marcos Dajczer	/wiki/Marcos_Dajczer	['1900', '1950']
Francisco Antônio Dória	/wiki/Francisco_Ant%C3%B4nio_D%C3%B3ria	['1900', '1950']
Djairo Guedes de Figueiredo	/wiki/Djairo_Guedes_de_Figueiredo	['1900', '1950']
Leopoldo Penna Franca	/wiki/Leopoldo_Penna_Franca	['1900', '1950']
Arnaldo Garcia	/wiki/Arnaldo_Garcia	['1900', '1950']
Fernando Q. Gouvêa	/wiki/Fernando_Q._Gouv%C3%AAa	['1900', '1950']
Alfredo Noel Iusem	/wiki/Alfredo_Noel_Iusem	['1900', '1950']
Yoshiharu Kohayakawa	/wiki/Yoshiharu_Kohayakawa	['1900', '1950']
Elon Lages Lima	/wiki/Elon_Lages_Lima	['1900', '1950']
Artur Oscar Lopes	/wiki/Artur_Oscar_Lopes	['1900', '1950']
Ricardo Mañé	/wiki/Ricardo_Ma%C3%B1%C3%A9	['1900', '1950']
Fernando Codá Marques	/wiki/Fernando_Cod%C3%A1_Marques	['1900', '1950']
Carlos Matheus	/wiki/Carlos_Matheus	['1900', '1950']
Júlio César de Mello e Souza	/wiki/J%C3%BAlio_C%C3%A9sar_de_Mello_e_Souza	['1900', '1950']
Welington de Melo	/wiki/Welington_de_Melo	['1900', '1950']
Raimundo Teixeira Mendes	/wiki/Raimundo_Teixeira_Mendes	['1900', '1950']
Carlos Gustavo Moreira	/wiki/Carlos_Gustavo_Moreira	['1900', '1950']
Leopoldo Nachbin	/wiki/Leopoldo_Nachbin	['1900', '1950']
Antônio Carbonari Netto	/wiki/Ant%C3%B4nio_Carbonari_Netto	['1900', '1950']
Helena J. Nussenzveig Lopes	/wiki/Helena_J._Nussenzveig_Lopes	['1900', '1950']
Valeria de Paiva	/wiki/Valeria_de_Paiva	['1900', '1950']
Jacob Palis	/wiki/Jacob_Palis	['1900', '1950']
Maurício Peixoto	/wiki/Maur%C3%ADcio_Peixoto	['1900', '1950']
Paulo Pinheiro	/wiki/Paulo_Pinheiro	['1900', '1950']
Enrique Pujals	/wiki/Enrique_Pujals	['1900', '1950']
Paulo Ribenboim	/wiki/Paulo_Ribenboim	['1900', '1950']
Ruy de Queiroz	/wiki/Ruy_de_Queiroz	['1900', '1950']
Aron Simis	/wiki/Aron_Simis	['1900', '1950']
Imre Simon	/wiki/Imre_Simon	['1900', '1950']
Joaquim Gomes de Souza	/wiki/Joaquim_Gomes_de_Souza	['1900', '1950']
Jorge Sotomayor Tello	/wiki/Jorge_Sotomayor_Tello	['1900', '1950']
Keti Tenenblat	/wiki/Keti_Tenenblat	['1900', '1950']
Marcelo Viana	/wiki/Marcelo_Viana	['1900', '1950']
José Felipe Voloch	/wiki/Jos%C3%A9_Felipe_Voloch	['1900', '1950']
Adriana Lima	/wiki/Adriana_Lima	['1900', '1950']
Adriènne Ferreira	/wiki/Adri%C3%A8nne_Ferreira	['1900', '1950']
Alessandra Ambrosio	/wiki/Alessandra_Ambrosio	['1900', '1950']
Monalysa Alcântara	/wiki/Monalysa_Alc%C3%A2ntara	['1900', '1950']
Ana Beatriz Barros	/wiki/Ana_Beatriz_Barros	['1900', '1950']
Gisele Bündchen	/wiki/Gisele_B%C3%BCndchen	['1900', '1950']
Ana Carolina Reston	/wiki/Ana_Carolina_Reston	['1900', '1950']
Mayra Dias	/wiki/Mayra_Dias	['1900', '1950']
Ana Claudia Michels	/wiki/Ana_Claudia_Michels	['1900', '1950']
Ana Hickmann	/wiki/Ana_Hickmann	['1900', '1950']
Júlia Horta	/wiki/J%C3%BAlia_Horta	['1900', '1950']
Bruna Erhardt	/wiki/Bruna_Erhardt	['1900', '1950']
Bruna Tenório	/wiki/Bruna_Ten%C3%B3rio	['1900', '1950']
Camilla Finn	/wiki/Camilla_Finn	['1900', '1950']
Caroline Trentini	/wiki/Caroline_Trentini	['1900', '1950']
Cintia Dicker	/wiki/Cintia_Dicker	['1900', '1950']
Daniella Cicarelli	/wiki/Daniella_Cicarelli	['1900', '1950']
Daniella Sarahyba	/wiki/Daniella_Sarahyba	['1900', '1950']
Emanuela de Paula	/wiki/Emanuela_de_Paula	['1900', '1950']
Fabiana Semprebom	/wiki/Fabiana_Semprebom	['1900', '1950']
Fernanda Lessa	/wiki/Fernanda_Lessa	['1900', '1950']
Fernanda Motta	/wiki/Fernanda_Motta	['1900', '1950']
Fernanda Tavares	/wiki/Fernanda_Tavares	['1900', '1950']
Flavia de Oliveira	/wiki/Flavia_de_Oliveira	['1900', '1950']
Gianne Albertoni	/wiki/Gianne_Albertoni	['1900', '1950']
Isabeli Fontana	/wiki/Isabeli_Fontana	['1900', '1950']
Izabel Goulart	/wiki/Izabel_Goulart	['1900', '1950']
Jéssica Pauletto	/wiki/J%C3%A9ssica_Pauletto	['1900', '1950']
Juliana Martins	/wiki/Juliana_Martins	['1900', '1950']
Lais Ribeiro	/wiki/Lais_Ribeiro	['1900', '1950']
Letícia Birkheuer	/wiki/Let%C3%ADcia_Birkheuer	['1900', '1950']
Luciana Curtis	/wiki/Luciana_Curtis	['1900', '1950']
Luciana Gimenez	/wiki/Luciana_Gimenez	['1900', '1950']
Luíza Brunet	/wiki/Lu%C3%ADza_Brunet	['1900', '1950']
Marcelle Bittar	/wiki/Marcelle_Bittar	['1900', '1950']
Mariana Weickert	/wiki/Mariana_Weickert	['1900', '1950']
Michelle Alves	/wiki/Michelle_Alves	['1900', '1950']
Monique Olsen	/wiki/Monique_Olsen	['1900', '1950']
Raica Oliveira	/wiki/Raica_Oliveira	['1900', '1950']
Raquel Zimmermann	/wiki/Raquel_Zimmermann	['1900', '1950']
Shirley Mallmann	/wiki/Shirley_Mallmann	['1900', '1950']
Yasmin Brunet	/wiki/Yasmin_Brunet	['1900', '1950']
Marlon Teixeira	/wiki/Marlon_Teixeira	['1900', '1950']
Anderson Silva	/wiki/Anderson_Silva	['1900', '1950']
Evandro Soldati	/wiki/Evandro_Soldati	['1900', '1950']
Miro Moreira	/wiki/Miro_Moreira	['1900', '1950']
Rafael Verga	/wiki/Rafael_Verga	['1900', '1950']
Romulo Pires	/wiki/Romulo_Pires	['1900', '1950']
Francisco Lachowski	/wiki/Francisco_Lachowski	['1900', '1950']
Antônio Carlos Jobim	/wiki/Ant%C3%B4nio_Carlos_Jobim	['1900', '1950']
João Gilberto	/wiki/Jo%C3%A3o_Gilberto	['1900', '1950']
Astrud Gilberto	/wiki/Astrud_Gilberto	['1900', '1950']
Bebel Gilberto	/wiki/Bebel_Gilberto	['1900', '1950']
Caetano Veloso	/wiki/Caetano_Veloso	['1900', '1950']
Heitor Villa-Lobos	/wiki/Heitor_Villa-Lobos	['1900', '1950']
Sandy	/wiki/Sandy_(singer)	['1900', '1950']
Marisa Monte	/wiki/Marisa_Monte	['1900', '1950']
Anitta	/wiki/Anitta	['1900', '1950']
Kelly Key	/wiki/Kelly_Key	['1900', '1950']
Claudia Leitte	/wiki/Claudia_Leitte	['1900', '1950']
Tim Maia	/wiki/Tim_Maia	['1900', '1950']
Ivete Sangalo	/wiki/Ivete_Sangalo	['1900', '1950']
Marcos Saback	/wiki/Marcos_Saback	['1900', '1950']
Mallu Magalhães	/wiki/Mallu_Magalh%C3%A3es	['1900', '1950']
Jair Bolsonaro	/wiki/Jair_Bolsonaro	['1955', '2025']
Aécio Neves	/wiki/A%C3%A9cio_Neves	['1960', '2025']
Alfredo Sirkis	/wiki/Alfredo_Sirkis	['1950', '2025']
André Franco Montoro	/wiki/Andr%C3%A9_Franco_Montoro	['1916', '1999']
Adhemar de Barros	/wiki/Adhemar_de_Barros	['1901', '1969']
Artur da Costa e Silva	/wiki/Artur_da_Costa_e_Silva	['1899', '1969']
Carlos Bolsonaro	/wiki/Carlos_Bolsonaro	['1982', '2025']
Carlos Lacerda	/wiki/Carlos_Lacerda	['1914', '1977']
Carlos Marun	/wiki/Carlos_Marun	['1960', '2025']
Cesar Maia	/wiki/Cesar_Maia	['1945', '2025']
Ciro Gomes	/wiki/Ciro_Gomes	['1957', '2025']
Davi Alcolumbre	/wiki/Davi_Alcolumbre	['1977', '2025']
Dilma Rousseff	/wiki/Dilma_Rousseff	['1947', '2025']
Eduardo Bolsonaro	/wiki/Eduardo_Bolsonaro	['1984', '2025']
Eduardo Jorge	/wiki/Eduardo_Jorge	['1949', '2025']
Enéas Carneiro	/wiki/En%C3%A9as_Carneiro	['1938', '2007']
Ernesto Geisel	/wiki/Ernesto_Geisel	['1907', '1996']
Esperidião Amin	/wiki/Esperidi%C3%A3o_Amin	['1947', '2025']
Eurico Gaspar Dutra	/wiki/Eurico_Gaspar_Dutra	['1883', '1974']
Fernando Collor de Mello	/wiki/Fernando_Collor_de_Mello	['1949', '2025']
Fernando Henrique Cardoso	/wiki/Fernando_Henrique_Cardoso	['1931', '2025']
Flávio Bolsonaro	/wiki/Fl%C3%A1vio_Bolsonaro	['1981', '2025']
Geraldo Alckmin	/wiki/Geraldo_Alckmin	['1952', '2025']
Getúlio Vargas	/wiki/Get%C3%BAlio_Vargas	['1882', '1954']
Golbery do Couto e Silva	/wiki/Golbery_do_Couto_e_Silva	['1911', '1987']
Hamilton Mourão	/wiki/Hamilton_Mour%C3%A3o	['1953', '2025']
Jânio Quadros	/wiki/J%C3%A2nio_Quadros	['1917', '1992']
Joice Hasselmann	/wiki/Joice_Hasselmann	['1978', '2025']
João Amoêdo	/wiki/Jo%C3%A3o_Amo%C3%AAdo	['1962', '2025']
João Goulart	/wiki/Jo%C3%A3o_Goulart	['1919', '1976']
José Bonifácio de Andrada e Silva	/wiki/Jos%C3%A9_Bonif%C3%A1cio_de_Andrada_e_Silva	['1763', '1838']
José Maria de Almeida	/wiki/Jos%C3%A9_Maria_de_Almeida	['1957', '2025']
José Maria Eymael	/wiki/Jos%C3%A9_Maria_Eymael	['1939', '2025']
José Sarney	/wiki/Jos%C3%A9_Sarney	['1930', '2025']
Júlio Prestes	/wiki/J%C3%BAlio_Prestes	['1882', '1946']
Juscelino Kubitschek	/wiki/Juscelino_Kubitschek	['1902', '1976']
Kim Kataguiri	/wiki/Kim_Kataguiri	['1996', '2025']
Leonel Brizola	/wiki/Leonel_Brizola	['1922', '2004']
Luciana Genro	/wiki/Luciana_Genro	['1971', '2025']
Luciano Bivar	/wiki/Luciano_Bivar	['1944', '2025']
Luís Carlos Prestes	/wiki/Lu%C3%ADs_Carlos_Prestes	['1898', '1990']
Luís Inácio Lula da Silva	/wiki/Lu%C3%ADs_In%C3%A1cio_Lula_da_Silva	['1945', '2025']
Manuela d'Ávila	/wiki/Manuela_d%27%C3%81vila	['1981', '2025']
Marcelo Freixo	/wiki/Marcelo_Freixo	['1967', '2025']
Marielle Franco	/wiki/Marielle_Franco	['1979', '2018']
Mário Covas	/wiki/M%C3%A1rio_Covas	['1930', '2001']
Marina Silva	/wiki/Marina_Silva	['1958', '2025']
Marta Suplicy	/wiki/Marta_Suplicy	['1945', '2025']
Mauro Carlesse	/wiki/Mauro_Carlesse	['1960', '2025']
Michel Temer	/wiki/Michel_Temer	['1940', '2025']
Paulo Maluf	/wiki/Paulo_Maluf	['1931', '2025']
Paulo Renato Souza	/wiki/Paulo_Renato_Souza	['1945', '2011']
Rodrigo Maia	/wiki/Rodrigo_Maia	['1970', '2025']
Romeu Zema	/wiki/Romeu_Zema	['1964', '2025']
Rui Costa Pimenta	/wiki/Rui_Costa_Pimenta	['1957', '2025']
Tancredo Neves	/wiki/Tancredo_Neves	['1910', '1985']
Tarso Genro	/wiki/Tarso_Genro	['1947', '2025']
Antonio Conselheiro	/wiki/Antonio_Conselheiro	['1900', '1950']
Edir Macedo	/wiki/Edir_Macedo	['1900', '1950']
Inri Cristo	/wiki/Inri_Cristo	['1948', '2025']
R. R. Soares	/wiki/R._R._Soares	['1900', '1950']
Frei Galvão	/wiki/Frei_Galv%C3%A3o	['1900', '1950']
Helder Câmara	/wiki/Helder_C%C3%A2mara	['1909', '1999']
Paulo Evaristo Arns	/wiki/Paulo_Evaristo_Arns	['1900', '1950']
Cláudio Hummes	/wiki/Cl%C3%A1udio_Hummes	['1900', '1950']
Helvécio Martins	/wiki/Helv%C3%A9cio_Martins	['1900', '1950']
Chico Xavier	/wiki/Chico_Xavier	['1910', '2002']
Abelardo Barbosa	/wiki/Abelardo_Barbosa	['1900', '1950']
Amanda Françozo	/wiki/Amanda_Fran%C3%A7ozo	['1900', '1950']
Angélica Ksyvickis	/wiki/Ang%C3%A9lica_Ksyvickis	['1900', '1950']
Boris Casoy	/wiki/Boris_Casoy	['1900', '1950']
Eliana Michaelichin Bezerra	/wiki/Eliana_Michaelichin_Bezerra	['1900', '1950']
Jô Soares	/wiki/J%C3%B4_Soares	['1900', '1950']
Luciano Huck	/wiki/Luciano_Huck	['1900', '1950']
Marília Gabriela	/wiki/Mar%C3%ADlia_Gabriela	['1900', '1950']
Pedro Bial	/wiki/Pedro_Bial	['1900', '1950']
Silvio Santos	/wiki/Silvio_Santos	['1900', '1950']
William Bonner	/wiki/William_Bonner_(Brazilian_newscaster)	['1900', '1950']
Xuxa	/wiki/Xuxa	['1900', '1950']
Álvares de Azevedo	/wiki/%C3%81lvares_de_Azevedo	['1831', '1852']
Alfredo D'Escragnolle Taunay	/wiki/Alfredo_D%27Escragnolle_Taunay	['1843', '1871']
Augusto dos Anjos	/wiki/Augusto_dos_Anjos	['1884', '1914']
Antônio Gonçalves Dias	/wiki/Ant%C3%B4nio_Gon%C3%A7alves_Dias	['1823', '1864']
Carlos Drummond de Andrade	/wiki/Carlos_Drummond_de_Andrade	['1902', '1987']
Castro Alves	/wiki/Castro_Alves	['1847', '1871']
Cecília Meireles	/wiki/Cec%C3%ADlia_Meireles	['1901', '1964']
Clarice Lispector	/wiki/Clarice_Lispector	['1925', '1977']
Dina Mangabeira	/wiki/Dina_Mangabeira	['1923', '2000']
Érico Verissimo	/wiki/%C3%89rico_Verissimo	['1905', '1975']
Esther Largman	/wiki/Esther_Largman	['1900', '1950']
Fernando Sabino	/wiki/Fernando_Sabino	['1923', '2004']
Ferreira Gullar	/wiki/Ferreira_Gullar	['1900', '1950']
Gustavo Dourado	/wiki/Gustavo_Dourado	['1900', '1950']
Haroldo de Campos	/wiki/Haroldo_de_Campos	['1929', '2003']
Holdemar Menezes	/wiki/Holdemar_Menezes	['1921', '1996']
João Cabral de Melo Neto	/wiki/Jo%C3%A3o_Cabral_de_Melo_Neto	['1920', '1999']
João Guimarães Rosa	/wiki/Jo%C3%A3o_Guimar%C3%A3es_Rosa	['1908', '1967']
Jorge Amado	/wiki/Jorge_Amado	['1912', '2001']
José de Alencar	/wiki/Jos%C3%A9_de_Alencar	['1829', '1877']
Luis Fernando Veríssimo	/wiki/Luis_Fernando_Ver%C3%ADssimo	['1936', '2025']
Lya Luft	/wiki/Lya_Luft	['1938', '2025']
Machado de Assis	/wiki/Machado_de_Assis	['1839', '1908']
Manuel Bandeira	/wiki/Manuel_Bandeira	['1886', '1968']
Maria Clara Machado	/wiki/Maria_Clara_Machado	['1921', '2001']
Mário de Andrade	/wiki/M%C3%A1rio_de_Andrade	['1893', '1945']
Vicente Ferreira da Silva	/wiki/Vicente_Ferreira_da_Silva	['1900', '1950']
Márcio Souza	/wiki/M%C3%A1rcio_Souza	['1946', '2025']
Menotti del Picchia	/wiki/Menotti_del_Picchia	['1900', '1950']
Monteiro Lobato	/wiki/Monteiro_Lobato	['1882', '1948']
Nelson Rodrigues	/wiki/Nelson_Rodrigues	['1912', '1980']
Oduvaldo Vianna Filho	/wiki/Oduvaldo_Vianna_Filho	['1936', '1974']
Olavo Bilac	/wiki/Olavo_Bilac	['1865', '1918']
Otto Maria Carpeaux	/wiki/Otto_Maria_Carpeaux	['1900', '1978']
Oswald de Andrade	/wiki/Oswald_de_Andrade	['1890', '1954']
Paulo Coelho	/wiki/Paulo_Coelho	['1947', '2025']
Vinícius de Morais	/wiki/Vin%C3%ADcius_de_Morais	['1913', '1980']
Luiz Duarte	/wiki/Luiz_Duarte	['1956', '2025']
Paulo Fernando Craveiro	/wiki/Paulo_Fernando_Craveiro	['1934', '2025']
Ricardo Kotscho	/wiki/Ricardo_Kotscho	['1948', '2025']
Manuel de Abreu	/wiki/Manuel_de_Abreu	['1900', '1950']
Aziz Ab'Saber	/wiki/Aziz_Ab%27Saber	['1900', '1950']
Fernando Flávio Marques de Almeida	/wiki/Fernando_Fl%C3%A1vio_Marques_de_Almeida	['1900', '1950']
Carlos Paz de Araújo	/wiki/Carlos_Paz_de_Ara%C3%BAjo	['1900', '1950']
José Márcio Ayres	/wiki/Jos%C3%A9_M%C3%A1rcio_Ayres	['1900', '1950']
Marcia Barbosa	/wiki/Marcia_Barbosa	['1900', '1950']
Eddy Bensoussan	/wiki/Eddy_Bensoussan	['1900', '1950']
Wilson Teixeira Beraldo	/wiki/Wilson_Teixeira_Beraldo	['1900', '1950']
Thaisa Storchi Bergmann	/wiki/Thaisa_Storchi_Bergmann	['1900', '1950']
Carlos Augusto Bertulani	/wiki/Carlos_Augusto_Bertulani	['1900', '1950']
Vital Brazil	/wiki/Vital_Brazil	['1900', '1950']
Ennio Candotti	/wiki/Ennio_Candotti	['1900', '1950']
Fernando Henrique Cardoso	/wiki/Fernando_Henrique_Cardoso	['1900', '1950']
José Cândido de Melo Carvalho	/wiki/Jos%C3%A9_C%C3%A2ndido_de_Melo_Carvalho	['1900', '1950']
Carlos Chagas	/wiki/Carlos_Chagas	['1900', '1950']
Evandro Chagas	/wiki/Evandro_Chagas	['1900', '1950']
Gauss Moutinho Cordeiro	/wiki/Gauss_Moutinho_Cordeiro	['1900', '1950']
Vera Cordeiro	/wiki/Vera_Cordeiro	['1900', '1950']
Newton da Costa	/wiki/Newton_da_Costa	['1929', '2025']
Oswaldo Cruz	/wiki/Oswaldo_Cruz	['1900', '1950']
Johanna Döbereiner	/wiki/Johanna_D%C3%B6bereiner	['1924', '2000']
Adolpho Ducke	/wiki/Adolpho_Ducke	['1900', '1950']
Florestan Fernandes	/wiki/Florestan_Fernandes	['1920', '1995']
Sérgio Henrique Ferreira	/wiki/S%C3%A9rgio_Henrique_Ferreira	['1900', '1950']
Carlos Chagas Filho	/wiki/Carlos_Chagas_Filho	['1900', '1950']
Hércules Florence	/wiki/H%C3%A9rcules_Florence	['1900', '1950']
Santiago Americano Freire	/wiki/Santiago_Americano_Freire	['1908', '1997']
Gilberto Freyre	/wiki/Gilberto_Freyre	['1900', '1987']
Celso Furtado	/wiki/Celso_Furtado	['1900', '1950']
Marcelo Gleiser	/wiki/Marcelo_Gleiser	['1900', '1950']
José Goldemberg	/wiki/Jos%C3%A9_Goldemberg	['1900', '1950']
Émil Göldi	/wiki/%C3%89mil_G%C3%B6ldi	['1900', '1950']
Bartolomeu de Gusmão	/wiki/Bartolomeu_de_Gusm%C3%A3o	['1900', '1950']
Jacques Hüber	/wiki/Jacques_H%C3%BCber	['1900', '1950']
Ivan Izquierdo	/wiki/Ivan_Izquierdo	['1900', '1950']
Jean Paul Jacob	/wiki/Jean_Paul_Jacob	['1900', '1950']
Adib Jatene	/wiki/Adib_Jatene	['1900', '1950']
Alexander Kellner	/wiki/Alexander_Kellner	['1900', '1950']
Warwick Estevam Kerr	/wiki/Warwick_Estevam_Kerr	['1900', '1950']
Eduardo Krieger	/wiki/Eduardo_Krieger	['1900', '1950']
César Lattes	/wiki/C%C3%A9sar_Lattes	['1900', '1950']
Napoleão Laureano	/wiki/Napole%C3%A3o_Laureano	['1900', '1950']
Aristides Leão	/wiki/Aristides_Le%C3%A3o	['1900', '1950']
Ângelo Moreira da Costa Lima	/wiki/%C3%82ngelo_Moreira_da_Costa_Lima	['1887', '1964']
Henrique da Rocha Lima	/wiki/Henrique_da_Rocha_Lima	['1900', '1950']
José Leite Lopes	/wiki/Jos%C3%A9_Leite_Lopes	['1900', '1950']
Adolfo Lutz	/wiki/Adolfo_Lutz	['1900', '1950']
José Lutzenberger	/wiki/Jos%C3%A9_Lutzenberger	['1926', '2002']
Roberto Landell de Moura	/wiki/Roberto_Landell_de_Moura	['1900', '1950']
Fritz Müller	/wiki/Fritz_M%C3%BCller	['1900', '1950']
Miguel Nicolelis	/wiki/Miguel_Nicolelis	['1900', '1950']
Jacob Palis	/wiki/Jacob_Palis	['1900', '1950']
Maurício Peixoto	/wiki/Maur%C3%ADcio_Peixoto	['1900', '1950']
Domingos Soares Ferreira Penna	/wiki/Domingos_Soares_Ferreira_Penna	['1900', '1950']
José Aristodemo Pinotti	/wiki/Jos%C3%A9_Aristodemo_Pinotti	['1900', '1950']
Marcos Pontes	/wiki/Marcos_Pontes	['1900', '1950']
André Rebouças	/wiki/Andr%C3%A9_Rebou%C3%A7as	['1838', '1898']
José Reis	/wiki/Jos%C3%A9_Reis_(scientist)	['1900', '1950']
Gilberto Righi	/wiki/Gilberto_Righi	['1900', '1950']
Milton Santos	/wiki/Milton_Santos	['1926', '2001']
Alberto Santos-Dumont	/wiki/Alberto_Santos-Dumont	['1900', '1950']
Mário Schenberg	/wiki/M%C3%A1rio_Schenberg	['1900', '1950']
Helmut Sick	/wiki/Helmut_Sick	['1900', '1950']
Lotar Siewerdt	/wiki/Lotar_Siewerdt	['1900', '1950']
Pirajá da Silva	/wiki/Piraj%C3%A1_da_Silva	['1900', '1950']
Maurício Rocha e Silva	/wiki/Maur%C3%ADcio_Rocha_e_Silva	['1900', '1950']
Nise da Silveira	/wiki/Nise_da_Silveira	['1905', '1999']
Jorge Stolfi	/wiki/Jorge_Stolfi	['1900', '1950']
Jayme Tiomno	/wiki/Jayme_Tiomno	['1900', '1950']
Paulo Emílio Vanzolini	/wiki/Paulo_Em%C3%ADlio_Vanzolini	['1900', '1950']
Glaci Zancan	/wiki/Glaci_Zancan	['1900', '1950']
Mayana Zatz	/wiki/Mayana_Zatz	['1900', '1950']
Euryclides Zerbini	/wiki/Euryclides_Zerbini	['1900', '1950']
Alexander Grothendieck	/wiki/Alexander_Grothendieck	['1900', '1950']
David Bohm	/wiki/David_Bohm	['1900', '1950']
Gregory Chaitin	/wiki/Gregory_Chaitin	['1900', '1950']
Louis Couty	/wiki/Louis_Couty	['1900', '1950']
Miguel Rolando Covian	/wiki/Miguel_Rolando_Covian	['1900', '1950']
Orville Adalbert Derby	/wiki/Orville_Adalbert_Derby	['1900', '1950']
Heinz Ebert	/wiki/Heinz_Ebert	['1900', '1950']
Luigi Fantappiè	/wiki/Luigi_Fantappi%C3%A8	['1900', '1950']
Richard Feynman	/wiki/Richard_Feynman	['1900', '1950']
Charles Frederick Hartt	/wiki/Charles_Frederick_Hartt	['1900', '1950']
Hermann von Ihering	/wiki/Hermann_von_Ihering	['1900', '1950']
Fritz Köberle	/wiki/Fritz_K%C3%B6berle	['1900', '1950']
Grigori Ivanovitch Langsdorff	/wiki/Grigori_Ivanovitch_Langsdorff	['1900', '1950']
Claude Lévi-Strauss	/wiki/Claude_L%C3%A9vi-Strauss	['1900', '1950']
Emmanuel Liais	/wiki/Emmanuel_Liais	['1900', '1950']
Lucien Lison	/wiki/Lucien_Lison	['1900', '1950']
Fritz Müller	/wiki/Fritz_M%C3%BCller	['1900', '1950']
Giuseppe Occhialini	/wiki/Giuseppe_Occhialini	['1900', '1950']
Ludwig Riedel	/wiki/Ludwig_Riedel	['1900', '1950']
Oscar Sala	/wiki/Oscar_Sala	['1900', '1950']
Carl August Wilhelm Schwacke	/wiki/Carl_August_Wilhelm_Schwacke	['1900', '1950']
Friedrich Sellow	/wiki/Friedrich_Sellow	['1900', '1950']
Helmut Sick	/wiki/Helmut_Sick	['1900', '1950']
Peter Szatmari	/wiki/Peter_Szatmari_(geologist)	['1900', '1950']
Gleb Wataghin	/wiki/Gleb_Wataghin	['1900', '1950']
Stefan Zweig	/wiki/Stefan_Zweig	['1900', '1950']
