text	link	year
Estian Calitz	/wiki/Estian_Calitz	['1949', '2025']
Miriam Green	/wiki/Miriam_Green	['1900', '1950']
Adam Habib	/wiki/Adam_Habib	['1900', '1950']
Jan Hendrik Hofmeyr	/wiki/Jan_Hendrik_Hofmeyr_(1894-1948)	['1894', '1948']
Tshilidzi Marwala	/wiki/Tshilidzi_Marwala	['1971', '2025']
Njabulo Ndebele	/wiki/Njabulo_Ndebele	['1948', '2025']
D. C. S. Oosthuizen	/wiki/D._C._S._Oosthuizen	['1926', '1968']
Adriaan Nicolaas Petrus Pelzer	/wiki/Adriaan_Nicolaas_Petrus_Pelzer	['1915', '1981']
Pierre de Villiers Pienaar	/wiki/Pierre_de_Villiers_Pienaar	['1904', '1978']
Calie Pistorius	/wiki/Calie_Pistorius	['1958', '2025']
Benedict Wallet Vilakazi	/wiki/Benedict_Wallet_Vilakazi	['1906', '1947']
David Webster	/wiki/David_Webster_(anthropologist)	['1945', '1989']
Abraham Manie Adelstein	/wiki/Abraham_Manie_Adelstein	['1916', '1992']
Christiaan Barnard	/wiki/Christiaan_Barnard	['1922', '2001']
Wouter Basson	/wiki/Wouter_Basson	['1950', '2025']
John Borthwick	/wiki/John_Borthwick_(veterinary_surgeon)	['1867', '1936']
Anna Coutsoudis	/wiki/Anna_Coutsoudis	['1952', '2025']
Patrick Soon-Shiong	/wiki/Patrick_Soon-Shiong	['1952', '2025']
Arnold Theiler	/wiki/Arnold_Theiler	['1867', '1936']
Max Theiler	/wiki/Max_Theiler	['1899', '1972']
Lindiwe Sidali	/wiki/Lindiwe_Sidali	['1984', '2025']
Andrew Geddes Bain	/wiki/Andrew_Geddes_Bain	['1797', '1864']
Peter Beighton	/wiki/Peter_Beighton	['1934', '2025']
Wilhelm Bleek	/wiki/Wilhelm_Bleek	['1827', '1875']
Robert Broom	/wiki/Robert_Broom	['1866', '1951']
Sydney Brenner	/wiki/Sydney_Brenner	['1927', '2025']
Phillip Clancey	/wiki/Phillip_Clancey	['1918', '2001']
Allan McLeod Cormack	/wiki/Allan_McLeod_Cormack	['1924', '1998']
Zodwa Dlamini	/wiki/Zodwa_Dlamini_(biochemist)	['1900', '1950']
Clement Martyn Doke	/wiki/Clement_Martyn_Doke	['1893', '1980']
Mulalo Doyoyo	/wiki/Mulalo_Doyoyo	['1970', '2025']
Alexander du Toit	/wiki/Alexander_du_Toit	['1878', '1948']
Robert Allen Dyer	/wiki/Robert_Allen_Dyer	['1900', '1987']
Wendy Foden	/wiki/Wendy_Foden	['1900', '1950']
J. W. B. Gunning	/wiki/J._W._B._Gunning	['1860', '1913']
David Lewis-Williams	/wiki/David_Lewis-Williams	['1934', '2025']
Lucy Lloyd	/wiki/Lucy_Lloyd	['1834', '1914']
Thebe Medupe	/wiki/Thebe_Medupe	['1973', '2025']
Hans Merensky	/wiki/Hans_Merensky	['1871', '1952']
Austin Roberts	/wiki/Austin_Roberts_(zoologist)	['1883', '1948']
Peter Sarnak	/wiki/Peter_Sarnak	['1953', '2025']
Ramotholo Sefako	/wiki/Ramotholo_Sefako	['1971', '2025']
Buyisiwe Sondezi	/wiki/Buyisiwe_Sondezi	['1976', '2025']
Basil Schonland	/wiki/Basil_Schonland	['1896', '1972']
James Leonard Brierley Smith	/wiki/James_Leonard_Brierley_Smith	['1897', '1968']
Phillip V. Tobias	/wiki/Phillip_V._Tobias	['1925', '2012']
David Bosch	/wiki/David_Bosch	['1929', '1992']
John W. de Gruchy	/wiki/John_W._de_Gruchy	['1939', '2025']
Dion Forster	/wiki/Dion_Forster	['1972', '2025']
Johan Heyns	/wiki/Johan_Heyns	['1928', '1994']
Lady Anne Barnard	/wiki/Lady_Anne_Barnard	['1750', '1825']
Herman Charles Bosman	/wiki/Herman_Charles_Bosman	['1905', '1951']
André P. Brink	/wiki/Andr%C3%A9_P._Brink	['1935', '2015']
Justin Cartwright	/wiki/Justin_Cartwright	['1945', '2025']
John Maxwell Coetzee	/wiki/John_Maxwell_Coetzee	['1940', '2025']
K. Sello Duiker	/wiki/K._Sello_Duiker	['1974', '2005']
James Percy FitzPatrick	/wiki/James_Percy_FitzPatrick	['1862', '1931']
Graeme Friedman	/wiki/Graeme_Friedman	['1900', '1950']
Damon Galgut	/wiki/Damon_Galgut	['1963', '2025']
Nadine Gordimer	/wiki/Nadine_Gordimer	['1923', '2014']
Cornelis Jacobus Langenhoven	/wiki/Cornelis_Jacobus_Langenhoven	['1873', '1932']
Pule Lechesa	/wiki/Pule_Lechesa	['1976', '2025']
Dalene Matthee	/wiki/Dalene_Matthee	['1938', '2005']
Gcina Mhlope	/wiki/Gcina_Mhlope	['1959', '2025']
Phaswane Mpe	/wiki/Phaswane_Mpe	['1970', '2004']
Deon Meyer	/wiki/Deon_Meyer	['1958', '2025']
Alan Paton	/wiki/Alan_Paton	['1903', '1988']
Margaret Roberts	/wiki/Margaret_Roberts_(herbalist)	['1900', '1950']
Karel Schoeman	/wiki/Karel_Schoeman	['1939', '2025']
Olive Schreiner	/wiki/Olive_Schreiner	['1855', '1920']
Wilbur Smith	/wiki/Wilbur_Smith	['1933', '2025']
J. R. R. Tolkien	/wiki/J._R._R._Tolkien	['1892', '1973']
Etienne van Heerden	/wiki/Etienne_van_Heerden	['1956', '2025']
Marlene van Niekerk	/wiki/Marlene_van_Niekerk	['1954', '2025']
Lyall Watson	/wiki/Lyall_Watson	['1939', '2008']
David Yudelman	/wiki/David_Yudelman	['1900', '1950']
Rachel Zadok	/wiki/Rachel_Zadok	['1972', '2025']
Kojo Baffoe	/wiki/Kojo_Baffoe	['1972', '2025']
Khanyi Dhlomo	/wiki/Khanyi_Dhlomo	['1975', '2025']
Laurence Gandar	/wiki/Laurence_Gandar	['1915', '1998']
Niel Hammann	/wiki/Niel_Hammann	['1837', '2025']
John Tengo Jabavu	/wiki/John_Tengo_Jabavu	['1859', '1921']
Aggrey Klaaste	/wiki/Aggrey_Klaaste	['1940', '2004']
Max du Preez	/wiki/Max_du_Preez	['1951', '2025']
Roy Campbell	/wiki/Roy_Campbell_(poet)	['1901', '1957']
Judy Croome	/wiki/Judy_Croome	['1958', '2025']
Sheila Cussons	/wiki/Sheila_Cussons	['1922', '2004']
Jonty Driver	/wiki/Jonty_Driver	['1939', '2025']
Totius	/wiki/Totius_(poet)	['1877', '1953']
Elisabeth Eybers	/wiki/Elisabeth_Eybers	['1915', '2007']
Stephen Gray	/wiki/Stephen_Gray_(writer)	['1941', '2025']
Ingrid Jonker	/wiki/Ingrid_Jonker	['1933', '1965']
Antjie Krog	/wiki/Antjie_Krog	['1952', '2025']
Laurence Lerner	/wiki/Laurence_Lerner	['1925', '2025']
Lucas Malan	/wiki/Lucas_Malan	['1946', '2010']
Chris Mann	/wiki/Chris_Mann_(poet)	['1900', '1950']
Eugène Marais	/wiki/Eug%C3%A8ne_Marais	['1871', '1936']
Thomas Pringle	/wiki/Thomas_Pringle	['1789', '1834']
N. P. van Wyk Louw	/wiki/N._P._van_Wyk_Louw	['1906', '1970']
Mongane Wally Serote	/wiki/Mongane_Wally_Serote	['1944', '2025']
Stephen Watson	/wiki/Stephen_Watson_(poet)	['1954', '2011']
Jani Allan	/wiki/Jani_Allan	['1953', '2025']
George Claassen	/wiki/George_Claassen	['1900', '1950']
Robyn Curnow	/wiki/Robyn_Curnow	['1900', '1950']
John Charles Daly	/wiki/John_Charles_Daly	['1914', '1991']
Arthur Goldstuck	/wiki/Arthur_Goldstuck	['1959', '2025']
Niel Hammann	/wiki/Niel_Hammann	['1937', '2025']
Archibald Campbell Jordan	/wiki/Archibald_Campbell_Jordan	['1906', '1968']
Lara Logan	/wiki/Lara_Logan	['1971', '2025']
Peter Magubane	/wiki/Peter_Magubane	['1932', '2025']
John Matisonn	/wiki/John_Matisonn	['1949', '2025']
Sam Nzima	/wiki/Sam_Nzima	['1934', '2018']
Sol Plaatje	/wiki/Sol_Plaatje	['1877', '1932']
Percy Qoboza	/wiki/Percy_Qoboza	['1938', '1988']
Barry Streek	/wiki/Barry_Streek	['1948', '2006']
Eric Lloyd Williams	/wiki/Eric_Lloyd_Williams	['1915', '1988']
Donald Woods	/wiki/Donald_Woods	['1933', '2001']
Anel Alexander	/wiki/Anel_Alexander	['1979', '2025']
Lesley-Ann Brandt	/wiki/Lesley-Ann_Brandt	['1981', '2025']
Peter Cartwright	/wiki/Peter_Cartwright_(actor)	['1935', '2013']
Sharlto Copley	/wiki/Sharlto_Copley	['1973', '2025']
Embeth Davidtz	/wiki/Embeth_Davidtz	['1965', '2025']
Gopala Davies	/wiki/Gopala_Davies	['1988', '2025']
Pallance Dladla	/wiki/Pallance_Dladla	['1992', '2025']
Kim Engelbrecht	/wiki/Kim_Engelbrecht	['1980', '2025']
Willie Esterhuizen	/wiki/Willie_Esterhuizen	['1900', '1950']
Brett Goldin	/wiki/Brett_Goldin	['1977', '2006']
Roxane Hayward	/wiki/Roxane_Hayward	['1991', '2025']
Hennie Jacobs	/wiki/Hennie_Jacobs	['1981', '2025']
David James	/wiki/David_James_(South_African_actor)	['1972', '2025']
Sid James	/wiki/Sid_James	['1913', '1976']
Adhir Kalyan	/wiki/Adhir_Kalyan	['1983', '2025']
Atandwa Kani	/wiki/Atandwa_Kani	['1900', '1950']
John Kani	/wiki/John_Kani	['1943', '2025']
Alice Krige	/wiki/Alice_Krige	['1954', '2025']
Joe Mafela	/wiki/Joe_Mafela	['1942', '2017']
Maps Maponyane	/wiki/Maps_Maponyane	['1990', '2025']
Khanyi Mbau	/wiki/Khanyi_Mbau	['1985', '2025']
Nomzamo Mbatha	/wiki/Nomzamo_Mbatha	['1990', '2025']
Michelle Mosalakae	/wiki/Michelle_Mosalakae	['1994', '2025']
Thuso Mbedu	/wiki/Thuso_Mbedu	['1991', '2025']
Sean Michael	/wiki/Sean_Michael_(South_African_actor)	['1969', '2025']
Patrick Mynhardt	/wiki/Patrick_Mynhardt	['1932', '2007']
Jessica Nkosi	/wiki/Jessica_Nkosi	['1990', '2025']
Winston Ntshona	/wiki/Winston_Ntshona	['1941', '2018']
Tanit Phoenix	/wiki/Tanit_Phoenix	['1984', '2025']
Terry Pheto	/wiki/Terry_Pheto	['1981', '2025']
Sasha Pieterse	/wiki/Sasha_Pieterse	['1996', '2025']
Madelaine Petsch	/wiki/Madelaine_Petsch	['1994', '2025']
Sandra Prinsloo	/wiki/Sandra_Prinsloo	['1947', '2025']
Basil Rathbone	/wiki/Basil_Rathbone	['1892', '1967']
Ian Roberts	/wiki/Ian_Roberts_(South_African_actor)	['1900', '1950']
Angelique Rockas	/wiki/Angelique_Rockas	['1900', '1950']
Buhle Samuels	/wiki/Buhle_Samuels	['1900', '1950']
Stelio Savante	/wiki/Stelio_Savante	['1970', '2025']
Clive Scott	/wiki/Clive_Scott_(actor)	['1937', '2025']
Antony Sher	/wiki/Antony_Sher	['1949', '2025']
Cliff Simon	/wiki/Cliff_Simon	['1962', '2025']
William Smith	/wiki/William_Smith_(South_African)	['1900', '1950']
Janet Suzman	/wiki/Janet_Suzman	['1939', '2025']
Reine Swart	/wiki/Reine_Swart	['1900', '1950']
Charlize Theron	/wiki/Charlize_Theron	['1975', '2025']
Pearl Thusi	/wiki/Pearl_Thusi	['1900', '1950']
Pieter-Dirk Uys	/wiki/Pieter-Dirk_Uys	['1945', '2025']
Musetta Vander	/wiki/Musetta_Vander	['1969', '2025']
Arnold Vosloo	/wiki/Arnold_Vosloo	['1962', '2025']
Brümilda van Rensburg	/wiki/Br%C3%BCmilda_van_Rensburg	['1956', '2025']
Juliet Prowse	/wiki/Juliet_Prowse	['1936', '1996']
Neill Blomkamp	/wiki/Neill_Blomkamp	['1979', '2025']
Lev David	/wiki/Lev_David	['1980', '2025']
Charles J. Fourie	/wiki/Charles_J._Fourie	['1965', '2025']
Athol Fugard	/wiki/Athol_Fugard	['1932', '2025']
Ronald Harwood	/wiki/Ronald_Harwood	['1934', '2025']
Gavin Hood	/wiki/Gavin_Hood	['1963', '2025']
Rob De Mezieres	/wiki/Rob_De_Mezieres	['1900', '1950']
Mbongeni Ngema	/wiki/Mbongeni_Ngema	['1955', '2025']
Michael Oblowitz	/wiki/Michael_Oblowitz	['1900', '1950']
Mthuli ka Shezi	/wiki/Mthuli_ka_Shezi	['1947', '1972']
Leon Schuster	/wiki/Leon_Schuster	['1951', '2025']
Jamie Uys	/wiki/Jamie_Uys	['1921', '1996']
Zain Bhikha	/wiki/Zain_Bhikha	['1900', '1950']
Michael Blake	/wiki/Michael_Blake_(composer)	['1900', '1950']
Johan Botha	/wiki/Johan_Botha_(opera_singer)	['1965', '2025']
Al Bowlly	/wiki/Al_Bowlly	['1898', '2025']
Johnny Clegg	/wiki/Johnny_Clegg	['1953', '2019']
Mimi Coertse	/wiki/Mimi_Coertse	['1932', '2025']
Fanie de Jager	/wiki/Fanie_de_Jager	['1949', '2025']
Lucky Dube	/wiki/Lucky_Dube	['1964', '2007']
Deep Fried Man	/wiki/Deep_Fried_Man	['1981', '2025']
Claire Johnston	/wiki/Claire_Johnston_(musician)	['1900', '1950']
David Kramer	/wiki/David_Kramer_(singer)	['1951', '2025']
Clare Loveday	/wiki/Clare_Loveday	['1900', '1950']
Lira	/wiki/Lira_(singer)	['1979', '2025']
Winston Ngozi Mankunku	/wiki/Winston_Ngozi_Mankunku	['1943', '2009']
Mahlathini	/wiki/Mahlathini	['1938', '1999']
Miriam Makeba	/wiki/Miriam_Makeba	['1932', '2008']
Manfred Mann	/wiki/Manfred_Mann	['1940', '2025']
Hugh Masekela	/wiki/Hugh_Masekela	['1939', '2018']
Gwendolyn Masin	/wiki/Gwendolyn_Masin	['1977', '2025']
Dave Matthews	/wiki/Dave_Matthews	['1967', '2025']
Ray Phiri	/wiki/Ray_Phiri	['1947', '2017']
Aquiles Priester	/wiki/Aquiles_Priester	['1971', '2025']
Koos Ras	/wiki/Koos_Ras	['1928', '1997']
Enoch Sontonga	/wiki/Enoch_Sontonga	['1873', '1905']
Joseph Shabalala	/wiki/Joseph_Shabalala	['1941', '2025']
Shaun Morgan	/wiki/Shaun_Morgan	['1900', '1950']
ZP Theart	/wiki/ZP_Theart	['1900', '1950']
Hilda Tloubatla	/wiki/Hilda_Tloubatla	['1942', '2025']
Trevor Rabin	/wiki/Trevor_Rabin	['1900', '1950']
Watkin Tudor Jones	/wiki/Watkin_Tudor_Jones	['1900', '1950']
Arnold van Wyk	/wiki/Arnold_van_Wyk	['1900', '1950']
Jason van Wyk	/wiki/Jason_van_Wyk	['1990', '2025']
Yolandi Visser	/wiki/Yolandi_Visser	['1900', '1950']
Kevin Volans	/wiki/Kevin_Volans	['1900', '1950']
Jani Allan	/wiki/Jani_Allan	['1953', '2025']
Gina Athans	/wiki/Gina_Athans	['1984', '2025']
Riaan Cruywagen	/wiki/Riaan_Cruywagen	['1945', '2025']
Trevor Denman	/wiki/Trevor_Denman	['1952', '2025']
Minnie Dlamini	/wiki/Minnie_Dlamini	['1900', '1950']
Watkin Tudor Jones	/wiki/Watkin_Tudor_Jones	['1974', '2025']
Alan Khan	/wiki/Alan_Khan	['1971', '2025']
Caspar Lee	/wiki/Caspar_Lee	['1994', '2025']
Megan McKenzie	/wiki/Megan_McKenzie	['1980', '2025']
Jeremy Maggs	/wiki/Jeremy_Maggs	['1961', '2025']
Jeremy Mansfield	/wiki/Jeremy_Mansfield	['1900', '1950']
Maps Maponyane	/wiki/Maps_Maponyane	['1900', '1950']
Trevor Noah	/wiki/Trevor_Noah	['1984', '2025']
Debora Patta	/wiki/Debora_Patta	['1964', '2025']
Tanit Phoenix	/wiki/Tanit_Phoenix	['1984', '2025']
Lunga Shabalala	/wiki/Lunga_Shabalala	['1989', '2025']
Linda Sibiya	/wiki/Linda_Sibiya	['1900', '1950']
Troye Sivan	/wiki/Troye_Sivan	['1995', '2025']
Reeva Steenkamp	/wiki/Reeva_Steenkamp	['1983', '2013']
Candice Swanepoel	/wiki/Candice_Swanepoel	['1988', '2025']
Charlize Theron	/wiki/Charlize_Theron	['1975', '2025']
Yolandi Visser	/wiki/Yolandi_Visser	['1900', '1950']
Minki van der Westhuizen	/wiki/Minki_van_der_Westhuizen	['1984', '2025']
T.O. Honiball	/wiki/T.O._Honiball	['1905', '1990']
Jeremy Nell	/wiki/Jeremy_Nell	['1979', '2025']
Zapiro	/wiki/Zapiro	['1958', '2025']
Thomas Baines	/wiki/Thomas_Baines	['1820', '1875']
Leon Botha	/wiki/Leon_Botha	['1985', '2011']
Garth Erasmus	/wiki/Garth_Erasmus	['1956', '2025']
Clinton Fein	/wiki/Clinton_Fein	['1964', '2025']
C. G. Finch-Davies	/wiki/C._G._Finch-Davies	['1875', '1920']
Ronald Harrison	/wiki/Ronald_Harrison	['1900', '1950']
William Kentridge	/wiki/William_Kentridge	['1955', '2025']
Maggie Laubser	/wiki/Maggie_Laubser	['1886', '1973']
Neville Lewis	/wiki/Neville_Lewis	['1895', '1972']
Conor Mccreedy	/wiki/Conor_Mccreedy	['1987', '2025']
Brett Murray	/wiki/Brett_Murray	['1961', '2025']
George Pemba	/wiki/George_Pemba	['1912', '2001']
Jacobus Hendrik Pierneef	/wiki/Jacobus_Hendrik_Pierneef	['1886', '1957']
Gerard Sekoto	/wiki/Gerard_Sekoto	['1913', '1993']
Cecil Skotnes	/wiki/Cecil_Skotnes	['1926', '2009']
Irma Stern	/wiki/Irma_Stern	['1894', '1966']
Vladimir Tretchikoff	/wiki/Vladimir_Tretchikoff	['1913', '2006']
Kevin Carter	/wiki/Kevin_Carter	['1961', '1994']
Ernest Cole	/wiki/Ernest_Cole_(photographer)	['1940', '1990']
Caroline Gibello	/wiki/Caroline_Gibello	['1974', '2025']
David Goldblatt	/wiki/David_Goldblatt	['1930', '2018']
Bob Gosani	/wiki/Bob_Gosani	['1934', '1972']
Alf Kumalo	/wiki/Alf_Kumalo	['1930', '2012']
Peter Magubane	/wiki/Peter_Magubane	['1932', '2025']
Jürgen Schadeberg	/wiki/J%C3%BCrgen_Schadeberg	['1931', '2025']
Austin Stevens	/wiki/Austin_Stevens	['1951', '2025']
Anton van Wouw	/wiki/Anton_van_Wouw	['1862', '1945']
Steve Cohen	/wiki/Steve_Cohen_(wrestler)	['1962', '2025']
Tracey Rose	/wiki/Tracey_Rose	['1974', '2025']
Herbert Baker	/wiki/Herbert_Baker	['1862', '1946']
Gerard Moerdijk	/wiki/Gerard_Moerdijk	['1890', '1958']
Raymond Ackerman	/wiki/Raymond_Ackerman_(businessman)	['1931', '2025']
Barney Barnato	/wiki/Barney_Barnato	['1852', '1897']
Roelof Botha	/wiki/Roelof_Botha	['1900', '1950']
David Brink	/wiki/David_Brink_(businessman)	['1939', '2025']
John Fairbairn	/wiki/John_Fairbairn_(educator)	['1900', '1950']
Vanessa Gounden	/wiki/Vanessa_Gounden	['1961', '2025']
Morris Kahn	/wiki/Morris_Kahn	['1930', '2025']
Sol Kerzner	/wiki/Sol_Kerzner	['1935', '2025']
Basetsana Kumalo	/wiki/Basetsana_Kumalo	['1974', '2025']
Stan Medalie	/wiki/Stan_Medalie	['1900', '1950']
Sammy Marks	/wiki/Sammy_Marks	['1844', '1920']
Patrice Motsepe	/wiki/Patrice_Motsepe	['1962', '2025']
Elon Musk	/wiki/Elon_Musk	['1971', '2025']
Phiwa Nkambule	/wiki/Phiwa_Nkambule	['1992', '2025']
Harry Oppenheimer	/wiki/Harry_Oppenheimer	['1908', '2000']
William G. Pietersen	/wiki/William_G._Pietersen	['1937', '2025']
Charles Purdon	/wiki/Charles_Purdon	['1838', '1926']
Mamphela Ramphele	/wiki/Mamphela_Ramphele	['1947', '2025']
Cyril Ramaphosa	/wiki/Cyril_Ramaphosa	['1952', '2025']
George Rex	/wiki/George_Rex	['1765', '1839']
Cecil Rhodes	/wiki/Cecil_Rhodes	['1853', '1902']
Anton Rupert	/wiki/Anton_Rupert	['1916', '2006']
Johann Rupert	/wiki/Johann_Rupert	['1950', '2025']
Tokyo Sexwale	/wiki/Tokyo_Sexwale	['1953', '2025']
Mark Shuttleworth	/wiki/Mark_Shuttleworth	['1973', '2025']
Lourens Ackermann	/wiki/Lourens_Ackermann	['1934', '2025']
Ismail Ayob	/wiki/Ismail_Ayob	['1942', '2025']
George Bizos	/wiki/George_Bizos	['1928', '2025']
Louis Botha	/wiki/Louis_Botha	['1862', '1919']
Arthur Chaskalson	/wiki/Arthur_Chaskalson	['1931', '2025']
Piet Cronjé	/wiki/Piet_Cronj%C3%A9	['1840', '1911']
Beric John Croome	/wiki/Beric_John_Croome	['1960', '2019']
Koos de la Rey	/wiki/Koos_de_la_Rey	['1847', '1914']
Pierre de Vos	/wiki/Pierre_de_Vos	['1963', '2025']
Christiaan De Wet	/wiki/Christiaan_De_Wet	['1854', '1922']
Johannes Christiaan de Wet	/wiki/Johannes_Christiaan_de_Wet	['1912', '1990']
Bram Fischer	/wiki/Bram_Fischer	['1908', '1975']
Richard Goldstone	/wiki/Richard_Goldstone	['1938', '2025']
Harold Hanson	/wiki/Harold_Hanson	['1904', '1973']
Sydney Kentridge	/wiki/Sydney_Kentridge	['1922', '2025']
Mervyn King	/wiki/Mervyn_King_(judge)	['1900', '1950']
Pius Langa	/wiki/Pius_Langa	['1939', '2013']
Magnus Malan	/wiki/Magnus_Malan	['1930', '2011']
Cecil Margo	/wiki/Cecil_Margo	['1915', '2000']
Mogoeng Mogoeng	/wiki/Mogoeng_Mogoeng	['1961', '2025']
Phetogo Molawa	/wiki/Phetogo_Molawa	['1900', '1950']
Sandile Ngcobo	/wiki/Sandile_Ngcobo	['1953', '2025']
Bulelani Ngcuka	/wiki/Bulelani_Ngcuka	['1954', '2025']
Marmaduke Pattle	/wiki/Marmaduke_Pattle	['1914', '1941']
Albie Sachs	/wiki/Albie_Sachs	['1935', '2025']
Jackie Selebi	/wiki/Jackie_Selebi	['1950', '2025']
Percy Sonn	/wiki/Percy_Sonn	['1947', '2007']
Robert Clarkson Tredgold	/wiki/Robert_Clarkson_Tredgold	['1899', '1977']
Percy Yutar	/wiki/Percy_Yutar	['1911', '2002']
Zackie Achmat	/wiki/Zackie_Achmat	['1962', '2025']
Neil Aggett	/wiki/Neil_Aggett	['1953', '1982']
Jeremy Baskin	/wiki/Jeremy_Baskin	['1956', '2025']
Edward Bhengu	/wiki/Edward_Bhengu	['1934', '2010']
Steve Biko	/wiki/Steve_Biko	['1946', '1977']
Fort Calata	/wiki/Fort_Calata	['1956', '1985']
James Calata	/wiki/James_Calata	['1895', '1983']
Sophia Williams-De Bruyn	/wiki/Sophia_Williams-De_Bruyn	['1930', '2025']
Pregs Govender	/wiki/Pregs_Govender	['1960', '2025']
Irene Grootboom	/wiki/Irene_Grootboom	['1969', '2008']
Denis Goldberg	/wiki/Denis_Goldberg	['1933', '2025']
Matthew Goniwe	/wiki/Matthew_Goniwe	['1946', '1985']
Joe Nzingo Gqabi	/wiki/Joe_Nzingo_Gqabi	['1929', '1981']
Josiah Tshangana Gumede	/wiki/Josiah_Tshangana_Gumede	['1867', '1946']
Chris Hani	/wiki/Chris_Hani	['1942', '1993']
Ruth Hayman	/wiki/Ruth_Hayman	['1900', '1950']
Bantu Holomisa	/wiki/Bantu_Holomisa	['1955', '2025']
Helen Joseph	/wiki/Helen_Joseph	['1905', '1992']
Ahmed Kathrada	/wiki/Ahmed_Kathrada	['1929', '2017']
Philip Kgosana	/wiki/Philip_Kgosana	['1936', '2017']
Moses Kotane	/wiki/Moses_Kotane	['1907', '1978']
Ellen Kuzwayo	/wiki/Ellen_Kuzwayo	['1914', '2006']
Anton Lembede	/wiki/Anton_Lembede	['1914', '1947']
Moses Mabhida	/wiki/Moses_Mabhida	['1923', '1986']
Phakamile Mabija	/wiki/Phakamile_Mabija	['1900', '1950']
Winnie Madikizela-Mandela	/wiki/Winnie_Madikizela-Mandela	['1936', '2018']
Zacharias Richard Mahabane	/wiki/Zacharias_Richard_Mahabane	['1881', '1971']
Solomon Mahlangu	/wiki/Solomon_Mahlangu	['1956', '1979']
Vusumzi Make	/wiki/Vusumzi_Make	['1931', '2006']
Sefako Makgatho	/wiki/Sefako_Makgatho	['1861', '1951']
Mbuyisa Makhubo	/wiki/Mbuyisa_Makhubo	['1957', '2025']
Clarence Makwetu	/wiki/Clarence_Makwetu	['1928', '2016']
Adolph Malan	/wiki/Adolph_Malan	['1910', '1963']
Zollie Malindi	/wiki/Zollie_Malindi	['1924', '2008']
Nelson Mandela	/wiki/Nelson_Mandela	['1918', '2013']
Jafta Masemola	/wiki/Jafta_Masemola	['1929', '1990']
Tsietsi Mashinini	/wiki/Tsietsi_Mashinini	['1957', '1990']
Joe Matthews	/wiki/Joe_Matthews_(politician)	['1929', '2010']
Z. K. Matthews	/wiki/Z._K._Matthews	['1901', '1968']
Epainette Mbeki	/wiki/Epainette_Mbeki	['1916', '2014']
Govan Mbeki	/wiki/Govan_Mbeki	['1910', '2001']
Robert McBride	/wiki/Robert_McBride_(police_officer)	['1963', '2025']
A. P. Mda	/wiki/A._P._Mda	['1916', '1993']
Fatima Meer	/wiki/Fatima_Meer	['1928', '2010']
Raymond Mhlaba	/wiki/Raymond_Mhlaba	['1920', '2005']
Sicelo Mhlauli	/wiki/Sicelo_Mhlauli	['1952', '1985']
Vuyisile Mini	/wiki/Vuyisile_Mini	['1920', '1964']
Sparrow Mkhonto	/wiki/Sparrow_Mkhonto	['1951', '1985']
Wilton Mkwayi	/wiki/Wilton_Mkwayi	['1923', '2004']
Andrew Mlangeni	/wiki/Andrew_Mlangeni	['1925', '2025']
Joe Modise	/wiki/Joe_Modise	['1929', '2001']
Thabo Edwin Mofutsanyana	/wiki/Thabo_Edwin_Mofutsanyana	['1899', '1995']
Ruth Mompati	/wiki/Ruth_Mompati	['1925', '2015']
James Moroka	/wiki/James_Moroka	['1891', '1985']
Caroline Motsoaledi	/wiki/Caroline_Motsoaledi	['1900', '1950']
Elias Motsoaledi	/wiki/Elias_Motsoaledi	['1924', '1994']
Zephania Mothopeng	/wiki/Zephania_Mothopeng	['1913', '1990']
Oscar Mpetha	/wiki/Oscar_Mpetha	['1909', '1994']
Griffiths Mxenge	/wiki/Griffiths_Mxenge	['1935', '1981']
Victoria Mxenge	/wiki/Victoria_Mxenge	['1942', '1985']
Rahima Moosa	/wiki/Rahima_Moosa	['1922', '1993']
Moosa Moolla	/wiki/Moosa_Moolla	['1934', '2025']
Billy Nair	/wiki/Billy_Nair	['1929', '2008']
Duma Nokwe	/wiki/Duma_Nokwe	['1927', '1978']
Lilian Ngoyi	/wiki/Lilian_Ngoyi	['1911', '1980']
Looksmart Ngudle	/wiki/Looksmart_Ngudle	['1922', '1963']
Alfred Nzo	/wiki/Alfred_Nzo	['1925', '2000']
Albert Nzula	/wiki/Albert_Nzula	['1905', '1934']
Aziz Pahad	/wiki/Aziz_Pahad	['1940', '2025']
Essop Pahad	/wiki/Essop_Pahad	['1939', '2025']
Sabelo Phama	/wiki/Sabelo_Phama	['1949', '1994']
Sol Plaatje	/wiki/Sol_Plaatje	['1876', '1932']
John Nyathi Pokela	/wiki/John_Nyathi_Pokela	['1900', '1950']
Maggie Resha	/wiki/Maggie_Resha	['1923', '2003']
Robert Resha	/wiki/Robert_Resha	['1920', '1978']
Walter Rubusana	/wiki/Walter_Rubusana	['1856', '1936']
Reggie September	/wiki/Reggie_September	['1923', '2013']
Archie Sibeko	/wiki/Archie_Sibeko	['1928', '2018']
Letitia Sibeko	/wiki/Letitia_Sibeko	['1900', '1950']
Jack Simons	/wiki/Jack_Simons_(academic)	['1907', '1995']
Rachel Simons	/wiki/Rachel_Simons	['1914', '2004']
Albertina Sisulu	/wiki/Albertina_Sisulu	['1919', '2011']
Walter Sisulu	/wiki/Walter_Sisulu	['1912', '2003']
Zola Skweyiya	/wiki/Zola_Skweyiya	['1942', '2018']
Robert Sobukwe	/wiki/Robert_Sobukwe	['1924', '1978']
Veronica Sobukwe	/wiki/Veronica_Sobukwe	['1927', '2018']
Makhenkesi Stofile	/wiki/Makhenkesi_Stofile	['1944', '2016']
Adelaide Tambo	/wiki/Adelaide_Tambo	['1929', '2007']
Oliver Tambo	/wiki/Oliver_Tambo	['1917', '1993']
Steve Tshwete	/wiki/Steve_Tshwete	['1938', '2002']
Khoisan X	/wiki/Khoisan_X	['1955', '2010']
Alfred Xuma	/wiki/Alfred_Xuma	['1893', '1962']
Lucinda Evans	/wiki/Lucinda_Evans	['1900', '1950']
Wouter Basson	/wiki/Wouter_Basson	['1950', '2025']
Dirk Coetzee	/wiki/Dirk_Coetzee	['1900', '1950']
Eugene de Kock	/wiki/Eugene_de_Kock	['1900', '1950']
Clive Derby-Lewis	/wiki/Clive_Derby-Lewis	['1936', '2025']
Jimmy Kruger	/wiki/Jimmy_Kruger	['1917', '1987']
Lothar Neethling	/wiki/Lothar_Neethling	['1935', '2005']
Barend Strydom	/wiki/Barend_Strydom	['1965', '2025']
Eugène Terre'Blanche	/wiki/Eug%C3%A8ne_Terre%27Blanche	['1941', '2010']
Adriaan Vlok	/wiki/Adriaan_Vlok	['1937', '2025']
Craig Williamson	/wiki/Craig_Williamson	['1949', '2025']
George Grey	/wiki/George_Grey	['1812', '1898']
Jan Willem Janssens	/wiki/Jan_Willem_Janssens	['1762', '1838']
Benjamin d'Urban	/wiki/Benjamin_d%27Urban	['1834', '1837']
Benjamin Pine	/wiki/Benjamin_Pine	['1809', '1891']
Sir Harry Smith, 1st Baronet	/wiki/Sir_Harry_Smith,_1st_Baronet	['1787', '1860']
Andries Stockenström	/wiki/Andries_Stockenstr%C3%B6m	['1792', '1964']
Simon van der Stel	/wiki/Simon_van_der_Stel	['1639', '1712']
Willem Adriaan van der Stel	/wiki/Willem_Adriaan_van_der_Stel	['1664', '1723']
Jan van Riebeeck	/wiki/Jan_van_Riebeeck	['1619', '1677']
Nicolaas Jacobus de Wet	/wiki/Nicolaas_Jacobus_de_Wet	['1873', '1960']
Ken Andrew	/wiki/Ken_Andrew	['1943', '2025']
Kader Asmal	/wiki/Kader_Asmal	['1934', '2011']
Sibusiso Bengu	/wiki/Sibusiso_Bengu	['1934', '2025']
Thozamile Botha	/wiki/Thozamile_Botha	['1948', '2025']
Cheryl Carolus	/wiki/Cheryl_Carolus	['1958', '2025']
Yusuf Dadoo	/wiki/Yusuf_Dadoo	['1909', '1983']
Patricia de Lille	/wiki/Patricia_de_Lille	['1951', '2025']
Nkosazana Dlamini-Zuma	/wiki/Nkosazana_Dlamini-Zuma	['1949', '2025']
John Langalibalele Dube	/wiki/John_Langalibalele_Dube	['1871', '1946']
Abba Eban	/wiki/Abba_Eban	['1915', '2002']
De Villiers Graaff	/wiki/De_Villiers_Graaff	['1913', '1999']
Jan Hendrik Hofmeyr	/wiki/Jan_Hendrik_Hofmeyr_(Onze_Jan)	['1845', '1909']
Jan Hendrik Hofmeyr	/wiki/Jan_Hendrik_Hofmeyr_(1894-1948)	['1894', '1948']
Danny Jordaan	/wiki/Danny_Jordaan	['1951', '2025']
Tony Leon	/wiki/Tony_Leon	['1956', '2025']
Winnie Madikizela-Mandela	/wiki/Winnie_Madikizela-Mandela	['1936', '2018']
Trevor Manuel	/wiki/Trevor_Manuel	['1956', '2025']
Lindiwe Mazibuko	/wiki/Lindiwe_Mazibuko	['1980', '2025']
Roelf Meyer	/wiki/Roelf_Meyer	['1947', '2025']
Phumzile Mlambo-Ngcuka	/wiki/Phumzile_Mlambo-Ngcuka	['1955', '2025']
Pieter Mulder	/wiki/Pieter_Mulder	['1951', '2025']
Monty Naicker	/wiki/Monty_Naicker	['1910', '1978']
Bulelani Ngcuka	/wiki/Bulelani_Ngcuka	['1954', '2025']
Dullah Omar	/wiki/Dullah_Omar	['1934', '2004']
Andries Pretorius	/wiki/Andries_Pretorius	['1799', '1853']
Deneys Reitz	/wiki/Deneys_Reitz	['1882', '1944']
Pixley ka Isaka Seme	/wiki/Pixley_ka_Isaka_Seme	['1881', '1951']
Mbhazima Shilowa	/wiki/Mbhazima_Shilowa	['1958', '2025']
Ruth First	/wiki/Ruth_First	['1924', '1982']
Joe Slovo	/wiki/Joe_Slovo	['1926', '1995']
Harry Schwarz	/wiki/Harry_Schwarz	['1924', '2010']
Helen Suzman	/wiki/Helen_Suzman	['1917', '2009']
Catherine Taylor	/wiki/Catherine_Taylor_(South_African_politician)	['1914', '1992']
Frederik van Zyl Slabbert	/wiki/Frederik_van_Zyl_Slabbert	['1940', '2010']
Helen Zille	/wiki/Helen_Zille	['1951', '2025']
Jacob Zuma	/wiki/Jacob_Zuma	['1942', '2025']
Jacobus Boshoff	/wiki/Jacobus_Boshoff	['1808', '1881']
Louis Botha	/wiki/Louis_Botha	['1862', '1919']
Pieter Willem Botha	/wiki/Pieter_Willem_Botha	['1916', '2006']
Jan Brand	/wiki/Jan_Brand	['1823', '1888']
Thomas François Burgers	/wiki/Thomas_Fran%C3%A7ois_Burgers	['1871', '1877']
Schalk Willem Burger	/wiki/Schalk_Willem_Burger	['1852', '1918']
Frederik Willem de Klerk	/wiki/Frederik_Willem_de_Klerk	['1990', '1994']
Nicolaas Johannes Diederichs	/wiki/Nicolaas_Johannes_Diederichs	['1903', '1978']
Jacobus Johannes Fouché	/wiki/Jacobus_Johannes_Fouch%C3%A9	['1898', '1980']
James Barry Munnik Hertzog	/wiki/James_Barry_Munnik_Hertzog	['1866', '1942']
Josias Hoffman	/wiki/Josias_Hoffman	['1807', '1879']
Petrus Jacobus Joubert	/wiki/Petrus_Jacobus_Joubert	['1834', '1900']
Paul Kruger	/wiki/Paul_Kruger	['1825', '1904']
Daniel François Malan	/wiki/Daniel_Fran%C3%A7ois_Malan	['1874', '1959']
Nelson Mandela	/wiki/Nelson_Mandela	['1918', '2013']
Thabo Mbeki	/wiki/Thabo_Mbeki	['1942', '2025']
John X. Merriman	/wiki/John_X._Merriman	['1841', '1926']
Kgalema Motlanthe	/wiki/Kgalema_Motlanthe	['1949', '2025']
Tom Naudé	/wiki/Tom_Naud%C3%A9	['1889', '1969']
Marthinus Wessel Pretorius	/wiki/Marthinus_Wessel_Pretorius	['1819', '1901']
Cyril Ramaphosa	/wiki/Cyril_Ramaphosa	['1952', '2025']
Francis William Reitz	/wiki/Francis_William_Reitz	['1844', '1934']
Jan Smuts	/wiki/Jan_Smuts	['1870', '1950']
Johannes Gerhardus Strijdom	/wiki/Johannes_Gerhardus_Strijdom	['1893', '1958']
Martinus Theunis Steyn	/wiki/Martinus_Theunis_Steyn	['1857', '1916']
Charles Robberts Swart	/wiki/Charles_Robberts_Swart	['1894', '1982']
Hendrik Frensch Verwoerd	/wiki/Hendrik_Frensch_Verwoerd	['1901', '1966']
Marais Viljoen	/wiki/Marais_Viljoen	['1915', '2007']
B.J. Vorster	/wiki/B.J._Vorster	['1915', '1983']
Jacob Zuma	/wiki/Jacob_Zuma	['1942', '2025']
Mangosuthu Buthelezi	/wiki/Mangosuthu_Buthelezi	['1928', '2025']
Oupa Gqozo	/wiki/Oupa_Gqozo	['1952', '2025']
Bantu Holomisa	/wiki/Bantu_Holomisa	['1955', '2025']
Thandatha Jongilizwe Mabandla	/wiki/Thandatha_Jongilizwe_Mabandla	['1952', '2025']
Enos John Mabuza	/wiki/Enos_John_Mabuza	['1939', '1997']
Rocky Malebane-Metsing	/wiki/Rocky_Malebane-Metsing	['1949', '2016']
Lucas Mangope	/wiki/Lucas_Mangope	['1923', '2018']
George Matanzima	/wiki/George_Matanzima	['1918', '2000']
Kaiser Matanzima	/wiki/Kaiser_Matanzima	['1915', '2003']
Edward Mhinga	/wiki/Edward_Mhinga	['1927', '2017']
Kenneth Mopeli	/wiki/Kenneth_Mopeli	['1930', '2014']
Patrick Mphephu	/wiki/Patrick_Mphephu	['1924', '1988']
Hudson William Edison Ntsanwisi	/wiki/Hudson_William_Edison_Ntsanwisi	['1920', '1993']
Samuel Dickenson Nxumalo	/wiki/Samuel_Dickenson_Nxumalo	['1926', '2025']
Cedric Phatudi	/wiki/Cedric_Phatudi	['1912', '1987']
Gabriel Ramushwana	/wiki/Gabriel_Ramushwana	['1941', '2015']
Charles Sebe	/wiki/Charles_Sebe	['1900', '1950']
Lennox Sebe	/wiki/Lennox_Sebe	['1926', '1994']
Botha Sigcau	/wiki/Botha_Sigcau	['1900', '1950']
Stella Sigcau	/wiki/Stella_Sigcau	['1937', '2006']
Cetshwayo	/wiki/Cetshwayo	['1826', '1884']
Cyprian Bhekuzulu kaSolomon	/wiki/Cyprian_Bhekuzulu_kaSolomon	['1924', '1945']
Goodwill Zwelethini kaBhekuzulu	/wiki/Goodwill_Zwelethini_kaBhekuzulu	['1948', '2025']
Ingwenyama Mayitjha III	/wiki/Ingwenyama_Mayitjha_III	['1947', '2005']
Dingane kaSenzangakhona	/wiki/Dingane_kaSenzangakhona	['1795', '1840']
Dinuzulu kaCetshwayo	/wiki/Dinuzulu_kaCetshwayo	['1868', '1913']
Mangosuthu Buthelezi	/wiki/Mangosuthu_Buthelezi	['1928', '2025']
Buyelekhaya Dalindyebo	/wiki/Buyelekhaya_Dalindyebo	['1900', '1950']
Sabata Dalindyebo	/wiki/Sabata_Dalindyebo	['1928', '1986']
Faku kaNgqungqushe	/wiki/Faku_kaNgqungqushe	['1780', '1867']
Langalibalele	/wiki/Langalibalele	['1814', '1889']
Ngqungqushe kaNyawuza	/wiki/Ngqungqushe_kaNyawuza	['1900', '1950']
Mgolombane Sandile	/wiki/Mgolombane_Sandile	['1820', '1878']
Maxhob'ayakhawuleza Sandile	/wiki/Maxhob%27ayakhawuleza_Sandile	['1956', '2011']
Xolilizwe Mzikayise Sigcawu	/wiki/Xolilizwe_Mzikayise_Sigcawu	['1926', '2005']
Zwelonke Sigcawu	/wiki/Zwelonke_Sigcawu	['1968', '2019']
Usibepu	/wiki/Usibepu	['1841', '1904']
Masalanabo Modjadji	/wiki/Masalanabo_Modjadji	['1900', '1950']
Khetoane Modjadji	/wiki/Khetoane_Modjadji	['1869', '1959']
Makoma Modjadji	/wiki/Makoma_Modjadji	['1905', '1980']
Mokope Modjadji	/wiki/Mokope_Modjadji	['1936', '2001']
Makobo Modjadji	/wiki/Makobo_Modjadji	['1978', '2005']
Mpande	/wiki/Mpande	['1798', '1872']
Mzilikazi	/wiki/Mzilikazi	['1790', '1868']
Sekhukhune	/wiki/Sekhukhune	['1814', '1882']
Shaka	/wiki/Shaka	['1787', '1828']
Solomon kaDinuzulu	/wiki/Solomon_kaDinuzulu	['1891', '1933']
Hintsa ka Khawuta	/wiki/Hintsa_ka_Khawuta	['1789', '1835']
Khawuta kaGcaleka	/wiki/Khawuta_kaGcaleka	['1761', '1804']
Albert Luthuli	/wiki/Albert_Luthuli	['1898', '1967']
Adam Kok III	/wiki/Adam_Kok_III	['1811', '1875']
David Stuurman	/wiki/David_Stuurman	['1773', '1830']
Thandatha Jongilizwe Mabandla	/wiki/Thandatha_Jongilizwe_Mabandla	['1926', '2025']
Makhanda	/wiki/Makhanda_(prophet)	['1900', '1950']
Maqoma	/wiki/Maqoma	['1798', '1873']
Chief Mqalo	/wiki/Chief_Mqalo	['1916', '2008']
Moshoeshoe I	/wiki/Moshoeshoe_I	['1786', '1870']
Ngubengcuka	/wiki/Ngubengcuka	['1900', '1950']
Nongqawuse	/wiki/Nongqawuse	['1840', '1898']
Sarili kaHintsa	/wiki/Sarili_kaHintsa	['1810', '1892']
Sigananda kaSokufa	/wiki/Sigananda_kaSokufa	['1815', '1906']
Hendrik Spoorbek	/wiki/Hendrik_Spoorbek	['1900', '1950']
Zackie Achmat	/wiki/Zackie_Achmat	['1962', '2025']
David Benatar	/wiki/David_Benatar	['1900', '1950']
Barry Duke	/wiki/Barry_Duke	['1947', '2025']
Nadine Gordimer	/wiki/Nadine_Gordimer	['1923', '2014']
Ronnie Kasrils	/wiki/Ronnie_Kasrils	['1900', '1950']
Jacques Rousseau	/wiki/Jacques_Rousseau_(secular_activist)	['1971', '2025']
Harold Rubin	/wiki/Harold_Rubin	['1932', '2025']
Joe Slovo	/wiki/Joe_Slovo	['1926', '1995']
Lewis Wolpert	/wiki/Lewis_Wolpert	['1929', '2025']
William Anderson	/wiki/William_Anderson_(missionary)	['1769', '1852']
Nicholas Bhengu	/wiki/Nicholas_Bhengu	['1909', '1986']
Allan Boesak	/wiki/Allan_Boesak	['1945', '2025']
Angus Buchan	/wiki/Angus_Buchan	['1947', '2025']
Frank Chikane	/wiki/Frank_Chikane	['1951', '2025']
John William Colenso	/wiki/John_William_Colenso	['1814', '1883']
Ahmed Deedat	/wiki/Ahmed_Deedat	['1918', '2005']
S.J. du Toit	/wiki/S.J._du_Toit	['1847', '1911']
Allan Hendrickse	/wiki/Allan_Hendrickse	['1927', '2005']
Denis Hurley	/wiki/Denis_Hurley_(bishop)	['1915', '2004']
Albert Luthuli	/wiki/Albert_Luthuli	['1898', '1967']
Thabo Makgoba	/wiki/Thabo_Makgoba	['1960', '2025']
Charlotte Maxeke	/wiki/Charlotte_Maxeke	['1874', '1939']
Ray McCauley	/wiki/Ray_McCauley	['1949', '2025']
Robert Moffat	/wiki/Robert_Moffat_(missionary)	['1795', '1883']
Andrew Murray	/wiki/Andrew_Murray_(minister)	['1828', '1917']
Wilfrid Napier	/wiki/Wilfrid_Napier	['1941', '2025']
Beyers Naudé	/wiki/Beyers_Naud%C3%A9	['1915', '2004']
Albert Nolan	/wiki/Albert_Nolan	['1934', '2025']
John Philip	/wiki/John_Philip_(missionary)	['1775', '1851']
Desmond Tutu	/wiki/Desmond_Tutu	['1931', '2025']
William Cullen Wilcox	/wiki/William_Cullen_Wilcox	['1850', '1928']
Ian Player	/wiki/Ian_Player	['1927', '2025']
James Stevenson-Hamilton	/wiki/James_Stevenson-Hamilton	['1867', '1957']
John Varty	/wiki/John_Varty	['1950', '2025']
Biggar family	/wiki/Biggar_family	['1781', '1838']
William John Burchell	/wiki/William_John_Burchell	['1781', '1863']
Francisco de Almeida	/wiki/Francisco_de_Almeida	['1450', '1510']
Bartolomeu Dias	/wiki/Bartolomeu_Dias	['1450', '1500']
John Robert Dunn	/wiki/John_Robert_Dunn	['1833', '1895']
Robert Jacob Gordon	/wiki/Robert_Jacob_Gordon	['1743', '1795']
Emil Holub	/wiki/Emil_Holub	['1847', '1902']
Nathaniel Isaacs	/wiki/Nathaniel_Isaacs	['1808', '1872']
Dick King	/wiki/Dick_King	['1813', '1871']
François Levaillant	/wiki/Fran%C3%A7ois_Levaillant	['1753', '1824']
Karl Mauch	/wiki/Karl_Mauch	['1873', '1875']
Harriet A. Roche	/wiki/Harriet_A._Roche	['1835', '1921']
Carl Peter Thunberg	/wiki/Carl_Peter_Thunberg	['1743', '1828']
Sibusiso Vilane	/wiki/Sibusiso_Vilane	['1970', '2025']
Kingsley Holgate	/wiki/Kingsley_Holgate	['1900', '1950']
Mike Horn	/wiki/Mike_Horn	['1900', '1950']
James Edward Alexander	/wiki/James_Edward_Alexander	['1900', '1950']
Saray Khumalo	/wiki/Saray_Khumalo	['1900', '1950']
Schabir Shaik	/wiki/Schabir_Shaik	['1900', '1950']
Moses Sithole	/wiki/Moses_Sithole	['1964', '2025']
Rashied Staggie	/wiki/Rashied_Staggie	['1900', '1950']
Bulelani Mabhayi	/wiki/Bulelani_Mabhayi	['1900', '1950']
Nicholas Lungisa Ncama	/wiki/Nicholas_Lungisa_Ncama	['1900', '1950']
Butana Almond Nofomela	/wiki/Butana_Almond_Nofomela	['1900', '1950']
Thozamile Taki	/wiki/Thozamile_Taki	['1900', '1950']
Andre Stander	/wiki/Andre_Stander	['1946', '1984']
Gert van Rooyen	/wiki/Gert_van_Rooyen	['1900', '1950']
Bulelani Vukwana	/wiki/Bulelani_Vukwana	['1973', '2002']
Daisy de Melker	/wiki/Daisy_de_Melker	['1886', '1932']
Foster Gang	/wiki/Foster_Gang	['1900', '1950']
Elias Xitavhudzi	/wiki/Elias_Xitavhudzi	['1900', '1950']
Herbert Baker	/wiki/Herbert_Baker	['1862', '1946']
Denise Darvall	/wiki/Denise_Darvall	['1943', '1967']
Emily Hobhouse	/wiki/Emily_Hobhouse	['1860', '1926']
John Hutchinson	/wiki/John_Hutchinson_(botanist)	['1884', '1972']
Nkosi Johnson	/wiki/Nkosi_Johnson	['1989', '2001']
Isabel Jean Jones	/wiki/Isabel_Jean_Jones	['1900', '1950']
Sandra Laing	/wiki/Sandra_Laing	['1955', '2025']
Justin Gabriel	/wiki/Justin_Gabriel	['1981', '2025']
Breaker Morant	/wiki/Breaker_Morant	['1864', '1902']
Napoléon Eugène, Prince Imperial	/wiki/Napol%C3%A9on_Eug%C3%A8ne,_Prince_Imperial	['1856', '1879']
Hastings Ndlovu	/wiki/Hastings_Ndlovu	['1961', '1976']
Hector Pieterson	/wiki/Hector_Pieterson	['1964', '1976']
Mrs. Ples	/wiki/Mrs._Ples	['1900', '1950']
Raymond Rahme	/wiki/Raymond_Rahme	['1945', '2025']
Willem Ratte	/wiki/Willem_Ratte	['1948', '2025']
Rosenkowitz sextuplets	/wiki/Rosenkowitz_sextuplets	['1974', '2025']
Adam Tas	/wiki/Adam_Tas	['1668', '1722']
Taung Child	/wiki/Taung_Child	['1900', '1950']
Louis Washkansky	/wiki/Louis_Washkansky	['1913', '1967']
Wolraad Woltemade	/wiki/Wolraad_Woltemade	['1708', '1773']
Asnath Mahapa	/wiki/Asnath_Mahapa	['1900', '1950']
Ncoza Dlova	/wiki/Ncoza_Dlova	['1900', '1950']
They shaped our century	/wiki/They_shaped_our_century	['1900', '1950']
Template:South Africa topics	/wiki/Template:South_Africa_topics	['1900', '1950']
Template talk:South Africa topics	/wiki/Template_talk:South_Africa_topics	['1900', '1950']
Orange Free State	/wiki/Orange_Free_State	['1900', '1950']
First Boer War	/wiki/First_Boer_War	['1900', '1950']
Second Boer War	/wiki/Second_Boer_War	['1900', '1950']
Apartheid	/wiki/Apartheid	['1900', '1950']
State Security Agency	/wiki/State_Security_Agency_(South_Africa)	['1900', '1950']
JSE Limited	/wiki/JSE_Limited	['1900', '1950']
Immigration to South Africa	/wiki/Immigration_to_South_Africa	['1900', '1950']
Bantu peoples	/wiki/Bantu_peoples	['1900', '1950']
South Ndebele people	/wiki/South_Ndebele_people	['1900', '1950']
Pedi people	/wiki/Pedi_people	['1900', '1950']
Sotho people	/wiki/Sotho_people	['1900', '1950']
Swazi people	/wiki/Swazi_people	['1900', '1950']
Tsonga people	/wiki/Tsonga_people	['1900', '1950']
Tswana people	/wiki/Tswana_people	['1900', '1950']
Venda people	/wiki/Venda_people	['1900', '1950']
Xhosa people	/wiki/Xhosa_people	['1900', '1950']
Zulu people	/wiki/Zulu_people	['1900', '1950']
Coloureds	/wiki/Coloureds	['1900', '1950']
Cape Coloured	/wiki/Cape_Coloured	['1900', '1950']
Cape Malay	/wiki/Cape_Malay	['1900', '1950']
Griqua people	/wiki/Griqua_people	['1900', '1950']
Khoisan	/wiki/Khoisan	['1900', '1950']
Afrikaner	/wiki/Afrikaner	['1900', '1950']
Book:South Africa	/wiki/Book:South_Africa	['1900', '1950']
