text	link	year
Metrobius	/wiki/Metrobius	['1900', '1950']
Thespis	/wiki/Thespis	['1900', '1950']
Alekos Alexandrakis	/wiki/Alekos_Alexandrakis	['1900', '1950']
Cybele	/wiki/Cybele_(actress)	['1900', '1950']
Georges Corraface	/wiki/Georges_Corraface	['1900', '1950']
Jacques Damala	/wiki/Jacques_Damala	['1900', '1950']
Rika Diallina	/wiki/Rika_Diallina	['1900', '1950']
Lavrentis Dianellos	/wiki/Lavrentis_Dianellos	['1900', '1950']
Mimis Fotopoulos	/wiki/Mimis_Fotopoulos	['1900', '1950']
Dimitris Horn	/wiki/Dimitris_Horn	['1900', '1950']
Tzeni Karezi	/wiki/Tzeni_Karezi	['1900', '1950']
Kostas Karras	/wiki/Kostas_Karras	['1900', '1950']
Vasilis Karras	/wiki/Vasilis_Karras	['1900', '1950']
Giorgos Konstadinou	/wiki/Giorgos_Konstadinou	['1900', '1950']
Lambros Konstantaras	/wiki/Lambros_Konstantaras	['1900', '1950']
Nikos Kourkoulos	/wiki/Nikos_Kourkoulos	['1900', '1950']
Ellie Lambeti	/wiki/Ellie_Lambeti	['1900', '1950']
Marilita Lambropoulou	/wiki/Marilita_Lambropoulou	['1900', '1950']
Zoe Laskari	/wiki/Zoe_Laskari	['1900', '1950']
Lakis Lazopoulos	/wiki/Lakis_Lazopoulos	['1900', '1950']
Thanos Leivaditis	/wiki/Thanos_Leivaditis	['1900', '1950']
Stelios Mainas	/wiki/Stelios_Mainas	['1900', '1950']
Melina Mercouri	/wiki/Melina_Mercouri	['1900', '1950']
Panos Mihalopoulos	/wiki/Panos_Mihalopoulos	['1900', '1950']
Alexis Minotis	/wiki/Alexis_Minotis	['1900', '1950']
Sotiris Moustakas	/wiki/Sotiris_Moustakas	['1900', '1950']
Sapfo Notara	/wiki/Sapfo_Notara	['1900', '1950']
Anna Rezan	/wiki/Anna_Rezan	['1900', '1950']
Anna-Maria Papaharalambous	/wiki/Anna-Maria_Papaharalambous	['1900', '1950']
Dimitris Papamichael	/wiki/Dimitris_Papamichael	['1900', '1950']
Tatiana Papamoschou	/wiki/Tatiana_Papamoschou	['1900', '1950']
Irene Papas	/wiki/Irene_Papas	['1900', '1950']
Katina Paxinou	/wiki/Katina_Paxinou	['1900', '1950']
Dimitris Poulikakos	/wiki/Dimitris_Poulikakos	['1900', '1950']
Angelique Rockas	/wiki/Angelique_Rockas	['1900', '1950']
Sakis Rouvas	/wiki/Sakis_Rouvas	['1900', '1950']
Nikos Sergianopoulos	/wiki/Nikos_Sergianopoulos	['1900', '1950']
Kostas Sommer	/wiki/Kostas_Sommer	['1900', '1950']
John Stamos	/wiki/John_Stamos	['1900', '1950']
Kostas Triantafyllopoulos	/wiki/Kostas_Triantafyllopoulos	['1900', '1950']
Corinna Tsopei	/wiki/Corinna_Tsopei	['1900', '1950']
Stratos Tzortzoglou	/wiki/Stratos_Tzortzoglou	['1900', '1950']
Thanassis Veggos	/wiki/Thanassis_Veggos	['1900', '1950']
Rena Vlahopoulou	/wiki/Rena_Vlahopoulou	['1900', '1950']
Aliki Vougiouklaki	/wiki/Aliki_Vougiouklaki	['1900', '1950']
Andréas Voutsinas	/wiki/Andr%C3%A9as_Voutsinas	['1900', '1950']
Nikos Xanthopoulos	/wiki/Nikos_Xanthopoulos	['1900', '1950']
Voula Zouboulaki	/wiki/Voula_Zouboulaki	['1900', '1950']
Constantine Phaulkon	/wiki/Constantine_Phaulkon	['1648', '1688']
Pheidippides	/wiki/Pheidippides	['1900', '1950']
Cynisca	/wiki/Cynisca	['1900', '1950']
Dioxippus	/wiki/Dioxippus	['1900', '1950']
Hydna	/wiki/Hydna	['1900', '1950']
Kleitomachos	/wiki/Kleitomachos_(athlete)	['1900', '1950']
Harry Agganis	/wiki/Harry_Agganis	['1900', '1950']
Aristidis Akratopoulos	/wiki/Aristidis_Akratopoulos	['1900', '1950']
Konstantinos Akratopoulos	/wiki/Konstantinos_Akratopoulos	['1900', '1950']
Nikos Alefantos	/wiki/Nikos_Alefantos	['1900', '1950']
Anna Korakaki	/wiki/Anna_Korakaki	['1900', '1950']
Alexandros Alexiades	/wiki/Alexandros_Alexiades	['1900', '1950']
Minas Alozidis	/wiki/Minas_Alozidis	['1900', '1950']
Fragiskos Alvertis	/wiki/Fragiskos_Alvertis	['1900', '1950']
Ioannis Amanatidis	/wiki/Ioannis_Amanatidis	['1900', '1950']
Yannis Anastasiou	/wiki/Yannis_Anastasiou	['1900', '1950']
Andreas Anastasopoulos	/wiki/Andreas_Anastasopoulos	['1900', '1950']
Nikos Anastopoulos	/wiki/Nikos_Anastopoulos	['1900', '1950']
Georgios Anatolakis	/wiki/Georgios_Anatolakis	['1900', '1950']
Anastasios Andreou	/wiki/Anastasios_Andreou	['1900', '1950']
Joannis Andreou	/wiki/Joannis_Andreou	['1900', '1950']
Nikolaos Andriakopoulos	/wiki/Nikolaos_Andriakopoulos	['1900', '1950']
Eleni Andriola	/wiki/Eleni_Andriola	['1900', '1950']
Georgios Anninos	/wiki/Georgios_Anninos	['1900', '1950']
Antelothanasis	/wiki/Antelothanasis	['1900', '1950']
Georgios Aspiotis	/wiki/Georgios_Aspiotis	['1900', '1950']
Sotirios Athanasopoulos	/wiki/Sotirios_Athanasopoulos	['1900', '1950']
Theodoros Baev	/wiki/Theodoros_Baev	['1900', '1950']
Marcos Baghdatis	/wiki/Marcos_Baghdatis	['1900', '1950']
Níki Bakogiánni	/wiki/N%C3%ADki_Bakogi%C3%A1nni	['1900', '1950']
Georgios Balakakis	/wiki/Georgios_Balakakis	['1900', '1950']
Hristos Banikas	/wiki/Hristos_Banikas	['1900', '1950']
Kostas Bantas	/wiki/Kostas_Bantas	['1900', '1950']
Nikos Barlos	/wiki/Nikos_Barlos	['1900', '1950']
Angelos Basinas	/wiki/Angelos_Basinas	['1900', '1950']
Spiridon Belokas	/wiki/Spiridon_Belokas	['1900', '1950']
Thomas Bimis	/wiki/Thomas_Bimis	['1900', '1950']
Christos Bourbos	/wiki/Christos_Bourbos	['1900', '1950']
Yiannis Bourousis	/wiki/Yiannis_Bourousis	['1900', '1950']
Nikos Boutzikos	/wiki/Nikos_Boutzikos	['1900', '1950']
Demetri Catrakilis	/wiki/Demetri_Catrakilis	['1900', '1950']
Konstantinos Chalkias	/wiki/Konstantinos_Chalkias	['1900', '1950']
Angelos Charisteas	/wiki/Angelos_Charisteas	['1900', '1950']
Spiridon Chasapis	/wiki/Spiridon_Chasapis	['1900', '1950']
Dionisis Chiotis	/wiki/Dionisis_Chiotis	['1900', '1950']
Efstathios Chorafas	/wiki/Efstathios_Chorafas	['1900', '1950']
Lampros Choutos	/wiki/Lampros_Choutos	['1900', '1950']
Fanis Christodoulou	/wiki/Fanis_Christodoulou	['1900', '1950']
Anton Christoforidis	/wiki/Anton_Christoforidis	['1900', '1950']
Stephanos Christopoulos	/wiki/Stephanos_Christopoulos	['1900', '1950']
Ioannis Chrysafis	/wiki/Ioannis_Chrysafis	['1900', '1950']
Nikos Dabizas	/wiki/Nikos_Dabizas	['1900', '1950']
Evangelos Damaskos	/wiki/Evangelos_Damaskos	['1900', '1950']
Eleni Daniilidou	/wiki/Eleni_Daniilidou	['1900', '1950']
Filipos Darlas	/wiki/Filipos_Darlas	['1900', '1950']
Dimitrios Deligiannis	/wiki/Dimitrios_Deligiannis	['1900', '1950']
Traianos Dellas	/wiki/Traianos_Dellas	['1900', '1950']
Hrysopiyí Devetzí	/wiki/Hrysopiy%C3%AD_Devetz%C3%AD	['1900', '1950']
Themistoklis Diakidis	/wiki/Themistoklis_Diakidis	['1900', '1950']
Dimitris Diamantidis	/wiki/Dimitris_Diamantidis	['1900', '1950']
Georgios Diamantis	/wiki/Georgios_Diamantis	['1900', '1950']
Dimosthenis Dikoudis	/wiki/Dimosthenis_Dikoudis	['1900', '1950']
Pyrros Dimas	/wiki/Pyrros_Dimas	['1900', '1950']
Stefanos Dimitrios	/wiki/Stefanos_Dimitrios	['1900', '1950']
Zoi Dimoschaki	/wiki/Zoi_Dimoschaki	['1900', '1950']
Mimis Domazos	/wiki/Mimis_Domazos	['1900', '1950']
Giorgos Donis	/wiki/Giorgos_Donis	['1900', '1950']
Dimitrios Drivas	/wiki/Dimitrios_Drivas	['1900', '1950']
Kostas Eleftherakis	/wiki/Kostas_Eleftherakis	['1900', '1950']
Dimitrios Eleftheropoulos	/wiki/Dimitrios_Eleftheropoulos	['1900', '1950']
Giannoulis Fakinos	/wiki/Giannoulis_Fakinos	['1900', '1950']
Panagiotis Fasoulas	/wiki/Panagiotis_Fasoulas	['1900', '1950']
Alexios Fetsios	/wiki/Alexios_Fetsios	['1900', '1950']
Angelos Fetsis	/wiki/Angelos_Fetsis	['1900', '1950']
Giorgos Foiros	/wiki/Giorgos_Foiros	['1900', '1950']
Antonis Fotsis	/wiki/Antonis_Fotsis	['1900', '1950']
D. Frangopoulos	/wiki/D._Frangopoulos	['1900', '1950']
Takis Fyssas	/wiki/Takis_Fyssas	['1900', '1950']
Nick Galis	/wiki/Nick_Galis	['1900', '1950']
Konstadinos Gatsioudis	/wiki/Konstadinos_Gatsioudis	['1900', '1950']
Theofanis Gekas	/wiki/Theofanis_Gekas	['1900', '1950']
Georgios Gennimatas	/wiki/Georgios_Gennimatas	['1900', '1950']
Nikolaos Georgantas	/wiki/Nikolaos_Georgantas	['1900', '1950']
Grigorios Georgatos	/wiki/Grigorios_Georgatos	['1900', '1950']
Giorgios Georgiadis	/wiki/Giorgios_Georgiadis	['1900', '1950']
Ioannis Georgiadis	/wiki/Ioannis_Georgiadis	['1900', '1950']
Evangelos Gerakeris	/wiki/Evangelos_Gerakeris	['1900', '1950']
Panagiotis Giannakis	/wiki/Panagiotis_Giannakis	['1900', '1950']
Stelios Giannakopoulos	/wiki/Stelios_Giannakopoulos	['1900', '1950']
Kleopas Giannou	/wiki/Kleopas_Giannou	['1900', '1950']
Herodotos Giorgallas	/wiki/Herodotos_Giorgallas	['1900', '1950']
Andreas Glyniadakis	/wiki/Andreas_Glyniadakis	['1900', '1950']
Spyros Gogolos	/wiki/Spyros_Gogolos	['1900', '1950']
Dimitrios Golemis	/wiki/Dimitrios_Golemis	['1900', '1950']
Georgios Gougoulias	/wiki/Georgios_Gougoulias	['1900', '1950']
Yannis Goumas	/wiki/Yannis_Goumas	['1900', '1950']
Anastasios Gousis	/wiki/Anastasios_Gousis	['1900', '1950']
Miltiadis Gouskos	/wiki/Miltiadis_Gouskos	['1900', '1950']
Georgios Grigoriou	/wiki/Georgios_Grigoriou	['1900', '1950']
Efstratios Grivas	/wiki/Efstratios_Grivas	['1900', '1950']
Faní Halkiá	/wiki/Fan%C3%AD_Halki%C3%A1	['1900', '1950']
Vassilis Hatzipanagis	/wiki/Vassilis_Hatzipanagis	['1900', '1950']
José Holebas	/wiki/Jos%C3%A9_Holebas	['1900', '1950']
Periklis Iakovakis	/wiki/Periklis_Iakovakis	['1900', '1950']
Georgios Iatridis	/wiki/Georgios_Iatridis	['1900', '1950']
Miltiades Iatrou	/wiki/Miltiades_Iatrou	['1900', '1950']
Takis Ikonomopoulos	/wiki/Takis_Ikonomopoulos	['1900', '1950']
Giannis Ioannidis	/wiki/Giannis_Ioannidis	['1900', '1950']
Leonidas Kabantais	/wiki/Leonidas_Kabantais	['1900', '1950']
Pantelis Kafes	/wiki/Pantelis_Kafes	['1900', '1950']
Ilias Kafetzis	/wiki/Ilias_Kafetzis	['1900', '1950']
Kakhi Kakhiashvili	/wiki/Kakhi_Kakhiashvili	['1900', '1950']
Michalis Kakiouzis	/wiki/Michalis_Kakiouzis	['1900', '1950']
Nikos Kaklamanakis	/wiki/Nikos_Kaklamanakis	['1900', '1950']
Ioannis Kalitzakis	/wiki/Ioannis_Kalitzakis	['1900', '1950']
Georgios Kalogiannidis	/wiki/Georgios_Kalogiannidis	['1900', '1950']
George Kalovelonis	/wiki/George_Kalovelonis	['1900', '1950']
Marios Kaperonis	/wiki/Marios_Kaperonis	['1900', '1950']
Michalis Kapsis	/wiki/Michalis_Kapsis	['1900', '1950']
Alexandros Karageorgiou	/wiki/Alexandros_Karageorgiou	['1900', '1950']
G. Karagiannopoulos	/wiki/G._Karagiannopoulos	['1900', '1950']
Giorgos Karagounis	/wiki/Giorgos_Karagounis	['1900', '1950']
Telemachos Karakalos	/wiki/Telemachos_Karakalos	['1900', '1950']
Karakatsanis	/wiki/Karakatsanis	['1900', '1950']
Konstantinos Karakatsanis	/wiki/Konstantinos_Karakatsanis	['1900', '1950']
Pantelis Karasevdas	/wiki/Pantelis_Karasevdas	['1900', '1950']
Hristos Karipidis	/wiki/Hristos_Karipidis	['1900', '1950']
Filippos Karvelas	/wiki/Filippos_Karvelas	['1900', '1950']
Michalis Kasapis	/wiki/Michalis_Kasapis	['1900', '1950']
Dionysios Kasdaglis	/wiki/Dionysios_Kasdaglis	['1900', '1950']
Fanis Katergiannakis	/wiki/Fanis_Katergiannakis	['1900', '1950']
N. Kartavas	/wiki/N._Kartavas	['1900', '1950']
Kostas Katsouranis	/wiki/Kostas_Katsouranis	['1900', '1950']
Anastasía Kelesídou	/wiki/Anastas%C3%ADa_Keles%C3%ADdou	['1900', '1950']
Konstantinos Kenteris	/wiki/Konstantinos_Kenteris	['1900', '1950']
Alexandros Khalkokondilis	/wiki/Alexandros_Khalkokondilis	['1900', '1950']
Hatzidakis	/wiki/Hatzidakis_(athlete)	['1900', '1950']
Alexandros Khrisafos	/wiki/Alexandros_Khrisafos	['1900', '1950']
Dimitrios Christopoulos	/wiki/Dimitrios_Christopoulos	['1900', '1950']
Vassilis Kikilias	/wiki/Vassilis_Kikilias	['1900', '1950']
Michalis Klokidis	/wiki/Michalis_Klokidis	['1900', '1950']
Frank Klopas	/wiki/Frank_Klopas	['1900', '1950']
Ekaterini Koffa	/wiki/Ekaterini_Koffa	['1900', '1950']
Savvas Kofidis	/wiki/Savvas_Kofidis	['1900', '1950']
Dimitrios Kokotis	/wiki/Dimitrios_Kokotis	['1900', '1950']
Georgios Kolettis	/wiki/Georgios_Kolettis	['1900', '1950']
Georgios Koltsidas	/wiki/Georgios_Koltsidas	['1900', '1950']
Giorgos Koltzos	/wiki/Giorgos_Koltzos	['1900', '1950']
Konstantinos Komninos-Miliotis	/wiki/Konstantinos_Komninos-Miliotis	['1900', '1950']
Aristidis Konstantinidis	/wiki/Aristidis_Konstantinidis	['1900', '1950']
Vasilis Konstantinou	/wiki/Vasilis_Konstantinou	['1900', '1950']
Konstantinos Konstantinou	/wiki/Konstantinos_Konstantinou	['1900', '1950']
Michalis Konstantinou	/wiki/Michalis_Konstantinou	['1900', '1950']
Dimitrious Konstantopolous	/wiki/Dimitrious_Konstantopolous	['1900', '1950']
Georgios Korakakis	/wiki/Georgios_Korakakis	['1900', '1950']
Prodromos Korkizoglou	/wiki/Prodromos_Korkizoglou	['1900', '1950']
Anastasia Kostaki	/wiki/Anastasia_Kostaki	['1900', '1950']
Nikos Kostakis	/wiki/Nikos_Kostakis	['1900', '1950']
Yiorgos Kostikos	/wiki/Yiorgos_Kostikos	['1900', '1950']
Athanasios Kostoulas	/wiki/Athanasios_Kostoulas	['1900', '1950']
Vasilios Kotronias	/wiki/Vasilios_Kotronias	['1900', '1950']
Ilias Kotsios	/wiki/Ilias_Kotsios	['1900', '1950']
Stefanos Kotsolis	/wiki/Stefanos_Kotsolis	['1900', '1950']
Giorgos Koudas	/wiki/Giorgos_Koudas	['1900', '1950']
Dinos Kouis	/wiki/Dinos_Kouis	['1900', '1950']
Konstantinos Koukodimos	/wiki/Konstantinos_Koukodimos	['1900', '1950']
Efthimios Kouloucheris	/wiki/Efthimios_Kouloucheris	['1900', '1950']
Yiannis Kouros	/wiki/Yiannis_Kouros	['1900', '1950']
Vaggelis Koutsoures	/wiki/Vaggelis_Koutsoures	['1900', '1950']
Petros Kravaritis	/wiki/Petros_Kravaritis	['1900', '1950']
Ioannis Kyrastas	/wiki/Ioannis_Kyrastas	['1900', '1950']
Sotirios Kyrgiakos	/wiki/Sotirios_Kyrgiakos	['1900', '1950']
Anastasios Kyriakos	/wiki/Anastasios_Kyriakos	['1900', '1950']
Panagiotis Lagos	/wiki/Panagiotis_Lagos	['1900', '1950']
Vassilis Lakis	/wiki/Vassilis_Lakis	['1900', '1950']
Alexi Lalas	/wiki/Alexi_Lalas	['1900', '1950']
Leonidas Langakis	/wiki/Leonidas_Langakis	['1900', '1950']
Ioannis Lavrentis	/wiki/Ioannis_Lavrentis	['1900', '1950']
Sotiris Leontiou	/wiki/Sotiris_Leontiou	['1900', '1950']
Nikolaos Levidis	/wiki/Nikolaos_Levidis	['1900', '1950']
Kostas Linoxilakis	/wiki/Kostas_Linoxilakis	['1900', '1950']
Spiros Livathinos	/wiki/Spiros_Livathinos	['1900', '1950']
Spiridon Louis	/wiki/Spiridon_Louis	['1900', '1950']
Takis Loukanidis	/wiki/Takis_Loukanidis	['1900', '1950']
Greg Louganis	/wiki/Greg_Louganis	['1900', '1950']
Konstantinos Loumpoutis	/wiki/Konstantinos_Loumpoutis	['1900', '1950']
Dimitrios Loundras	/wiki/Dimitrios_Loundras	['1900', '1950']
Nikolaos Lyberopoulos	/wiki/Nikolaos_Lyberopoulos	['1900', '1950']
Nikos Machlas	/wiki/Nikos_Machlas	['1900', '1950']
Ioannis Malokinis	/wiki/Ioannis_Malokinis	['1900', '1950']
Miréla Manjani	/wiki/Mir%C3%A9la_Manjani	['1900', '1950']
Stelios Manolas	/wiki/Stelios_Manolas	['1900', '1950']
Vlasios Maras	/wiki/Vlasios_Maras	['1900', '1950']
Nick Markakis	/wiki/Nick_Markakis	['1900', '1950']
Dimitris Markos	/wiki/Dimitris_Markos	['1900', '1950']
Stamatios Masouris	/wiki/Stamatios_Masouris	['1900', '1950']
Dimitris Mavrogenidis	/wiki/Dimitris_Mavrogenidis	['1900', '1950']
Loukas Mavrokefalidis	/wiki/Loukas_Mavrokefalidis	['1900', '1950']
Thomas Mavros	/wiki/Thomas_Mavros	['1900', '1950']
Hristos Meletoglou	/wiki/Hristos_Meletoglou	['1900', '1950']
Angelos Messaris	/wiki/Angelos_Messaris	['1900', '1950']
Anastasios Metaxas	/wiki/Anastasios_Metaxas	['1900', '1950']
Athanasios Michalopoulos	/wiki/Athanasios_Michalopoulos	['1900', '1950']
Nikolaos Michopoulos	/wiki/Nikolaos_Michopoulos	['1900', '1950']
Zenon Mikhailidis	/wiki/Zenon_Mikhailidis	['1900', '1950']
Ioannis Mitropoulos	/wiki/Ioannis_Mitropoulos	['1900', '1950']
Tasos Mitropoulos	/wiki/Tasos_Mitropoulos	['1900', '1950']
Georgios Mitsibonas	/wiki/Georgios_Mitsibonas	['1900', '1950']
Antonis Miyiakis	/wiki/Antonis_Miyiakis	['1900', '1950']
Vaggelis Moras	/wiki/Vaggelis_Moras	['1900', '1950']
Leonidas Morakis	/wiki/Leonidas_Morakis	['1900', '1950']
Nikolaos Morakis	/wiki/Nikolaos_Morakis	['1900', '1950']
Irini Mouchou	/wiki/Irini_Mouchou	['1900', '1950']
Andreas Mouratis	/wiki/Andreas_Mouratis	['1900', '1950']
Moustakopoulos	/wiki/Moustakopoulos	['1900', '1950']
Apostolos Nanos	/wiki/Apostolos_Nanos	['1900', '1950']
Evangelos Nastos	/wiki/Evangelos_Nastos	['1900', '1950']
Konstantinos Nebegleras	/wiki/Konstantinos_Nebegleras	['1900', '1950']
Kostas Negrepontis	/wiki/Kostas_Negrepontis	['1900', '1950']
Kostas Nestoridis	/wiki/Kostas_Nestoridis	['1900', '1950']
Apostolos Nikolaidis	/wiki/Apostolos_Nikolaidis_(athlete)	['1900', '1950']
Demis Nikolaidis	/wiki/Demis_Nikolaidis	['1900', '1950']
Alexandros Nikolopoulos	/wiki/Alexandros_Nikolopoulos	['1900', '1950']
Stamatios Nikolopoulos	/wiki/Stamatios_Nikolopoulos	['1900', '1950']
Antonios Nikopolidis	/wiki/Antonios_Nikopolidis	['1900', '1950']
Sotiris Ninis	/wiki/Sotiris_Ninis	['1900', '1950']
Nikos Nioplias	/wiki/Nikos_Nioplias	['1900', '1950']
Georgios Orphanidis	/wiki/Georgios_Orphanidis	['1900', '1950']
Alexandros Pagalis	/wiki/Alexandros_Pagalis	['1900', '1950']
Alketas Panagoulias	/wiki/Alketas_Panagoulias	['1900', '1950']
Loukas Panourgias	/wiki/Loukas_Panourgias	['1900', '1950']
Pantazidis	/wiki/Pantazidis	['1900', '1950']
Anastasios Pantos	/wiki/Anastasios_Pantos	['1900', '1950']
Alexandros Papadimitriou	/wiki/Alexandros_Papadimitriou	['1900', '1950']
Avraam Papadopoulos	/wiki/Avraam_Papadopoulos	['1900', '1950']
Dimitris Papadopoulos	/wiki/Dimitris_Papadopoulos_(football)	['1900', '1950']
Lazaros Papadopoulos	/wiki/Lazaros_Papadopoulos	['1900', '1950']
Antonios Papaigannou	/wiki/Antonios_Papaigannou	['1900', '1950']
Mimis Papaioannou	/wiki/Mimis_Papaioannou	['1900', '1950']
Lambros Papakostas	/wiki/Lambros_Papakostas	['1900', '1950']
Theodoros Papaloukas	/wiki/Theodoros_Papaloukas	['1900', '1950']
Manolis Papamakarios	/wiki/Manolis_Papamakarios	['1900', '1950']
Christos Papanikolaou	/wiki/Christos_Papanikolaou	['1900', '1950']
Georgios Papasideris	/wiki/Georgios_Papasideris	['1900', '1950']
Eleftherios Papasymeon	/wiki/Eleftherios_Papasymeon	['1900', '1950']
Athina Papayianni	/wiki/Athina_Papayianni	['1900', '1950']
Charilaos Pappas	/wiki/Charilaos_Pappas	['1900', '1950']
Tom Pappas	/wiki/Tom_Pappas	['1900', '1950']
Georgios Paraskevopoulos	/wiki/Georgios_Paraskevopoulos	['1900', '1950']
Panagiotis Paraskevopoulos	/wiki/Panagiotis_Paraskevopoulos	['1900', '1950']
Mikhail Paskalides	/wiki/Mikhail_Paskalides	['1900', '1950']
Konstantinos Paspatis	/wiki/Konstantinos_Paspatis	['1900', '1950']
Petros Passalis	/wiki/Petros_Passalis	['1900', '1950']
George Patis	/wiki/George_Patis	['1900', '1950']
Voula Patoulidou	/wiki/Voula_Patoulidou	['1900', '1950']
Christos Patsatzoglou	/wiki/Christos_Patsatzoglou	['1900', '1950']
Patsouris	/wiki/Patsouris	['1900', '1950']
Panagiotis Pavlidis	/wiki/Panagiotis_Pavlidis	['1900', '1950']
Antonios Pepanos	/wiki/Antonios_Pepanos	['1900', '1950']
Ioannis Persakis	/wiki/Ioannis_Persakis	['1900', '1950']
Petros Persakis	/wiki/Petros_Persakis	['1900', '1950']
Aristovoulos Petmezas	/wiki/Aristovoulos_Petmezas	['1900', '1950']
Demetrios Petrokokkinos	/wiki/Demetrios_Petrokokkinos	['1900', '1950']
Ioannis Phrangoudis	/wiki/Ioannis_Phrangoudis	['1900', '1950']
Mimis Pierrakos	/wiki/Mimis_Pierrakos	['1900', '1950']
Periklis Pierrakos-Mavromichalis	/wiki/Periklis_Pierrakos-Mavromichalis	['1900', '1950']
Stiliani Pilatou	/wiki/Stiliani_Pilatou	['1900', '1950']
Platis	/wiki/Platis	['1900', '1950']
Hristos Polihroniou	/wiki/Hristos_Polihroniou	['1900', '1950']
Ioannis Poulos	/wiki/Ioannis_Poulos	['1900', '1950']
Evangelia Psarra	/wiki/Evangelia_Psarra	['1900', '1950']
Leonidas Pyrgos	/wiki/Leonidas_Pyrgos	['1900', '1950']
Evangelos Rallis	/wiki/Evangelos_Rallis	['1900', '1950']
Kurt Rambis	/wiki/Kurt_Rambis	['1900', '1950']
Flora Redoumi	/wiki/Flora_Redoumi	['1900', '1950']
Dimitrios Regas	/wiki/Dimitrios_Regas	['1900', '1950']
Efthimios Rentzias	/wiki/Efthimios_Rentzias	['1900', '1950']
Elpida Romantzi	/wiki/Elpida_Romantzi	['1900', '1950']
Nicolas Rossolimo	/wiki/Nicolas_Rossolimo	['1900', '1950']
Georgios Roubanis	/wiki/Georgios_Roubanis	['1900', '1950']
Sakis Rouvas	/wiki/Sakis_Rouvas	['1900', '1950']
Maria Sakkari	/wiki/Maria_Sakkari	['1900', '1950']
Dimitris Salpingidis	/wiki/Dimitris_Salpingidis	['1900', '1950']
Georgios Samaras	/wiki/Georgios_Samaras	['1900', '1950']
Sanidis	/wiki/Sanidis	['1900', '1950']
Miltiadis Sapanis	/wiki/Miltiadis_Sapanis	['1900', '1950']
Dimitris Saravakos	/wiki/Dimitris_Saravakos	['1900', '1950']
Nikos Sarganis	/wiki/Nikos_Sarganis	['1900', '1950']
Georgios Saridakis	/wiki/Georgios_Saridakis	['1900', '1950']
Sofoklis Schortsanitis	/wiki/Sofoklis_Schortsanitis	['1900', '1950']
Yourkas Seitaridis	/wiki/Yourkas_Seitaridis	['1900', '1950']
Giorgos Sideris	/wiki/Giorgos_Sideris	['1900', '1950']
Nikolaos Siranidis	/wiki/Nikolaos_Siranidis	['1900', '1950']
Athanasios Skaltsogiannis	/wiki/Athanasios_Skaltsogiannis	['1900', '1950']
Giannis Skopelitis	/wiki/Giannis_Skopelitis	['1900', '1950']
Georgios Skoutarides	/wiki/Georgios_Skoutarides	['1900', '1950']
George Sotiropoulos	/wiki/George_Sotiropoulos	['1900', '1950']
Vasileios Spanoulis	/wiki/Vasileios_Spanoulis	['1900', '1950']
Konstantinos Spetsiotis	/wiki/Konstantinos_Spetsiotis	['1900', '1950']
Spiridon Stais	/wiki/Spiridon_Stais	['1900', '1950']
Andreas Stamatiadis	/wiki/Andreas_Stamatiadis	['1900', '1950']
Ieroklis Stoltidis	/wiki/Ieroklis_Stoltidis	['1900', '1950']
Aryiro Strataki	/wiki/Aryiro_Strataki	['1900', '1950']
Dimosthenis Tampakos	/wiki/Dimosthenis_Tampakos	['1900', '1950']
Giannis Taralidis	/wiki/Giannis_Taralidis	['1900', '1950']
Alexandros Tatsis	/wiki/Alexandros_Tatsis	['1900', '1950']
Efstathios Tavlaridis	/wiki/Efstathios_Tavlaridis	['1900', '1950']
Irini Terzoglou	/wiki/Irini_Terzoglou	['1900', '1950']
Ekateríni Thánou	/wiki/Ekater%C3%ADni_Th%C3%A1nou	['1900', '1950']
Stefanos Theodoridis	/wiki/Stefanos_Theodoridis	['1900', '1950']
Georgios Theodoridis	/wiki/Georgios_Theodoridis	['1900', '1950']
Ioannis Theodoropoulos	/wiki/Ioannis_Theodoropoulos	['1900', '1950']
Alexandros Theofilakis	/wiki/Alexandros_Theofilakis	['1900', '1950']
Ioannis Theofilakis	/wiki/Ioannis_Theofilakis	['1900', '1950']
Dimitrios Tomprof	/wiki/Dimitrios_Tomprof	['1900', '1950']
Vasilis Torosidis	/wiki/Vasilis_Torosidis	['1900', '1950']
Nicolaos Trikupis	/wiki/Nicolaos_Trikupis	['1900', '1950']
A. Tryfiatis-Tripiaris	/wiki/A._Tryfiatis-Tripiaris	['1900', '1950']
Jake Tsakalidis	/wiki/Jake_Tsakalidis	['1900', '1950']
Kostas Tsartsaris	/wiki/Kostas_Tsartsaris	['1900', '1950']
Loúis Tsátoumas	/wiki/Lo%C3%BAis_Ts%C3%A1toumas	['1900', '1950']
Dimitrios Tsiamis	/wiki/Dimitrios_Tsiamis	['1900', '1950']
Paraskeví Tsiamíta	/wiki/Paraskev%C3%AD_Tsiam%C3%ADta	['1900', '1950']
Nikos Tsiantakis	/wiki/Nikos_Tsiantakis	['1900', '1950']
Vassilis Tsiartas	/wiki/Vassilis_Tsiartas	['1900', '1950']
Konstantinos Tsiklitiras	/wiki/Konstantinos_Tsiklitiras	['1900', '1950']
Leonidas Tsiklitiras	/wiki/Leonidas_Tsiklitiras	['1900', '1950']
Aggeliki Tsiolakoudi	/wiki/Aggeliki_Tsiolakoudi	['1900', '1950']
Chris Tsiprailidis	/wiki/Chris_Tsiprailidis	['1900', '1950']
Georgios Tsitas	/wiki/Georgios_Tsitas	['1900', '1950']
Stefanos Tsitsipas	/wiki/Stefanos_Tsitsipas	['1900', '1950']
Athanasia Tsoumeleka	/wiki/Athanasia_Tsoumeleka	['1900', '1950']
Tryfon Tzanetis	/wiki/Tryfon_Tzanetis	['1900', '1950']
Alexandros Tziolis	/wiki/Alexandros_Tziolis	['1900', '1950']
Stavros Tziortziopoulos	/wiki/Stavros_Tziortziopoulos	['1900', '1950']
Alexandros Tzorvas	/wiki/Alexandros_Tzorvas	['1900', '1950']
Danai Varveri	/wiki/Danai_Varveri	['1900', '1950']
Olga Vasdeki	/wiki/Olga_Vasdeki	['1900', '1950']
Spyridon Vasdekis	/wiki/Spyridon_Vasdekis	['1900', '1950']
Charilaos Vasilakos	/wiki/Charilaos_Vasilakos	['1900', '1950']
Panagiotis Vasilopoulos	/wiki/Panagiotis_Vasilopoulos	['1900', '1950']
Kostas Vassiliadis	/wiki/Kostas_Vassiliadis	['1900', '1950']
Fotini Vavatsi	/wiki/Fotini_Vavatsi	['1900', '1950']
Vavis	/wiki/Vavis	['1900', '1950']
Theodoros Velkos	/wiki/Theodoros_Velkos	['1900', '1950']
Stylianos Venetidis	/wiki/Stylianos_Venetidis	['1900', '1950']
Tassos Venetis	/wiki/Tassos_Venetis	['1900', '1950']
Anna Verouli	/wiki/Anna_Verouli	['1900', '1950']
Sotirios Versis	/wiki/Sotirios_Versis	['1900', '1950']
Kleanthis Vikelides	/wiki/Kleanthis_Vikelides	['1900', '1950']
Ekateríni Vóggoli	/wiki/Ekater%C3%ADni_V%C3%B3ggoli	['1900', '1950']
Ioannis Vourakis	/wiki/Ioannis_Vourakis	['1900', '1950']
Athanasios Vouros	/wiki/Athanasios_Vouros	['1900', '1950']
Ian Vouyoukas	/wiki/Ian_Vouyoukas	['1900', '1950']
Ioannis Vrettos	/wiki/Ioannis_Vrettos	['1900', '1950']
Zisis Vryzas	/wiki/Zisis_Vryzas	['1900', '1950']
Loukas Vyntra	/wiki/Loukas_Vyntra	['1900', '1950']
Charalambos Xanthos	/wiki/Charalambos_Xanthos	['1900', '1950']
Níki Xánthou	/wiki/N%C3%ADki_X%C3%A1nthou	['1900', '1950']
Thomas Xenakis	/wiki/Thomas_Xenakis	['1900', '1950']
Vasilios Xydas	/wiki/Vasilios_Xydas	['1900', '1950']
Theodoros Zagorakis	/wiki/Theodoros_Zagorakis	['1900', '1950']
Akis Zikos	/wiki/Akis_Zikos	['1900', '1950']
Nikos Zisis	/wiki/Nikos_Zisis	['1900', '1950']
Khristos Zoumis	/wiki/Khristos_Zoumis	['1900', '1950']
Saints Cyril and Methodius	/wiki/Saints_Cyril_and_Methodius	['1900', '1950']
Saint Nicholas	/wiki/Saint_Nicholas	['1900', '1950']
Michael Cerularius	/wiki/Michael_Cerularius	['1000', '1059']
John Chrysostom	/wiki/John_Chrysostom	['347', '407']
Pope Evaristus	/wiki/Pope_Evaristus	['98', '105']
Pope Stephen I	/wiki/Pope_Stephen_I	['254', '257']
Pope Agatho	/wiki/Pope_Agatho	['678', '681']
Pope John VI	/wiki/Pope_John_VI	['701', '705']
Pope John VII	/wiki/Pope_John_VII	['706', '709']
Pope Alexander V	/wiki/Pope_Alexander_V	['1409', '1410']
Jacob Palaeologus	/wiki/Jacob_Palaeologus	['1520', '1585']
Yiannis Carras	/wiki/Yiannis_Carras	['1900', '1950']
John D. Chandris	/wiki/John_D._Chandris	['1900', '1950']
Yiannis Dritsas	/wiki/Yiannis_Dritsas	['1900', '1950']
Stelios Haji-Ioannou	/wiki/Stelios_Haji-Ioannou	['1900', '1950']
Arianna Huffington	/wiki/Arianna_Huffington	['1900', '1950']
Socrates Kokkalis	/wiki/Socrates_Kokkalis	['1900', '1950']
John Latsis	/wiki/John_Latsis	['1900', '1950']
Spiro Latsis	/wiki/Spiro_Latsis	['1900', '1950']
Mike Lazaridis	/wiki/Mike_Lazaridis	['1900', '1950']
Stavros Niarchos	/wiki/Stavros_Niarchos	['1900', '1950']
Aristotle Onassis	/wiki/Aristotle_Onassis	['1900', '1950']
Christina Onassis	/wiki/Christina_Onassis	['1900', '1950']
Athina Onassis	/wiki/Athina_Onassis	['1900', '1950']
Ioannis Pangas	/wiki/Ioannis_Pangas	['1900', '1950']
Georgios Sinas	/wiki/Georgios_Sinas	['1900', '1950']
Simon Sinas	/wiki/Simon_Sinas	['1900', '1950']
Basil Zaharoff	/wiki/Basil_Zaharoff	['1900', '1950']
Evangelis Zappas	/wiki/Evangelis_Zappas	['1900', '1950']
Georgios Zarifis	/wiki/Georgios_Zarifis	['1900', '1950']
Christakis Zografos	/wiki/Christakis_Zografos	['1900', '1950']
Colaeus	/wiki/Colaeus	['1900', '1950']
Demodamas	/wiki/Demodamas	['1900', '1950']
Euthymenes	/wiki/Euthymenes	['1900', '1950']
Hippalus	/wiki/Hippalus	['1900', '1950']
Megasthenes	/wiki/Megasthenes	['1900', '1950']
Nearchus	/wiki/Nearchus	['1900', '1950']
Patrocles	/wiki/Patrocles_(geographer)	['1900', '1950']
Pytheas	/wiki/Pytheas	['1900', '1950']
Scylax	/wiki/Scylax	['1900', '1950']
Simmias	/wiki/Simmias_(explorer)	['1900', '1950']
Cosmas Indicopleustes	/wiki/Cosmas_Indicopleustes	['1900', '1950']
Evstratii Delarov	/wiki/Evstratii_Delarov	['1900', '1950']
Jorge Griego	/wiki/Jorge_Griego	['1900', '1950']
Juan de Fuca	/wiki/Juan_de_Fuca	['1900', '1950']
Pedro de Candia	/wiki/Pedro_de_Candia	['1900', '1950']
Panayotis Potagos	/wiki/Panayotis_Potagos	['1900', '1950']
Sophia Kokosalaki	/wiki/Sophia_Kokosalaki	['1900', '1950']
Jean Dessès	/wiki/Jean_Dess%C3%A8s	['1900', '1950']
Elena Votsi	/wiki/Elena_Votsi	['1900', '1950']
Mary Katrantzou	/wiki/Mary_Katrantzou	['1900', '1950']
Marios Lekkas	/wiki/Marios_Lekkas	['1900', '1950']
Anna Rezan	/wiki/Anna_Rezan	['1900', '1950']
Evi Adam	/wiki/Evi_Adam	['1900', '1950']
Julia Alexandratou	/wiki/Julia_Alexandratou	['1900', '1950']
Evagelia Aravani	/wiki/Evagelia_Aravani	['1900', '1950']
Elena Asimakopoulou	/wiki/Elena_Asimakopoulou	['1900', '1950']
Marietta Chrousala	/wiki/Marietta_Chrousala	['1900', '1950']
Isavella Dara	/wiki/Isavella_Dara	['1900', '1950']
Mara Darmousli	/wiki/Mara_Darmousli	['1900', '1950']
Valentini Daskaloudi	/wiki/Valentini_Daskaloudi	['1900', '1950']
Aliki Diplarakou	/wiki/Aliki_Diplarakou	['1900', '1950']
Katerina Georgiadou	/wiki/Katerina_Georgiadou	['1900', '1950']
Jenny Hiloudaki	/wiki/Jenny_Hiloudaki	['1900', '1950']
Olympia Hopsonidou	/wiki/Olympia_Hopsonidou	['1900', '1950']
Valia Kakouti	/wiki/Valia_Kakouti	['1900', '1950']
Katerina Kanonidou	/wiki/Katerina_Kanonidou	['1900', '1950']
Irini Karra	/wiki/Irini_Karra	['1900', '1950']
Alex Kavadias	/wiki/Alex_Kavadias	['1900', '1950']
Vicky Kaya	/wiki/Vicky_Kaya	['1900', '1950']
Demetres Koutsavlakis	/wiki/Demetres_Koutsavlakis	['1900', '1950']
Olga Kypriotou	/wiki/Olga_Kypriotou	['1900', '1950']
Christina Lekka	/wiki/Christina_Lekka	['1900', '1950']
Katia Margaritoglou	/wiki/Katia_Margaritoglou	['1900', '1950']
Maria Menounos	/wiki/Maria_Menounos	['1900', '1950']
Katerina Michalopoulou	/wiki/Katerina_Michalopoulou	['1900', '1950']
Anna Nanousi	/wiki/Anna_Nanousi	['1900', '1950']
Evelina Papantoniou	/wiki/Evelina_Papantoniou	['1900', '1950']
Anastasia Perraki	/wiki/Anastasia_Perraki	['1900', '1950']
Chrissoula Rodi	/wiki/Chrissoula_Rodi	['1900', '1950']
Panayiotis Simopoulos	/wiki/Panayiotis_Simopoulos	['1900', '1950']
Irene Skliva	/wiki/Irene_Skliva	['1900', '1950']
Maria Spiridaki	/wiki/Maria_Spiridaki	['1900', '1950']
Katerina Stikoudi	/wiki/Katerina_Stikoudi	['1900', '1950']
Marina Tsintikidou	/wiki/Marina_Tsintikidou	['1900', '1950']
Katia Zygouli	/wiki/Katia_Zygouli	['1900', '1950']
Doukissa Nomikou	/wiki/Doukissa_Nomikou	['1900', '1950']
Zeta Makrypoulia	/wiki/Zeta_Makrypoulia	['1900', '1950']
Corinna Tsopei	/wiki/Corinna_Tsopei	['1900', '1950']
Theo Angelopoulos	/wiki/Theo_Angelopoulos	['1900', '1950']
Michael Cacoyannis	/wiki/Michael_Cacoyannis	['1900', '1950']
George P. Cosmatos	/wiki/George_P._Cosmatos	['1900', '1950']
Costa-Gavras	/wiki/Costa-Gavras	['1900', '1950']
Peter Kambasis	/wiki/Peter_Kambasis	['1900', '1950']
Milton Katselas	/wiki/Milton_Katselas	['1900', '1950']
Elia Kazan	/wiki/Elia_Kazan	['1900', '1950']
Ana Kokkinos	/wiki/Ana_Kokkinos	['1900', '1950']
Nikos Koundouros	/wiki/Nikos_Koundouros	['1900', '1950']
Thodoros Maragos	/wiki/Thodoros_Maragos	['1900', '1950']
Gregory Markopoulos	/wiki/Gregory_Markopoulos	['1900', '1950']
Nikos Nikolaidis	/wiki/Nikos_Nikolaidis	['1900', '1950']
Yorgos Lanthimos	/wiki/Yorgos_Lanthimos	['1900', '1950']
John Cassavetes	/wiki/John_Cassavetes	['1900', '1950']
Agis III	/wiki/Agis_III	['1900', '1950']
Alcibiades	/wiki/Alcibiades	['1900', '1950']
Alexander the Great	/wiki/Alexander_the_Great	['1900', '1950']
Antiochus III the Great	/wiki/Antiochus_III_the_Great	['1900', '1950']
Antipater	/wiki/Antipater	['1900', '1950']
Aristides	/wiki/Aristides	['1900', '1950']
Cimon	/wiki/Cimon	['1900', '1950']
Cleopatra VII Thea Philopator	/wiki/Cleopatra_VII_Thea_Philopator	['1900', '1950']
Demosthenes	/wiki/Demosthenes	['1900', '1950']
Epaminondas	/wiki/Epaminondas	['420', '362']
Eucratides	/wiki/Eucratides	['1900', '1950']
Leonidas I	/wiki/Leonidas_I	['1900', '1950']
Lycurgus	/wiki/Lycurgus_(Sparta)	['1900', '1950']
Lysander	/wiki/Lysander	['1900', '1950']
Miltiades the Younger	/wiki/Miltiades_the_Younger	['1900', '1950']
Nearchus	/wiki/Nearchus	['1900', '1950']
Peisistratos	/wiki/Peisistratos_(Athens)	['1900', '1950']
Pericles	/wiki/Pericles	['1900', '1950']
Polycrates	/wiki/Polycrates	['1900', '1950']
Ptolemy I	/wiki/Ptolemy_I	['356', '285']
Seleucus I	/wiki/Seleucus_I	['1900', '1950']
Solon	/wiki/Solon	['1900', '1950']
Themistocles	/wiki/Themistocles	['1900', '1950']
Xenophon	/wiki/Xenophon	['1900', '1950']
Saint George	/wiki/Saint_George	['1900', '1950']
Alexius I Comnenus	/wiki/Alexius_I_Comnenus	['1048', '1118']
Basil II	/wiki/Basil_II	['963', '1025']
Constantine Lascaris	/wiki/Constantine_Lascaris	['1900', '1950']
Constantine VII	/wiki/Constantine_VII	['1900', '1950']
Constantine XI	/wiki/Constantine_XI	['1405', '1453']
Gemistus Pletho	/wiki/Gemistus_Pletho	['1900', '1950']
Johannes Bessarion	/wiki/Johannes_Bessarion	['1900', '1950']
Manuel Chrysoloras	/wiki/Manuel_Chrysoloras	['1900', '1950']
Manuel I Comnenus	/wiki/Manuel_I_Comnenus	['1143', '1180']
Michael VIII Palaeologus	/wiki/Michael_VIII_Palaeologus	['1159', '1182']
Marcus Musurus	/wiki/Marcus_Musurus	['1900', '1950']
Nicephorus II Phocas	/wiki/Nicephorus_II_Phocas	['963', '969']
Romanus IV	/wiki/Romanus_IV	['1068', '1071']
Saints Cyril and Methodius	/wiki/Saints_Cyril_and_Methodius	['827', '869']
Theodora	/wiki/Theodora_(wife_of_Justinian_I)	['1900', '1950']
Atik Sinan	/wiki/Atik_Sinan	['1900', '1950']
Aruj	/wiki/Aruj	['1473', '1518']
İbrahim Ethem Pasha	/wiki/%C4%B0brahim_Ethem_Pasha	['1900', '1950']
Hayreddin Barbarossa	/wiki/Hayreddin_Barbarossa	['1475', '1546']
Pargalı İbrahim Pasha	/wiki/Pargal%C4%B1_%C4%B0brahim_Pasha	['1900', '1950']
Alexandra Mavrokordatou	/wiki/Alexandra_Mavrokordatou	['1605', '1683']
Mimar Sinan	/wiki/Mimar_Sinan	['1900', '1950']
Kosem Sultan	/wiki/Kosem_Sultan	['1900', '1950']
İshak Pasha	/wiki/%C4%B0shak_Pasha	['1900', '1950']
Turgut Reis	/wiki/Turgut_Reis	['1900', '1950']
Al-Husayn I ibn Ali	/wiki/Al-Husayn_I_ibn_Ali	['1900', '1950']
Ioannis Kapodistrias	/wiki/Ioannis_Kapodistrias	['1776', '1831']
Georgios Hatzianestis	/wiki/Georgios_Hatzianestis	['1863', '1922']
Constantine Kanaris	/wiki/Constantine_Kanaris	['1794', '1877']
Konstantinos Karamanlis	/wiki/Konstantinos_Karamanlis	['1907', '1998']
Kostas Karamanlis	/wiki/Kostas_Karamanlis	['1956', '2025']
Dimitris Plapoutas	/wiki/Dimitris_Plapoutas	['1786', '1864']
Theodoros Kolokotronis	/wiki/Theodoros_Kolokotronis	['1770', '1843']
Pavlos Kountouriotis	/wiki/Pavlos_Kountouriotis	['1855', '1935']
Alexander Mavrocordatos	/wiki/Alexander_Mavrocordatos	['1900', '1950']
Pavlos Melas	/wiki/Pavlos_Melas	['1870', '1904']
Ioannis Metaxas	/wiki/Ioannis_Metaxas	['1871', '1941']
Andreas Papandreou	/wiki/Andreas_Papandreou	['1919', '1996']
George Andreas Papandreou	/wiki/George_Andreas_Papandreou	['1952', '2025']
Aleka Papariga	/wiki/Aleka_Papariga	['1945', '2025']
Karolos Papoulias	/wiki/Karolos_Papoulias	['1929', '2025']
Kostas Simitis	/wiki/Kostas_Simitis	['1936', '2025']
Kostis Stephanopoulos	/wiki/Kostis_Stephanopoulos	['1926', '2025']
Aris Velouchiotis	/wiki/Aris_Velouchiotis	['1900', '1950']
Eleftherios Venizelos	/wiki/Eleftherios_Venizelos	['1864', '1936']
Nikos Zachariadis	/wiki/Nikos_Zachariadis	['1903', '1973']
Apostol Arsache	/wiki/Apostol_Arsache	['1792', '1874']
Pyrros Dimas	/wiki/Pyrros_Dimas	['1971', '2025']
Dimitri Nanopoulos	/wiki/Dimitri_Nanopoulos	['1948', '2025']
Georgios Sinas	/wiki/Georgios_Sinas	['1783', '1856']
Evangelos Zappas	/wiki/Evangelos_Zappas	['1800', '1865']
Georgios Christakis-Zografos	/wiki/Georgios_Christakis-Zografos	['1863', '1920']
John Cannis	/wiki/John_Cannis	['1900', '1950']
Jim Karygiannis	/wiki/Jim_Karygiannis	['1900', '1950']
Marietta Karamanli	/wiki/Marietta_Karamanli	['1900', '1950']
Iannis Pharmakis	/wiki/Iannis_Pharmakis	['1900', '1950']
Michael von Melas	/wiki/Michael_von_Melas	['1900', '1950']
Cantacuzene	/wiki/Cantacuzene	['1678', '1688']
Norman St.John-Stevas	/wiki/Norman_St.John-Stevas	['1900', '1950']
Andrew Adonis	/wiki/Andrew_Adonis	['1900', '1950']
Petro Georgiou	/wiki/Petro_Georgiou	['1900', '1950']
John Hatzistergos	/wiki/John_Hatzistergos	['1900', '1950']
Jenny Mikakos	/wiki/Jenny_Mikakos	['1900', '1950']
Maria Vamvakinou	/wiki/Maria_Vamvakinou	['1900', '1950']
George Christopher	/wiki/George_Christopher	['64', '1956']
Arianna Huffington	/wiki/Arianna_Huffington	['1900', '1950']
Alypius	/wiki/Alypius_(music_writer)	['1900', '1950']
Terpander	/wiki/Terpander	['1900', '1950']
Rita Abatzi	/wiki/Rita_Abatzi	['1900', '1950']
Maurice Abravanel	/wiki/Maurice_Abravanel	['1900', '1950']
Louis Demetrius Alvanis	/wiki/Louis_Demetrius_Alvanis	['1960', '2025']
Costas Andreou	/wiki/Costas_Andreou	['1900', '1950']
Theodore Antoniou	/wiki/Theodore_Antoniou	['1900', '1950']
Grigoris Asikis	/wiki/Grigoris_Asikis	['1900', '1950']
Nikolas Asimos	/wiki/Nikolas_Asimos	['1900', '1950']
Nicolas Astrinidis	/wiki/Nicolas_Astrinidis	['1900', '1950']
Gina Bachauer	/wiki/Gina_Bachauer	['1900', '1950']
Yiorgos Batis	/wiki/Yiorgos_Batis	['1900', '1950']
Grigoris Bithikotsis	/wiki/Grigoris_Bithikotsis	['1900', '1950']
Miltiades Caridis	/wiki/Miltiades_Caridis	['1900', '1950']
Pavlos Carrer	/wiki/Pavlos_Carrer	['1900', '1950']
Petros Christo	/wiki/Petros_Christo	['1900', '1950']
Nikos Christodoulou	/wiki/Nikos_Christodoulou	['1900', '1950']
Jani Christou	/wiki/Jani_Christou	['1900', '1950']
Christos Dantis	/wiki/Christos_Dantis	['1900', '1950']
Dionysios Demetis	/wiki/Dionysios_Demetis	['1900', '1950']
Odysseas Dimitriadis	/wiki/Odysseas_Dimitriadis	['1908', '2005']
Marina Diamandis	/wiki/Marina_Diamandis	['1900', '1950']
Dimitris Dragatakis	/wiki/Dimitris_Dragatakis	['1900', '1950']
Antiochos Evangelatos	/wiki/Antiochos_Evangelatos	['1900', '1950']
Kostas Exarhakis	/wiki/Kostas_Exarhakis	['1900', '1950']
Maria Farantouri	/wiki/Maria_Farantouri	['1947', '2025']
Yorgos Foudoulis	/wiki/Yorgos_Foudoulis	['1964', '2025']
Eleni Foureira	/wiki/Eleni_Foureira	['1987', '2025']
Gus G.	/wiki/Gus_G.	['1900', '1950']
Katy Garbi	/wiki/Katy_Garbi	['1900', '1950']
Michalis Genitsaris	/wiki/Michalis_Genitsaris	['1900', '1950']
Christos Govetas	/wiki/Christos_Govetas	['1900', '1950']
Manos Hadjidakis	/wiki/Manos_Hadjidakis	['1925', '1994']
Alkinoos Ioannidis	/wiki/Alkinoos_Ioannidis	['1900', '1950']
Sotiris Kakisis	/wiki/Sotiris_Kakisis	['1900', '1950']
George Kallis	/wiki/George_Kallis	['1900', '1950']
Manolis Kalomiris	/wiki/Manolis_Kalomiris	['1883', '1962']
Iakovos Kambanelis	/wiki/Iakovos_Kambanelis	['1900', '1950']
Alex Kapranos	/wiki/Alex_Kapranos	['1900', '1950']
Eleni Karaindrou	/wiki/Eleni_Karaindrou	['1900', '1950']
Herbert von Karajan	/wiki/Herbert_von_Karajan	['1908', '1989']
Nikos Karvelas	/wiki/Nikos_Karvelas	['1900', '1950']
Antonios Katinaris	/wiki/Antonios_Katinaris	['1900', '1950']
Bob Katsionis	/wiki/Bob_Katsionis	['1900', '1950']
Akis Katsoupakis	/wiki/Akis_Katsoupakis	['1972', '2025']
Leonidas Kavakos	/wiki/Leonidas_Kavakos	['1967', '2025']
Stelios Kazantzidis	/wiki/Stelios_Kazantzidis	['1900', '1950']
Areti Ketime	/wiki/Areti_Ketime	['1900', '1950']
Panayiotis Kokoras	/wiki/Panayiotis_Kokoras	['1900', '1950']
Iakovos Kolanian	/wiki/Iakovos_Kolanian	['1900', '1950']
Stavros Koujioumtzis	/wiki/Stavros_Koujioumtzis	['1932', '2005']
Rena Kyriakou	/wiki/Rena_Kyriakou	['1900', '1950']
Andreas Lagios	/wiki/Andreas_Lagios	['1900', '1950']
Alexandre Lagoya	/wiki/Alexandre_Lagoya	['1900', '1950']
Leo Leandros	/wiki/Leo_Leandros	['1900', '1950']
Tommy Lee	/wiki/Tommy_Lee	['1900', '1950']
Manos Loizos	/wiki/Manos_Loizos	['1937', '1982']
Sokratis Malamas	/wiki/Sokratis_Malamas	['1900', '1950']
Nikolaos Mantzaros	/wiki/Nikolaos_Mantzaros	['1900', '1950']
Giannis Markopoulos	/wiki/Giannis_Markopoulos	['1900', '1950']
Kostas Martakis	/wiki/Kostas_Martakis	['1900', '1950']
Marinella	/wiki/Marinella	['1900', '1950']
Thanos Mikroutsikos	/wiki/Thanos_Mikroutsikos	['1900', '1950']
Dimitris Mitropanos	/wiki/Dimitris_Mitropanos	['1900', '1950']
Dimitris Mitropoulos	/wiki/Dimitris_Mitropoulos	['1900', '1950']
Kostas Mountakis	/wiki/Kostas_Mountakis	['1900', '1950']
Georges Moustaki	/wiki/Georges_Moustaki	['1900', '1950']
Orianthi Panagaris	/wiki/Orianthi_Panagaris	['1900', '1950']
Georgios Kyriacos Panayiotou	/wiki/Georgios_Kyriacos_Panayiotou	['1900', '1950']
Tzimis Panousis	/wiki/Tzimis_Panousis	['1900', '1950']
Lefteris Papadimitriou	/wiki/Lefteris_Papadimitriou	['1900', '1950']
Lefteris Papadopoulos	/wiki/Lefteris_Papadopoulos	['1900', '1950']
Thanassis Papakonstantinou	/wiki/Thanassis_Papakonstantinou	['1900', '1950']
Elena Paparizou	/wiki/Elena_Paparizou	['1900', '1950']
Apostolos Paraskevas	/wiki/Apostolos_Paraskevas	['1900', '1950']
Stelios Perpiniadis	/wiki/Stelios_Perpiniadis	['1900', '1950']
Phoebus	/wiki/Phoebus_(songwriter)	['1900', '1950']
Sadahzinia	/wiki/Sadahzinia	['1900', '1950']
Sakis Rouvas	/wiki/Sakis_Rouvas	['1900', '1950']
Spyros Samaras	/wiki/Spyros_Samaras	['1900', '1950']
Kalomira Sarantis	/wiki/Kalomira_Sarantis	['1900', '1950']
Dionysis Savvopoulos	/wiki/Dionysis_Savvopoulos	['1900', '1950']
Kyriakos Sfetsas	/wiki/Kyriakos_Sfetsas	['1900', '1950']
Dimitris Sgouros	/wiki/Dimitris_Sgouros	['1900', '1950']
Pavlos Sidiropoulos	/wiki/Pavlos_Sidiropoulos	['1900', '1950']
Nikos Skalkottas	/wiki/Nikos_Skalkottas	['1900', '1950']
Kostas Skarvelis	/wiki/Kostas_Skarvelis	['1900', '1950']
Camille-Marie Stamaty	/wiki/Camille-Marie_Stamaty	['1900', '1950']
Paschalis Terzis	/wiki/Paschalis_Terzis	['1900', '1950']
Mikis Theodorakis	/wiki/Mikis_Theodorakis	['1925', '2025']
Sonia Theodoridou	/wiki/Sonia_Theodoridou	['1900', '1950']
Giorgos Theofanous	/wiki/Giorgos_Theofanous	['1900', '1950']
Marios Tokas	/wiki/Marios_Tokas	['1900', '1950']
Sakis Tolis	/wiki/Sakis_Tolis	['1900', '1950']
Michalis Travlos	/wiki/Michalis_Travlos	['1900', '1950']
Tatiana Troyanos	/wiki/Tatiana_Troyanos	['1900', '1950']
Eleni Tsaligopoulou	/wiki/Eleni_Tsaligopoulou	['1963', '2025']
Iovan Tsaous	/wiki/Iovan_Tsaous	['1900', '1950']
Vassilis Tsitsanis	/wiki/Vassilis_Tsitsanis	['1900', '1950']
Markos Vamvakaris	/wiki/Markos_Vamvakaris	['1900', '1950']
Despina Vandi	/wiki/Despina_Vandi	['1900', '1950']
Vangelis	/wiki/Vangelis	['1943', '2025']
Marios Varvoglis	/wiki/Marios_Varvoglis	['1900', '1950']
Anna Vissi	/wiki/Anna_Vissi	['1900', '1950']
Haris Xanthoudakis	/wiki/Haris_Xanthoudakis	['1900', '1950']
Stavros Xarhakos	/wiki/Stavros_Xarhakos	['1900', '1950']
Iannis Xenakis	/wiki/Iannis_Xenakis	['1922', '2001']
Nikos Xilouris	/wiki/Nikos_Xilouris	['1900', '1950']
Nikos Xydakis	/wiki/Nikos_Xydakis_(musician)	['1900', '1950']
Spyridon Xyndas	/wiki/Spyridon_Xyndas	['1900', '1950']
Mirka Yemendzakis	/wiki/Mirka_Yemendzakis	['1900', '1950']
Yanni	/wiki/Yanni	['1954', '2025']
Savvas Ysatis	/wiki/Savvas_Ysatis	['1900', '1950']
Sarah P.	/wiki/Sarah_P.	['1900', '1950']
George Zervanos	/wiki/George_Zervanos	['1930', '2006']
Apelles	/wiki/Apelles	['1900', '1950']
Aetion	/wiki/Aetion	['1900', '1950']
Berlin Painter	/wiki/Berlin_Painter	['1900', '1950']
Euphronius	/wiki/Euphronius	['1900', '1950']
Exekias	/wiki/Exekias	['1900', '1950']
Parrhasius	/wiki/Parrhasius_(painter)	['1900', '1950']
Polygnotus	/wiki/Polygnotus	['1900', '1950']
Zeuxis	/wiki/Zeuxis	['1900', '1950']
El Greco	/wiki/El_Greco	['1541', '1614']
Antonio Vassilacchi	/wiki/Antonio_Vassilacchi	['1900', '1950']
Theophilos Hatzimihail	/wiki/Theophilos_Hatzimihail	['1900', '1950']
Demetrios Galanis	/wiki/Demetrios_Galanis	['1900', '1950']
Nicholaos Gysis	/wiki/Nicholaos_Gysis	['1900', '1950']
Nikos Hadjikyriakos-Ghikas	/wiki/Nikos_Hadjikyriakos-Ghikas	['1900', '1950']
Aris Kalaizis	/wiki/Aris_Kalaizis	['1900', '1950']
Julianos Kattinis	/wiki/Julianos_Kattinis	['1900', '1950']
Christos Kapralos	/wiki/Christos_Kapralos	['1900', '1950']
Nikiphoros Lytras	/wiki/Nikiphoros_Lytras	['1900', '1950']
Nikos Nikolaou	/wiki/Nikos_Nikolaou	['1900', '1950']
Konstantinos Parthenis	/wiki/Konstantinos_Parthenis	['1900', '1950']
Marie Spartali Stillman	/wiki/Marie_Spartali_Stillman	['1900', '1950']
Yannis Tsarouchis	/wiki/Yannis_Tsarouchis	['1900', '1950']
Odysseus Yakoumakis	/wiki/Odysseus_Yakoumakis	['1900', '1950']
Spyros Vassiliou	/wiki/Spyros_Vassiliou	['1900', '1950']
Anaxarchus	/wiki/Anaxarchus	['1900', '1950']
Anaximander	/wiki/Anaximander	['1900', '1950']
Archimedes	/wiki/Archimedes	['1900', '1950']
Aristotle	/wiki/Aristotle	['1900', '1950']
Celsus	/wiki/Celsus	['1900', '1950']
Democritus	/wiki/Democritus	['1900', '1950']
Empedocles	/wiki/Empedocles	['1900', '1950']
Epictetus	/wiki/Epictetus	['1900', '1950']
Epicurus	/wiki/Epicurus	['1900', '1950']
Epimenides	/wiki/Epimenides	['1900', '1950']
Eratosthenes	/wiki/Eratosthenes	['1900', '1950']
Heraclitus	/wiki/Heraclitus	['1900', '1950']
Irenaeus	/wiki/Irenaeus	['1900', '1950']
Leucippus	/wiki/Leucippus	['1900', '1950']
Parmenides	/wiki/Parmenides	['1900', '1950']
Plato	/wiki/Plato	['1900', '1950']
Plotinus	/wiki/Plotinus	['1900', '1950']
Protagoras	/wiki/Protagoras	['1900', '1950']
Pythagoras	/wiki/Pythagoras	['1900', '1950']
Socrates	/wiki/Socrates	['1900', '1950']
Thales	/wiki/Thales	['1900', '1950']
Theophrastus	/wiki/Theophrastus	['1900', '1950']
Xenophanes	/wiki/Xenophanes	['1900', '1950']
Plethon	/wiki/Plethon	['1355', '1452']
Michael Psellos	/wiki/Michael_Psellos	['1900', '1950']
Kostas Axelos	/wiki/Kostas_Axelos	['1924', '2010']
Cornelius Castoriadis	/wiki/Cornelius_Castoriadis	['1922', '1997']
Takis Fotopoulos	/wiki/Takis_Fotopoulos	['1940', '2025']
Anthimos Gazis	/wiki/Anthimos_Gazis	['1758', '1828']
Nikos Kazantzakis	/wiki/Nikos_Kazantzakis	['1883', '1957']
Adamantios Korais	/wiki/Adamantios_Korais	['1748', '1833']
Elli Lambridi	/wiki/Elli_Lambridi	['1896', '1970']
Michail Papageorgiou	/wiki/Michail_Papageorgiou	['1727', '1796']
Nicos Poulantzas	/wiki/Nicos_Poulantzas	['1936', '1979']
Ioannis Theodorakopoulos	/wiki/Ioannis_Theodorakopoulos	['1900', '1981']
Christos Yannaras	/wiki/Christos_Yannaras	['1935', '2025']
Anaximander	/wiki/Anaximander	['1900', '1950']
Archimedes	/wiki/Archimedes	['1900', '1950']
Archytas	/wiki/Archytas	['1900', '1950']
Aristotle	/wiki/Aristotle	['1900', '1950']
Ctesibius	/wiki/Ctesibius	['1900', '1950']
Diophantus	/wiki/Diophantus	['1900', '1950']
Eratosthenes	/wiki/Eratosthenes	['1900', '1950']
Euclid	/wiki/Euclid	['1900', '1950']
Eupalinos	/wiki/Eupalinos	['1900', '1950']
Galen	/wiki/Galen	['1900', '1950']
Herophilos	/wiki/Herophilos	['1900', '1950']
Hipparchos	/wiki/Hipparchos	['1900', '1950']
Hippocrates	/wiki/Hippocrates	['1900', '1950']
Parmenides	/wiki/Parmenides	['1900', '1950']
Posidonios	/wiki/Posidonios	['1900', '1950']
Ptolemy	/wiki/Ptolemy	['1900', '1950']
Strabo	/wiki/Strabo	['1900', '1950']
Theopompus	/wiki/Theopompus	['1900', '1950']
Leo the Mathematician	/wiki/Leo_the_Mathematician	['1900', '1950']
Georgios Papanikolaou	/wiki/Georgios_Papanikolaou	['1900', '1950']
Constantin Carathéodory	/wiki/Constantin_Carath%C3%A9odory	['1900', '1950']
Ioannis Argyris	/wiki/Ioannis_Argyris	['1900', '1950']
Dimitri Nanopoulos	/wiki/Dimitri_Nanopoulos	['1900', '1950']
Fotis Kafatos	/wiki/Fotis_Kafatos	['1900', '1950']
Christos Papadimitriou	/wiki/Christos_Papadimitriou	['1900', '1950']
Georgios Papanikolaou	/wiki/Georgios_Papanikolaou	['1900', '1950']
Manolis Andronikos	/wiki/Manolis_Andronikos	['1900', '1950']
Spyridon Marinatos	/wiki/Spyridon_Marinatos	['1900', '1950']
Raphael Salem	/wiki/Raphael_Salem	['1900', '1950']
Athanassios S. Fokas	/wiki/Athanassios_S._Fokas	['1900', '1950']
Michael L Dertouzos	/wiki/Michael_L_Dertouzos	['1900', '1950']
Nicholas Negroponte	/wiki/Nicholas_Negroponte	['1900', '1950']
John Iliopoulos	/wiki/John_Iliopoulos	['1900', '1950']
Panayiotis Zavos	/wiki/Panayiotis_Zavos	['1900', '1950']
Joseph Sifakis	/wiki/Joseph_Sifakis	['1900', '1950']
George P. Chrousos	/wiki/George_P._Chrousos	['1900', '1950']
Andreas Mandelis	/wiki/Andreas_Mandelis	['1900', '1950']
Callicrates	/wiki/Callicrates	['1900', '1950']
Lysippus	/wiki/Lysippus	['1900', '1950']
Myron	/wiki/Myron	['1900', '1950']
Phidias	/wiki/Phidias	['1900', '1950']
Polyclitus	/wiki/Polyclitus_(sculptor)	['1900', '1950']
Polyeuctes	/wiki/Polyeuctes	['1900', '1950']
Pheidias	/wiki/Pheidias	['1900', '1950']
Praxiteles	/wiki/Praxiteles	['1900', '1950']
Scopas	/wiki/Scopas	['1900', '1950']
Constantine Andreou	/wiki/Constantine_Andreou	['1900', '1950']
Jannis Kounellis	/wiki/Jannis_Kounellis	['1900', '1950']
Memos Makris	/wiki/Memos_Makris	['1900', '1950']
Thodoros Papadimitriou	/wiki/Thodoros_Papadimitriou	['1900', '1950']
Nikolaos Pavlopoulos	/wiki/Nikolaos_Pavlopoulos	['1900', '1950']
Panayiotis Vassilakis	/wiki/Panayiotis_Vassilakis	['1900', '1950']
Electros Vekris	/wiki/Electros_Vekris	['1900', '1950']
Lydia Venieri	/wiki/Lydia_Venieri	['1900', '1950']
Constantin Xenakis	/wiki/Constantin_Xenakis	['1900', '1950']
Takis	/wiki/Takis	['1900', '1950']
Socratis Kokkalis	/wiki/Socratis_Kokkalis	['1900', '1950']
Paris Latsis	/wiki/Paris_Latsis	['1900', '1950']
Yiannis Latsis	/wiki/Yiannis_Latsis	['1900', '1950']
George Livanos	/wiki/George_Livanos	['1900', '1950']
Stavros Niarchos	/wiki/Stavros_Niarchos	['1900', '1950']
Aristotle Onassis	/wiki/Aristotle_Onassis	['1900', '1950']
John Paul Papanicolaou	/wiki/John_Paul_Papanicolaou	['1900', '1950']
Aeschylus	/wiki/Aeschylus	['1900', '1950']
Aesop	/wiki/Aesop	['1900', '1950']
Alcaeus	/wiki/Alcaeus_(comic_poet)	['1900', '1950']
Alcman	/wiki/Alcman	['1900', '1950']
Alexander Aetolus	/wiki/Alexander_Aetolus	['1900', '1950']
Anacreon	/wiki/Anacreon	['1900', '1950']
Apollonius Rhodius	/wiki/Apollonius_Rhodius	['1900', '1950']
Aristophanes	/wiki/Aristophanes	['1900', '1950']
Callimachus	/wiki/Callimachus	['1900', '1950']
Cassius Dio	/wiki/Cassius_Dio	['1900', '1950']
Dionysius Thrax	/wiki/Dionysius_Thrax	['1900', '1950']
Euripides	/wiki/Euripides	['1900', '1950']
Hesiod	/wiki/Hesiod	['1900', '1950']
Homer	/wiki/Homer	['1900', '1950']
Lycophron	/wiki/Lycophron	['1900', '1950']
Lysias	/wiki/Lysias	['1900', '1950']
Longus	/wiki/Longus	['1900', '1950']
Marcus Annaeus Lucanus	/wiki/Marcus_Annaeus_Lucanus	['1900', '1950']
Menander	/wiki/Menander	['1900', '1950']
Pausanias	/wiki/Pausanias_(geographer)	['1900', '1950']
Pindar	/wiki/Pindar	['1900', '1950']
Plutarch	/wiki/Plutarch	['1900', '1950']
Polybius	/wiki/Polybius	['1900', '1950']
Polycarp	/wiki/Polycarp	['1900', '1950']
Sappho	/wiki/Sappho	['1900', '1950']
Sophocles	/wiki/Sophocles	['1900', '1950']
Theocritus	/wiki/Theocritus	['1900', '1950']
Thucydides	/wiki/Thucydides	['1900', '1950']
Zenodotus	/wiki/Zenodotus	['1900', '1950']
Anna Comnena	/wiki/Anna_Comnena	['1900', '1950']
Constantine VII Porphyrogenitus	/wiki/Constantine_VII_Porphyrogenitus	['1900', '1950']
Michael Psellos	/wiki/Michael_Psellos	['1900', '1950']
Procopius	/wiki/Procopius	['1900', '1950']
Zozimus	/wiki/Zozimus	['1900', '1950']
Aris Alexandrou	/wiki/Aris_Alexandrou	['1900', '1950']
Manolis Anagnostakis	/wiki/Manolis_Anagnostakis	['1900', '1950']
Iason Athanasiadis	/wiki/Iason_Athanasiadis	['1900', '1950']
Constantine P. Cavafy	/wiki/Constantine_P._Cavafy	['1900', '1950']
Athanasios Christopoulos	/wiki/Athanasios_Christopoulos	['1900', '1950']
Kiki Dimoula	/wiki/Kiki_Dimoula	['1900', '1950']
Maro Douka	/wiki/Maro_Douka	['1900', '1950']
Odysseus Elytis	/wiki/Odysseus_Elytis	['1900', '1950']
Andreas Embirikos	/wiki/Andreas_Embirikos	['1900', '1950']
Nikos Engonopoulos	/wiki/Nikos_Engonopoulos	['1900', '1950']
Jeffrey Eugenides	/wiki/Jeffrey_Eugenides	['1900', '1950']
Michalis Fakinos	/wiki/Michalis_Fakinos	['1900', '1950']
Rigas Feraios	/wiki/Rigas_Feraios	['1900', '1950']
Nikos Gatsos	/wiki/Nikos_Gatsos	['1900', '1950']
Kostis Gimossoulis	/wiki/Kostis_Gimossoulis	['1900', '1950']
Demetris Th. Gotsis	/wiki/Demetris_Th._Gotsis	['1900', '1950']
Sotiris Kakisis	/wiki/Sotiris_Kakisis	['1900', '1950']
Andreas Kalvos	/wiki/Andreas_Kalvos	['1900', '1950']
Iakovos Kambanelis	/wiki/Iakovos_Kambanelis	['1900', '1950']
M. Karagatsis	/wiki/M._Karagatsis	['1900', '1950']
Nikos Karouzos	/wiki/Nikos_Karouzos	['1900', '1950']
Kostas Karyotakis	/wiki/Kostas_Karyotakis	['1900', '1950']
Nikos Kavvadias	/wiki/Nikos_Kavvadias	['1900', '1950']
Nikos Kazantzakis	/wiki/Nikos_Kazantzakis	['1900', '1950']
Antigone Kefala	/wiki/Antigone_Kefala	['1900', '1950']
Yannis Kondos	/wiki/Yannis_Kondos	['1900', '1950']
Menis Koumantareas	/wiki/Menis_Koumantareas	['1900', '1950']
Napoleon Lapathiotis	/wiki/Napoleon_Lapathiotis	['1900', '1950']
Christoforos Liontakis	/wiki/Christoforos_Liontakis	['1900', '1950']
Dimitris Lyacos	/wiki/Dimitris_Lyacos	['1900', '1950']
Jenny Mastoraki	/wiki/Jenny_Mastoraki	['1900', '1950']
Stratis Myrivilis	/wiki/Stratis_Myrivilis	['1900', '1950']
Kostis Palamas	/wiki/Kostis_Palamas	['1900', '1950']
Alexandros Panagoulis	/wiki/Alexandros_Panagoulis	['1900', '1950']
Alexandros Papadiamantis	/wiki/Alexandros_Papadiamantis	['1900', '1950']
George Pavlopoulos	/wiki/George_Pavlopoulos	['1900', '1950']
George Pelecanos	/wiki/George_Pelecanos	['1900', '1950']
Maria Polydouri	/wiki/Maria_Polydouri	['1900', '1950']
Lefteris Poulios	/wiki/Lefteris_Poulios	['1900', '1950']
Ioannis Psycharis	/wiki/Ioannis_Psycharis	['1900', '1950']
Yannis Ritsos	/wiki/Yannis_Ritsos	['1900', '1950']
Miltos Sachtouris	/wiki/Miltos_Sachtouris	['1900', '1950']
David Sedaris	/wiki/David_Sedaris	['1900', '1950']
Giorgos Seferis	/wiki/Giorgos_Seferis	['1900', '1950']
Angelos Sikelianos	/wiki/Angelos_Sikelianos	['1900', '1950']
Takis Sinopoulos	/wiki/Takis_Sinopoulos	['1900', '1950']
Giannis Skarimpas	/wiki/Giannis_Skarimpas	['1900', '1950']
Dionysios Solomos	/wiki/Dionysios_Solomos	['1900', '1950']
Alexandros Soutsos	/wiki/Alexandros_Soutsos	['1900', '1950']
Alexis Stamatis	/wiki/Alexis_Stamatis	['1900', '1950']
Theodore Stephanides	/wiki/Theodore_Stephanides	['1900', '1950']
Vassilis Steriadis	/wiki/Vassilis_Steriadis	['1900', '1950']
George Tsimbidaros-Fteris	/wiki/George_Tsimbidaros-Fteris	['1900', '1950']
Nanos Valaoritis	/wiki/Nanos_Valaoritis	['1900', '1950']
Kostas Varnalis	/wiki/Kostas_Varnalis	['1900', '1950']
Vassilis Vassilikos	/wiki/Vassilis_Vassilikos	['1900', '1950']
Haris Vlavianos	/wiki/Haris_Vlavianos	['1900', '1950']
Manolis Andronikos	/wiki/Manolis_Andronikos	['1919', '1992']
Gianna Angelopoulos-Daskalaki	/wiki/Gianna_Angelopoulos-Daskalaki	['1900', '1950']
Marie Aspioti	/wiki/Marie_Aspioti	['1900', '1950']
Patriarch Athenagoras	/wiki/Patriarch_Athenagoras	['1900', '1950']
George Bizos	/wiki/George_Bizos	['1900', '1950']
Moisis Michail Bourlas	/wiki/Moisis_Michail_Bourlas	['1900', '1950']
Maria Callas	/wiki/Maria_Callas	['1900', '1950']
Cornelius Castoriadis	/wiki/Cornelius_Castoriadis	['1900', '1950']
Zoe Cruz	/wiki/Zoe_Cruz	['1900', '1950']
Michael Dertouzos	/wiki/Michael_Dertouzos	['1900', '1950']
Odysseas Elytis	/wiki/Odysseas_Elytis	['1900', '1950']
Mario Frangoulis	/wiki/Mario_Frangoulis	['1900', '1950']
Manolis Glezos	/wiki/Manolis_Glezos	['1900', '1950']
Nikos Hadjinikolaou	/wiki/Nikos_Hadjinikolaou	['1962', '2025']
Hipparchus	/wiki/Hipparchus	['1900', '1950']
Hipparchus	/wiki/Hipparchus_(son_of_Peisistratos)	['1900', '1950']
Sir Alec Issigonis	/wiki/Sir_Alec_Issigonis	['1900', '1950']
Eleni Konsolaki	/wiki/Eleni_Konsolaki	['1900', '1950']
Vissarion Korkoliacos	/wiki/Vissarion_Korkoliacos	['1908', '1991']
Polyvios Kossivas	/wiki/Polyvios_Kossivas	['1900', '1950']
Makarios III	/wiki/Makarios_III	['1900', '1950']
Spyridon Marinatos	/wiki/Spyridon_Marinatos	['1900', '1950']
Melina Mercouri	/wiki/Melina_Mercouri	['1900', '1950']
Dimitri Nanopoulos	/wiki/Dimitri_Nanopoulos	['1900', '1950']
Lefteris Papadopoulos	/wiki/Lefteris_Papadopoulos	['1935', '2025']
Dimitris Varos	/wiki/Dimitris_Varos	['1900', '1950']
Dimitris Papaioannou	/wiki/Dimitris_Papaioannou	['1900', '1950']
Peisistratos	/wiki/Peisistratos	['1900', '1950']
Andreas Petroulakis	/wiki/Andreas_Petroulakis	['1900', '1950']
Saint Philomena	/wiki/Saint_Philomena	['1900', '1950']
Nicos Poulantzas	/wiki/Nicos_Poulantzas	['1900', '1950']
Christopher Nicholas Sarantakos	/wiki/Christopher_Nicholas_Sarantakos	['1900', '1950']
George Sava	/wiki/George_Sava	['1900', '1950']
Giorgos Seferis	/wiki/Giorgos_Seferis	['1900', '1950']
Angelos Sikelianos	/wiki/Angelos_Sikelianos	['1900', '1950']
Spyros Skouras	/wiki/Spyros_Skouras	['1900', '1950']
Alex Spanos	/wiki/Alex_Spanos	['1900', '1950']
Iannis Xenakis	/wiki/Iannis_Xenakis	['1900', '1950']
Panayiotis Zavos	/wiki/Panayiotis_Zavos	['1900', '1950']
Adamantios Vassilakis	/wiki/Adamantios_Vassilakis	['1900', '1950']
Constantin Carathéodory	/wiki/Constantin_Carath%C3%A9odory	['1900', '1950']
Chris Argyris	/wiki/Chris_Argyris	['1900', '1950']
Costas Axelos	/wiki/Costas_Axelos	['1900', '1950']
Apostolos Athanassakis	/wiki/Apostolos_Athanassakis	['1900', '1950']
Phaedon Avouris	/wiki/Phaedon_Avouris	['1900', '1950']
Demetrios Christodoulou	/wiki/Demetrios_Christodoulou	['1900', '1950']
George Constantinides	/wiki/George_Constantinides	['1900', '1950']
Helen Fessas-Emmanouil	/wiki/Helen_Fessas-Emmanouil	['1900', '1950']
Dimitrios Galanos	/wiki/Dimitrios_Galanos	['1900', '1950']
Fotis Kafatos	/wiki/Fotis_Kafatos	['1900', '1950']
Jannis Kallinikos	/wiki/Jannis_Kallinikos	['1900', '1950']
Dimitri Kitsikis	/wiki/Dimitri_Kitsikis	['1900', '1950']
Andreas Mandelis	/wiki/Andreas_Mandelis	['1900', '1950']
Doula Mouriki	/wiki/Doula_Mouriki	['1900', '1950']
Dimitri Nanopoulos	/wiki/Dimitri_Nanopoulos	['1900', '1950']
Nicholas Negroponte	/wiki/Nicholas_Negroponte	['1900', '1950']
Irena Papadopoulos	/wiki/Irena_Papadopoulos	['1900', '1950']
Christos Papakyriakopoulos	/wiki/Christos_Papakyriakopoulos	['1900', '1950']
Christos Papadimitriou	/wiki/Christos_Papadimitriou	['1900', '1950']
Georgios Papanikolaou	/wiki/Georgios_Papanikolaou	['1900', '1950']
John S. Paraskevopoulos	/wiki/John_S._Paraskevopoulos	['1900', '1950']
Nicholas A. Peppas	/wiki/Nicholas_A._Peppas	['1900', '1950']
Vladimir Triandafillov	/wiki/Vladimir_Triandafillov	['1900', '1950']
Haridimos Tsoukas	/wiki/Haridimos_Tsoukas	['1900', '1950']
George Vithoulkas	/wiki/George_Vithoulkas	['1900', '1950']
Xenophon Zolotas	/wiki/Xenophon_Zolotas	['1900', '1950']
Cybele	/wiki/Cybele_(actress)	['1887', '1978']
Manos Katrakis	/wiki/Manos_Katrakis	['1908', '1984']
Alexis Minotis	/wiki/Alexis_Minotis	['1898', '1990']
Sotiris Moustakas	/wiki/Sotiris_Moustakas	['1940', '2007']
Sapfo Notara	/wiki/Sapfo_Notara	['1907', '1985']
Nikos Stavridis	/wiki/Nikos_Stavridis	['1910', '1987']
Pyrros Dimas	/wiki/Pyrros_Dimas	['1900', '1950']
Leonidas Sampanis	/wiki/Leonidas_Sampanis	['1900', '1950']
Apostolos Nikolaidis	/wiki/Apostolos_Nikolaidis_(athlete)	['1896', '1980']
Makarios III	/wiki/Makarios_III	['1913', '1977']
John D. Chandris	/wiki/John_D._Chandris	['1890', '1942']
Aristotle Onassis	/wiki/Aristotle_Onassis	['1906', '1975']
Basil Zaharoff	/wiki/Basil_Zaharoff	['1849', '1936']
Bulgari	/wiki/Bulgari	['1857', '1932']
Elia Kazan	/wiki/Elia_Kazan	['1909', '2003']
Michael Cacoyannis	/wiki/Michael_Cacoyannis	['1922', '2011']
Stephanos Skouloudis	/wiki/Stephanos_Skouloudis	['1838', '1928']
Georgios Theotokis	/wiki/Georgios_Theotokis	['1844', '1916']
Spyridon Lambros	/wiki/Spyridon_Lambros	['1851', '1919']
Themistoklis Sophoulis	/wiki/Themistoklis_Sophoulis	['1860', '1949']
Eleftherios Venizelos	/wiki/Eleftherios_Venizelos	['1864', '1936']
Emmanouil Tsouderos	/wiki/Emmanouil_Tsouderos	['1882', '1956']
Konstantinos Tsaldaris	/wiki/Konstantinos_Tsaldaris	['1884', '1970']
Alexandros Svolos	/wiki/Alexandros_Svolos	['1892', '1956']
Sophoklis Venizelos	/wiki/Sophoklis_Venizelos	['1894', '1964']
Evripidis Bakirtzis	/wiki/Evripidis_Bakirtzis	['1895', '1947']
Konstantinos Karamanlis	/wiki/Konstantinos_Karamanlis	['1907', '1998']
Manolis Kalomiris	/wiki/Manolis_Kalomiris	['1883', '1962']
Rita Abatzi	/wiki/Rita_Abatzi	['1914', '1969']
Marios Tokas	/wiki/Marios_Tokas	['1954', '2008']
Theophilos Hatzimihail	/wiki/Theophilos_Hatzimihail	['1870', '1934']
Cornelius Castoriadis	/wiki/Cornelius_Castoriadis	['1922', '1997']
Manolis Andronikos	/wiki/Manolis_Andronikos	['1919', '1992']
Panayiotis Zavos	/wiki/Panayiotis_Zavos	['1900', '1950']
Pavlos Prosalentis	/wiki/Pavlos_Prosalentis	['1784', '1837']
Konstantinos Dimitriadis	/wiki/Konstantinos_Dimitriadis	['1900', '1950']
Costas Valsamis	/wiki/Costas_Valsamis	['1908', '2003']
Dimitra Tserkezou	/wiki/Dimitra_Tserkezou	['1920', '2007']
Alkistis Protopsalti	/wiki/Alkistis_Protopsalti	['1900', '1950']
Anna Vissi	/wiki/Anna_Vissi	['1900', '1950']
Aristotle Onassis	/wiki/Aristotle_Onassis	['1906', '1975']
Constantine P. Cavafy	/wiki/Constantine_P._Cavafy	['1863', '1933']
Nikos Kazantzakis	/wiki/Nikos_Kazantzakis	['1883', '1957']
Giorgos Seferis	/wiki/Giorgos_Seferis	['1900', '1971']
Odysseas Elytis	/wiki/Odysseas_Elytis	['1911', '1996']
Sir Alec Issigonis	/wiki/Sir_Alec_Issigonis	['1906', '1988']
Template:Greece topics	/wiki/Template:Greece_topics	['1900', '1950']
Template talk:Greece topics	/wiki/Template_talk:Greece_topics	['1900', '1950']
Neolithic Greece	/wiki/Neolithic_Greece	['1900', '1950']
Aegean civilizations	/wiki/Aegean_civilizations	['1900', '1950']
Pelasgians	/wiki/Pelasgians	['1900', '1950']
Cycladic culture	/wiki/Cycladic_culture	['1900', '1950']
Minoan civilization	/wiki/Minoan_civilization	['1900', '1950']
Helladic chronology	/wiki/Helladic_chronology	['1900', '1950']
Mycenaean Greece	/wiki/Mycenaean_Greece	['1900', '1950']
Archaic Greece	/wiki/Archaic_Greece	['1900', '1950']
Greco-Persian Wars	/wiki/Greco-Persian_Wars	['1900', '1950']
Classical Greece	/wiki/Classical_Greece	['1900', '1950']
Hellenistic Greece	/wiki/Hellenistic_Greece	['1900', '1950']
Roman Greece	/wiki/Roman_Greece	['1900', '1950']
Byzantine Greece	/wiki/Byzantine_Greece	['1900', '1950']
Fourth Crusade	/wiki/Fourth_Crusade	['1900', '1950']
Frankokratia	/wiki/Frankokratia	['1900', '1950']
Ottoman Greece	/wiki/Ottoman_Greece	['1900', '1950']
Septinsular Republic	/wiki/Septinsular_Republic	['1900', '1950']
First Hellenic Republic	/wiki/First_Hellenic_Republic	['1900', '1950']
Greece during World War I	/wiki/Greece_during_World_War_I	['1900', '1950']
National Schism	/wiki/National_Schism	['1900', '1950']
Greco-Turkish War	/wiki/Greco-Turkish_War_(1919%E2%80%931922)	['1900', '1950']
Second Hellenic Republic	/wiki/Second_Hellenic_Republic	['1900', '1950']
Third Hellenic Republic	/wiki/Third_Hellenic_Republic	['1900', '1950']
Hellenic languages	/wiki/Hellenic_languages	['1900', '1950']
Phanariotes	/wiki/Phanariotes	['1900', '1950']
Polis	/wiki/Polis	['1900', '1950']
Population exchange between Greece and Turkey	/wiki/Population_exchange_between_Greece_and_Turkey	['1900', '1950']
Central Greece	/wiki/Central_Greece	['1900', '1950']
Crete	/wiki/Crete	['1900', '1950']
Cyclades	/wiki/Cyclades	['1900', '1950']
Dodecanese	/wiki/Dodecanese	['1900', '1950']
Epirus	/wiki/Epirus	['1900', '1950']
Ionian Islands	/wiki/Ionian_Islands	['1900', '1950']
North Aegean islands	/wiki/North_Aegean_islands	['1900', '1950']
Peloponnese	/wiki/Peloponnese	['1900', '1950']
Thessaly	/wiki/Thessaly	['1900', '1950']
Western Thrace	/wiki/Western_Thrace	['1900', '1950']
Mediterranean Sea	/wiki/Mediterranean_Sea	['1900', '1950']
Aegean Sea	/wiki/Aegean_Sea	['1900', '1950']
Ionian Sea	/wiki/Ionian_Sea	['1900', '1950']
Libyan Sea	/wiki/Libyan_Sea	['1900', '1950']
Supreme Special Court	/wiki/Supreme_Special_Court	['1900', '1950']
Hellenic Parliament	/wiki/Hellenic_Parliament	['1900', '1950']
Parliamentary Committees	/wiki/Parliamentary_Committees_(Greece)	['1900', '1950']
Aegean dispute	/wiki/Aegean_dispute	['1900', '1950']
Cyprus dispute	/wiki/Cyprus_dispute	['1900', '1950']
Macedonia naming dispute	/wiki/Macedonia_naming_dispute	['1900', '1950']
Hellenic Air Force	/wiki/Hellenic_Air_Force	['1900', '1950']
Hellenic Army	/wiki/Hellenic_Army	['1900', '1950']
Hellenic Navy	/wiki/Hellenic_Navy	['1900', '1950']
Metaxism	/wiki/Metaxism	['1900', '1950']
Venizelism	/wiki/Venizelism	['1900', '1950']
Athens Stock Exchange	/wiki/Athens_Stock_Exchange	['1900', '1950']
Fakelaki	/wiki/Fakelaki	['1900', '1950']
Greece and the International Monetary Fund	/wiki/Greece_and_the_International_Monetary_Fund	['1900', '1950']
Laiki agora	/wiki/Laiki_agora	['1900', '1950']
Hellenic Space Agency	/wiki/Hellenic_Space_Agency	['1900', '1950']
Thessaloniki International Fair	/wiki/Thessaloniki_International_Fair	['1900', '1950']
Immigration to Greece	/wiki/Immigration_to_Greece	['1900', '1950']
Basileus	/wiki/Basileus	['1900', '1950']
Xenia	/wiki/Xenia_(Greek)	['1900', '1950']
Paideia	/wiki/Paideia	['1900', '1950']
Philhellenism	/wiki/Philhellenism	['1900', '1950']
Philotimo	/wiki/Philotimo	['1900', '1950']
Cretan School	/wiki/Cretan_School	['1900', '1950']
Byzantine art	/wiki/Byzantine_art	['1900', '1950']
Feta	/wiki/Feta	['1900', '1950']
Olive oil	/wiki/Olive_oil	['1900', '1950']
Ouzo	/wiki/Ouzo	['1900', '1950']
Retsina	/wiki/Retsina	['1900', '1950']
Souvlaki	/wiki/Souvlaki	['1900', '1950']
Byzantine music	/wiki/Byzantine_music	['1900', '1950']
Éntekhno	/wiki/%C3%89ntekhno	['1900', '1950']
Ionian School	/wiki/Ionian_School_(music)	['1900', '1950']
Laïko	/wiki/La%C3%AFko	['1900', '1950']
Rebetiko	/wiki/Rebetiko	['1900', '1950']
Ancient Olympic Games	/wiki/Ancient_Olympic_Games	['1900', '1950']
Greece at the Olympics	/wiki/Greece_at_the_Olympics	['1900', '1950']
Hymn to Liberty	/wiki/Hymn_to_Liberty	['1900', '1950']
Eleftheria i thanatos	/wiki/Eleftheria_i_thanatos	['1900', '1950']
