text	link	year
Carmen Acevedo Vega	/wiki/Carmen_Acevedo_Vega	['1913', '2006']
Jorge Enrique Adoum	/wiki/Jorge_Enrique_Adoum	['1926', '2009']
Luis Aguilar-Monsalve	/wiki/Luis_Aguilar-Monsalve	['1900', '1950']
Vicente Amador Flor	/wiki/Vicente_Amador_Flor	['1903', '1975']
Fernando Tinajero	/wiki/Fernando_Tinajero	['1900', '1950']
Juan Andrade Heymann	/wiki/Juan_Andrade_Heymann	['1900', '1950']
Raúl Andrade Moscoso	/wiki/Ra%C3%BAl_Andrade_Moscoso	['1905', '1983']
César E. Arroyo	/wiki/C%C3%A9sar_E._Arroyo	['1887', '1937']
Enrique Avellán Ferrés	/wiki/Enrique_Avell%C3%A1n_Ferr%C3%A9s	['1900', '1950']
Juan Bautista Aguirre	/wiki/Juan_Bautista_Aguirre	['1725', '1786']
Ana Cecilia Blum	/wiki/Ana_Cecilia_Blum	['1900', '1950']
Arturo Borja	/wiki/Arturo_Borja	['1892', '1912']
Rosa Borja de Ycaza	/wiki/Rosa_Borja_de_Ycaza	['1889', '1964']
Vicente Cabrera Funes	/wiki/Vicente_Cabrera_Funes	['1944', '2014']
Jorge Luis Cáceres	/wiki/Jorge_Luis_C%C3%A1ceres	['1900', '1950']
Oswaldo Calisto Rivera	/wiki/Oswaldo_Calisto_Rivera	['1979', '2000']
Eliécer Cárdenas	/wiki/Eli%C3%A9cer_C%C3%A1rdenas	['1900', '1950']
Jorge Carrera Andrade	/wiki/Jorge_Carrera_Andrade	['1903', '1978']
Alejandro Carrión Aguirre	/wiki/Alejandro_Carri%C3%B3n_Aguirre	['1915', '1992']
Fanny Carrión de Fierro	/wiki/Fanny_Carri%C3%B3n_de_Fierro	['1900', '1950']
Benjamín Carrión Mora	/wiki/Benjam%C3%ADn_Carri%C3%B3n_Mora	['1897', '1979']
Iván Carvajal	/wiki/Iv%C3%A1n_Carvajal	['1900', '1950']
Gabriel Cevallos García	/wiki/Gabriel_Cevallos_Garc%C3%ADa	['1913', '2004']
Octavio Cordero Palacios	/wiki/Octavio_Cordero_Palacios_(writer)	['1870', '1930']
Simón Corral	/wiki/Sim%C3%B3n_Corral	['1900', '1950']
Luis Costales	/wiki/Luis_Costales	['1926', '2006']
José de la Cuadra	/wiki/Jos%C3%A9_de_la_Cuadra	['1903', '1941']
Agustin Cueva	/wiki/Agustin_Cueva	['1937', '1992']
Rafael Díaz Ycaza	/wiki/Rafael_D%C3%ADaz_Ycaza	['1925', '2013']
Miguel Donoso Pareja	/wiki/Miguel_Donoso_Pareja	['1931', '2015']
Luis Enrique Fierro	/wiki/Luis_Enrique_Fierro	['1900', '1950']
Gonzalo Escudero	/wiki/Gonzalo_Escudero	['1903', '1971']
Eugenio Espejo	/wiki/Eugenio_Espejo	['1747', '1795']
Aurelio Espinosa Pólit	/wiki/Aurelio_Espinosa_P%C3%B3lit	['1894', '1961']
Jenny Estrada	/wiki/Jenny_Estrada	['1900', '1950']
Ulises Estrella	/wiki/Ulises_Estrella	['1900', '1950']
Nelson Estupiñán Bass	/wiki/Nelson_Estupi%C3%B1%C3%A1n_Bass	['1912', '2002']
Jacinto de Evia	/wiki/Jacinto_de_Evia	['1900', '1950']
Ángel Felicísimo Rojas	/wiki/%C3%81ngel_Felic%C3%ADsimo_Rojas	['1909', '2003']
Humberto Fierro	/wiki/Humberto_Fierro	['1890', '1929']
Jaime Galarza Zavala	/wiki/Jaime_Galarza_Zavala	['1900', '1950']
Karina Galvez	/wiki/Karina_Galvez	['1900', '1950']
Alfredo Gangotena	/wiki/Alfredo_Gangotena	['1904', '1944']
Francisco Tobar Garcia	/wiki/Francisco_Tobar_Garcia	['1928', '1997']
Enrique Gil Gilbert	/wiki/Enrique_Gil_Gilbert	['1912', '1973']
Euler Granda	/wiki/Euler_Granda	['1900', '1950']
Yanna Hadatty	/wiki/Yanna_Hadatty	['1900', '1950']
Horacio Hidrovo Peñaherrera	/wiki/Horacio_Hidrovo_Pe%C3%B1aherrera	['1931', '2012']
Horacio Hidrovo Velásquez	/wiki/Horacio_Hidrovo_Vel%C3%A1squez	['1902', '1962']
Jorge Icaza Coronel	/wiki/Jorge_Icaza_Coronel	['1906', '1978']
Edna Iturralde	/wiki/Edna_Iturralde	['1900', '1950']
Efraín Jara Idrovo	/wiki/Efra%C3%ADn_Jara_Idrovo	['1926', '2018']
Carlos Eduardo Jaramillo Castillo	/wiki/Carlos_Eduardo_Jaramillo_Castillo	['1900', '1950']
Nicolás Kingman Riofrío	/wiki/Nicol%C3%A1s_Kingman_Riofr%C3%ADo	['1900', '1950']
Joaquín Gallegos Lara	/wiki/Joaqu%C3%ADn_Gallegos_Lara	['1909', '1947']
Juan Larrea Holguín	/wiki/Juan_Larrea_Holgu%C3%ADn	['1927', '2006']
Sonia Manzano Vela	/wiki/Sonia_Manzano_Vela	['1900', '1950']
Nela Martínez	/wiki/Nela_Mart%C3%ADnez	['1912', '2004']
Hugo Mayo	/wiki/Hugo_Mayo	['1895', '1988']
Juan León Mera	/wiki/Juan_Le%C3%B3n_Mera	['1832', '1894']
Juan Montalvo	/wiki/Juan_Montalvo	['1832', '1889']
Ernesto Noboa y Caamaño	/wiki/Ernesto_Noboa_y_Caama%C3%B1o	['1889', '1927']
Jorge Núñez Sánchez	/wiki/Jorge_N%C3%BA%C3%B1ez_S%C3%A1nchez	['1900', '1950']
José Joaquín de Olmedo	/wiki/Jos%C3%A9_Joaqu%C3%ADn_de_Olmedo	['1780', '1847']
Adalberto Ortiz	/wiki/Adalberto_Ortiz	['1914', '2003']
Alfredo Pareja Diezcanseco	/wiki/Alfredo_Pareja_Diezcanseco	['1908', '1993']
Julio Pazos Barrera	/wiki/Julio_Pazos_Barrera	['1900', '1950']
Jorge Pérez Concha	/wiki/Jorge_P%C3%A9rez_Concha	['1908', '1995']
Numa Pompilio Llona	/wiki/Numa_Pompilio_Llona	['1832', '1907']
José Martínez Queirolo	/wiki/Jos%C3%A9_Mart%C3%ADnez_Queirolo	['1931', '2008']
Ernesto Quiñonez	/wiki/Ernesto_Qui%C3%B1onez	['1900', '1950']
Edmundo Ribadeneira Meneses	/wiki/Edmundo_Ribadeneira_Meneses	['1920', '2004']
Galo René Pérez	/wiki/Galo_Ren%C3%A9_P%C3%A9rez	['1923', '2008']
Rodolfo Pérez Pimentel	/wiki/Rodolfo_P%C3%A9rez_Pimentel	['1900', '1950']
Víctor Manuel Rendón	/wiki/V%C3%ADctor_Manuel_Rend%C3%B3n	['1859', '1940']
Juan Manuel Rodriguez	/wiki/Juan_Manuel_Rodriguez_(writer)	['1900', '1950']
Alfonso Rumazo González	/wiki/Alfonso_Rumazo_Gonz%C3%A1lez	['1903', '2002']
José Rumazo González	/wiki/Jos%C3%A9_Rumazo_Gonz%C3%A1lez	['1900', '1950']
Hugo Salazar Tamariz	/wiki/Hugo_Salazar_Tamariz	['1923', '1999']
Isacovici Salomon	/wiki/Isacovici_Salomon	['1924', '1998']
Filoteo Samaniego	/wiki/Filoteo_Samaniego	['1928', '2013']
Carlos Altamirano Sánchez	/wiki/Carlos_Altamirano_S%C3%A1nchez	['1900', '1950']
Medardo Ángel Silva	/wiki/Medardo_%C3%81ngel_Silva	['1898', '1919']
José Trajano Mera	/wiki/Jos%C3%A9_Trajano_Mera	['1862', '1919']
Abdón Ubidia	/wiki/Abd%C3%B3n_Ubidia	['1900', '1950']
Benjamín Urrutia	/wiki/Benjam%C3%ADn_Urrutia	['1900', '1950']
Eduardo Varas	/wiki/Eduardo_Varas	['1900', '1950']
Fray José María Vargas O.P.	/wiki/Fray_Jos%C3%A9_Mar%C3%ADa_Vargas_O.P.	['1902', '1988']
Javier Vásconez	/wiki/Javier_V%C3%A1sconez	['1900', '1950']
Dolores Veintimilla	/wiki/Dolores_Veintimilla	['1829', '1857']
Pedro Jorge Vera	/wiki/Pedro_Jorge_Vera	['1914', '1999']
Raquel Verdesoto	/wiki/Raquel_Verdesoto	['1910', '1999']
Alicia Yánez Cossío	/wiki/Alicia_Y%C3%A1nez_Coss%C3%ADo	['1900', '1950']
Alfredo Palacio Moreno	/wiki/Alfredo_Palacio_Moreno	['1900', '1950']
Aníbal Villacís	/wiki/An%C3%ADbal_Villac%C3%ADs	['1900', '1950']
Araceli Gilbert	/wiki/Araceli_Gilbert	['1900', '1950']
Bernardo de Legarda	/wiki/Bernardo_de_Legarda	['1900', '1950']
Caesar Andrade Faini	/wiki/Caesar_Andrade_Faini	['1900', '1950']
Camilo Egas	/wiki/Camilo_Egas	['1900', '1950']
Eduardo Kingman	/wiki/Eduardo_Kingman	['1900', '1950']
Enrique Tábara	/wiki/Enrique_T%C3%A1bara	['1900', '1950']
Estuardo Maldonado	/wiki/Estuardo_Maldonado	['1900', '1950']
Félix Arauz	/wiki/F%C3%A9lix_Arauz	['1900', '1950']
Galo Galecio	/wiki/Galo_Galecio	['1900', '1950']
Gonzalo Amancha	/wiki/Gonzalo_Amancha	['1900', '1950']
Gonzalo Endara Crow	/wiki/Gonzalo_Endara_Crow	['1900', '1950']
Grace Polit	/wiki/Grace_Polit	['1900', '1950']
Hugo Cifuentes	/wiki/Hugo_Cifuentes	['1900', '1950']
Jorge Velarde	/wiki/Jorge_Velarde	['1900', '1950']
Jorge Swett	/wiki/Jorge_Swett	['1900', '1950']
Juan Villafuerte	/wiki/Juan_Villafuerte	['1900', '1950']
Judith Gutierrez	/wiki/Judith_Gutierrez	['1900', '1950']
Leonardo Tejada	/wiki/Leonardo_Tejada	['1900', '1950']
Luigi Stornaiolo Pimentel	/wiki/Luigi_Stornaiolo_Pimentel	['1900', '1950']
Luis Miranda	/wiki/Luis_Miranda_(painter)	['1900', '1950']
Luis Molinari	/wiki/Luis_Molinari	['1900', '1950']
Manuel Rendón	/wiki/Manuel_Rend%C3%B3n	['1900', '1950']
Marcos Restrepo	/wiki/Marcos_Restrepo	['1900', '1950']
Miguel Betancourt	/wiki/Miguel_Betancourt	['1900', '1950']
Oswaldo Guayasamín	/wiki/Oswaldo_Guayasam%C3%ADn	['1900', '1950']
Oswaldo Moreno	/wiki/Oswaldo_Moreno	['1900', '1950']
Patricio Cueva Jaramillo	/wiki/Patricio_Cueva_Jaramillo	['1900', '1950']
Ramón Piaguaje	/wiki/Ram%C3%B3n_Piaguaje	['1900', '1950']
Theo Constanté	/wiki/Theo_Constant%C3%A9	['1900', '1950']
Washington Iza	/wiki/Washington_Iza	['1900', '1950']
Jaime Andrade Moscoso	/wiki/Jaime_Andrade_Moscoso	['1900', '1950']
Noralma Vera Arrata	/wiki/Noralma_Vera_Arrata	['1900', '1950']
Esperanza Cruz Hidalgo	/wiki/Esperanza_Cruz_Hidalgo	['1900', '1950']
Camilo Coba	/wiki/Camilo_Coba	['1900', '1950']
Sebastián Cordero	/wiki/Sebasti%C3%A1n_Cordero	['1900', '1950']
Camilo Luzuriaga	/wiki/Camilo_Luzuriaga	['1900', '1950']
Mike Judge	/wiki/Mike_Judge	['1900', '1950']
Jenn Pinto	/wiki/Jenn_Pinto	['1900', '1950']
Michael Steger	/wiki/Michael_Steger	['1900', '1950']
Ricardo Hoyos	/wiki/Ricardo_Hoyos	['1900', '1950']
Albert Paulsen	/wiki/Albert_Paulsen	['1900', '1950']
Fatima Ptacek	/wiki/Fatima_Ptacek	['1900', '1950']
Camilo Luzuriaga	/wiki/Camilo_Luzuriaga	['1900', '1950']
Danilo Carrera	/wiki/Danilo_Carrera	['1900', '1950']
Adrienne Bailon	/wiki/Adrienne_Bailon	['1900', '1950']
Antonio Neumane	/wiki/Antonio_Neumane	['1900', '1950']
Arturo Rodas	/wiki/Arturo_Rodas	['1900', '1950']
Beatriz Parra Durango	/wiki/Beatriz_Parra_Durango	['1900', '1950']
Boris Cepeda	/wiki/Boris_Cepeda	['1900', '1950']
Carlos Rubira Infante	/wiki/Carlos_Rubira_Infante	['1900', '1950']
Christopher Velez	/wiki/Christopher_Velez	['1900', '1950']
Christina Aguilera	/wiki/Christina_Aguilera	['1900', '1950']
Diego Luzuriaga	/wiki/Diego_Luzuriaga	['1900', '1950']
Edgar Palacios Rodriguez	/wiki/Edgar_Palacios_Rodriguez	['1900', '1950']
Enrique Espín Yépez	/wiki/Enrique_Esp%C3%ADn_Y%C3%A9pez	['1900', '1950']
Gabriela Villalba	/wiki/Gabriela_Villalba	['1900', '1950']
Gerardo Mejía	/wiki/Gerardo_Mej%C3%ADa	['1900', '1950']
Guillermo Ayoví Erazo	/wiki/Guillermo_Ayov%C3%AD_Erazo	['1900', '1950']
Jinsop	/wiki/Jinsop	['1900', '1950']
Jorge Saade	/wiki/Jorge_Saade	['1900', '1950']
Juan Fernando Velasco	/wiki/Juan_Fernando_Velasco	['1900', '1950']
Julio Jaramillo	/wiki/Julio_Jaramillo	['1900', '1950']
Leslie Wright	/wiki/Leslie_Wright_(pianist)	['1900', '1950']
Luis H. Salgado	/wiki/Luis_H._Salgado	['1900', '1950']
Luis Silva Parra	/wiki/Luis_Silva_Parra	['1900', '1950']
Mesias Maiguashca	/wiki/Mesias_Maiguashca	['1900', '1950']
Paulina Aguirre	/wiki/Paulina_Aguirre	['1900', '1950']
Sebastian J.	/wiki/Sebastian_J.	['1900', '1950']
Sixto María Durán Cárdenas	/wiki/Sixto_Mar%C3%ADa_Dur%C3%A1n_C%C3%A1rdenas	['1900', '1950']
Lila Álvarez Garcia	/wiki/Lila_%C3%81lvarez_Garcia	['1900', '1950']
Eugenia Del Pino	/wiki/Eugenia_Del_Pino	['1900', '1950']
Pedro Vicente Maldonado	/wiki/Pedro_Vicente_Maldonado	['1900', '1950']
Clodoveo Carrión Mora	/wiki/Clodoveo_Carri%C3%B3n_Mora	['1900', '1950']
Misael Acosta Solís	/wiki/Misael_Acosta_Sol%C3%ADs	['1900', '1950']
Plutarco Naranjo Vargas	/wiki/Plutarco_Naranjo_Vargas	['1900', '1950']
Eugenio Espejo	/wiki/Eugenio_Espejo	['1747', '1795']
Alejo Lascano Bahamonde	/wiki/Alejo_Lascano_Bahamonde	['1900', '1950']
Rodrigo Fierro	/wiki/Rodrigo_Fierro	['1900', '1950']
Germán Abad Valenzuela	/wiki/Germ%C3%A1n_Abad_Valenzuela	['1900', '1950']
José Amén-Palma	/wiki/Jos%C3%A9_Am%C3%A9n-Palma	['1900', '1950']
Pamela Aguirre Zambonino	/wiki/Pamela_Aguirre_Zambonino	['1984', '2025']
Diego Borja	/wiki/Diego_Borja	['1900', '1950']
Carlos Cueva Tamaríz	/wiki/Carlos_Cueva_Tamar%C3%ADz	['1898', '1991']
Susana González Rosado	/wiki/Susana_Gonz%C3%A1lez_Rosado	['1973', '2025']
María Cristina Kronfle	/wiki/Mar%C3%ADa_Cristina_Kronfle	['1985', '2025']
Richelieu Levoyer	/wiki/Richelieu_Levoyer	['1900', '1950']
Eduardo Maruri	/wiki/Eduardo_Maruri	['1900', '1950']
Paco Moncayo	/wiki/Paco_Moncayo	['1900', '1950']
Antonio Parra Velasco	/wiki/Antonio_Parra_Velasco	['1900', '1950']
León Roldós Aguilera	/wiki/Le%C3%B3n_Rold%C3%B3s_Aguilera	['1900', '1950']
Jorge Salvador Lara	/wiki/Jorge_Salvador_Lara	['1900', '1950']
Alfredo Vera Arrata	/wiki/Alfredo_Vera_Arrata	['1900', '1950']
Belisario Albán Mestanza	/wiki/Belisario_Alb%C3%A1n_Mestanza	['1853', '1925']
Adrienne Bailon	/wiki/Adrienne_Bailon	['2018', '2019']
Juan José Flores	/wiki/Juan_Jos%C3%A9_Flores	['1900', '1950']
José Joaquín de Olmedo y Maruri	/wiki/Jos%C3%A9_Joaqu%C3%ADn_de_Olmedo_y_Maruri	['1845', '1845']
Vicente Ramón Roca	/wiki/Vicente_Ram%C3%B3n_Roca	['1845', '1849']
Diego Noboa	/wiki/Diego_Noboa	['1850', '1851']
Gabriel García Moreno	/wiki/Gabriel_Garc%C3%ADa_Moreno	['1869', '1875']
Eloy Alfaro	/wiki/Eloy_Alfaro	['1895', '1901']
Leonidas Plaza	/wiki/Leonidas_Plaza	['1900', '1950']
Isidro Ayora	/wiki/Isidro_Ayora	['1926', '1931']
José María Velasco Ibarra	/wiki/Jos%C3%A9_Mar%C3%ADa_Velasco_Ibarra	['1900', '1950']
Galo Plaza Lasso	/wiki/Galo_Plaza_Lasso	['1948', '1952']
Jaime Roldós Aguilera	/wiki/Jaime_Rold%C3%B3s_Aguilera	['1979', '1981']
Leon Febres Cordero	/wiki/Leon_Febres_Cordero	['1984', '1988']
Rodrigo Borja Cevallos	/wiki/Rodrigo_Borja_Cevallos	['1988', '1992']
Sixto Durán Ballén	/wiki/Sixto_Dur%C3%A1n_Ball%C3%A9n	['1992', '1996']
Abdalá Bucaram	/wiki/Abdal%C3%A1_Bucaram	['1996', '1997']
Jamil Mahuad	/wiki/Jamil_Mahuad	['1998', '2000']
Gustavo Noboa	/wiki/Gustavo_Noboa	['2000', '2003']
Lucio Gutiérrez	/wiki/Lucio_Guti%C3%A9rrez	['2003', '2005']
Alfredo Palacio	/wiki/Alfredo_Palacio	['2005', '2007']
Rafael Correa	/wiki/Rafael_Correa	['2007', '2017']
Lenin Moreno	/wiki/Lenin_Moreno	['2017', '2018']
Miler Castillo	/wiki/Miler_Castillo	['1987', '2025']
Jefferson Pérez	/wiki/Jefferson_P%C3%A9rez	['1900', '1950']
Antonio Valencia	/wiki/Antonio_Valencia	['1900', '1950']
