text	link	year
Grigor Hovhannissian	/wiki/Grigor_Hovhannissian	['1900', '1950']
George Duran	/wiki/George_Duran	['1900', '1950']
Geoffrey Zakarian	/wiki/Geoffrey_Zakarian	['1900', '1950']
Ed Alberian	/wiki/Ed_Alberian	['1920', '1997']
Charla Baklayan Faddoul	/wiki/Charla_Baklayan_Faddoul	['1900', '1950']
Cher	/wiki/Cher	['1946', '2025']
Pierre Chammassian	/wiki/Pierre_Chammassian	['1900', '1950']
George Duran	/wiki/George_Duran	['1975', '2025']
Leslie Erganian	/wiki/Leslie_Erganian	['1900', '1950']
Tina Kandelaki	/wiki/Tina_Kandelaki	['1900', '1950']
Khloé Kardashian	/wiki/Khlo%C3%A9_Kardashian	['1984', '2025']
Kim Kardashian	/wiki/Kim_Kardashian	['1980', '2025']
Kourtney Kardashian	/wiki/Kourtney_Kardashian	['1979', '2025']
Robert Kardashian	/wiki/Robert_Kardashian	['1944', '2003']
Bob Kevoian	/wiki/Bob_Kevoian	['1950', '2025']
Vilen Kolouta	/wiki/Vilen_Kolouta	['1930', '1999']
Tigran Khzmalyan	/wiki/Tigran_Khzmalyan	['1963', '2025']
Henrik Malyan	/wiki/Henrik_Malyan	['1925', '2025']
Rouben Mamoulian	/wiki/Rouben_Mamoulian	['1897', '1987']
Andre Manoukian	/wiki/Andre_Manoukian	['1957', '2025']
Garik Martirosyan	/wiki/Garik_Martirosyan	['1974', '2025']
Patrick Masbourian	/wiki/Patrick_Masbourian	['1970', '2025']
Michael Omartian	/wiki/Michael_Omartian	['1945', '2025']
Kev Orkian	/wiki/Kev_Orkian	['1974', '2025']
Richard Ouzounian	/wiki/Richard_Ouzounian	['1950', '2025']
Alice Panikian	/wiki/Alice_Panikian	['1985', '2025']
Sergei Parajanov	/wiki/Sergei_Parajanov	['1924', '1990']
Yevgeny Petrosyan	/wiki/Yevgeny_Petrosyan	['1945', '2025']
Karen Shakhnazarov	/wiki/Karen_Shakhnazarov	['1952', '2025']
Jano Toussounian	/wiki/Jano_Toussounian	['1900', '1950']
Mikhail Vartanov	/wiki/Mikhail_Vartanov	['1937', '2009']
Henri Verneuil	/wiki/Henri_Verneuil	['1920', '2002']
Steven Zaillian	/wiki/Steven_Zaillian	['1953', '2025']
Calouste Gulbenkian	/wiki/Calouste_Gulbenkian	['1869', '1955']
Anahid Ajemian	/wiki/Anahid_Ajemian	['1924', '2025']
Maro Ajemian	/wiki/Maro_Ajemian	['1921', '1978']
Lucine Amara	/wiki/Lucine_Amara	['1927', '2025']
Levon Ambartsumian	/wiki/Levon_Ambartsumian	['1955', '2025']
Armen Anassian	/wiki/Armen_Anassian	['1900', '1950']
André	/wiki/Andr%C3%A9_(singer)	['1979', '2025']
Anoushka	/wiki/Anoushka_(Egyptian_singer)	['1960', '2025']
Nareh Arghamanyan	/wiki/Nareh_Arghamanyan	['1989', '2025']
Rosy Armen	/wiki/Rosy_Armen	['1900', '1950']
Inga and Anush Arshakyans	/wiki/Inga_and_Anush_Arshakyans	['1900', '1950']
Marc Aryan	/wiki/Marc_Aryan	['1926', '1985']
Şahan Arzruni	/wiki/%C5%9Eahan_Arzruni	['1943', '2025']
Aram Asatryan	/wiki/Aram_Asatryan	['1953', '2006']
George Avakian	/wiki/George_Avakian	['1919', '2025']
Charles Aznavour	/wiki/Charles_Aznavour	['1924', '2018']
Ross Bagdasarian, Sr.	/wiki/Ross_Bagdasarian,_Sr.	['1919', '1972']
Ross Bagdasarian, Jr.	/wiki/Ross_Bagdasarian,_Jr.	['1949', '2025']
Clint Bajakian	/wiki/Clint_Bajakian	['1900', '1950']
Ani Batikian	/wiki/Ani_Batikian	['1982', '2025']
Isabel Bayrakdarian	/wiki/Isabel_Bayrakdarian	['1974', '2025']
Ara Berberian	/wiki/Ara_Berberian	['1930', '2005']
Cathy Berberian	/wiki/Cathy_Berberian	['1925', '1983']
John Dolmayan	/wiki/John_Dolmayan	['1973', '2025']
Stéphan Elmas	/wiki/St%C3%A9phan_Elmas	['1862', '1937']
Ivan Galamian	/wiki/Ivan_Galamian	['1903', '1981']
Sergio Galoyan	/wiki/Sergio_Galoyan	['1981', '2025']
Djivan Gasparyan	/wiki/Djivan_Gasparyan	['1928', '2025']
Gohar Gasparyan	/wiki/Gohar_Gasparyan	['1924', '2007']
Slava Grigoryan	/wiki/Slava_Grigoryan	['1976', '2025']
J. Michael Hagopian	/wiki/J._Michael_Hagopian	['1900', '1950']
Richard Hagopian	/wiki/Richard_Hagopian	['1937', '2025']
Ruben Hakhverdyan	/wiki/Ruben_Hakhverdyan	['1900', '1950']
Silva Hakobyan	/wiki/Silva_Hakobyan	['1900', '1950']
Tigran Hamasyan	/wiki/Tigran_Hamasyan	['1987', '2025']
Sirusho Harutyunyan	/wiki/Sirusho_Harutyunyan	['1987', '2025']
Hayko	/wiki/Hayko	['1900', '1950']
Vatche Hovsepian	/wiki/Vatche_Hovsepian	['1900', '1950']
Levon Ichkhanian	/wiki/Levon_Ichkhanian	['1964', '2025']
Jamala	/wiki/Jamala	['1983', '2025']
Anna Kasyan	/wiki/Anna_Kasyan	['1900', '1950']
Udi Hrant Kenkulian	/wiki/Udi_Hrant_Kenkulian	['1901', '1978']
Sergey Khachatryan	/wiki/Sergey_Khachatryan	['1985', '2025']
Philipp Kirkorov	/wiki/Philipp_Kirkorov	['1967', '2025']
Hampartsoum Limondjian	/wiki/Hampartsoum_Limondjian	['1768', '1839']
Pavel Lisitsian	/wiki/Pavel_Lisitsian	['1911', '2004']
Andranik Madadian	/wiki/Andranik_Madadian	['1956', '2025']
Daron Malakian	/wiki/Daron_Malakian	['1975', '2025']
Norayr Mnatsakanyan	/wiki/Norayr_Mnatsakanyan	['1923', '1986']
Armen Movsessian	/wiki/Armen_Movsessian	['1900', '1950']
Kacey Musgraves	/wiki/Kacey_Musgraves	['1900', '1950']
Armen Nalbandian	/wiki/Armen_Nalbandian	['1978', '2025']
Maria Nalbandian	/wiki/Maria_Nalbandian	['1983', '2025']
Bruce Nazarian	/wiki/Bruce_Nazarian	['1949', '2025']
Sayat Nova	/wiki/Sayat_Nova	['1712', '1795']
Shavo Odadjian	/wiki/Shavo_Odadjian	['1974', '2025']
Bulat Okudzhava	/wiki/Bulat_Okudzhava	['1924', '1997']
Kev Orkian	/wiki/Kev_Orkian	['1974', '2025']
Harout Pamboukjian	/wiki/Harout_Pamboukjian	['1950', '2025']
Hasmik Papian	/wiki/Hasmik_Papian	['1961', '2025']
Karina Pasian	/wiki/Karina_Pasian	['1991', '2025']
Krzysztof Penderecki	/wiki/Krzysztof_Penderecki	['1933', '2025']
Lilit Pipoyan	/wiki/Lilit_Pipoyan	['1955', '2025']
Raffi	/wiki/Raffi_(musician)	['1900', '1950']
Eva Rivas	/wiki/Eva_Rivas	['1987', '2025']
Gevorg Sargsyan	/wiki/Gevorg_Sargsyan	['1981', '2025']
Karnig Sarkissian	/wiki/Karnig_Sarkissian	['1900', '1950']
Hélène Ségara	/wiki/H%C3%A9l%C3%A8ne_S%C3%A9gara	['1971', '2025']
Nariné Simonian	/wiki/Narin%C3%A9_Simonian	['1900', '1950']
Stephanie	/wiki/Stephanie_(singer)	['1987', '2025']
Serj Tankian	/wiki/Serj_Tankian	['1967', '2025']
Harry Tavitian	/wiki/Harry_Tavitian	['1952', '2025']
Jean Ter-Merguerian	/wiki/Jean_Ter-Merguerian	['1935', '2025']
Aram Tigran	/wiki/Aram_Tigran	['1934', '2009']
Onno Tunç	/wiki/Onno_Tun%C3%A7	['1948', '1996']
Arto Tunçboyacıyan	/wiki/Arto_Tun%C3%A7boyac%C4%B1yan	['1957', '2025']
George Tutunjian	/wiki/George_Tutunjian	['1900', '1950']
Vartan Vahramian	/wiki/Vartan_Vahramian	['1955', '2025']
Komitas Vardapet	/wiki/Komitas_Vardapet	['1896', '1935']
Sylvie Vartan	/wiki/Sylvie_Vartan	['1944', '2025']
Karapetê Xaço	/wiki/Karapet%C3%AA_Xa%C3%A7o	['1900', '2005']
Samvel Yervinyan	/wiki/Samvel_Yervinyan	['1966', '2025']
Nune Yesayan	/wiki/Nune_Yesayan	['1969', '2025']
Ana Kasparian	/wiki/Ana_Kasparian	['1900', '1950']
Howard Kazanjian	/wiki/Howard_Kazanjian	['1900', '1950']
Katherine Sarafian	/wiki/Katherine_Sarafian	['1900', '1950']
Alain Terzian	/wiki/Alain_Terzian	['1900', '1950']
Kevork Ajemian	/wiki/Kevork_Ajemian	['1932', '1998']
Nubar Alexanian	/wiki/Nubar_Alexanian	['1950', '2025']
Ben Bagdikian	/wiki/Ben_Bagdikian	['1920', '2016']
John Roy Carlson	/wiki/John_Roy_Carlson	['1909', '1991']
Hrant Dink	/wiki/Hrant_Dink	['1954', '2007']
George Donikian	/wiki/George_Donikian	['1900', '1950']
John Garabedian	/wiki/John_Garabedian	['1900', '1950']
Bedros Hadjian	/wiki/Bedros_Hadjian	['1900', '1950']
David Ignatius	/wiki/David_Ignatius	['1950', '2025']
Armen Keteyian	/wiki/Armen_Keteyian	['1953', '2025']
Tim Kurkjian	/wiki/Tim_Kurkjian	['1956', '2025']
Hrand Nazariantz	/wiki/Hrand_Nazariantz	['1880', '1962']
Lara Setrakian	/wiki/Lara_Setrakian	['1900', '1950']
Janet Shamlian	/wiki/Janet_Shamlian	['1900', '1950']
Margarita Simonyan	/wiki/Margarita_Simonyan	['1900', '1950']
Roger Tatarian	/wiki/Roger_Tatarian	['1917', '1995']
Philip Terzian	/wiki/Philip_Terzian	['1950', '2025']
Matt Vasgersian	/wiki/Matt_Vasgersian	['1967', '2025']
Vassak Mamikonian	/wiki/Vassak_Mamikonian	['1900', '1950']
Vardan Mamikonian	/wiki/Vardan_Mamikonian	['1900', '1950']
Narses	/wiki/Narses	['478', '573']
Gregory Pakourianos	/wiki/Gregory_Pakourianos	['1900', '1950']
Philaretos Brachamios	/wiki/Philaretos_Brachamios	['1900', '1950']
John III the Terrible	/wiki/John_III_the_Terrible	['74', '1572']
David Bek	/wiki/David_Bek	['1900', '1950']
Mkhitar Sparapet	/wiki/Mkhitar_Sparapet	['1900', '1950']
Valerian Madatov	/wiki/Valerian_Madatov	['1782', '1829']
Mikhail Lazarev	/wiki/Mikhail_Lazarev	['1788', '1851']
Lazar Serebryakov	/wiki/Lazar_Serebryakov	['1795', '1862']
Ivan Davidovich Lazarev	/wiki/Ivan_Davidovich_Lazarev	['1820', '1879']
Arshak Ter-Gukasov	/wiki/Arshak_Ter-Gukasov	['1819', '1881']
Mikhail Loris-Melikov	/wiki/Mikhail_Loris-Melikov	['1825', '1888']
Tovmas Nazarbekian	/wiki/Tovmas_Nazarbekian	['1855', '1931']
Daniel Bek-Pirumyan	/wiki/Daniel_Bek-Pirumyan	['1861', '1921']
Movses Silikyan	/wiki/Movses_Silikyan	['1862', '1937']
Christophor Araratov	/wiki/Christophor_Araratov	['1876', '1937']
Serob Aghpur	/wiki/Serob_Aghpur	['1900', '1950']
Andranik	/wiki/Andranik	['1900', '1950']
Arabo	/wiki/Arabo	['1900', '1950']
Kevork Chavush	/wiki/Kevork_Chavush	['1900', '1950']
Drastamat Kanayan	/wiki/Drastamat_Kanayan	['1900', '1950']
Aram Manukian	/wiki/Aram_Manukian	['1900', '1950']
Sebastatsi Murad	/wiki/Sebastatsi_Murad	['1900', '1950']
Garegin Nzhdeh	/wiki/Garegin_Nzhdeh	['1900', '1950']
Ruben Ter-Minasian	/wiki/Ruben_Ter-Minasian	['1900', '1950']
Hayk Bzhishkyan	/wiki/Hayk_Bzhishkyan	['1887', '1937']
Sergei Khudyakov	/wiki/Sergei_Khudyakov	['1902', '1950']
Ivan Isakov	/wiki/Ivan_Isakov	['1894', '1967']
Hamazasp Babadzhanian	/wiki/Hamazasp_Babadzhanian	['1906', '1977']
Ivan Bagramyan	/wiki/Ivan_Bagramyan	['1897', '1982']
Sergey Aganov	/wiki/Sergey_Aganov	['1917', '1996']
Paul Ignatius	/wiki/Paul_Ignatius	['1920', '2025']
Jeffrey L. Harrigian	/wiki/Jeffrey_L._Harrigian	['1962', '2025']
Simon Achikgyozyan	/wiki/Simon_Achikgyozyan	['1900', '1950']
Samvel Babayan	/wiki/Samvel_Babayan	['1900', '1950']
Gurgen Dalibaltayan	/wiki/Gurgen_Dalibaltayan	['1900', '1950']
Garo Kahkejian	/wiki/Garo_Kahkejian	['1900', '1950']
Tatul Krpeyan	/wiki/Tatul_Krpeyan	['1900', '1950']
Mikael Harutyunyan	/wiki/Mikael_Harutyunyan	['1946', '2025']
Monte Melkonian	/wiki/Monte_Melkonian	['1900', '1950']
Seyran Ohanyan	/wiki/Seyran_Ohanyan	['1962', '2025']
Vazgen Sargsyan	/wiki/Vazgen_Sargsyan	['1900', '1950']
Vardan Stepanyan	/wiki/Vardan_Stepanyan	['1900', '1950']
Norat Ter-Grigoryants	/wiki/Norat_Ter-Grigoryants	['1900', '1950']
Arkady Ter-Tadevosyan	/wiki/Arkady_Ter-Tadevosyan	['1900', '1950']
Nubar Pasha	/wiki/Nubar_Pasha	['1900', '1950']
Mikhail Loris-Melikov	/wiki/Mikhail_Loris-Melikov	['1880', '1981']
Stepan Shahumyan	/wiki/Stepan_Shahumyan	['1900', '1950']
Aleksandr Myasnikyan	/wiki/Aleksandr_Myasnikyan	['1918', '1919']
Levon Mirzoyan	/wiki/Levon_Mirzoyan	['1926', '1929']
Ferenc Szálasi	/wiki/Ferenc_Sz%C3%A1lasi	['1944', '1945']
Anastas Mikoyan	/wiki/Anastas_Mikoyan	['1955', '1964']
George Deukmejian	/wiki/George_Deukmejian	['1983', '1991']
Édouard Balladur	/wiki/%C3%89douard_Balladur	['1993', '1995']
Boris Şyhmyradow	/wiki/Boris_%C5%9Eyhmyradow	['1995', '2000']
Émile Lahoud	/wiki/%C3%89mile_Lahoud	['1998', '2007']
Karim Pakradouni	/wiki/Karim_Pakradouni	['2004', '2005']
Zurab Zhvania	/wiki/Zurab_Zhvania	['2004', '2005']
Sergey Lavrov	/wiki/Sergey_Lavrov	['1900', '1950']
Varujan Vosganian	/wiki/Varujan_Vosganian	['1900', '1950']
Patrick Devedjian	/wiki/Patrick_Devedjian	['2008', '2010']
Liliam Kechichián	/wiki/Liliam_Kechichi%C3%A1n	['1900', '1950']
Joe Hockey	/wiki/Joe_Hockey	['2013', '2015']
Arsen Avakov	/wiki/Arsen_Avakov_(politician)	['1900', '1950']
Saint Blaise	/wiki/Saint_Blaise	['1900', '1950']
Saint Servatius	/wiki/Saint_Servatius	['1900', '1950']
Demos Shakarian	/wiki/Demos_Shakarian	['1900', '1950']
Abgarios	/wiki/Abgarios	['1900', '1950']
Evgeny Aramovich Abramyan	/wiki/Evgeny_Aramovich_Abramyan	['1900', '1950']
Daron Acemoglu	/wiki/Daron_Acemoglu	['1900', '1950']
Hovannes Adamian	/wiki/Hovannes_Adamian	['1900', '1950']
Sergei Adian	/wiki/Sergei_Adian	['1900', '1950']
George Adomian	/wiki/George_Adomian	['1900', '1950']
Tateos Agekian	/wiki/Tateos_Agekian	['1900', '1950']
Hagop S. Akiskal	/wiki/Hagop_S._Akiskal	['1900', '1950']
Armen Alchian	/wiki/Armen_Alchian	['1900', '1950']
Artem Alikhanian	/wiki/Artem_Alikhanian	['1900', '1950']
Sos Alikhanian	/wiki/Sos_Alikhanian	['1900', '1950']
Abraham Alikhanov	/wiki/Abraham_Alikhanov	['1900', '1950']
Viktor Ambartsumian	/wiki/Viktor_Ambartsumian	['1900', '1950']
Emil Artin	/wiki/Emil_Artin	['1900', '1950']
Michael Artin	/wiki/Michael_Artin	['1900', '1950']
Gurgen Askaryan	/wiki/Gurgen_Askaryan	['1900', '1950']
Lev Atamanov	/wiki/Lev_Atamanov	['1900', '1950']
Vandika Ervandovna Avetisyan	/wiki/Vandika_Ervandovna_Avetisyan	['1900', '1950']
Boris Babayan	/wiki/Boris_Babayan	['1900', '1950']
Mikhail Chailakhyan	/wiki/Mikhail_Chailakhyan	['1900', '1950']
Artur Chilingarov	/wiki/Artur_Chilingarov	['1900', '1950']
Giacomo Luigi Ciamician	/wiki/Giacomo_Luigi_Ciamician	['1900', '1950']
Richard Donchian	/wiki/Richard_Donchian	['1900', '1950']
George Ganjian	/wiki/George_Ganjian	['1900', '1950']
Grigor Gurzadyan	/wiki/Grigor_Gurzadyan	['1900', '1950']
Spiru Haret	/wiki/Spiru_Haret	['1900', '1950']
Paris Herouni	/wiki/Paris_Herouni	['1900', '1950']
Bagrat Ioannisiani	/wiki/Bagrat_Ioannisiani	['1900', '1950']
Andronik Iosifyan	/wiki/Andronik_Iosifyan	['1900', '1950']
Alexander Kemurdzhian	/wiki/Alexander_Kemurdzhian	['1900', '1950']
Edward Keonjian	/wiki/Edward_Keonjian	['1900', '1950']
Leonid Khachiyan	/wiki/Leonid_Khachiyan	['1900', '1950']
Semyon Davidovich Kirlian	/wiki/Semyon_Davidovich_Kirlian	['1900', '1950']
Ivan Knunyants	/wiki/Ivan_Knunyants	['1900', '1950']
Anna Kazanjian Longobardo	/wiki/Anna_Kazanjian_Longobardo	['1900', '1950']
Ignacy Łukasiewicz	/wiki/Ignacy_%C5%81ukasiewicz	['1900', '1950']
Benjamin Markarian	/wiki/Benjamin_Markarian	['1900', '1950']
Sergey Mergelyan	/wiki/Sergey_Mergelyan	['1900', '1950']
Artem Mikoyan	/wiki/Artem_Mikoyan	['1900', '1950']
Robert Nalbandyan	/wiki/Robert_Nalbandyan	['1900', '1950']
Yuri Oganessian	/wiki/Yuri_Oganessian	['1900', '1950']
Yuri Osipyan	/wiki/Yuri_Osipyan	['1900', '1950']
Ashot Petrosian	/wiki/Ashot_Petrosian	['1900', '1950']
Mikhail Pogosyan	/wiki/Mikhail_Pogosyan	['1900', '1950']
Anna Schchian	/wiki/Anna_Schchian	['1900', '1950']
Georgy Shakhnazarov	/wiki/Georgy_Shakhnazarov	['1900', '1950']
Luther George Simjian	/wiki/Luther_George_Simjian	['1900', '1950']
Norair Sisakian	/wiki/Norair_Sisakian	['1900', '1950']
Armen Takhtajan	/wiki/Armen_Takhtajan	['1900', '1950']
Karen Ter-Martirosian	/wiki/Karen_Ter-Martirosian	['1900', '1950']
Alenush Terian	/wiki/Alenush_Terian	['1900', '1950']
Avadis Tevanian	/wiki/Avadis_Tevanian	['1900', '1950']
Nikolay Yenikolopov	/wiki/Nikolay_Yenikolopov_(Yenikolopyan)	['1900', '1950']
George Aghajanian	/wiki/George_Aghajanian	['1900', '1950']
Roger Altounyan	/wiki/Roger_Altounyan	['1900', '1950']
A. V. Apkarian	/wiki/A._V._Apkarian	['1900', '1950']
Viken Babikian	/wiki/Viken_Babikian	['1900', '1950']
John Basmajian	/wiki/John_Basmajian	['1900', '1950']
Aram Chobanian	/wiki/Aram_Chobanian	['1900', '1950']
Raymond Vahan Damadian	/wiki/Raymond_Vahan_Damadian	['1900', '1950']
Ivan Gevorkian	/wiki/Ivan_Gevorkian	['1900', '1950']
Robert Istepanian	/wiki/Robert_Istepanian	['1900', '1950']
Albert Kapikian	/wiki/Albert_Kapikian	['1900', '1950']
Varaztad Kazanjian	/wiki/Varaztad_Kazanjian	['1900', '1950']
J. W. Kebabian	/wiki/J._W._Kebabian	['1900', '1950']
Hampar Kelikian	/wiki/Hampar_Kelikian	['1900', '1950']
Jack Kevorkian	/wiki/Jack_Kevorkian	['1900', '1950']
Edward Khantzian	/wiki/Edward_Khantzian	['1900', '1950']
Zaven Khatchaturian	/wiki/Zaven_Khatchaturian	['1900', '1950']
John Najarian	/wiki/John_Najarian	['1900', '1950']
Leon Orbeli	/wiki/Leon_Orbeli	['1882', '1958']
Hrayr Shahinian	/wiki/Hrayr_Shahinian	['1900', '1950']
Michel Ter-Pogossian	/wiki/Michel_Ter-Pogossian	['1900', '1950']
Daron Acemoglu	/wiki/Daron_Acemoglu	['1900', '1950']
Armen Alchian	/wiki/Armen_Alchian	['1900', '1950']
Arman Manukyan	/wiki/Arman_Manukyan	['1900', '1950']
Lee Ohanian	/wiki/Lee_Ohanian	['1900', '1950']
Zach Bogosian	/wiki/Zach_Bogosian	['1900', '1950']
Alain Prost	/wiki/Alain_Prost	['1900', '1950']
Khachatur Abovian	/wiki/Khachatur_Abovian	['1805', '1842']
Nicholas Adontz	/wiki/Nicholas_Adontz	['1871', '1942']
Vittoria Aganoor	/wiki/Vittoria_Aganoor	['1855', '1910']
Ghazaros Aghayan	/wiki/Ghazaros_Aghayan	['1840', '1911']
Michael Arlen	/wiki/Michael_Arlen	['1895', '1956']
Artine Artinian	/wiki/Artine_Artinian	['1907', '2005']
Gheorghe Asachi	/wiki/Gheorghe_Asachi	['1788', '1869']
Louise Aslanian	/wiki/Louise_Aslanian	['1906', '1945']
Atrpet	/wiki/Atrpet	['1860', '1937']
Axel Bakunts	/wiki/Axel_Bakunts	['1889', '1937']
Peter Balakian	/wiki/Peter_Balakian	['1951', '2025']
Ara Baliozian	/wiki/Ara_Baliozian	['1936', '2025']
David Barsamian	/wiki/David_Barsamian	['1900', '1950']
A. I. Bezzerides	/wiki/A._I._Bezzerides	['1908', '2007']
Chris Bohjalian	/wiki/Chris_Bohjalian	['1900', '1950']
Gary Braver	/wiki/Gary_Braver	['1900', '1950']
Michael Casey	/wiki/Michael_Casey_(poet)	['1947', '2025']
James Der Derian	/wiki/James_Der_Derian	['1900', '1950']
Diana Der Hovanessian	/wiki/Diana_Der_Hovanessian	['1934', '2018']
Gabriel El-Registan	/wiki/Gabriel_El-Registan	['1899', '1945']
Gevorg Emin	/wiki/Gevorg_Emin	['1918', '1998']
Arto Der Haroutunian	/wiki/Arto_Der_Haroutunian	['1940', '1987']
Artem Harutyunyan	/wiki/Artem_Harutyunyan_(writer)	['1945', '2025']
Zbigniew Herbert	/wiki/Zbigniew_Herbert	['1924', '1998']
Garabet Ibrăileanu	/wiki/Garabet_Ibr%C4%83ileanu	['1871', '1936']
Avetik Isahakyan	/wiki/Avetik_Isahakyan	['1885', '1957']
Tadeusz Isakowicz-Zaleski	/wiki/Tadeusz_Isakowicz-Zaleski	['1956', '2025']
Silva Kaputikyan	/wiki/Silva_Kaputikyan	['1919', '2006']
Martiros Kavoukjian	/wiki/Martiros_Kavoukjian	['1908', '1988']
Nancy Kricorian	/wiki/Nancy_Kricorian	['1900', '1950']
Jan Lechoń	/wiki/Jan_Lecho%C5%84	['1899', '1956']
M. M. Mangasarian	/wiki/M._M._Mangasarian	['1859', '1943']
Zara Mgoyan	/wiki/Zara_Mgoyan	['1983', '2025']
Bethany Mooradian	/wiki/Bethany_Mooradian	['1975', '2025']
Alexander Shirvanzade	/wiki/Alexander_Shirvanzade	['1900', '1950']
Claude Mutafian	/wiki/Claude_Mutafian	['1942', '2025']
Santiago Nazarian	/wiki/Santiago_Nazarian	['1977', '2025']
Hrand Nazariantz	/wiki/Hrand_Nazariantz	['1900', '1950']
Joseph Orbeli	/wiki/Joseph_Orbeli	['1887', '1961']
George Ouzounian	/wiki/George_Ouzounian	['1978', '2025']
Ruben Papian	/wiki/Ruben_Papian	['1962', '2025']
Vartan Pasha	/wiki/Vartan_Pasha	['1900', '1950']
Marine Petrossian	/wiki/Marine_Petrossian	['1960', '2025']
Raffi	/wiki/Raffi_(novelist)	['1835', '1888']
Rousas Rushdoony	/wiki/Rousas_Rushdoony	['1916', '2001']
Aram Saroyan	/wiki/Aram_Saroyan	['1943', '2025']
William Saroyan	/wiki/William_Saroyan	['1908', '1981']
Sayat-Nova	/wiki/Sayat-Nova	['1712', '1795']
Paruyr Sevak	/wiki/Paruyr_Sevak	['1924', '1971']
Marietta Shaginyan	/wiki/Marietta_Shaginyan	['1888', '1982']
Smbat Shahaziz	/wiki/Smbat_Shahaziz	['1840', '1908']
Levon Shant	/wiki/Levon_Shant	['1869', '1951']
Hovhannes Shiraz	/wiki/Hovhannes_Shiraz	['1915', '1984']
Siamanto	/wiki/Siamanto	['1878', '1915']
Juliusz Słowacki	/wiki/Juliusz_S%C5%82owacki	['1900', '1950']
George Stambolian	/wiki/George_Stambolian	['1937', '1991']
Szymon Szymonowic	/wiki/Szymon_Szymonowic	['1558', '1629']
Serj Tankian	/wiki/Serj_Tankian	['1967', '2025']
Vahan Tekeyan	/wiki/Vahan_Tekeyan	['1878', '1948']
Henri Troyat	/wiki/Henri_Troyat	['1911', '2007']
Hovhannes Tumanyan	/wiki/Hovhannes_Tumanyan	['1869', '1923']
Varand	/wiki/Varand	['1954', '2025']
Alexander Varbedian	/wiki/Alexander_Varbedian	['1943', '2025']
Francis Veber	/wiki/Francis_Veber	['1937', '2025']
Thomas Woods	/wiki/Thomas_Woods	['1972', '2025']
Zabel Yesayan	/wiki/Zabel_Yesayan	['1878', '1943']
Perch Zeytuntsyan	/wiki/Perch_Zeytuntsyan	['1938', '2025']
Heraclius	/wiki/Heraclius	['575', '641']
Basil I	/wiki/Basil_I	['1900', '1950']
Leo VI the Wise	/wiki/Leo_VI_the_Wise	['1900', '1950']
Constantine VII	/wiki/Constantine_VII	['1900', '1950']
Romanos I	/wiki/Romanos_I	['1900', '1950']
Romanos II	/wiki/Romanos_II	['1900', '1950']
John I Tzimiskes	/wiki/John_I_Tzimiskes	['1900', '1950']
Basil II	/wiki/Basil_II	['1900', '1950']
Constantine VIII	/wiki/Constantine_VIII	['1900', '1950']
Zoe Porphyrogenita	/wiki/Zoe_Porphyrogenita	['1900', '1950']
Theodora	/wiki/Theodora_(11th_century)	['1900', '1950']
Theodora	/wiki/Theodora_(11th_century)	['1900', '1950']
Petra Arkanian	/wiki/Petra_Arkanian	['1900', '1950']
Rainha da Sucata	/wiki/Rainha_da_Sucata	['1900', '1950']
Les Lyonnais	/wiki/Les_Lyonnais	['1900', '1950']
Neal Stephenson	/wiki/Neal_Stephenson	['1900', '1950']
Rabo Karabekian	/wiki/Rabo_Karabekian	['1900', '1950']
Les rivières pourpres	/wiki/Les_rivi%C3%A8res_pourpres	['1900', '1950']
Vin Makazian	/wiki/Vin_Makazian	['1900', '1950']
Camille Saroyan	/wiki/Camille_Saroyan	['1900', '1950']
Armin Tamzarian	/wiki/Armin_Tamzarian	['1900', '1950']
Template:Armenia topics	/wiki/Template:Armenia_topics	['1900', '1950']
Template talk:Armenia topics	/wiki/Template_talk:Armenia_topics	['1900', '1950']
Kura–Araxes culture	/wiki/Kura%E2%80%93Araxes_culture	['1900', '1950']
Hayk	/wiki/Hayk	['1900', '1950']
Hayasa-Azzi	/wiki/Hayasa-Azzi	['1900', '1950']
Mitanni	/wiki/Mitanni	['1900', '1950']
Nairi	/wiki/Nairi_(Armenian_usages)	['1900', '1950']
Urartu	/wiki/Urartu	['1900', '1950']
Medes	/wiki/Medes	['1900', '1950']
Orontid Dynasty	/wiki/Orontid_Dynasty	['1900', '1950']
Achaemenid Empire	/wiki/Achaemenid_Empire	['1900', '1950']
Roman Armenia	/wiki/Roman_Armenia	['1900', '1950']
Parthian Empire	/wiki/Parthian_Empire	['1900', '1950']
Byzantine Armenia	/wiki/Byzantine_Armenia	['1900', '1950']
Sasanian Armenia	/wiki/Sasanian_Armenia	['1900', '1950']
Arminiya	/wiki/Arminiya	['1900', '1950']
Sajid dynasty	/wiki/Sajid_dynasty	['1900', '1950']
Bagratuni dynasty	/wiki/Bagratuni_dynasty	['1900', '1950']
Sallarid dynasty	/wiki/Sallarid_dynasty	['1900', '1950']
Ilkhanate	/wiki/Ilkhanate	['1900', '1950']
Chobanids	/wiki/Chobanids	['1900', '1950']
Aq Qoyunlu	/wiki/Aq_Qoyunlu	['1900', '1950']
Kara Koyunlu	/wiki/Kara_Koyunlu	['1900', '1950']
Iranian Armenia	/wiki/Iranian_Armenia_(1502%E2%80%931828)	['1900', '1950']
Safavid dynasty	/wiki/Safavid_dynasty	['1900', '1950']
Afsharid dynasty	/wiki/Afsharid_dynasty	['1900', '1950']
Qajar dynasty	/wiki/Qajar_dynasty	['1900', '1950']
Erivan Khanate	/wiki/Erivan_Khanate	['1900', '1950']
Karabakh Khanate	/wiki/Karabakh_Khanate	['1900', '1950']
Russian Armenia	/wiki/Russian_Armenia	['1900', '1950']
Nagorno-Karabakh conflict	/wiki/Nagorno-Karabakh_conflict	['1900', '1950']
Ararat Plain	/wiki/Ararat_Plain	['1900', '1950']
Lake Sevan	/wiki/Lake_Sevan	['1900', '1950']
Shikahogh State Reserve	/wiki/Shikahogh_State_Reserve	['1900', '1950']
Shirak Plain	/wiki/Shirak_Plain	['1900', '1950']
National Assembly	/wiki/National_Assembly_(Armenia)	['1900', '1950']
National Security Service	/wiki/National_Security_Service_(Armenia)	['1900', '1950']
Mount Ararat	/wiki/Mount_Ararat	['1900', '1950']
Mer Hayrenik	/wiki/Mer_Hayrenik	['1900', '1950']
Apricot	/wiki/Apricot	['1900', '1950']
Grape	/wiki/Grape	['1900', '1950']
Pomegranate	/wiki/Pomegranate	['1900', '1950']
Book:Armenia	/wiki/Book:Armenia	['1900', '1950']
