text	link	year
Victor Bodson	/wiki/Victor_Bodson	['1902', '1984']
Carole Dieschbourg	/wiki/Carole_Dieschbourg	['1977', '2025']
Jean-Claude Juncker	/wiki/Jean-Claude_Juncker	['1954', '2025']
Jacques Santer	/wiki/Jacques_Santer	['1937', '2025']
Robert Schuman	/wiki/Robert_Schuman	['1886', '1963']
Gaston Thorn	/wiki/Gaston_Thorn	['1928', '2007']
Pierre Werner	/wiki/Pierre_Werner	['1913', '2002']
Pol Albrecht	/wiki/Pol_Albrecht	['1874', '1975']
Louis Beicht	/wiki/Louis_Beicht	['1886', '1943']
Charles Bernhoeft	/wiki/Charles_Bernhoeft	['1859', '1933']
Emile Boeres	/wiki/Emile_Boeres	['1890', '1944']
Pierre Brandebourg	/wiki/Pierre_Brandebourg	['1824', '1878']
Josy Braun	/wiki/Josy_Braun	['1938', '2025']
Elisabeth Calmes	/wiki/Elisabeth_Calmes	['1947', '2025']
Sandrine Cantoreggi	/wiki/Sandrine_Cantoreggi	['1969', '2025']
Claus Cito	/wiki/Claus_Cito	['1882', '1965']
Jim Clemes	/wiki/Jim_Clemes	['1957', '2025']
Simone Decker	/wiki/Simone_Decker	['1968', '2025']
Michel Engels	/wiki/Michel_Engels	['1851', '1901']
Tatiana Fabeck	/wiki/Tatiana_Fabeck	['1970', '2025']
Batty Fischer	/wiki/Batty_Fischer	['1877', '1958']
Jean-Baptiste Fresez	/wiki/Jean-Baptiste_Fresez	['1800', '1867']
Johny Fritz	/wiki/Johny_Fritz	['1944', '2025']
Patrick Galbats	/wiki/Patrick_Galbats	['1978', '2025']
Hugo Gernsback	/wiki/Hugo_Gernsback	['1884', '1967']
Thérèse Glaesener-Hartmann	/wiki/Th%C3%A9r%C3%A8se_Glaesener-Hartmann	['1858', '1923']
Gust Graas	/wiki/Gust_Graas	['1924', '2025']
Françoise Groben	/wiki/Fran%C3%A7oise_Groben	['1965', '2011']
Ernie Hammes	/wiki/Ernie_Hammes	['1968', '2025']
Georges Hausemer	/wiki/Georges_Hausemer	['1957', '2025']
Guy Helminger	/wiki/Guy_Helminger	['1963', '2025']
Nico Helminger	/wiki/Nico_Helminger	['1953', '2025']
Max Jacoby	/wiki/Max_Jacoby	['1977', '2025']
Pierre Joris	/wiki/Pierre_Joris	['1946', '2025']
Gustave Kahnt	/wiki/Gustave_Kahnt	['1848', '1923']
Jean-Pierre Kemmer	/wiki/Jean-Pierre_Kemmer	['1923', '1991']
Mariette Kemmer	/wiki/Mariette_Kemmer	['1953', '2025']
Théo Kerg	/wiki/Th%C3%A9o_Kerg	['1909', '1993']
Camille Kerger	/wiki/Camille_Kerger	['1957', '2025']
Will Kesseler	/wiki/Will_Kesseler	['1899', '1983']
Jean-Marie Kieffer	/wiki/Jean-Marie_Kieffer	['1960', '2025']
Emile Kirscht	/wiki/Emile_Kirscht	['1913', '1994']
Nico Klopp	/wiki/Nico_Klopp	['1894', '1930']
Anise Koltz	/wiki/Anise_Koltz	['1928', '2025']
Vicky Krieps	/wiki/Vicky_Krieps	['1983', '2025']
Jean Krier	/wiki/Jean_Krier	['1949', '2025']
Leon Krier	/wiki/Leon_Krier	['1946', '2025']
Edouard Kutter	/wiki/Edouard_Kutter_(1887)	['1887', '1978']
Edouard Kutter	/wiki/Edouard_Kutter_(1934)	['1934', '2025']
Joseph Kutter	/wiki/Joseph_Kutter	['1894', '1941']
Paul Kutter	/wiki/Paul_Kutter	['1863', '1937']
Yvon Lambert	/wiki/Yvon_Lambert_(photographer)	['1955', '2025']
Dominique Lang	/wiki/Dominique_Lang	['1874', '1919']
Claude Lenners	/wiki/Claude_Lenners	['1956', '2025']
Georges Lentz	/wiki/Georges_Lentz	['1965', '2025']
Michel Lentz	/wiki/Michel_Lentz	['1820', '1893']
Nicolas Liez	/wiki/Nicolas_Liez	['1809', '1892']
Hana Sofia Lopes	/wiki/Hana_Sofia_Lopes	['1990', '2025']
Marianne Majerus	/wiki/Marianne_Majerus	['1956', '2025']
Michel Majerus	/wiki/Michel_Majerus	['1967', '2025']
Laurent Menager	/wiki/Laurent_Menager	['1835', '1902']
Antoine Meyer	/wiki/Antoine_Meyer	['1801', '1857']
Bady Minck	/wiki/Bady_Minck	['1960', '2025']
Alexander Mullenbach	/wiki/Alexander_Mullenbach	['1949', '2025']
Jean Muller	/wiki/Jean_Muller	['1979', '2025']
Joseph-Alexandre Müller	/wiki/Joseph-Alexandre_M%C3%BCller	['1854', '1931']
Désirée Nosbusch	/wiki/D%C3%A9sir%C3%A9e_Nosbusch	['1965', '2025']
Joseph Probst	/wiki/Joseph_Probst	['1911', '1997']
Harry Rabinger	/wiki/Harry_Rabinger	['1895', '1966']
Pierre-Joseph Redouté	/wiki/Pierre-Joseph_Redout%C3%A9	['1759', '1840']
Michel Reis	/wiki/Michel_Reis	['1982', '2025']
Guy Rewenig	/wiki/Guy_Rewenig	['1947', '2025']
Nathalie Ronvaux	/wiki/Nathalie_Ronvaux	['1977', '2025']
Pol Sax	/wiki/Pol_Sax	['1960', '2025']
Lambert Schlechter	/wiki/Lambert_Schlechter	['1941', '2025']
Francesco Tristano Schlimé	/wiki/Francesco_Tristano_Schlim%C3%A9	['1981', '2025']
Arlette Schneiders	/wiki/Arlette_Schneiders	['1900', '1950']
Bettina Scholl-Sabbatini	/wiki/Bettina_Scholl-Sabbatini	['1942', '2025']
Pascal Schumacher	/wiki/Pascal_Schumacher	['1979', '2025']
Frantz Seimetz	/wiki/Frantz_Seimetz	['1858', '1934']
Edward Steichen	/wiki/Edward_Steichen	['1879', '1973']
Marie Henriette Steil	/wiki/Marie_Henriette_Steil	['1898', '1930']
Michel Stoffel	/wiki/Michel_Stoffel	['1903', '1963']
Félix Thyes	/wiki/F%C3%A9lix_Thyes	['1830', '1855']
Foni Tissen	/wiki/Foni_Tissen	['1909', '1975']
Su-Mei Tse	/wiki/Su-Mei_Tse	['1973', '2025']
Nora Wagener	/wiki/Nora_Wagener	['1989', '2025']
Gast Waltzing	/wiki/Gast_Waltzing	['1956', '2025']
Batty Weber	/wiki/Batty_Weber	['1860', '1940']
Sosthène Weis	/wiki/Sosth%C3%A8ne_Weis	['1872', '1941']
Marcel Wengler	/wiki/Marcel_Wengler	['1946', '2025']
Lucien Wercollier	/wiki/Lucien_Wercollier	['1908', '2002']
Emil Hirsch	/wiki/Emil_Hirsch	['1851', '1923']
Gabriel Lippmann	/wiki/Gabriel_Lippmann	['1845', '1921']
Arno J. Mayer	/wiki/Arno_J._Mayer	['1926', '2025']
Félicien M. Steichen	/wiki/F%C3%A9licien_M._Steichen	['1926', '2011']
Josy Barthel	/wiki/Josy_Barthel	['1927', '1992']
François Faber	/wiki/Fran%C3%A7ois_Faber	['1887', '1915']
Nicolas Frantz	/wiki/Nicolas_Frantz	['1899', '1985']
Charly Gaul	/wiki/Charly_Gaul	['1932', '2005']
Marc Girardelli	/wiki/Marc_Girardelli	['1963', '2025']
John Grün	/wiki/John_Gr%C3%BCn	['1868', '1912']
Bob Jungels	/wiki/Bob_Jungels	['1992', '2025']
Kim Kirchen	/wiki/Kim_Kirchen	['1978', '2025']
Gilles Müller	/wiki/Gilles_M%C3%BCller	['1983', '2025']
Andy Schleck	/wiki/Andy_Schleck	['1985', '2025']
Fränk Schleck	/wiki/Fr%C3%A4nk_Schleck	['1980', '2025']
Michel Théato	/wiki/Michel_Th%C3%A9ato	['1878', '1919']
Katell Guillou	/wiki/Katell_Guillou	['1972', '2025']
Wilhelm von Knyphausen	/wiki/Wilhelm_von_Knyphausen	['1716', '1800']
Norbert von Kunitzki	/wiki/Norbert_von_Kunitzki	['1934', '2005']
Léa Linster	/wiki/L%C3%A9a_Linster	['1955', '2025']
Henri Tudor	/wiki/Henri_Tudor	['1859', '1928']
Susanna van Tonder	/wiki/Susanna_van_Tonder	['1988', '2025']
Template:Luxembourg topics	/wiki/Template:Luxembourg_topics	['1900', '1950']
Template talk:Luxembourg topics	/wiki/Template_talk:Luxembourg_topics	['1900', '1950']
Celtic Luxembourg	/wiki/Celtic_Luxembourg	['1900', '1950']
Spanish Netherlands	/wiki/Spanish_Netherlands	['1900', '1950']
Forêts	/wiki/For%C3%AAts	['1900', '1950']
Luxembourg Crisis	/wiki/Luxembourg_Crisis	['1900', '1950']
Luxembourg City	/wiki/Luxembourg_City	['1900', '1950']
Gutland	/wiki/Gutland_(Luxembourg)	['1900', '1950']
Little Switzerland	/wiki/Little_Switzerland_(Luxembourg)	['1900', '1950']
Luxembourg plateau	/wiki/Luxembourg_plateau	['1900', '1950']
Moselle Valley	/wiki/Moselle_Valley	['1900', '1950']
Red Lands	/wiki/Red_Lands	['1900', '1950']
Oesling	/wiki/Oesling	['1900', '1950']
Consultative Assembly	/wiki/Consultative_Assembly_(Luxembourg)	['1900', '1950']
Grand Ducal Police	/wiki/Grand_Ducal_Police	['1900', '1950']
ArcelorMittal	/wiki/ArcelorMittal	['1900', '1950']
Belgium-Luxembourg Economic Union	/wiki/Belgium-Luxembourg_Economic_Union	['1900', '1950']
Benelux	/wiki/Benelux	['1900', '1950']
Luxembourgish euro coins	/wiki/Luxembourgish_euro_coins	['1900', '1950']
RTL Group	/wiki/RTL_Group	['1900', '1950']
Luxembourg Stock Exchange	/wiki/Luxembourg_Stock_Exchange	['1900', '1950']
Luxembourg art	/wiki/Luxembourg_art	['1900', '1950']
Luxembourg cuisine	/wiki/Luxembourg_cuisine	['1900', '1950']
Radio Luxembourg	/wiki/Radio_Luxembourg_(DRM)	['1900', '1950']
RTL Télé Lëtzebuerg	/wiki/RTL_T%C3%A9l%C3%A9_L%C3%ABtzebuerg	['1900', '1950']
