text	link	year
Walter Gropius	/wiki/Walter_Gropius	['1883', '1969']
Carl Ludvig Engel	/wiki/Carl_Ludvig_Engel	['1778', '1840']
Leo von Klenze	/wiki/Leo_von_Klenze	['1784', '1864']
Balthasar Neumann	/wiki/Balthasar_Neumann	['1687', '1753']
Matthäus Daniel Pöppelmann	/wiki/Matth%C3%A4us_Daniel_P%C3%B6ppelmann	['1662', '1736']
Ludwig Mies van der Rohe	/wiki/Ludwig_Mies_van_der_Rohe	['1886', '1969']
Karl Friedrich Schinkel	/wiki/Karl_Friedrich_Schinkel	['1781', '1841']
Johann Conrad Schlaun	/wiki/Johann_Conrad_Schlaun	['1695', '1773']
Gottfried Semper	/wiki/Gottfried_Semper	['1803', '1879']
Albert Speer	/wiki/Albert_Speer	['1905', '1981']
Wilhelm Kreis	/wiki/Wilhelm_Kreis	['1873', '1955']
Hans von Aachen	/wiki/Hans_von_Aachen	['1552', '1615']
Albrecht Altdorfer	/wiki/Albrecht_Altdorfer	['1480', '1538']
Gertrud Arndt	/wiki/Gertrud_Arndt	['1903', '2000']
Ernst Barlach	/wiki/Ernst_Barlach	['1870', '1938']
Günther Behnisch	/wiki/G%C3%BCnther_Behnisch	['1922', '2025']
Peter Behrens	/wiki/Peter_Behrens	['1868', '1940']
Sibylle Bergemann	/wiki/Sibylle_Bergemann	['1941', '2010']
Joseph Beuys	/wiki/Joseph_Beuys	['1921', '1986']
Hermann Biow	/wiki/Hermann_Biow	['1804', '1850']
Elisabeth Böhm	/wiki/Elisabeth_B%C3%B6hm	['1921', '2012']
Gottfried Böhm	/wiki/Gottfried_B%C3%B6hm	['1920', '2025']
Arno Breker	/wiki/Arno_Breker	['1900', '1991']
Lovis Corinth	/wiki/Lovis_Corinth	['1858', '1925']
Lucas Cranach the Elder	/wiki/Lucas_Cranach_the_Elder	['1472', '1553']
Lucas Cranach the Younger	/wiki/Lucas_Cranach_the_Younger	['1515', '1586']
Yitzhak Danziger	/wiki/Yitzhak_Danziger	['1916', '1977']
Otto Dix	/wiki/Otto_Dix	['1891', '1969']
Albrecht Dürer	/wiki/Albrecht_D%C3%BCrer	['1471', '1528']
Egon Eiermann	/wiki/Egon_Eiermann	['1904', '1970']
Max Ernst	/wiki/Max_Ernst	['1891', '1976']
Carl Eytel	/wiki/Carl_Eytel	['1862', '1925']
Caspar David Friedrich	/wiki/Caspar_David_Friedrich	['1774', '1840']
Dörte Gatermann	/wiki/D%C3%B6rte_Gatermann	['1956', '2025']
Willi Glasauer	/wiki/Willi_Glasauer	['1938', '2025']
Walter Gropius	/wiki/Walter_Gropius	['1883', '1969']
George Grosz	/wiki/George_Grosz	['1893', '1959']
Matthias Grünewald	/wiki/Matthias_Gr%C3%BCnewald	['1470', '1528']
Johann Gottlieb Hantzsch	/wiki/Johann_Gottlieb_Hantzsch	['1794', '1848']
Christian Hellmich	/wiki/Christian_Hellmich	['1977', '2025']
Hannah Höch	/wiki/Hannah_H%C3%B6ch	['1900', '1950']
Hans Holbein the Elder	/wiki/Hans_Holbein_the_Elder	['1465', '1524']
Hans Holbein the Younger	/wiki/Hans_Holbein_the_Younger	['1497', '1543']
Jörg Immendorff	/wiki/J%C3%B6rg_Immendorff	['1900', '1950']
Helmut Jahn	/wiki/Helmut_Jahn	['1940', '2025']
Horst Janssen	/wiki/Horst_Janssen	['1900', '1950']
Ulli Kampelmann	/wiki/Ulli_Kampelmann	['1952', '2025']
Anselm Kiefer	/wiki/Anselm_Kiefer	['1945', '2025']
Martin Kippenberger	/wiki/Martin_Kippenberger	['1953', '1997']
Ernst Ludwig Kirchner	/wiki/Ernst_Ludwig_Kirchner	['1880', '1938']
Leo von Klenze	/wiki/Leo_von_Klenze	['1784', '1864']
Hans Kollhoff	/wiki/Hans_Kollhoff	['1946', '2025']
Käthe Kollwitz	/wiki/K%C3%A4the_Kollwitz	['1867', '1945']
Christian Lemmerz	/wiki/Christian_Lemmerz	['1959', '2025']
Max Liebermann	/wiki/Max_Liebermann	['1900', '1950']
Markus Lüpertz	/wiki/Markus_L%C3%BCpertz	['1941', '2025']
August Macke	/wiki/August_Macke	['1887', '1914']
Harro Magnussen	/wiki/Harro_Magnussen	['1861', '1908']
Franz Marc	/wiki/Franz_Marc	['1880', '1916']
Hans Memling	/wiki/Hans_Memling	['1430', '1494']
Ludwig Mies van der Rohe	/wiki/Ludwig_Mies_van_der_Rohe	['1886', '1969']
Paula Modersohn-Becker	/wiki/Paula_Modersohn-Becker	['1876', '1907']
Georg Muche	/wiki/Georg_Muche	['1895', '1987']
Helmut Newton	/wiki/Helmut_Newton	['1920', '2004']
Frei Otto	/wiki/Frei_Otto	['1925', '2025']
Max Pechstein	/wiki/Max_Pechstein	['1881', '1955']
Sigmar Polke	/wiki/Sigmar_Polke	['1941', '2010']
Gerhard Richter	/wiki/Gerhard_Richter	['1932', '2025']
Julius Runge	/wiki/Julius_Runge	['1843', '1922']
Karl Friedrich Schinkel	/wiki/Karl_Friedrich_Schinkel	['1900', '1950']
Oskar Schlemmer	/wiki/Oskar_Schlemmer	['1888', '1943']
Eberhard Schlotter	/wiki/Eberhard_Schlotter	['1921', '2025']
Karl Schmidt-Rottluff	/wiki/Karl_Schmidt-Rottluff	['1884', '1976']
Kurt Schwitters	/wiki/Kurt_Schwitters	['1900', '1950']
Fritz Schumacher	/wiki/Fritz_Schumacher_(architect)	['1869', '1947']
Max Slevogt	/wiki/Max_Slevogt	['1900', '1950']
Carl Spitzweg	/wiki/Carl_Spitzweg	['1808', '1885']
Birgit Stauch	/wiki/Birgit_Stauch	['1961', '2025']
Fritz Stoltenberg	/wiki/Fritz_Stoltenberg	['1855', '1921']
Franz Stuck	/wiki/Franz_Stuck	['1900', '1950']
Yigal Tumarkin	/wiki/Yigal_Tumarkin	['1933', '2025']
Wolf Vostell	/wiki/Wolf_Vostell	['1932', '1998']
Bertha Wehnert-Beckmann	/wiki/Bertha_Wehnert-Beckmann	['1815', '1901']
Emilie Winkelmann	/wiki/Emilie_Winkelmann	['1875', '1951']
Karl Albrecht	/wiki/Karl_Albrecht	['1920', '2014']
Ludwig Bamberger	/wiki/Ludwig_Bamberger	['1823', '1899']
John Jacob Bausch	/wiki/John_Jacob_Bausch	['1830', '1926']
Friedrich Bayer	/wiki/Friedrich_Bayer	['1825', '1880']
Hans Beck	/wiki/Hans_Beck	['1929', '2009']
Paul Beiersdorf	/wiki/Paul_Beiersdorf	['1836', '1896']
Melitta Bentz	/wiki/Melitta_Bentz	['1873', '1950']
Karl Benz	/wiki/Karl_Benz	['1844', '1929']
Maximilian Berlitz	/wiki/Maximilian_Berlitz	['1852', '1921']
Carl Bertelsmann	/wiki/Carl_Bertelsmann	['1791', '1850']
Johann Adam Birkenstock	/wiki/Johann_Adam_Birkenstock	['1900', '1950']
August Borsig	/wiki/August_Borsig	['1804', '1854']
Robert Bosch	/wiki/Robert_Bosch	['1861', '1942']
Hugo Boss	/wiki/Hugo_Boss_(fashion_designer)	['1885', '1948']
Max Braun	/wiki/Max_Braun	['1883', '1967']
Adolphus Busch	/wiki/Adolphus_Busch	['1839', '1913']
Adolph Coors	/wiki/Adolph_Coors	['1847', '1929']
Gottlieb Daimler	/wiki/Gottlieb_Daimler	['1834', '1900']
Adolf Dassler	/wiki/Adolf_Dassler	['1900', '1978']
Rudolf Dassler	/wiki/Rudolf_Dassler	['1898', '1974']
Adelbert Delbrück	/wiki/Adelbert_Delbr%C3%BCck	['1822', '1899']
Guido Henckel von Donnersmarck	/wiki/Guido_Henckel_von_Donnersmarck	['1830', '1916']
Claude Dornier	/wiki/Claude_Dornier	['1884', '1969']
Friedrich Engelhorn	/wiki/Friedrich_Engelhorn	['1821', '1902']
Kaspar Faber	/wiki/Kaspar_Faber	['1730', '1784']
Günther Fielmann	/wiki/G%C3%BCnther_Fielmann	['1939', '2025']
Wilhelm von Finck	/wiki/Wilhelm_von_Finck	['1848', '1924']
Eduard Fresenius	/wiki/Eduard_Fresenius	['1874', '1946']
Jakob Fugger the Elder	/wiki/Jakob_Fugger_the_Elder	['1368', '1469']
Marcus Goldman	/wiki/Marcus_Goldman	['1821', '1904']
Max Grundig	/wiki/Max_Grundig	['1908', '1989']
Max Herz	/wiki/Max_Herz_(businessman)	['1905', '1965']
Ernst Heinkel	/wiki/Ernst_Heinkel	['1888', '1958']
August Horch	/wiki/August_Horch	['1868', '1951']
Helmut Horten	/wiki/Helmut_Horten	['1909', '1987']
August Howaldt	/wiki/August_Howaldt	['1809', '1883']
Hugo Junkers	/wiki/Hugo_Junkers	['1859', '1935']
Rudolph Karstadt	/wiki/Rudolph_Karstadt	['1856', '1944']
Ernst Keil	/wiki/Ernst_Keil	['1816', '1878']
Carl Kellner	/wiki/Carl_Kellner_(optician)	['1900', '1950']
Carl Heinrich Theodor Knorr	/wiki/Carl_Heinrich_Theodor_Knorr	['1800', '1875']
Friedrich Krupp	/wiki/Friedrich_Krupp	['1787', '1826']
Henry Lehman	/wiki/Henry_Lehman	['1822', '1855']
Carl von Linde	/wiki/Carl_von_Linde	['1842', '1934']
Henry Lomb	/wiki/Henry_Lomb	['1828', '1908']
Oscar Ferdinand Mayer	/wiki/Oscar_Ferdinand_Mayer	['1859', '1955']
Joseph Mendelssohn	/wiki/Joseph_Mendelssohn	['1770', '1848']
Friedrich Jacob Merck	/wiki/Friedrich_Jacob_Merck	['1621', '1678']
George Merck	/wiki/George_Merck	['1867', '1926']
Willy Messerschmitt	/wiki/Willy_Messerschmitt	['1875', '1978']
Heinrich Meyerfreund	/wiki/Heinrich_Meyerfreund	['1900', '1950']
Carl Miele	/wiki/Carl_Miele	['1869', '1938']
Frederick Miller	/wiki/Frederick_Miller	['1824', '1888']
Josef Neckermann	/wiki/Josef_Neckermann	['1912', '1992']
August Oetker	/wiki/August_Oetker	['1862', '1918']
Adam Opel	/wiki/Adam_Opel	['1837', '1895']
Salomon Oppenheim	/wiki/Salomon_Oppenheim	['1772', '1828']
Ernest Oppenheimer	/wiki/Ernest_Oppenheimer	['1880', '1957']
Werner Otto	/wiki/Werner_Otto_(entrepreneur)	['1909', '2011']
Ferdinand Porsche	/wiki/Ferdinand_Porsche	['1875', '1951']
Günther Quandt	/wiki/G%C3%BCnther_Quandt	['1881', '1954']
Karl Friedrich Rapp	/wiki/Karl_Friedrich_Rapp	['1882', '1962']
Emil Rathenau	/wiki/Emil_Rathenau	['1838', '1915']
Paul Reuter	/wiki/Paul_Reuter	['1816', '1899']
Hans Riegel	/wiki/Hans_Riegel	['1893', '1945']
Nathan Mayer Rothschild	/wiki/Nathan_Mayer_Rothschild	['1777', '1836']
Ernst Christian Friedrich Schering	/wiki/Ernst_Christian_Friedrich_Schering	['1824', '1889']
Gustav Schickedanz	/wiki/Gustav_Schickedanz	['1895', '1977']
Anton Schlecker	/wiki/Anton_Schlecker	['1944', '2025']
Fritz Sennheiser	/wiki/Fritz_Sennheiser	['1912', '2010']
Georg von Siemens	/wiki/Georg_von_Siemens	['1839', '1901']
Werner von Siemens	/wiki/Werner_von_Siemens	['1816', '1892']
Bruno Steinhoff	/wiki/Bruno_Steinhoff	['1937', '2025']
Henry E. Steinway	/wiki/Henry_E._Steinway	['1797', '1871']
Hugo Stinnes	/wiki/Hugo_Stinnes	['1870', '1924']
August Oberwelland	/wiki/August_Oberwelland	['1900', '1950']
Franz Ströher	/wiki/Franz_Str%C3%B6her	['1900', '1950']
Carl Tchilinghiryan	/wiki/Carl_Tchilinghiryan	['1910', '1987']
Carl von Thieme	/wiki/Carl_von_Thieme	['1844', '1924']
August Thyssen	/wiki/August_Thyssen	['1842', '1926']
Friedrich Thyssen	/wiki/Friedrich_Thyssen	['1804', '1877']
Hermann Tietz	/wiki/Hermann_Tietz	['1837', '1907']
Leopold Ullstein	/wiki/Leopold_Ullstein	['1826', '1899']
Ernst Voss	/wiki/Ernst_Voss	['1842', '1920']
Carl Walther	/wiki/Carl_Walther	['1858', '1915']
Siegmund Warburg	/wiki/Siegmund_Warburg	['1900', '1950']
Bartholomeus V. Welser	/wiki/Bartholomeus_V._Welser	['1484', '1561']
Georg Wertheim	/wiki/Georg_Wertheim	['1857', '1939']
Stef Wertheimer	/wiki/Stef_Wertheimer	['1926', '2025']
Aloys Wobben	/wiki/Aloys_Wobben	['1952', '2025']
Reinhold Würth	/wiki/Reinhold_W%C3%BCrth	['1935', '2025']
Carl Zeiss	/wiki/Carl_Zeiss	['1816', '1888']
Ferdinand von Zeppelin	/wiki/Ferdinand_von_Zeppelin	['1838', '1917']
Johanna Acs	/wiki/Johanna_Acs	['1992', '2025']
Nadja Auermann	/wiki/Nadja_Auermann	['1971', '2025']
Eugen Bauder	/wiki/Eugen_Bauder	['1986', '2025']
Charlott Cordes	/wiki/Charlott_Cordes	['1988', '2025']
Zohre Esmaeli	/wiki/Zohre_Esmaeli	['1985', '2025']
Toni Garrn	/wiki/Toni_Garrn	['1992', '2025']
Stefanie Giesinger	/wiki/Stefanie_Giesinger	['1996', '2025']
Lena Gercke	/wiki/Lena_Gercke	['1988', '2025']
Jennifer Hof	/wiki/Jennifer_Hof	['1991', '2025']
Alexandra Kamp	/wiki/Alexandra_Kamp	['1966', '2025']
Heidi Klum	/wiki/Heidi_Klum	['1973', '2025']
Diane Kruger	/wiki/Diane_Kruger	['1976', '2025']
Barbara Meier	/wiki/Barbara_Meier	['1986', '2025']
Uschi Obermaier	/wiki/Uschi_Obermaier	['1946', '2025']
Eva Padberg	/wiki/Eva_Padberg	['1980', '2025']
Nico	/wiki/Nico	['1938', '1988']
Tatjana Patitz	/wiki/Tatjana_Patitz	['1966', '2025']
Claudia Schiffer	/wiki/Claudia_Schiffer	['1970', '2025']
Julia Stegner	/wiki/Julia_Stegner	['1984', '2025']
Celine Willers	/wiki/Celine_Willers	['1993', '2025']
Hugo Boss	/wiki/Hugo_Boss	['1885', '1948']
Wolfgang Joop	/wiki/Wolfgang_Joop	['1944', '2025']
Karl Lagerfeldt	/wiki/Karl_Lagerfeldt	['1933', '2019']
Michael Michalsky	/wiki/Michael_Michalsky	['1967', '2025']
Inga Abel	/wiki/Inga_Abel	['1946', '2000']
Mario Adorf	/wiki/Mario_Adorf	['1930', '2025']
Hans Albers	/wiki/Hans_Albers	['1891', '1960']
Iris Berben	/wiki/Iris_Berben	['1950', '2025']
Moritz Bleibtreu	/wiki/Moritz_Bleibtreu	['1971', '2025']
Grit Boettcher	/wiki/Grit_Boettcher	['1938', '2025']
Eric Braeden	/wiki/Eric_Braeden	['1900', '1950']
Daniel Brühl	/wiki/Daniel_Br%C3%BChl	['1978', '2025']
Horst Buchholz	/wiki/Horst_Buchholz	['1933', '2003']
Vicco von Bülow	/wiki/Vicco_von_B%C3%BClow	['1900', '1950']
Zazie Beetz	/wiki/Zazie_Beetz	['1991', '2025']
Hans Clarin	/wiki/Hans_Clarin	['1930', '2005']
August Diehl	/wiki/August_Diehl	['1976', '2025']
Marlene Dietrich	/wiki/Marlene_Dietrich	['1901', '1992']
George Dzundza	/wiki/George_Dzundza	['1945', '2025']
Heinz Erhardt	/wiki/Heinz_Erhardt	['1909', '1979']
Veronica Ferres	/wiki/Veronica_Ferres	['1965', '2025']
Gert Fröbe	/wiki/Gert_Fr%C3%B6be	['1913', '1988']
Cornelia Froboess	/wiki/Cornelia_Froboess	['1943', '2025']
Martina Gedeck	/wiki/Martina_Gedeck	['1961', '2025']
Götz George	/wiki/G%C3%B6tz_George	['1938', '2025']
Heinrich George	/wiki/Heinrich_George	['1893', '1946']
Gustaf Gründgens	/wiki/Gustaf_Gr%C3%BCndgens	['1899', '1963']
Eva Habermann	/wiki/Eva_Habermann	['1976', '2025']
Evelyn Hamann	/wiki/Evelyn_Hamann	['1942', '2007']
Brigitte Helm	/wiki/Brigitte_Helm	['1908', '1996']
Henriette Hendel-Schütz	/wiki/Henriette_Hendel-Sch%C3%BCtz	['1772', '1849']
Emil Jannings	/wiki/Emil_Jannings	['1884', '1950']
Harald Juhnke	/wiki/Harald_Juhnke	['1929', '2005']
Heidi Kabel	/wiki/Heidi_Kabel	['1914', '2010']
Klaus Kinski	/wiki/Klaus_Kinski	['1926', '1991']
Nastassja Kinski	/wiki/Nastassja_Kinski	['1959', '2025']
Heidi Klum	/wiki/Heidi_Klum	['1973', '2025']
Hildegard Knef	/wiki/Hildegard_Knef	['1925', '2002']
Sebastian Koch	/wiki/Sebastian_Koch	['1962', '2025']
Thomas Kretschmann	/wiki/Thomas_Kretschmann	['1962', '2025']
Diane Kruger	/wiki/Diane_Kruger	['1976', '2025']
Alexandra Maria Lara	/wiki/Alexandra_Maria_Lara	['1978', '2025']
Siegfried Lowitz	/wiki/Siegfried_Lowitz	['1914', '1999']
Heike Makatsch	/wiki/Heike_Makatsch	['1971', '2025']
Hanna Maron	/wiki/Hanna_Maron	['1923', '2025']
Inge Meysel	/wiki/Inge_Meysel	['1910', '2004']
Brigitte Mira	/wiki/Brigitte_Mira	['1910', '2005']
Willy Millowitsch	/wiki/Willy_Millowitsch	['1909', '1999']
Ulrich Mühe	/wiki/Ulrich_M%C3%BChe	['1953', '2007']
Armin Mueller-Stahl	/wiki/Armin_Mueller-Stahl	['1930', '2025']
Luise Neumann	/wiki/Luise_Neumann	['1818', '1905']
Uwe Ochsenknecht	/wiki/Uwe_Ochsenknecht	['1956', '2025']
Christian Oliver	/wiki/Christian_Oliver	['1900', '1950']
Lilli Palmer	/wiki/Lilli_Palmer	['1914', '1986']
Franka Potente	/wiki/Franka_Potente	['1974', '2025']
Jürgen Prochnow	/wiki/J%C3%BCrgen_Prochnow	['1941', '2025']
Luise Rainer	/wiki/Luise_Rainer	['1910', '2014']
Heinz Rühmann	/wiki/Heinz_R%C3%BChmann	['1902', '1994']
Otto Sander	/wiki/Otto_Sander	['1941', '2013']
Claudia Schiffer	/wiki/Claudia_Schiffer	['1970', '2025']
Romy Schneider	/wiki/Romy_Schneider	['1938', '1982']
Jessica Schwarz	/wiki/Jessica_Schwarz	['1977', '2025']
Til Schweiger	/wiki/Til_Schweiger	['1963', '2025']
Matthias Schweighöfer	/wiki/Matthias_Schweigh%C3%B6fer	['1981', '2025']
Hanna Schygulla	/wiki/Hanna_Schygulla	['1943', '2025']
Xenia Seeberg	/wiki/Xenia_Seeberg	['1972', '2025']
Tomer Sisley	/wiki/Tomer_Sisley	['1974', '2025']
Kristina Söderbaum	/wiki/Kristina_S%C3%B6derbaum	['1912', '2001']
Günter Strack	/wiki/G%C3%BCnter_Strack	['1929', '1999']
Barbara Sukowa	/wiki/Barbara_Sukowa	['1950', '2025']
Horst Tappert	/wiki/Horst_Tappert	['1923', '2008']
Katharina Thalbach	/wiki/Katharina_Thalbach	['1954', '2025']
Nora Tschirner	/wiki/Nora_Tschirner	['1981', '2025']
Ulrich Tukur	/wiki/Ulrich_Tukur	['1957', '2025']
Nadja Uhl	/wiki/Nadja_Uhl	['1972', '2025']
Christoph Waltz	/wiki/Christoph_Waltz	['1956', '2025']
Fritz Wepper	/wiki/Fritz_Wepper	['1941', '2025']
Luise del Zopp	/wiki/Luise_del_Zopp	['1871', '1946']
Uwe Boll	/wiki/Uwe_Boll	['1900', '1950']
Andreas Deja	/wiki/Andreas_Deja	['1900', '1950']
Doris Dörrie	/wiki/Doris_D%C3%B6rrie	['1900', '1950']
Bernd Eichinger	/wiki/Bernd_Eichinger	['1949', '2011']
Roland Emmerich	/wiki/Roland_Emmerich	['1955', '2025']
Harun Farocki	/wiki/Harun_Farocki	['1944', '2014']
Rainer Werner Fassbinder	/wiki/Rainer_Werner_Fassbinder	['1945', '1982']
Florian Henckel von Donnersmarck	/wiki/Florian_Henckel_von_Donnersmarck	['1900', '1950']
Werner Herzog	/wiki/Werner_Herzog	['1942', '2025']
Oliver Hirschbiegel	/wiki/Oliver_Hirschbiegel	['1900', '1950']
Alexander Kluge	/wiki/Alexander_Kluge	['1932', '2025']
Carl Koch	/wiki/Carl_Koch_(director)	['1892', '1963']
Fritz Lang	/wiki/Fritz_Lang	['1890', '1976']
Ernst Lubitsch	/wiki/Ernst_Lubitsch	['1892', '1947']
F.W. Murnau	/wiki/F.W._Murnau	['1888', '1931']
Wolfgang Petersen	/wiki/Wolfgang_Petersen	['1941', '2025']
Leni Riefenstahl	/wiki/Leni_Riefenstahl	['1902', '2003']
Helma Sanders-Brahms	/wiki/Helma_Sanders-Brahms	['1940', '2014']
Peter Schamoni	/wiki/Peter_Schamoni	['1934', '2011']
Volker Schlöndorff	/wiki/Volker_Schl%C3%B6ndorff	['1939', '2025']
Andreas Schnaas	/wiki/Andreas_Schnaas	['1968', '2025']
Hans-Jürgen Syberberg	/wiki/Hans-J%C3%BCrgen_Syberberg	['1935', '2025']
Tom Tykwer	/wiki/Tom_Tykwer	['1965', '2025']
Margarethe von Trotta	/wiki/Margarethe_von_Trotta	['1942', '2025']
Robert Wiene	/wiki/Robert_Wiene	['1900', '1950']
Wim Wenders	/wiki/Wim_Wenders	['1945', '2025']
Joseph von Auffenberg	/wiki/Joseph_von_Auffenberg	['1798', '1857']
Heinrich Böll	/wiki/Heinrich_B%C3%B6ll	['1917', '1985']
Bertolt Brecht	/wiki/Bertolt_Brecht	['1898', '1956']
Clemens Brentano	/wiki/Clemens_Brentano	['1778', '1842']
Georg Büchner	/wiki/Georg_B%C3%BCchner	['1900', '1950']
Charles Bukowski	/wiki/Charles_Bukowski	['1920', '1994']
Wilhelm Busch	/wiki/Wilhelm_Busch	['1832', '1908']
Annette von Droste-Hülshoff	/wiki/Annette_von_Droste-H%C3%BClshoff	['1797', '1848']
Joseph von Eichendorff	/wiki/Joseph_von_Eichendorff	['1788', '1857']
Theodor Fontane	/wiki/Theodor_Fontane	['1819', '1898']
Johann Wolfgang von Goethe	/wiki/Johann_Wolfgang_von_Goethe	['1749', '1832']
Brothers Grimm	/wiki/Brothers_Grimm	['1900', '1950']
Heinrich Heine	/wiki/Heinrich_Heine	['1797', '1856']
Johann Gottfried Herder	/wiki/Johann_Gottfried_Herder	['1744', '1803']
Hermann Hesse	/wiki/Hermann_Hesse	['1877', '1962']
E.T.A. Hoffmann	/wiki/E.T.A._Hoffmann	['1776', '1822']
Friedrich Hölderlin	/wiki/Friedrich_H%C3%B6lderlin	['1770', '1843']
Ernst Jünger	/wiki/Ernst_J%C3%BCnger	['1895', '1998']
Erich Kästner	/wiki/Erich_K%C3%A4stner	['1899', '1974']
Heinrich von Kleist	/wiki/Heinrich_von_Kleist	['1777', '1811']
Gotthold Lessing	/wiki/Gotthold_Lessing	['1729', '1781']
Heinrich Mann	/wiki/Heinrich_Mann	['1871', '1950']
Thomas Mann	/wiki/Thomas_Mann	['1875', '1955']
Karl May	/wiki/Karl_May	['1842', '1912']
Theodor Mommsen	/wiki/Theodor_Mommsen	['1817', '1903']
Christian Morgenstern	/wiki/Christian_Morgenstern	['1871', '1914']
Novalis	/wiki/Novalis	['1772', '1801']
Erich Maria Remarque	/wiki/Erich_Maria_Remarque	['1898', '1970']
Rainer Maria Rilke	/wiki/Rainer_Maria_Rilke	['1875', '1926']
Friedrich Schiller	/wiki/Friedrich_Schiller	['1759', '1805']
Arno Schmidt	/wiki/Arno_Schmidt	['1914', '1979']
Theodor Storm	/wiki/Theodor_Storm	['1817', '1888']
Kurt Tucholsky	/wiki/Kurt_Tucholsky	['1890', '1935']
Walter von der Vogelweide	/wiki/Walter_von_der_Vogelweide	['1900', '1950']
Christa Wolf	/wiki/Christa_Wolf	['1929', '2011']
Wolfram von Eschenbach	/wiki/Wolfram_von_Eschenbach	['1900', '1950']
Yehuda Amichai	/wiki/Yehuda_Amichai	['1900', '1950']
Ernst Moritz Arndt	/wiki/Ernst_Moritz_Arndt	['1900', '1950']
Achim von Arnim	/wiki/Achim_von_Arnim	['1781', '1831']
Bettina von Arnim	/wiki/Bettina_von_Arnim	['1785', '1859']
Ezriel Carlebach	/wiki/Ezriel_Carlebach	['1909', '1956']
Matthias Claudius	/wiki/Matthias_Claudius	['1740', '1815']
Michael Ende	/wiki/Michael_Ende	['1929', '1995']
Erik Erikson	/wiki/Erik_Erikson	['1902', '1994']
Anne Frank	/wiki/Anne_Frank	['1929', '1945']
Paul Gerhardt	/wiki/Paul_Gerhardt	['1606', '1676']
Leah Goldberg	/wiki/Leah_Goldberg	['1911', '1970']
Joseph Görres	/wiki/Joseph_G%C3%B6rres	['1776', '1848']
Wilhelm Hauff	/wiki/Wilhelm_Hauff	['1802', '1827']
Paul Heyse	/wiki/Paul_Heyse	['1830', '1914']
Janosch	/wiki/Janosch	['1931', '2025']
Friedrich Kellner	/wiki/Friedrich_Kellner	['1885', '1970']
Golo Mann	/wiki/Golo_Mann	['1909', '1994']
Klaus Mann	/wiki/Klaus_Mann	['1906', '1949']
Friedrich de la Motte Fouqué	/wiki/Friedrich_de_la_Motte_Fouqu%C3%A9	['1777', '1843']
Prince Hermann von Pückler-Muskau	/wiki/Prince_Hermann_von_P%C3%BCckler-Muskau	['1785', '1871']
Otfried Preussler	/wiki/Otfried_Preussler	['1923', '2013']
Wilhelm Raabe	/wiki/Wilhelm_Raabe	['1831', '1910']
Peter Rühmkorf	/wiki/Peter_R%C3%BChmkorf	['1929', '2008']
Nelly Sachs	/wiki/Nelly_Sachs	['1891', '1970']
Leopold Schefer	/wiki/Leopold_Schefer	['1784', '1861']
August Wilhelm Schlegel	/wiki/August_Wilhelm_Schlegel	['1767', '1845']
Ludwig Tieck	/wiki/Ludwig_Tieck	['1773', '1853']
Ludwig Uhland	/wiki/Ludwig_Uhland	['1787', '1862']
Gero von Wilpert	/wiki/Gero_von_Wilpert	['1933', '2025']
Hans Magnus Enzensberger	/wiki/Hans_Magnus_Enzensberger	['1929', '2025']
Günter Grass	/wiki/G%C3%BCnter_Grass	['1927', '2015']
Peter Härtling	/wiki/Peter_H%C3%A4rtling	['1933', '2025']
Rolf Hochhuth	/wiki/Rolf_Hochhuth	['1931', '2025']
Wladimir Kaminer	/wiki/Wladimir_Kaminer	['1967', '2025']
Daniel Kehlmann	/wiki/Daniel_Kehlmann	['1975', '2025']
Siegfried Lenz	/wiki/Siegfried_Lenz	['1926', '2014']
Ferdinand von Schirach	/wiki/Ferdinand_von_Schirach	['1964', '2025']
Bernhard Schlink	/wiki/Bernhard_Schlink	['1944', '2025']
Patrick Süskind	/wiki/Patrick_S%C3%BCskind	['1949', '2025']
Rudolf von Waldenfels	/wiki/Rudolf_von_Waldenfels	['1965', '2025']
Martin Walser	/wiki/Martin_Walser	['1927', '2025']
Dieter Hildebrandt	/wiki/Dieter_Hildebrandt	['1927', '2013']
Bruno Jonas	/wiki/Bruno_Jonas	['1952', '2025']
Michael Mittermeier	/wiki/Michael_Mittermeier	['1966', '2025']
Georg Schramm	/wiki/Georg_Schramm	['1949', '2025']
Mathias Richling	/wiki/Mathias_Richling	['1953', '2025']
Richard Rogler	/wiki/Richard_Rogler	['1949', '2025']
Daniel Tosh	/wiki/Daniel_Tosh	['1975', '2025']
Rudolf Augstein	/wiki/Rudolf_Augstein	['1923', '2002']
Peter Limbourg	/wiki/Peter_Limbourg	['1960', '2025']
Marion Dönhoff	/wiki/Marion_D%C3%B6nhoff	['1909', '2002']
Günther Jauch	/wiki/G%C3%BCnther_Jauch	['1956', '2025']
Axel Springer	/wiki/Axel_Springer	['1912', '1985']
Sabine Christiansen	/wiki/Sabine_Christiansen	['1957', '2025']
Maybrit Illner	/wiki/Maybrit_Illner	['1965', '2025']
Anne Will	/wiki/Anne_Will	['1966', '2025']
Sandra Maischberger	/wiki/Sandra_Maischberger	['1966', '2025']
Wilhelm Ackermann	/wiki/Wilhelm_Ackermann	['1896', '1962']
Georg Cantor	/wiki/Georg_Cantor	['1845', '1918']
Richard Dedekind	/wiki/Richard_Dedekind	['1831', '1916']
Walther von Dyck	/wiki/Walther_von_Dyck	['1856', '1934']
Albert Einstein	/wiki/Albert_Einstein	['1879', '1955']
Gottlob Frege	/wiki/Gottlob_Frege	['1848', '1925']
Philipp Furtwängler	/wiki/Philipp_Furtw%C3%A4ngler	['1869', '1940']
Carl Friedrich Gauss	/wiki/Carl_Friedrich_Gauss	['1777', '1855']
Ernst Hellinger	/wiki/Ernst_Hellinger	['1883', '1950']
David Hilbert	/wiki/David_Hilbert	['1862', '1943']
Carl Gustav Jacob Jacobi	/wiki/Carl_Gustav_Jacob_Jacobi	['1804', '1851']
Erich Kähler	/wiki/Erich_K%C3%A4hler	['1906', '2000']
Johannes Kepler	/wiki/Johannes_Kepler	['1571', '1630']
Felix Christian Klein	/wiki/Felix_Christian_Klein	['1849', '1925']
Hermann Klaus Hugo Weyl	/wiki/Hermann_Klaus_Hugo_Weyl	['1885', '1955']
Gottfried Wilhelm Leibniz	/wiki/Gottfried_Wilhelm_Leibniz	['1646', '1716']
Kurt Mendelssohn	/wiki/Kurt_Mendelssohn	['1906', '1980']
Hermann Minkowski	/wiki/Hermann_Minkowski	['1864', '1909']
August Ferdinand Möbius	/wiki/August_Ferdinand_M%C3%B6bius	['1790', '1868']
Carl Neumann	/wiki/Carl_Neumann	['1832', '1925']
Emmy Noether	/wiki/Emmy_Noether	['1882', '1935']
Georg Ohm	/wiki/Georg_Ohm	['1789', '1854']
Carl Adam Petri	/wiki/Carl_Adam_Petri	['1926', '2010']
Julius Plücker	/wiki/Julius_Pl%C3%BCcker	['1801', '1868']
Bernhard Riemann	/wiki/Bernhard_Riemann	['1826', '1866']
Adam Ries	/wiki/Adam_Ries	['1492', '1559']
Gustav Roch	/wiki/Gustav_Roch	['1839', '1866']
Eric Reissner	/wiki/Eric_Reissner	['1913', '1996']
Carl David Tolmé Runge	/wiki/Carl_David_Tolm%C3%A9_Runge	['1856', '1927']
Heinrich Scherk	/wiki/Heinrich_Scherk	['1798', '1885']
Herman Schwarz	/wiki/Herman_Schwarz	['1843', '1921']
Carl Ludwig Siegel	/wiki/Carl_Ludwig_Siegel	['1896', '1981']
Roland Sprague	/wiki/Roland_Sprague	['1894', '1967']
Heinrich Martin Weber	/wiki/Heinrich_Martin_Weber	['1842', '1913']
Karl Weierstrass	/wiki/Karl_Weierstrass	['1815', '1897']
Max Zorn	/wiki/Max_Zorn	['1906', '1993']
Heinrich Bürkle de la Camp	/wiki/Heinrich_B%C3%BCrkle_de_la_Camp	['1895', '1974']
Carl von Clausewitz	/wiki/Carl_von_Clausewitz	['1780', '1831']
Erich von Falkenhayn	/wiki/Erich_von_Falkenhayn	['1861', '1922']
August von Gneisenau	/wiki/August_von_Gneisenau	['1760', '1831']
Heinz Guderian	/wiki/Heinz_Guderian	['1888', '1954']
Erich Hartmann	/wiki/Erich_Hartmann	['1922', '1993']
Alfred Jodl	/wiki/Alfred_Jodl	['1890', '1946']
Günther von Kluge	/wiki/G%C3%BCnther_von_Kluge	['1882', '1944']
Erich Ludendorff	/wiki/Erich_Ludendorff	['1865', '1937']
Erich von Manstein	/wiki/Erich_von_Manstein	['1887', '1973']
Helmuth von Moltke the Elder	/wiki/Helmuth_von_Moltke_the_Elder	['1800', '1891']
Friedrich Paulus	/wiki/Friedrich_Paulus	['1890', '1957']
Günther Rall	/wiki/G%C3%BCnther_Rall	['1918', '2009']
Manfred von Richthofen	/wiki/Manfred_von_Richthofen	['1892', '1918']
Erwin Rommel	/wiki/Erwin_Rommel	['1891', '1944']
Albrecht von Roon	/wiki/Albrecht_von_Roon	['1803', '1879']
Hans-Ulrich Rudel	/wiki/Hans-Ulrich_Rudel	['1916', '1982']
Gerd von Rundstedt	/wiki/Gerd_von_Rundstedt	['1875', '1953']
Alfred von Schlieffen	/wiki/Alfred_von_Schlieffen	['1833', '1913']
Gerhard von Scharnhorst	/wiki/Gerhard_von_Scharnhorst	['1755', '1813']
Michael Wittmann	/wiki/Michael_Wittmann	['1914', '1944']
Carl Friedrich Abel	/wiki/Carl_Friedrich_Abel	['1725', '1787']
Martin Agricola	/wiki/Martin_Agricola	['1466', '1506']
Siegfried Alkan	/wiki/Siegfried_Alkan	['1858', '1941']
Carl Philipp Emanuel Bach	/wiki/Carl_Philipp_Emanuel_Bach	['1714', '1788']
Johann Christian Bach	/wiki/Johann_Christian_Bach	['1735', '1782']
Johann Sebastian Bach	/wiki/Johann_Sebastian_Bach	['1685', '1750']
Klaus Badelt	/wiki/Klaus_Badelt	['1967', '2025']
Ludwig van Beethoven	/wiki/Ludwig_van_Beethoven	['1770', '1827']
Martin Böttcher	/wiki/Martin_B%C3%B6ttcher	['1927', '2025']
Johannes Brahms	/wiki/Johannes_Brahms	['1833', '1897']
Max Bruch	/wiki/Max_Bruch	['1838', '1920']
Dieterich Buxtehude	/wiki/Dieterich_Buxtehude	['1900', '1950']
Hanns Eisler	/wiki/Hanns_Eisler	['1898', '1962']
Friedrich von Flotow	/wiki/Friedrich_von_Flotow	['1812', '1883']
Christoph Willibald Gluck	/wiki/Christoph_Willibald_Gluck	['1714', '1787']
George Frideric Handel	/wiki/George_Frideric_Handel	['1685', '1759']
Fanny Hensel	/wiki/Fanny_Hensel	['1900', '1950']
Paul Hindemith	/wiki/Paul_Hindemith	['1895', '1963']
Engelbert Humperdinck	/wiki/Engelbert_Humperdinck_(composer)	['1854', '1921']
Albert Lortzing	/wiki/Albert_Lortzing	['1801', '1851']
Giacomo Meyerbeer	/wiki/Giacomo_Meyerbeer	['1791', '1864']
Felix Mendelssohn	/wiki/Felix_Mendelssohn	['1809', '1847']
Leopold Mozart	/wiki/Leopold_Mozart	['1719', '1787']
Jacques Offenbach	/wiki/Jacques_Offenbach	['1819', '1880']
Carl Orff	/wiki/Carl_Orff	['1895', '1982']
Johann Pachelbel	/wiki/Johann_Pachelbel	['1653', '1706']
Hans Pfitzner	/wiki/Hans_Pfitzner	['1869', '1949']
Max Reger	/wiki/Max_Reger	['1873', '1916']
Wolfgang Rihm	/wiki/Wolfgang_Rihm	['1952', '2025']
Leopold Schefer	/wiki/Leopold_Schefer	['1784', '1862']
Clara Schumann	/wiki/Clara_Schumann	['1819', '1896']
Robert Schumann	/wiki/Robert_Schumann	['1810', '1856']
Heinrich Schütz	/wiki/Heinrich_Sch%C3%BCtz	['1585', '1672']
Charlotte Seither	/wiki/Charlotte_Seither	['1965', '2025']
Karlheinz Stockhausen	/wiki/Karlheinz_Stockhausen	['1928', '2007']
Richard Strauss	/wiki/Richard_Strauss	['1864', '1949']
Georg Philipp Telemann	/wiki/Georg_Philipp_Telemann	['1681', '1767']
Richard Wagner	/wiki/Richard_Wagner	['1813', '1883']
Carl Maria von Weber	/wiki/Carl_Maria_von_Weber	['1786', '1826']
Kurt Weill	/wiki/Kurt_Weill	['1900', '1950']
Hans Zimmer	/wiki/Hans_Zimmer	['1957', '2025']
Hans Albers	/wiki/Hans_Albers	['1891', '1960']
Thomas Anders	/wiki/Thomas_Anders	['1963', '2025']
Lale Andersen	/wiki/Lale_Andersen	['1905', '1972']
Lou Bega	/wiki/Lou_Bega	['1975', '2025']
Andrea Berg	/wiki/Andrea_Berg	['1966', '2025']
Wolf Biermann	/wiki/Wolf_Biermann	['1936', '2025']
Dieter Bohlen	/wiki/Dieter_Bohlen	['1954', '2025']
Andreas Bourani	/wiki/Andreas_Bourani	['1983', '2025']
Hans-Jürgen Buchner	/wiki/Hans-J%C3%BCrgen_Buchner	['1944', '2025']
Fritz Busch	/wiki/Fritz_Busch	['1890', '1951']
Bushido	/wiki/Bushido_(rapper)	['1978', '2025']
Campino	/wiki/Campino_(singer)	['1962', '2025']
Yvonne Catterfeld	/wiki/Yvonne_Catterfeld	['1979', '2025']
Sarah Connor	/wiki/Sarah_Connor_(singer)	['1980', '2025']
Michael Cretu	/wiki/Michael_Cretu	['1900', '1950']
Diana Damrau	/wiki/Diana_Damrau	['1900', '1950']
Marlene Dietrich	/wiki/Marlene_Dietrich	['1901', '1992']
Herbert Dreilich	/wiki/Herbert_Dreilich	['1942', '2004']
Jürgen Drews	/wiki/J%C3%BCrgen_Drews	['1945', '2025']
Katja Ebstein	/wiki/Katja_Ebstein	['1945', '2025']
Fancy	/wiki/Fancy_(singer)	['1946', '2025']
Frank Farian	/wiki/Frank_Farian	['1941', '2025']
Helene Fischer	/wiki/Helene_Fischer	['1984', '2025']
Gertrude Förstel	/wiki/Gertrude_F%C3%B6rstel	['1880', '1950']
Peter Fox	/wiki/Peter_Fox_(musician)	['1971', '2025']
Wilhelm Furtwängler	/wiki/Wilhelm_Furtw%C3%A4ngler	['1886', '1954']
Rex Gildo	/wiki/Rex_Gildo	['1936', '1999']
Unheilig	/wiki/Unheilig	['1900', '1950']
Antye Greie	/wiki/Antye_Greie	['1969', '2025']
Herbert Grönemeyer	/wiki/Herbert_Gr%C3%B6nemeyer	['1956', '2025']
Gudrun Gut	/wiki/Gudrun_Gut	['1957', '2025']
Nina Hagen	/wiki/Nina_Hagen	['1955', '2025']
Heino	/wiki/Heino	['1938', '2025']
Willy Hess	/wiki/Willy_Hess_(violinist)	['1859', '1939']
Natalie Horler	/wiki/Natalie_Horler	['1981', '2025']
Annette Humpe	/wiki/Annette_Humpe	['1950', '2025']
Matthias Jabs	/wiki/Matthias_Jabs	['1955', '2025']
Roland Kaiser	/wiki/Roland_Kaiser	['1952', '2025']
Bill Kaulitz	/wiki/Bill_Kaulitz	['1989', '2025']
John Kay	/wiki/John_Kay_(musician)	['1944', '2025']
Gershon Kingsley	/wiki/Gershon_Kingsley	['1922', '2019']
Alexander Klaws	/wiki/Alexander_Klaws	['1983', '2025']
Hildegard Knef	/wiki/Hildegard_Knef	['1925', '2002']
Peter Kraus	/wiki/Peter_Kraus	['1939', '2025']
Mike Kogel	/wiki/Mike_Kogel	['1900', '1950']
Rolf Köhler	/wiki/Rolf_K%C3%B6hler	['1951', '2007']
Paul Kuhn	/wiki/Paul_Kuhn_(band_leader)	['1928', '2013']
LaFee	/wiki/LaFee	['1990', '2025']
Ute Lemper	/wiki/Ute_Lemper	['1963', '2025']
Udo Lindenberg	/wiki/Udo_Lindenberg	['1946', '2025']
Michail Lifits	/wiki/Michail_Lifits	['1982', '2025']
Till Lindemann	/wiki/Till_Lindemann	['1963', '2025']
Tokio Hotel	/wiki/Tokio_Hotel	['1900', '1950']
Frida Lyngstad	/wiki/Frida_Lyngstad	['1900', '1950']
Peter Maffay	/wiki/Peter_Maffay	['1949', '2025']
Klaus Meine	/wiki/Klaus_Meine	['1900', '1950']
Reinhard Mey	/wiki/Reinhard_Mey	['1942', '2025']
Lena Meyer-Landrut	/wiki/Lena_Meyer-Landrut	['1991', '2025']
Marius Müller-Westernhagen	/wiki/Marius_M%C3%BCller-Westernhagen	['1948', '2025']
Karl Münchinger	/wiki/Karl_M%C3%BCnchinger	['1915', '1990']
Anne-Sophie Mutter	/wiki/Anne-Sophie_Mutter	['1963', '2025']
Xavier Naidoo	/wiki/Xavier_Naidoo	['1971', '2025']
Meshell Ndegeocello	/wiki/Meshell_Ndegeocello	['1969', '2025']
Nena	/wiki/Nena	['1960', '2025']
Nicole	/wiki/Nicole_(German_singer)	['1964', '2025']
Klaus Nomi	/wiki/Klaus_Nomi	['1944', '1983']
Lisa Otto	/wiki/Lisa_Otto	['1919', '2013']
Martin Rich	/wiki/Martin_Rich	['1905', '2025']
Marianne Rosenberg	/wiki/Marianne_Rosenberg	['1955', '2025']
Anneliese Rothenberger	/wiki/Anneliese_Rothenberger	['1924', '2010']
Sandra	/wiki/Sandra_(singer)	['1962', '2025']
Kool Savas	/wiki/Kool_Savas	['1975', '2025']
Gustav Schäfer	/wiki/Gustav_Sch%C3%A4fer_(drummer)	['1900', '1950']
Michael Schenker	/wiki/Michael_Schenker	['1955', '2025']
Rudolf Schenker	/wiki/Rudolf_Schenker	['1948', '2025']
Peter Schilling	/wiki/Peter_Schilling	['1956', '2025']
Sido	/wiki/Sido_(rapper)	['1980', '2025']
Cassandra Steen	/wiki/Cassandra_Steen	['1980', '2025']
Farin Urlaub	/wiki/Farin_Urlaub	['1963', '2025']
Lena Valaitis	/wiki/Lena_Valaitis	['1943', '2025']
Paul van Dyk	/wiki/Paul_van_Dyk	['1971', '2025']
Hannes Wader	/wiki/Hannes_Wader	['1943', '2025']
Claire Waldoff	/wiki/Claire_Waldoff	['1884', '1957']
Bruno Walter	/wiki/Bruno_Walter	['1876', '1962']
Konstantin Wecker	/wiki/Konstantin_Wecker	['1947', '2025']
Theodor Adorno	/wiki/Theodor_Adorno	['1903', '1969']
Albertus Magnus	/wiki/Albertus_Magnus	['1193', '1280']
Hannah Arendt	/wiki/Hannah_Arendt	['1906', '1975']
Walter Benjamin	/wiki/Walter_Benjamin	['1892', '1943']
Ernst Bloch	/wiki/Ernst_Bloch	['1885', '1977']
Jakob Böhme	/wiki/Jakob_B%C3%B6hme	['1575', '1624']
Franz Brentano	/wiki/Franz_Brentano	['1838', '1917']
Rudolf Carnap	/wiki/Rudolf_Carnap	['1891', '1970']
Ernst Cassirer	/wiki/Ernst_Cassirer	['1874', '1945']
Wilhelm Dilthey	/wiki/Wilhelm_Dilthey	['1833', '1911']
Ludwig Feuerbach	/wiki/Ludwig_Feuerbach	['1804', '1872']
Gottlieb Fichte	/wiki/Gottlieb_Fichte	['1762', '1814']
Gottlob Frege	/wiki/Gottlob_Frege	['1848', '1925']
Eduard von Hartmann	/wiki/Eduard_von_Hartmann	['1842', '1906']
Georg Wilhelm Friedrich Hegel	/wiki/Georg_Wilhelm_Friedrich_Hegel	['1770', '1831']
Martin Heidegger	/wiki/Martin_Heidegger	['1889', '1976']
Max Horkheimer	/wiki/Max_Horkheimer	['1895', '1973']
Edmund Husserl	/wiki/Edmund_Husserl	['1859', '1938']
Karl Jaspers	/wiki/Karl_Jaspers	['1883', '1969']
Immanuel Kant	/wiki/Immanuel_Kant	['1724', '1804']
Gottfried Leibniz	/wiki/Gottfried_Leibniz	['1646', '1716']
Karl Marx	/wiki/Karl_Marx	['1818', '1883']
Moses Mendelssohn	/wiki/Moses_Mendelssohn	['1729', '1786']
Lorenz Christoph Mizler	/wiki/Lorenz_Christoph_Mizler	['78', '1711']
Nikolaus Cusanus	/wiki/Nikolaus_Cusanus	['1401', '1462']
Friedrich Nietzsche	/wiki/Friedrich_Nietzsche	['1844', '1900']
Friedrich Schelling	/wiki/Friedrich_Schelling	['1775', '1854']
Moritz Schlick	/wiki/Moritz_Schlick	['1882', '1936']
Arthur Schopenhauer	/wiki/Arthur_Schopenhauer	['1788', '1860']
Christian Wolff	/wiki/Christian_Wolff_(philosopher)	['1900', '1950']
Bruno Bauer	/wiki/Bruno_Bauer	['1809', '1882']
Friedrich Engels	/wiki/Friedrich_Engels	['1820', '1895']
Rudolf Christoph Eucken	/wiki/Rudolf_Christoph_Eucken	['1846', '1926']
Erich Fromm	/wiki/Erich_Fromm	['1900', '1980']
Hans-Georg Gadamer	/wiki/Hans-Georg_Gadamer	['1900', '2002']
Wilhelm von Humboldt	/wiki/Wilhelm_von_Humboldt	['1767', '1835']
Ludwig Klages	/wiki/Ludwig_Klages	['1872', '1956']
Leo Löwenthal	/wiki/Leo_L%C3%B6wenthal	['1900', '1993']
Karl Löwith	/wiki/Karl_L%C3%B6with	['1897', '1973']
Herbert Marcuse	/wiki/Herbert_Marcuse	['1898', '1979']
Samuel von Pufendorf	/wiki/Samuel_von_Pufendorf	['1632', '1694']
Johann Karl Friedrich Rosenkranz	/wiki/Johann_Karl_Friedrich_Rosenkranz	['1805', '1879']
Franz Rosenzweig	/wiki/Franz_Rosenzweig	['1886', '1929']
Max Scheler	/wiki/Max_Scheler	['1874', '1928']
Carl Schmitt	/wiki/Carl_Schmitt	['1888', '1985']
Georg Simmel	/wiki/Georg_Simmel	['1859', '1918']
Max Stirner	/wiki/Max_Stirner	['1806', '1856']
Carl Friedrich von Weizsäcker	/wiki/Carl_Friedrich_von_Weizs%C3%A4cker	['1912', '2007']
Hans Albert	/wiki/Hans_Albert	['1921', '2025']
Kurt Flasch	/wiki/Kurt_Flasch	['1930', '2025']
Jürgen Habermas	/wiki/J%C3%BCrgen_Habermas	['1929', '2025']
Dieter Henrich	/wiki/Dieter_Henrich	['1927', '2025']
Odo Marquard	/wiki/Odo_Marquard	['1928', '2025']
Julian Nida-Rümelin	/wiki/Julian_Nida-R%C3%BCmelin	['1954', '2025']
Konrad Ott	/wiki/Konrad_Ott	['1959', '2025']
Peter Sloterdijk	/wiki/Peter_Sloterdijk	['1947', '2025']
Robert Spaemann	/wiki/Robert_Spaemann	['1927', '2018']
Oswald Spengler	/wiki/Oswald_Spengler	['1880', '1936']
Ernst Tugendhat	/wiki/Ernst_Tugendhat	['1930', '2025']
Arminius	/wiki/Arminius	['1900', '1950']
Rainer Barzel	/wiki/Rainer_Barzel	['1924', '2006']
August Bebel	/wiki/August_Bebel	['1840', '1913']
Rudolf von Bennigsen	/wiki/Rudolf_von_Bennigsen	['1824', '1902']
Eduard Bernstein	/wiki/Eduard_Bernstein	['1850', '1932']
Heinrich von Brentano	/wiki/Heinrich_von_Brentano	['1904', '1964']
Julius Curtius	/wiki/Julius_Curtius	['1877', '1948']
Matthias Erzberger	/wiki/Matthias_Erzberger	['1875', '1921']
Joschka Fischer	/wiki/Joschka_Fischer	['1948', '2025']
Hans-Dietrich Genscher	/wiki/Hans-Dietrich_Genscher	['1927', '2025']
Jakob Grimm	/wiki/Jakob_Grimm	['1785', '1863']
Wilhelm Grimm	/wiki/Wilhelm_Grimm	['1786', '1859']
Gregor Gysi	/wiki/Gregor_Gysi	['1948', '2025']
Georg Hornstein	/wiki/Georg_Hornstein	['1900', '1942']
Alfred Hugenberg	/wiki/Alfred_Hugenberg	['1865', '1951']
Johann Jacoby	/wiki/Johann_Jacoby	['1805', '1877']
Luise Kähler	/wiki/Luise_K%C3%A4hler	['1869', '1955']
Karl Kautsky	/wiki/Karl_Kautsky	['1854', '1938']
Petra Kelly	/wiki/Petra_Kelly	['1947', '1992']
Roland Koch	/wiki/Roland_Koch	['1958', '2025']
Oskar Lafontaine	/wiki/Oskar_Lafontaine	['1943', '2025']
Ferdinand Lassalle	/wiki/Ferdinand_Lassalle	['1825', '1864']
Karl Liebknecht	/wiki/Karl_Liebknecht	['1871', '1919']
Wilhelm Liebknecht	/wiki/Wilhelm_Liebknecht	['1826', '1900']
Rosa Luxemburg	/wiki/Rosa_Luxemburg	['1870', '1919']
Jakob Maria Mierscheid	/wiki/Jakob_Maria_Mierscheid	['1933', '2025']
Hans Modrow	/wiki/Hans_Modrow	['1928', '2025']
Hermann Müller	/wiki/Hermann_M%C3%BCller_(politician)	['1876', '1931']
Erich Ollenhauer	/wiki/Erich_Ollenhauer	['1901', '1963']
Antonie Pfülf	/wiki/Antonie_Pf%C3%BClf	['1877', '1933']
Walther Rathenau	/wiki/Walther_Rathenau	['1867', '1922']
Eugen Richter	/wiki/Eugen_Richter	['1838', '1906']
Wolfgang Schäuble	/wiki/Wolfgang_Sch%C3%A4uble	['1942', '2025']
Carlo Schmid	/wiki/Carlo_Schmid_(German_politician)	['1896', '1979']
Gerhard Schröder	/wiki/Gerhard_Schr%C3%B6der_(CDU)	['1910', '1989']
Kurt Schumacher	/wiki/Kurt_Schumacher	['1895', '1952']
Baron Heinrich vom Stein	/wiki/Baron_Heinrich_vom_Stein	['1757', '1831']
Edmund Stoiber	/wiki/Edmund_Stoiber	['1941', '2025']
Franz Josef Strauss	/wiki/Franz_Josef_Strauss	['1915', '1988']
Ernst Thälmann	/wiki/Ernst_Th%C3%A4lmann	['1886', '1944']
Hans-Jochen Vogel	/wiki/Hans-Jochen_Vogel	['1926', '2025']
Otto Wels	/wiki/Otto_Wels	['1873', '1939']
Guido Westerwelle	/wiki/Guido_Westerwelle	['1961', '2016']
Klaus Wowereit	/wiki/Klaus_Wowereit	['1953', '2025']
Clara Zetkin	/wiki/Clara_Zetkin	['1857', '1933']
Gustav Bauer	/wiki/Gustav_Bauer	['1870', '1944']
Theobald von Bethmann Hollweg	/wiki/Theobald_von_Bethmann_Hollweg	['1856', '1921']
Otto von Bismarck	/wiki/Otto_von_Bismarck	['1815', '1898']
Heinrich Brüning	/wiki/Heinrich_Br%C3%BCning	['1885', '1970']
Bernhard von Bülow	/wiki/Bernhard_von_B%C3%BClow	['1849', '1929']
Leo von Caprivi	/wiki/Leo_von_Caprivi	['1831', '1899']
Wilhelm Cuno	/wiki/Wilhelm_Cuno	['1876', '1933']
Konstantin Fehrenbach	/wiki/Konstantin_Fehrenbach	['1852', '1926']
Georg von Hertling	/wiki/Georg_von_Hertling	['1843', '1919']
Adolf Hitler	/wiki/Adolf_Hitler	['1889', '1945']
Prince Chlodwig zu Hohenlohe-Schillingsfürst	/wiki/Prince_Chlodwig_zu_Hohenlohe-Schillingsf%C3%BCrst	['1819', '1901']
Hans Luther	/wiki/Hans_Luther	['1885', '1962']
Wilhelm Marx	/wiki/Wilhelm_Marx	['1863', '1946']
Georg Michaelis	/wiki/Georg_Michaelis	['1857', '1936']
Franz von Papen	/wiki/Franz_von_Papen	['1879', '1969']
Philipp Scheidemann	/wiki/Philipp_Scheidemann	['1865', '1939']
Kurt von Schleicher	/wiki/Kurt_von_Schleicher	['1882', '1934']
Gustav Stresemann	/wiki/Gustav_Stresemann	['1878', '1929']
Joseph Wirth	/wiki/Joseph_Wirth	['1879', '1956']
Konrad Adenauer	/wiki/Konrad_Adenauer	['1876', '1967']
Ludwig Erhard	/wiki/Ludwig_Erhard	['1897', '1977']
Kurt Georg Kiesinger	/wiki/Kurt_Georg_Kiesinger	['1904', '1988']
Willy Brandt	/wiki/Willy_Brandt	['1913', '1992']
Helmut Schmidt	/wiki/Helmut_Schmidt	['1918', '2015']
Helmut Kohl	/wiki/Helmut_Kohl	['1900', '1950']
Gerhard Schröder	/wiki/Gerhard_Schr%C3%B6der	['1944', '2017']
Angela Merkel	/wiki/Angela_Merkel	['1954', '2025']
Friedrich Ebert	/wiki/Friedrich_Ebert	['1871', '1925']
Paul von Hindenburg	/wiki/Paul_von_Hindenburg	['1847', '1934']
Adolf Hitler	/wiki/Adolf_Hitler	['1889', '1945']
Karl Dönitz	/wiki/Karl_D%C3%B6nitz	['1891', '1980']
Theodor Heuss	/wiki/Theodor_Heuss	['1884', '1963']
Heinrich Lübke	/wiki/Heinrich_L%C3%BCbke	['1894', '1972']
Gustav Heinemann	/wiki/Gustav_Heinemann	['1899', '1976']
Walter Scheel	/wiki/Walter_Scheel	['1919', '2025']
Karl Carstens	/wiki/Karl_Carstens	['1914', '1992']
Richard von Weizsäcker	/wiki/Richard_von_Weizs%C3%A4cker	['1920', '2025']
Roman Herzog	/wiki/Roman_Herzog	['1934', '2025']
Johannes Rau	/wiki/Johannes_Rau	['1931', '2006']
Horst Köhler	/wiki/Horst_K%C3%B6hler	['1943', '2025']
Jens Böhrnsen	/wiki/Jens_B%C3%B6hrnsen	['1949', '2025']
Christian Wulff	/wiki/Christian_Wulff	['1959', '2025']
Horst Seehofer	/wiki/Horst_Seehofer	['1949', '2025']
Joachim Gauck	/wiki/Joachim_Gauck	['1940', '2025']
Frank-Walter Steinmeier	/wiki/Frank-Walter_Steinmeier	['1956', '2025']
Otto Grotewohl	/wiki/Otto_Grotewohl	['1894', '1964']
Erich Honecker	/wiki/Erich_Honecker	['1912', '1994']
Egon Krenz	/wiki/Egon_Krenz	['1937', '2025']
Erich Mielke	/wiki/Erich_Mielke	['1907', '2000']
Wilhelm Pieck	/wiki/Wilhelm_Pieck	['1876', '1960']
Heinrich Rau	/wiki/Heinrich_Rau	['1899', '1961']
Günter Schabowski	/wiki/G%C3%BCnter_Schabowski	['1929', '2025']
Willy Stoph	/wiki/Willy_Stoph	['1914', '1999']
Walter Ulbricht	/wiki/Walter_Ulbricht	['1893', '1973']
Artur Axmann	/wiki/Artur_Axmann	['1913', '1996']
Klaus Barbie	/wiki/Klaus_Barbie	['1913', '1991']
Fedor von Bock	/wiki/Fedor_von_Bock	['1880', '1945']
Martin Bormann	/wiki/Martin_Bormann	['1900', '1945']
Eva Braun	/wiki/Eva_Braun	['1912', '1945']
Wilhelm Canaris	/wiki/Wilhelm_Canaris	['1887', '1945']
Karl Dönitz	/wiki/Karl_D%C3%B6nitz	['1891', '1980']
Anton Drexler	/wiki/Anton_Drexler	['1884', '1942']
Adolf Eichmann	/wiki/Adolf_Eichmann	['1906', '1962']
Hans Frank	/wiki/Hans_Frank	['1900', '1946']
Roland Freisler	/wiki/Roland_Freisler	['1893', '1945']
Wilhelm Frick	/wiki/Wilhelm_Frick	['1877', '1946']
Walther Funk	/wiki/Walther_Funk	['1890', '1960']
Joseph Goebbels	/wiki/Joseph_Goebbels	['1897', '1945']
Hermann Göring	/wiki/Hermann_G%C3%B6ring	['1893', '1946']
Rudolf Hess	/wiki/Rudolf_Hess	['1894', '1987']
Reinhard Heydrich	/wiki/Reinhard_Heydrich	['1904', '1942']
Heinrich Himmler	/wiki/Heinrich_Himmler	['1900', '1945']
Rudolf Höss	/wiki/Rudolf_H%C3%B6ss	['1900', '1947']
Ernst Kaltenbrunner	/wiki/Ernst_Kaltenbrunner	['1903', '1946']
Hans Kammler	/wiki/Hans_Kammler	['1900', '1950']
Wilhelm Keitel	/wiki/Wilhelm_Keitel	['1882', '1946']
Karl Otto Koch	/wiki/Karl_Otto_Koch	['1897', '1945']
Robert Ley	/wiki/Robert_Ley	['1890', '1945']
Erich von Manstein	/wiki/Erich_von_Manstein	['1885', '1973']
Josef Mengele	/wiki/Josef_Mengele	['1911', '1979']
Erhard Milch	/wiki/Erhard_Milch	['1892', '1972']
Walter Model	/wiki/Walter_Model	['1891', '1945']
Heinrich Müller	/wiki/Heinrich_M%C3%BCller_(Gestapo)	['1939', '1945']
Konstantin von Neurath	/wiki/Konstantin_von_Neurath	['1873', '1956']
Franz von Papen	/wiki/Franz_von_Papen	['1879', '1969']
Erich Raeder	/wiki/Erich_Raeder	['1876', '1960']
Joachim von Ribbentrop	/wiki/Joachim_von_Ribbentrop	['1893', '1946']
Ernst Röhm	/wiki/Ernst_R%C3%B6hm	['1887', '1934']
Erwin Rommel	/wiki/Erwin_Rommel	['1891', '1944']
Alfred Rosenberg	/wiki/Alfred_Rosenberg	['1893', '1946']
Gerd von Rundstedt	/wiki/Gerd_von_Rundstedt	['1875', '1953']
Hjalmar Schacht	/wiki/Hjalmar_Schacht	['1900', '1950']
Baldur von Schirach	/wiki/Baldur_von_Schirach	['1907', '1974']
Albert Speer	/wiki/Albert_Speer	['1905', '1981']
Gregor Strasser	/wiki/Gregor_Strasser	['1892', '1934']
Julius Streicher	/wiki/Julius_Streicher	['1885', '1946']
Catherine the Great	/wiki/Catherine_the_Great	['1729', '1796']
Charles IV, Holy Roman Emperor	/wiki/Charles_IV,_Holy_Roman_Emperor	['1316', '1378']
Charles V, Holy Roman Emperor	/wiki/Charles_V,_Holy_Roman_Emperor	['1500', '1558']
Claus von Amsberg	/wiki/Claus_von_Amsberg	['1926', '2002']
Frederick I, Holy Roman Emperor	/wiki/Frederick_I,_Holy_Roman_Emperor	['1122', '1190']
Frederick II, Holy Roman Emperor	/wiki/Frederick_II,_Holy_Roman_Emperor	['1194', '1250']
Henry the Fowler	/wiki/Henry_the_Fowler	['876', '936']
Henry II, Holy Roman Emperor	/wiki/Henry_II,_Holy_Roman_Emperor	['972', '1024']
Henry III, Holy Roman Emperor	/wiki/Henry_III,_Holy_Roman_Emperor	['1017', '1056']
Henry IV, Holy Roman Emperor	/wiki/Henry_IV,_Holy_Roman_Emperor	['1050', '1106']
Henry V, Holy Roman Emperor	/wiki/Henry_V,_Holy_Roman_Emperor	['1081', '1125']
Henry VI, Holy Roman Emperor	/wiki/Henry_VI,_Holy_Roman_Emperor	['1165', '1197']
Louis IV, Holy Roman Emperor	/wiki/Louis_IV,_Holy_Roman_Emperor	['1281', '1347']
Maximilian I, Holy Roman Emperor	/wiki/Maximilian_I,_Holy_Roman_Emperor	['1459', '1519']
Otto I, Holy Roman Emperor	/wiki/Otto_I,_Holy_Roman_Emperor	['912', '973']
Otto II, Holy Roman Emperor	/wiki/Otto_II,_Holy_Roman_Emperor	['955', '983']
Otto III, Holy Roman Emperor	/wiki/Otto_III,_Holy_Roman_Emperor	['980', '1002']
Otto Wilhelm Hermann von Abich	/wiki/Otto_Wilhelm_Hermann_von_Abich	['1806', '1886']
Alois Alzheimer	/wiki/Alois_Alzheimer	['1864', '1915']
Peter Apian	/wiki/Peter_Apian	['1495', '1552']
Manfred von Ardenne	/wiki/Manfred_von_Ardenne	['1907', '1997']
Anton de Bary	/wiki/Anton_de_Bary	['1831', '1888']
Johann Bayer	/wiki/Johann_Bayer	['1572', '1625']
Georg Bednorz	/wiki/Georg_Bednorz	['1950', '2025']
Emil von Behring	/wiki/Emil_von_Behring	['1854', '1917']
Karl Benz	/wiki/Karl_Benz	['1844', '1929']
Friedrich Bessel	/wiki/Friedrich_Bessel	['1784', '1846']
Hans Bethe	/wiki/Hans_Bethe	['1906', '2005']
Hennig Brand	/wiki/Hennig_Brand	['1900', '1950']
Max Born	/wiki/Max_Born	['1882', '1970']
Robert Bosch	/wiki/Robert_Bosch	['1861', '1942']
Karl Ferdinand Braun	/wiki/Karl_Ferdinand_Braun	['1850', '1918']
Wernher von Braun	/wiki/Wernher_von_Braun	['1912', '1977']
Eduard Buchner	/wiki/Eduard_Buchner	['1860', '1917']
Robert Bunsen	/wiki/Robert_Bunsen	['1811', '1899']
Alfred Buntru	/wiki/Alfred_Buntru	['1887', '1974']
Georg Cantor	/wiki/Georg_Cantor	['1845', '1918']
Nicolaus Copernicus	/wiki/Nicolaus_Copernicus	['1473', '1543']
Hans Gerhard Creutzfeldt	/wiki/Hans_Gerhard_Creutzfeldt	['1900', '1950']
Adolf Daimler	/wiki/Adolf_Daimler	['1871', '1913']
Gottlieb Daimler	/wiki/Gottlieb_Daimler	['1834', '1900']
Carl Duisberg	/wiki/Carl_Duisberg	['1861', '1935']
Rudolf Diesel	/wiki/Rudolf_Diesel	['1858', '1913']
Paul Ehrlich	/wiki/Paul_Ehrlich	['1854', '1915']
Albert Einstein	/wiki/Albert_Einstein	['1879', '1955']
Gerhard Ertl	/wiki/Gerhard_Ertl	['1936', '2025']
Hans Jürgen Eysenck	/wiki/Hans_J%C3%BCrgen_Eysenck	['1916', '1997']
Daniel Gabriel Fahrenheit	/wiki/Daniel_Gabriel_Fahrenheit	['1686', '1736']
Wolfgang Finkelnburg	/wiki/Wolfgang_Finkelnburg	['1905', '1967']
Hermann Emil Fischer	/wiki/Hermann_Emil_Fischer	['1852', '1919']
Elvira Fölzer	/wiki/Elvira_F%C3%B6lzer	['1868', '1928']
Joseph von Fraunhofer	/wiki/Joseph_von_Fraunhofer	['1787', '1826']
Gottlob Frege	/wiki/Gottlob_Frege	['1848', '1925']
Wilhelm Siegmund Frei	/wiki/Wilhelm_Siegmund_Frei	['1885', '1943']
Erich Fromm	/wiki/Erich_Fromm	['1900', '1980']
Klaus Fuchs	/wiki/Klaus_Fuchs	['1911', '1988']
Hans Geiger	/wiki/Hans_Geiger	['1882', '1945']
Carl Friedrich Gauss	/wiki/Carl_Friedrich_Gauss	['1777', '1855']
Otto von Guericke	/wiki/Otto_von_Guericke	['1602', '1682']
Johannes Gutenberg	/wiki/Johannes_Gutenberg	['1398', '1468']
Fritz Haber	/wiki/Fritz_Haber	['1868', '1934']
Ernst Haeckel	/wiki/Ernst_Haeckel	['1834', '1919']
Otto Hahn	/wiki/Otto_Hahn	['1879', '1968']
Theodor W. Hänsch	/wiki/Theodor_W._H%C3%A4nsch	['1941', '2025']
Bernhard Hantzsch	/wiki/Bernhard_Hantzsch	['1875', '1911']
Georg Hartmann	/wiki/Georg_Hartmann_(geographer)	['1865', '1946']
Felix Hausdorff	/wiki/Felix_Hausdorff	['1868', '1942']
Robert Havemann	/wiki/Robert_Havemann	['1910', '1982']
Ernst Heinkel	/wiki/Ernst_Heinkel	['1888', '1958']
Werner Heisenberg	/wiki/Werner_Heisenberg	['1901', '1976']
Hermann Helmholtz	/wiki/Hermann_Helmholtz	['1900', '1950']
Heinrich Rudolf Hertz	/wiki/Heinrich_Rudolf_Hertz	['1857', '1894']
Johannes Hevelius	/wiki/Johannes_Hevelius	['1611', '1687']
David Hilbert	/wiki/David_Hilbert	['1862', '1943']
Johann Homann	/wiki/Johann_Homann	['1664', '1724']
Erich Hückel	/wiki/Erich_H%C3%BCckel	['1896', '1980']
Alexander von Humboldt	/wiki/Alexander_von_Humboldt	['1769', '1859']
Carl Gustav Jacob Jacobi	/wiki/Carl_Gustav_Jacob_Jacobi	['1804', '1851']
Alfons Maria Jakob	/wiki/Alfons_Maria_Jakob	['1884', '1931']
Hugo Junkers	/wiki/Hugo_Junkers	['1859', '1935']
Theodor Kaluza	/wiki/Theodor_Kaluza	['1885', '1954']
Friedrich August Kekulé von Stradonitz	/wiki/Friedrich_August_Kekul%C3%A9_von_Stradonitz	['1829', '1896']
Johannes Kepler	/wiki/Johannes_Kepler	['1571', '1630']
Gustav Robert Kirchhoff	/wiki/Gustav_Robert_Kirchhoff	['1824', '1887']
Martin Heinrich Klaproth	/wiki/Martin_Heinrich_Klaproth	['1743', '1817']
Felix Klein	/wiki/Felix_Klein	['1849', '1925']
Klaus von Klitzing	/wiki/Klaus_von_Klitzing	['1943', '2025']
Wolfgang Franz von Kobell	/wiki/Wolfgang_Franz_von_Kobell	['1803', '1882']
Robert Koch	/wiki/Robert_Koch	['1843', '1910']
Walter Karl Koch	/wiki/Walter_Karl_Koch	['1880', '1962']
Adolph Wilhelm Hermann Kolbe	/wiki/Adolph_Wilhelm_Hermann_Kolbe	['1818', '1884']
Leopold Kronecker	/wiki/Leopold_Kronecker	['1823', '1891']
Ernst Eduard Kummer	/wiki/Ernst_Eduard_Kummer	['1810', '1893']
Edmund Landau	/wiki/Edmund_Landau	['1877', '1938']
Hermann Lattemann	/wiki/Hermann_Lattemann	['1852', '1894']
Max von Laue	/wiki/Max_von_Laue	['1879', '1960']
Gottfried Leibniz	/wiki/Gottfried_Leibniz	['1646', '1716']
Philipp Eduard Anton von Lenard	/wiki/Philipp_Eduard_Anton_von_Lenard	['1862', '1947']
Rudolph Lennhoff	/wiki/Rudolph_Lennhoff	['1866', '1933']
August Leskien	/wiki/August_Leskien	['1840', '1916']
Justus von Liebig	/wiki/Justus_von_Liebig	['1803', '1873']
Otto Lilienthal	/wiki/Otto_Lilienthal	['1848', '1896']
Ferdinand von Lindemann	/wiki/Ferdinand_von_Lindemann	['1852', '1939']
Alexander Lippisch	/wiki/Alexander_Lippisch	['1894', '1976']
Friedrich Loeffler	/wiki/Friedrich_Loeffler	['1852', '1915']
Johann Josef Loschmidt	/wiki/Johann_Josef_Loschmidt	['1821', '1895']
Cornelia Lüdecke	/wiki/Cornelia_L%C3%BCdecke	['1954', '2025']
Reimar Lüst	/wiki/Reimar_L%C3%BCst	['1923', '2025']
Albertus Magnus	/wiki/Albertus_Magnus	['1900', '1950']
Ludwig Immanuel Magnus	/wiki/Ludwig_Immanuel_Magnus	['1900', '1950']
Siegfried Marcus	/wiki/Siegfried_Marcus	['1831', '1898']
Wilhelm Maybach	/wiki/Wilhelm_Maybach	['1846', '1929']
Willy Messerschmitt	/wiki/Willy_Messerschmitt	['1898', '1978']
Lothar Meyer	/wiki/Lothar_Meyer	['1830', '1895']
Franz Mertens	/wiki/Franz_Mertens	['1840', '1927']
August Ferdinand Möbius	/wiki/August_Ferdinand_M%C3%B6bius	['1790', '1868']
Johannes Peter Müller	/wiki/Johannes_Peter_M%C3%BCller	['1801', '1858']
Walther Nernst	/wiki/Walther_Nernst	['1864', '1941']
Carl Gottfried Neumann	/wiki/Carl_Gottfried_Neumann	['1832', '1925']
Franz Ernst Neumann	/wiki/Franz_Ernst_Neumann	['1798', '1895']
de:Claus Noé	https://de.wikipedia.org/wiki/Claus_No%C3%A9	['1938', '2008']
Emmy Noether	/wiki/Emmy_Noether	['1882', '1935']
Georg Ohm	/wiki/Georg_Ohm	['1789', '1854']
Wilhelm Ostwald	/wiki/Wilhelm_Ostwald	['1900', '1950']
Nikolaus Otto	/wiki/Nikolaus_Otto	['1832', '1891']
Bernhard Philberth	/wiki/Bernhard_Philberth	['1927', '2010']
Max Planck	/wiki/Max_Planck	['1858', '1947']
Jesco von Puttkamer	/wiki/Jesco_von_Puttkamer	['1933', '2025']
Bernhard Riemann	/wiki/Bernhard_Riemann	['1826', '1866']
Adam Ries	/wiki/Adam_Ries	['1492', '1559']
Wilhelm Röntgen	/wiki/Wilhelm_R%C3%B6ntgen	['1845', '1923']
Carl Wilhelm Scheele	/wiki/Carl_Wilhelm_Scheele	['1742', '1786']
Matthias Jakob Schleiden	/wiki/Matthias_Jakob_Schleiden	['1804', '1881']
Heinrich Schliemann	/wiki/Heinrich_Schliemann	['1822', '1890']
Christian Friedrich Schonbein	/wiki/Christian_Friedrich_Schonbein	['1799', '1868']
Friedrich Hermann Schottky	/wiki/Friedrich_Hermann_Schottky	['1851', '1935']
Theodor Schwann	/wiki/Theodor_Schwann	['1810', '1882']
Hermann Amandus Schwarz	/wiki/Hermann_Amandus_Schwarz	['1843', '1921']
Karl Schwarzschild	/wiki/Karl_Schwarzschild	['1873', '1916']
Carl Semper	/wiki/Carl_Semper	['1832', '1893']
Werner von Siemens	/wiki/Werner_von_Siemens	['1816', '1892']
Rolf Singer	/wiki/Rolf_Singer	['1906', '1994']
Arnold Sommerfeld	/wiki/Arnold_Sommerfeld	['1868', '1951']
Eduard Adolf Strasburger	/wiki/Eduard_Adolf_Strasburger	['1844', '1912']
Georg Steller	/wiki/Georg_Steller	['1709', '1746']
William Stern	/wiki/William_Stern_(psychologist)	['1871', '1938']
Alfred Stock	/wiki/Alfred_Stock	['1876', '1946']
Levi Strauss	/wiki/Levi_Strauss	['1829', '1902']
Max Vasmer	/wiki/Max_Vasmer	['1886', '1962']
Rudolf Virchow	/wiki/Rudolf_Virchow	['1821', '1902']
Otto Wallach	/wiki/Otto_Wallach	['1900', '1950']
Hellmuth Walter	/wiki/Hellmuth_Walter	['1900', '1980']
Felix Wankel	/wiki/Felix_Wankel	['1902', '1988']
Alfred Wegener	/wiki/Alfred_Wegener	['1880', '1930']
Karl Weierstrass	/wiki/Karl_Weierstrass	['1815', '1897']
August Weismann	/wiki/August_Weismann	['1834', '1914']
Carl Friedrich von Weizsäcker	/wiki/Carl_Friedrich_von_Weizs%C3%A4cker	['1912', '2007']
Hermann Weyl	/wiki/Hermann_Weyl	['1885', '1955']
Maximilian zu Wied-Neuwied	/wiki/Maximilian_zu_Wied-Neuwied	['1782', '1867']
Wilhelm Wien	/wiki/Wilhelm_Wien	['1864', '1928']
Heinrich Wohlwill	/wiki/Heinrich_Wohlwill	['1900', '1950']
Mieczysław Wolfke	/wiki/Mieczys%C5%82aw_Wolfke	['1883', '1947']
Wilhelm Wundt	/wiki/Wilhelm_Wundt	['1832', '1920']
Christian Zeller	/wiki/Christian_Zeller	['1900', '1950']
Ferdinand von Zeppelin	/wiki/Ferdinand_von_Zeppelin	['1838', '1917']
Ernst Zermelo	/wiki/Ernst_Zermelo	['1871', '1953']
Konrad Zuse	/wiki/Konrad_Zuse	['1910', '1995']
Franziska van Almsick	/wiki/Franziska_van_Almsick	['1978', '2025']
Adolf Anderssen	/wiki/Adolf_Anderssen	['1818', '1879']
Tobias Arlt	/wiki/Tobias_Arlt	['1987', '2025']
Rudi Ball	/wiki/Rudi_Ball	['1911', '1975']
Michael Ballack	/wiki/Michael_Ballack	['1976', '2025']
Karin Balzer	/wiki/Karin_Balzer	['1938', '2025']
Dieter Baumann	/wiki/Dieter_Baumann	['1965', '2025']
Franz Beckenbauer	/wiki/Franz_Beckenbauer	['1945', '2025']
Boris Becker	/wiki/Boris_Becker	['1967', '2025']
Ludger Beerbaum	/wiki/Ludger_Beerbaum	['1963', '2025']
Elly Beinhorn	/wiki/Elly_Beinhorn	['1907', '2007']
Isaac Bonga	/wiki/Isaac_Bonga	['1900', '1950']
Valery Belenky	/wiki/Valery_Belenky	['1900', '1950']
Stefan Bellof	/wiki/Stefan_Bellof	['1957', '1985']
Gretel Bergmann	/wiki/Gretel_Bergmann	['1914', '2017']
Frank Biela	/wiki/Frank_Biela	['1964', '2025']
Oliver Bierhoff	/wiki/Oliver_Bierhoff	['1968', '2025']
Jérôme Boateng	/wiki/J%C3%A9r%C3%B4me_Boateng	['1988', '2025']
Timo Boll	/wiki/Timo_Boll	['1900', '1950']
Kathrin Boron	/wiki/Kathrin_Boron	['1969', '2025']
Andreas Brehme	/wiki/Andreas_Brehme	['1960', '2025']
Paul Breitner	/wiki/Paul_Breitner	['1951', '2025']
Kai Budde	/wiki/Kai_Budde	['1979', '2025']
Bettina Bunge	/wiki/Bettina_Bunge	['1963', '2025']
Rudolf Caracciola	/wiki/Rudolf_Caracciola	['1901', '1959']
Uschi Disl	/wiki/Uschi_Disl	['1970', '2025']
Heike Drechsler	/wiki/Heike_Drechsler	['1964', '2025']
Stefan Effenberg	/wiki/Stefan_Effenberg	['1968', '2025']
Christian Ehrhoff	/wiki/Christian_Ehrhoff	['1982', '2025']
Erich Gottlieb Eliskases	/wiki/Erich_Gottlieb_Eliskases	['1913', '1997']
Kornelia Ender	/wiki/Kornelia_Ender	['1958', '2025']
Karin Enke	/wiki/Karin_Enke	['1961', '2025']
Jürgen Fanghänel	/wiki/J%C3%BCrgen_Fangh%C3%A4nel	['1951', '2025']
Rudi Fink	/wiki/Rudi_Fink	['1958', '2025']
Birgit Fischer	/wiki/Birgit_Fischer	['1962', '2025']
Sven Fischer	/wiki/Sven_Fischer	['1971', '2025']
Alfred Flatow	/wiki/Alfred_Flatow	['1869', '1942']
Gustav Flatow	/wiki/Gustav_Flatow	['1875', '1945']
Heinz-Harald Frentzen	/wiki/Heinz-Harald_Frentzen	['1967', '2025']
Torsten Frings	/wiki/Torsten_Frings	['1976', '2025']
Gottfried Fuchs	/wiki/Gottfried_Fuchs	['1889', '1972']
Erika Geisen	/wiki/Erika_Geisen	['1900', '1950']
Natalie Geisenberger	/wiki/Natalie_Geisenberger	['1988', '2025']
Marcel Goc	/wiki/Marcel_Goc	['1900', '1950']
Harold Goldsmith	/wiki/Harold_Goldsmith	['1930', '2004']
Mario Gómez	/wiki/Mario_G%C3%B3mez	['1985', '2025']
Steffi Graf	/wiki/Steffi_Graf	['1969', '2025']
Michael Greis	/wiki/Michael_Greis	['1976', '2025']
Michael Gross	/wiki/Michael_Gross_(swimmer)	['1964', '2025']
Ricco Groß	/wiki/Ricco_Gro%C3%9F	['1970', '2025']
Jan Gustafsson	/wiki/Jan_Gustafsson	['1979', '2025']
Ludwig Guttmann	/wiki/Ludwig_Guttmann	['1899', '1980']
Tommy Haas	/wiki/Tommy_Haas	['1978', '2025']
Georg Hackl	/wiki/Georg_Hackl	['1966', '2025']
Hans Halberstadt	/wiki/Hans_Halberstadt	['1885', '1966']
Dietmar Hamann	/wiki/Dietmar_Hamann	['1973', '2025']
Sven Hannawald	/wiki/Sven_Hannawald	['1974', '2025']
Armin Hary	/wiki/Armin_Hary	['1937', '2025']
Thomas Häßler	/wiki/Thomas_H%C3%A4%C3%9Fler	['1966', '2025']
Nico Hülkenberg	/wiki/Nico_H%C3%BClkenberg	['1987', '2025']
Nick Heidfeld	/wiki/Nick_Heidfeld	['1977', '2025']
Lilli Henoch	/wiki/Lilli_Henoch	['1899', '1942']
Jupp Heynckes	/wiki/Jupp_Heynckes	['1945', '2025']
Ottmar Hitzfeld	/wiki/Ottmar_Hitzfeld	['1949', '2025']
Leah Horowitz	/wiki/Leah_Horowitz_(runner)	['1933', '2025']
Mats Hummels	/wiki/Mats_Hummels	['1988', '2025']
Peter Hussing	/wiki/Peter_Hussing	['1948', '2025']
Robert Hübner	/wiki/Robert_H%C3%BCbner	['1948', '2025']
Reinhold Joest	/wiki/Reinhold_Joest	['1937', '2025']
Klaus Junge	/wiki/Klaus_Junge	['1924', '1945']
Oliver Kahn	/wiki/Oliver_Kahn	['1969', '2025']
Andy Kapp	/wiki/Andy_Kapp	['1967', '2025']
Udo Kiessling	/wiki/Udo_Kiessling	['1955', '2025']
Herbert Klein	/wiki/Herbert_Klein_(swimmer)	['1923', '2001']
Ralph Klein	/wiki/Ralph_Klein_(basketball)	['1931', '2008']
Jutta Kleinschmidt	/wiki/Jutta_Kleinschmidt	['1900', '1950']
Reiner Klimke	/wiki/Reiner_Klimke	['1936', '1999']
Jürgen Klinsmann	/wiki/J%C3%BCrgen_Klinsmann	['1964', '2025']
Jürgen Klopp	/wiki/J%C3%BCrgen_Klopp	['1967', '2025']
Miroslav Klose	/wiki/Miroslav_Klose	['1978', '2025']
Georg Koch	/wiki/Georg_Koch	['1972', '2025']
Marita Koch	/wiki/Marita_Koch	['1957', '2025']
Olaf Kölzig	/wiki/Olaf_K%C3%B6lzig	['1970', '2025']
Andreas Köpke	/wiki/Andreas_K%C3%B6pke	['1962', '2025']
Louis Krages	/wiki/Louis_Krages	['1949', '2001']
Ingrid Krämer	/wiki/Ingrid_Kr%C3%A4mer	['1943', '2025']
Toni Kroos	/wiki/Toni_Kroos	['1990', '2025']
Uwe Krupp	/wiki/Uwe_Krupp	['1965', '2025']
Erich Kühnhackl	/wiki/Erich_K%C3%BChnhackl	['1950', '2025']
Kevin Kuske	/wiki/Kevin_Kuske	['1979', '2025']
Philipp Lahm	/wiki/Philipp_Lahm	['1983', '2025']
André Lange	/wiki/Andr%C3%A9_Lange	['1900', '1950']
Hermann Lang	/wiki/Hermann_Lang	['1909', '1987']
Bernhard Langer	/wiki/Bernhard_Langer	['1957', '2025']
Henry Laskau	/wiki/Henry_Laskau	['1900', '1950']
Emanuel Lasker	/wiki/Emanuel_Lasker	['1868', '1941']
Jens Lehmann	/wiki/Jens_Lehmann	['1969', '2025']
Ellen Lohr	/wiki/Ellen_Lohr	['1900', '1950']
Joachim Löw	/wiki/Joachim_L%C3%B6w	['1960', '2025']
Klaus Ludwig	/wiki/Klaus_Ludwig	['1900', '1950']
Marion Lüttge	/wiki/Marion_L%C3%BCttge	['1941', '2025']
Felix Magath	/wiki/Felix_Magath	['1953', '2025']
Sepp Maier	/wiki/Sepp_Maier	['1944', '2025']
Henry Maske	/wiki/Henry_Maske	['1964', '2025']
Jochen Mass	/wiki/Jochen_Mass	['1900', '1950']
Lothar Matthäus	/wiki/Lothar_Matth%C3%A4us	['1961', '2025']
Roland Matthes	/wiki/Roland_Matthes	['1950', '2025']
Helene Mayer	/wiki/Helene_Mayer	['1910', '1953']
Georg Meier	/wiki/Georg_Meier	['1910', '1999']
Yona Melnik	/wiki/Yona_Melnik	['1949', '2025']
Markus Merk	/wiki/Markus_Merk	['1962', '2025']
Christoph Metzelder	/wiki/Christoph_Metzelder	['1980', '2025']
Ulrike Meyfarth	/wiki/Ulrike_Meyfarth	['1956', '2025']
Rosi Mittermaier	/wiki/Rosi_Mittermaier	['1950', '2025']
Andreas Möller	/wiki/Andreas_M%C3%B6ller	['1967', '2025']
Gerd Müller	/wiki/Gerd_M%C3%BCller	['1945', '2025']
Jörg Müller	/wiki/J%C3%B6rg_M%C3%BCller	['1969', '2025']
Petra Müller	/wiki/Petra_M%C3%BCller	['1965', '2025']
Thomas Müller	/wiki/Thomas_M%C3%BCller	['1989', '2025']
Patricia Neske	/wiki/Patricia_Neske	['1966', '2025']
Günter Netzer	/wiki/G%C3%BCnter_Netzer	['1944', '2025']
Manuel Neuer	/wiki/Manuel_Neuer	['1986', '2025']
Gunda Niemann-Stirnemann	/wiki/Gunda_Niemann-Stirnemann	['1966', '2025']
Aron Nimzowitsch	/wiki/Aron_Nimzowitsch	['1886', '1935']
Dirk Nowitzki	/wiki/Dirk_Nowitzki	['1978', '2025']
Kristin Otto	/wiki/Kristin_Otto	['1966', '2025']
Sylke Otto	/wiki/Sylke_Otto	['1969', '2025']
Mesut Özil	/wiki/Mesut_%C3%96zil	['1988', '2025']
Claudia Pechstein	/wiki/Claudia_Pechstein	['1972', '2025']
Uta Pippig	/wiki/Uta_Pippig	['1965', '2025']
Lukas Podolski	/wiki/Lukas_Podolski	['1985', '2025']
Sarah Poewe	/wiki/Sarah_Poewe	['1983', '2025']
Ellen Preis	/wiki/Ellen_Preis	['1912', '2007']
Daniel Prenn	/wiki/Daniel_Prenn	['1904', '1991']
Birgit Prinz	/wiki/Birgit_Prinz	['1977', '2025']
Lina Radke	/wiki/Lina_Radke	['1903', '1983']
Teodor Regedziński	/wiki/Teodor_Regedzi%C5%84ski	['1894', '1954']
Otto Rehhagel	/wiki/Otto_Rehhagel	['1938', '2025']
Annegret Richter	/wiki/Annegret_Richter	['1950', '2025']
Lars Riedel	/wiki/Lars_Riedel	['1967', '2025']
Maria Höfl-Riesch	/wiki/Maria_H%C3%B6fl-Riesch	['1984', '2025']
Jochen Rindt	/wiki/Jochen_Rindt	['1942', '1970']
Walter Röhrl	/wiki/Walter_R%C3%B6hrl	['1900', '1950']
Nico Rosberg	/wiki/Nico_Rosberg	['1985', '2025']
Bernd Rosemeyer	/wiki/Bernd_Rosemeyer	['1909', '1938']
Karl-Heinz Rummenigge	/wiki/Karl-Heinz_Rummenigge	['1955', '2025']
Matthias Sammer	/wiki/Matthias_Sammer	['1967', '2025']
Thomas Schaaf	/wiki/Thomas_Schaaf	['1961', '2025']
Max Schmeling	/wiki/Max_Schmeling	['1905', '2005']
Paul Felix Schmidt	/wiki/Paul_Felix_Schmidt	['1916', '1984']
Martin Schmitt	/wiki/Martin_Schmitt	['1978', '2025']
Bernd Schneider	/wiki/Bernd_Schneider_(footballer)	['1900', '1950']
Bernd Schneider	/wiki/Bernd_Schneider_(racing_driver)	['1900', '1950']
Mehmet Scholl	/wiki/Mehmet_Scholl	['1970', '2025']
Anja Schreiner	/wiki/Anja_Schreiner	['1900', '1950']
Detlef Schrempf	/wiki/Detlef_Schrempf	['1963', '2025']
Carl Schuhmann	/wiki/Carl_Schuhmann	['1869', '1946']
Harald Schumacher	/wiki/Harald_Schumacher	['1954', '2025']
Michael Schumacher	/wiki/Michael_Schumacher	['1969', '2025']
Ralf Schumacher	/wiki/Ralf_Schumacher	['1975', '2025']
Dennis Schröder	/wiki/Dennis_Schr%C3%B6der	['1900', '1950']
Ralf Schumann	/wiki/Ralf_Schumann	['1962', '2025']
Bernd Schuster	/wiki/Bernd_Schuster	['1959', '2025']
Rainer Schüttler	/wiki/Rainer_Sch%C3%BCttler	['1900', '1950']
Armin Schwarz	/wiki/Armin_Schwarz	['1963', '2025']
Bastian Schweinsteiger	/wiki/Bastian_Schweinsteiger	['1984', '2025']
Werner Seelenbinder	/wiki/Werner_Seelenbinder	['1904', '1944']
Uwe Seeler	/wiki/Uwe_Seeler	['1936', '2025']
Dennis Seidenberg	/wiki/Dennis_Seidenberg	['1981', '2025']
Katja Seizinger	/wiki/Katja_Seizinger	['1900', '1950']
Wolfgang Stark	/wiki/Wolfgang_Stark	['1969', '2025']
Renate Stecher	/wiki/Renate_Stecher	['1950', '2025']
Michael Stich	/wiki/Michael_Stich	['1968', '2025']
Rolf Stommelen	/wiki/Rolf_Stommelen	['1900', '1950']
Hans Stuck	/wiki/Hans_Stuck	['1900', '1950']
Hans-Joachim Stuck	/wiki/Hans-Joachim_Stuck	['1900', '1950']
Marco Sturm	/wiki/Marco_Sturm	['1978', '2025']
Siegbert Tarrasch	/wiki/Siegbert_Tarrasch	['1862', '1934']
Axel Teichmann	/wiki/Axel_Teichmann	['1979', '2025']
Richard Teichmann	/wiki/Richard_Teichmann	['1868', '1925']
Toni Turek	/wiki/Toni_Turek	['1919', '1984']
Jan Ullrich	/wiki/Jan_Ullrich	['1973', '2025']
Wolfgang Unzicker	/wiki/Wolfgang_Unzicker	['1925', '2006']
Nicole Uphoff	/wiki/Nicole_Uphoff	['1967', '2025']
Sebastian Vettel	/wiki/Sebastian_Vettel	['1900', '1950']
Berti Vogts	/wiki/Berti_Vogts	['1900', '1950']
Rudi Völler	/wiki/Rudi_V%C3%B6ller	['1960', '2025']
Sebastian Vollmer	/wiki/Sebastian_Vollmer	['1984', '2025']
Katrin Wagner-Augustin	/wiki/Katrin_Wagner-Augustin	['1977', '2025']
Ralf Waldmann	/wiki/Ralf_Waldmann	['1900', '1950']
Fritz Walter	/wiki/Fritz_Walter_(footballer,_1920)	['1920', '2002']
Fritz Walter	/wiki/Fritz_Walter_(footballer,_1960)	['1960', '2025']
Ulrich Wehling	/wiki/Ulrich_Wehling	['1952', '2025']
Jens Weißflog	/wiki/Jens_Wei%C3%9Fflog	['1964', '2025']
Tobias Wendl	/wiki/Tobias_Wendl	['1987', '2025']
Moritz Wagner	/wiki/Moritz_Wagner_(basketball)	['1900', '1950']
Isabell Werth	/wiki/Isabell_Werth	['1969', '2025']
Kati Wilhelm	/wiki/Kati_Wilhelm	['1976', '2025']
Joachim Winkelhock	/wiki/Joachim_Winkelhock	['1900', '1950']
Manfred Winkelhock	/wiki/Manfred_Winkelhock	['1951', '1985']
Hans Günter Winkler	/wiki/Hans_G%C3%BCnter_Winkler	['1926', '2025']
Katarina Witt	/wiki/Katarina_Witt	['1965', '2025']
Bärbel Wöckel	/wiki/B%C3%A4rbel_W%C3%B6ckel	['1955', '2025']
Sigrun Wodars	/wiki/Sigrun_Wodars	['1965', '2025']
Jenny Wolf	/wiki/Jenny_Wolf	['1979', '2025']
Erik Zabel	/wiki/Erik_Zabel	['1970', '2025']
Christian Ziege	/wiki/Christian_Ziege	['1972', '2025']
Johannes Zukertort	/wiki/Johannes_Zukertort	['1842', '1888']
Heinrich Abeken	/wiki/Heinrich_Abeken	['1809', '1872']
Johannes Agricola	/wiki/Johannes_Agricola	['1494', '1566']
Albertus Magnus	/wiki/Albertus_Magnus	['1900', '1950']
Eusebius Amort	/wiki/Eusebius_Amort	['1692', '1775']
Pope Benedict XVI	/wiki/Pope_Benedict_XVI	['1927', '2025']
Dietrich Bonhoeffer	/wiki/Dietrich_Bonhoeffer	['1906', '1945']
Johannes Bugenhagen	/wiki/Johannes_Bugenhagen	['1485', '1558']
Rudolf Bultmann	/wiki/Rudolf_Bultmann	['1884', '1976']
Pope Clement II	/wiki/Pope_Clement_II	['1005', '1047']
Pope Damasus II	/wiki/Pope_Damasus_II	['1900', '1950']
Alfred Delp	/wiki/Alfred_Delp	['1907', '1945']
Eugen Drewermann	/wiki/Eugen_Drewermann	['1940', '2025']
Johann Eck	/wiki/Johann_Eck	['1486', '1543']
Anne Catherine Emmerich	/wiki/Anne_Catherine_Emmerich	['1774', '1824']
Matthias Faber	/wiki/Matthias_Faber	['1586', '1653']
Pope Gregory V	/wiki/Pope_Gregory_V	['972', '999']
Adolf Harnack	/wiki/Adolf_Harnack	['1851', '1930']
Johann Gottfried Herder	/wiki/Johann_Gottfried_Herder	['1900', '1950']
Dietrich von Hildebrand	/wiki/Dietrich_von_Hildebrand	['1889', '1977']
Clemens August Graf von Galen	/wiki/Clemens_August_Graf_von_Galen	['1900', '1950']
Adolph Kolping	/wiki/Adolph_Kolping	['1813', '1865']
Hans Küng	/wiki/Hans_K%C3%BCng	['1928', '2025']
Karl Lehmann	/wiki/Karl_Lehmann	['1936', '2025']
Pope Leo IX	/wiki/Pope_Leo_IX	['1002', '1054']
Martin Luther	/wiki/Martin_Luther	['1483', '1546']
Philipp Melanchthon	/wiki/Philipp_Melanchthon	['1497', '1560']
Moses Mendelssohn	/wiki/Moses_Mendelssohn	['1729', '1786']
Jürgen Moltmann	/wiki/J%C3%BCrgen_Moltmann	['1926', '2025']
Bernhard Philberth	/wiki/Bernhard_Philberth	['1927', '2025']
Karl Rahner	/wiki/Karl_Rahner	['1904', '1989']
Friedrich Daniel Ernst Schleiermacher	/wiki/Friedrich_Daniel_Ernst_Schleiermacher	['1768', '1834']
Albert Schweitzer	/wiki/Albert_Schweitzer	['1875', '1965']
Dorothee Sölle	/wiki/Dorothee_S%C3%B6lle	['1929', '2003']
Edith Stein	/wiki/Edith_Stein	['1891', '1942']
Carsten Peter Thiede	/wiki/Carsten_Peter_Thiede	['1952', '2004']
Helmut Thielicke	/wiki/Helmut_Thielicke	['1908', '1986']
Paul Tillich	/wiki/Paul_Tillich	['1886', '1965']
Pope Victor II	/wiki/Pope_Victor_II	['1018', '1057']
Michael Baumgardt	/wiki/Michael_Baumgardt	['1966', '2025']
Michael Fassbender	/wiki/Michael_Fassbender	['1977', '2025']
Brooks Macek	/wiki/Brooks_Macek	['1992', '2025']
Daryl Boyle	/wiki/Daryl_Boyle	['1987', '2025']
Thomas Bach	/wiki/Thomas_Bach	['1953', '2025']
Mathew Dumba	/wiki/Mathew_Dumba	['1994', '2025']
Franz Borkenau	/wiki/Franz_Borkenau	['1900', '1957']
Gottfried Gabriel Bredow	/wiki/Gottfried_Gabriel_Bredow	['1773', '1814']
Moritz Brosch	/wiki/Moritz_Brosch	['1829', '1907']
Dieter Claessens	/wiki/Dieter_Claessens	['1921', '1997']
Thomas Druyen	/wiki/Thomas_Druyen	['1957', '2025']
Adolf Eugen Fick	/wiki/Adolf_Eugen_Fick	['1829', '1901']
Gudrun Ensslin	/wiki/Gudrun_Ensslin	['1940', '1977']
Siegfried Fischbacher	/wiki/Siegfried_Fischbacher	['1900', '1950']
Reinhard Furrer	/wiki/Reinhard_Furrer	['1940', '1995']
Andreas Gaill	/wiki/Andreas_Gaill	['1526', '1587']
Margarete Gütschow	/wiki/Margarete_G%C3%BCtschow	['1871', '1951']
Herschel Grynszpan	/wiki/Herschel_Grynszpan	['1921', '2025']
Kerstin Günther	/wiki/Kerstin_G%C3%BCnther	['1967', '2025']
Johann Gutenberg	/wiki/Johann_Gutenberg	['1900', '1950']
Roy Horn	/wiki/Roy_Horn	['1900', '1950']
Karen Horney	/wiki/Karen_Horney	['1900', '1950']
Heribert Illig	/wiki/Heribert_Illig	['1947', '2025']
Sigmund Jähn	/wiki/Sigmund_J%C3%A4hn	['1937', '2025']
Thomas à Kempis	/wiki/Thomas_%C3%A0_Kempis	['1380', '1471']
Erhart Kirfel	/wiki/Erhart_Kirfel	['1900', '1950']
René König	/wiki/Ren%C3%A9_K%C3%B6nig	['1906', '1992']
Siegfried Kracauer	/wiki/Siegfried_Kracauer	['1900', '1950']
Christian Frederick Martin	/wiki/Christian_Frederick_Martin	['1796', '1867']
Ulrike Meinhof	/wiki/Ulrike_Meinhof	['1934', '1976']
Ulf Merbold	/wiki/Ulf_Merbold	['1941', '2025']
Heinrich Meyerfreund	/wiki/Heinrich_Meyerfreund	['1900', '1950']
Carl von Ossietzky	/wiki/Carl_von_Ossietzky	['1889', '1938']
Ferdinand Porsche	/wiki/Ferdinand_Porsche	['1875', '1951']
Ferry Porsche	/wiki/Ferry_Porsche	['1909', '1998']
Ferdinand Alexander Porsche	/wiki/Ferdinand_Alexander_Porsche	['1935', '2012']
Ferdinand Oliver Porsche	/wiki/Ferdinand_Oliver_Porsche	['1961', '2025']
Ludwig Quidde	/wiki/Ludwig_Quidde	['1858', '1941']
Leopold von Ranke	/wiki/Leopold_von_Ranke	['1795', '1886']
Paul Reuter	/wiki/Paul_Reuter	['1816', '1899']
Mathias Rust	/wiki/Mathias_Rust	['1968', '2025']
Helmut Schelsky	/wiki/Helmut_Schelsky	['1912', '1984']
Oskar Schindler	/wiki/Oskar_Schindler	['1908', '1974']
Hannelore Schmatz	/wiki/Hannelore_Schmatz	['1900', '1950']
Sophie Scholl	/wiki/Sophie_Scholl	['1921', '1943']
Heffa Schücking	/wiki/Heffa_Sch%C3%BCcking	['1900', '1950']
Albert Schweitzer	/wiki/Albert_Schweitzer	['1875', '1965']
Henry Shultz	/wiki/Henry_Shultz	['1776', '1851']
Claus von Stauffenberg	/wiki/Claus_von_Stauffenberg	['1907', '1944']
Edith Stein	/wiki/Edith_Stein	['1891', '1942']
Johann Tetzel	/wiki/Johann_Tetzel	['1465', '1519']
Hans-Hasso von Veltheim	/wiki/Hans-Hasso_von_Veltheim	['1885', '1956']
Ulrich Walter	/wiki/Ulrich_Walter	['1954', '2025']
Alfred Weber	/wiki/Alfred_Weber	['1900', '1950']
Max Weber	/wiki/Max_Weber	['1900', '1950']
Diedrich Hermann Westermann	/wiki/Diedrich_Hermann_Westermann	['1875', '1956']
William the Silent	/wiki/William_the_Silent	['1533', '1584']
Frederick Trump	/wiki/Frederick_Trump	['1869', '1918']
Johann Joachim Winckelmann	/wiki/Johann_Joachim_Winckelmann	['1717', '1768']
Karl Witte	/wiki/Karl_Witte	['1800', '1883']
Carl Zeiss	/wiki/Carl_Zeiss	['1816', '1888']
Friedrich Heinrich Zinckgraf	/wiki/Friedrich_Heinrich_Zinckgraf	['1878', '1954']
