text	link	year
Jorge Enrique Abello	/wiki/Jorge_Enrique_Abello	['1968', '2025']
Carolina Acevedo	/wiki/Carolina_Acevedo	['1979', '2025']
Julián Arango	/wiki/Juli%C3%A1n_Arango	['1968', '2025']
Yancey Arias	/wiki/Yancey_Arias	['1971', '2025']
Víctor Hugo Cabrera	/wiki/V%C3%ADctor_Hugo_Cabrera	['1968', '2025']
Manolo Cardona	/wiki/Manolo_Cardona	['1977', '2025']
Margalida Castro	/wiki/Margalida_Castro	['1943', '2025']
Angie Cepeda	/wiki/Angie_Cepeda	['1974', '2025']
Catalina Denis	/wiki/Catalina_Denis	['1985', '2025']
Robinson Díaz	/wiki/Robinson_D%C3%ADaz	['1978', '2025']
Nikki Delano	/wiki/Nikki_Delano	['1986', '2025']
María Elena Döehring	/wiki/Mar%C3%ADa_Elena_D%C3%B6ehring	['1962', '2025']
Juan Pablo Espinosa	/wiki/Juan_Pablo_Espinosa	['1980', '2025']
Margarita Rosa de Francisco	/wiki/Margarita_Rosa_de_Francisco	['1965', '2025']
Isabella Gomez	/wiki/Isabella_Gomez	['1998', '2025']
Juan Pablo Gamboa	/wiki/Juan_Pablo_Gamboa	['1966', '2025']
Paula Garcés	/wiki/Paula_Garc%C3%A9s	['1974', '2025']
Aura Cristina Geithner	/wiki/Aura_Cristina_Geithner	['1967', '2025']
Carla Giraldo	/wiki/Carla_Giraldo	['1986', '2025']
Amparo Grisales	/wiki/Amparo_Grisales	['1956', '2025']
Teresa Gutiérrez	/wiki/Teresa_Guti%C3%A9rrez	['1928', '2010']
Zulay Henao	/wiki/Zulay_Henao	['1979', '2025']
Vicky Hernández	/wiki/Vicky_Hern%C3%A1ndez	['1945', '2025']
Ana María Kamper	/wiki/Ana_Mar%C3%ADa_Kamper	['1964', '2025']
John Leguizamo	/wiki/John_Leguizamo	['1964', '2025']
Luis Mesa	/wiki/Luis_Mesa	['1968', '2025']
Ana María Orozco	/wiki/Ana_Mar%C3%ADa_Orozco	['1973', '2025']
Juan Pablo Raba	/wiki/Juan_Pablo_Raba	['1977', '2025']
Catalina Sandino Moreno	/wiki/Catalina_Sandino_Moreno	['1981', '2025']
Isabella Santo Domingo	/wiki/Isabella_Santo_Domingo	['1967', '2025']
Juan Pablo Shuk	/wiki/Juan_Pablo_Shuk	['1965', '2025']
Paola Turbay	/wiki/Paola_Turbay	['1970', '2025']
Miguel Varoni	/wiki/Miguel_Varoni	['1964', '2025']
Sofía Vergara	/wiki/Sof%C3%ADa_Vergara	['1972', '2025']
María Fernanda Yépez	/wiki/Mar%C3%ADa_Fernanda_Y%C3%A9pez	['1980', '2025']
Daniel Bermúdez Samper	/wiki/Daniel_Berm%C3%BAdez_Samper	['1950', '2025']
Rafael Esguerra	/wiki/Rafael_Esguerra	['1923', '2025']
Raúl Fajardo Moreno	/wiki/Ra%C3%BAl_Fajardo_Moreno	['1929', '2012']
Giancarlo Mazzanti	/wiki/Giancarlo_Mazzanti	['1963', '2025']
Rogelio Salmona	/wiki/Rogelio_Salmona	['1929', '2007']
Simón Vélez	/wiki/Sim%C3%B3n_V%C3%A9lez	['1949', '2025']
Ricardo Acevedo Bernal	/wiki/Ricardo_Acevedo_Bernal	['1867', '1930']
Rodrigo Arenas Betancur	/wiki/Rodrigo_Arenas_Betancur	['1919', '1995']
Fernando Botero Angulo	/wiki/Fernando_Botero_Angulo	['1932', '2025']
Miguel Gómez	/wiki/Miguel_G%C3%B3mez_(photographer)	['1974', '2025']
Pedro Nel Gómez Agudelo	/wiki/Pedro_Nel_G%C3%B3mez_Agudelo	['1889', '1989']
Enrique Grau Araújo	/wiki/Enrique_Grau_Ara%C3%BAjo	['1920', '2004']
Santiago Martínez Delgado	/wiki/Santiago_Mart%C3%ADnez_Delgado	['1906', '1954']
Leo Matiz	/wiki/Leo_Matiz	['1917', '1998']
Édgar Negret Dueñas	/wiki/%C3%89dgar_Negret_Due%C3%B1as	['1920', '2012']
Alejandro Obregón Roses	/wiki/Alejandro_Obreg%C3%B3n_Roses	['1920', '1992']
Andrés de Santa María Hurtado	/wiki/Andr%C3%A9s_de_Santa_Mar%C3%ADa_Hurtado	['1860', '1945']
Silvia Tcherassi Solano	/wiki/Silvia_Tcherassi_Solano	['1965', '2025']
Jorge Barón	/wiki/Jorge_Bar%C3%B3n	['1948', '2025']
Félix de Bedout	/wiki/F%C3%A9lix_de_Bedout	['1964', '2025']
Ilia Calderón	/wiki/Ilia_Calder%C3%B3n	['1972', '2025']
Silvia Corzo	/wiki/Silvia_Corzo	['1973', '2025']
Natalia Cruz	/wiki/Natalia_Cruz	['1976', '2025']
Abel González Chávez	/wiki/Abel_Gonz%C3%A1lez_Ch%C3%A1vez	['1943', '2025']
Juan Gossaín	/wiki/Juan_Gossa%C3%ADn	['1949', '2025']
Fernando González Pacheco	/wiki/Fernando_Gonz%C3%A1lez_Pacheco	['1932', '2014']
Alfonso Lizarazo	/wiki/Alfonso_Lizarazo	['1940', '2025']
María Lucía Fernández	/wiki/Mar%C3%ADa_Luc%C3%ADa_Fern%C3%A1ndez	['1968', '2025']
Patricia Janiot	/wiki/Patricia_Janiot	['1963', '2025']
Hernán Orjuela	/wiki/Hern%C3%A1n_Orjuela	['1957', '2025']
Claudia Palacios	/wiki/Claudia_Palacios	['1977', '2025']
Julio Sánchez Cristo	/wiki/Julio_S%C3%A1nchez_Cristo	['1958', '2025']
Manuel Teodoro	/wiki/Manuel_Teodoro	['1963', '2025']
Gloria Valencia	/wiki/Gloria_Valencia	['1927', '2011']
Jota Mario Valencia	/wiki/Jota_Mario_Valencia	['1956', '2025']
Inés María Zabaraín	/wiki/In%C3%A9s_Mar%C3%ADa_Zabara%C3%ADn	['1969', '2025']
Carlos Ardila Lülle	/wiki/Carlos_Ardila_L%C3%BClle	['1930', '2025']
Fuad Ricardo Char Abdala	/wiki/Fuad_Ricardo_Char_Abdala	['1937', '2025']
Gustavo Adolfo Carvajal Sinisterra	/wiki/Gustavo_Adolfo_Carvajal_Sinisterra	['1961', '2025']
Carlos Cardona	/wiki/Carlos_Cardona	['1974', '2025']
Luis Fernando Correa Bahamon	/wiki/Luis_Fernando_Correa_Bahamon	['1955', '2025']
Carlos Cure	/wiki/Carlos_Cure	['1944', '2025']
Alfonso Davila Ortiz	/wiki/Alfonso_Davila_Ortiz	['1922', '2015']
James Martin Eder	/wiki/James_Martin_Eder	['1838', '1921']
German Efromovich	/wiki/German_Efromovich	['1950', '2025']
Gustavo Gaviria Angel	/wiki/Gustavo_Gaviria_Angel	['1948', '2025']
Jaime Gilinski Bacal	/wiki/Jaime_Gilinski_Bacal	['1957', '2025']
Isaac Gilinski Sragowicz	/wiki/Isaac_Gilinski_Sragowicz	['1934', '2025']
Luis Fernando Jaramillo Correa	/wiki/Luis_Fernando_Jaramillo_Correa	['1935', '2011']
Mario Laserna Pinzon	/wiki/Mario_Laserna_Pinzon	['1923', '2013']
Paulo Laserna	/wiki/Paulo_Laserna	['1953', '2025']
Isaac Lee Possin	/wiki/Isaac_Lee_Possin	['1971', '2025']
Astrid Medina	/wiki/Astrid_Medina	['1977', '2025']
Luis Alberto Moreno	/wiki/Luis_Alberto_Moreno	['1953', '2025']
Guillermo París Sanz de Santamaría	/wiki/Guillermo_Par%C3%ADs_Sanz_de_Santamar%C3%ADa	['1820', '1867']
Aurelio París Sanz de Santamaría	/wiki/Aurelio_Par%C3%ADs_Sanz_de_Santamar%C3%ADa	['1829', '1899']
Julio Mario Santo Domingo Braga	/wiki/Julio_Mario_Santo_Domingo_Braga	['1958', '2009']
Alejandro Santo Domingo Dávila	/wiki/Alejandro_Santo_Domingo_D%C3%A1vila	['1977', '2025']
Julio Mario Santo Domingo Pumarejo	/wiki/Julio_Mario_Santo_Domingo_Pumarejo	['1923', '2011']
Luis Carlos Sarmiento Angulo	/wiki/Luis_Carlos_Sarmiento_Angulo	['1933', '2025']
Alexander Torrenegra	/wiki/Alexander_Torrenegra	['1978', '2025']
Carlos Ignacio Urrea Arbelaez	/wiki/Carlos_Ignacio_Urrea_Arbelaez	['1966', '2025']
Joaquín Vallejo Arbeláez	/wiki/Joaqu%C3%ADn_Vallejo_Arbel%C3%A1ez	['1912', '2005']
Eduardo Verano de la Rosa	/wiki/Eduardo_Verano_de_la_Rosa	['1950', '2025']
John Henry González Duque	/wiki/John_Henry_Gonz%C3%A1lez_Duque	['1966', '2025']
Griselda Blanco Restrepo	/wiki/Griselda_Blanco_Restrepo	['1943', '2012']
Daniel Camargo Barbosa	/wiki/Daniel_Camargo_Barbosa	['1936', '1994']
Campo Elías Delgado Morales	/wiki/Campo_El%C3%ADas_Delgado_Morales	['1934', '1986']
Pablo Escobar Gaviria	/wiki/Pablo_Escobar_Gaviria	['1949', '1993']
Luis Alfredo Garavito Cubillos	/wiki/Luis_Alfredo_Garavito_Cubillos	['1957', '2025']
Diego León Montoya Sánchez	/wiki/Diego_Le%C3%B3n_Montoya_S%C3%A1nchez	['1958', '2025']
Gilberto Rodríguez Orejuela	/wiki/Gilberto_Rodr%C3%ADguez_Orejuela	['1939', '2025']
Miguel Rodríguez Orejuela	/wiki/Miguel_Rodr%C3%ADguez_Orejuela	['1943', '2025']
Salvador Camacho Roldán	/wiki/Salvador_Camacho_Rold%C3%A1n	['1827', '1900']
Mauricio Cárdenas Santa María	/wiki/Mauricio_C%C3%A1rdenas_Santa_Mar%C3%ADa	['1962', '2025']
Lauchlin Bernard Currie	/wiki/Lauchlin_Bernard_Currie	['1902', '1993']
Alejandro Gaviria Uribe	/wiki/Alejandro_Gaviria_Uribe	['1966', '2025']
Rudolf Hommes Rodríguez	/wiki/Rudolf_Hommes_Rodr%C3%ADguez	['1943', '2025']
Adriana Kugler	/wiki/Adriana_Kugler	['1969', '2025']
Maurice Kugler	/wiki/Maurice_Kugler	['1967', '2025']
José Antonio Ocampo Gaviria	/wiki/Jos%C3%A9_Antonio_Ocampo_Gaviria	['1952', '2025']
Miguel Urrutia Montoya	/wiki/Miguel_Urrutia_Montoya	['1939', '2025']
Ciro Guerra	/wiki/Ciro_Guerra	['1981', '2025']
Simon Brand	/wiki/Simon_Brand	['1970', '2025']
Rodrigo García	/wiki/Rodrigo_Garc%C3%ADa_(director)	['1959', '2025']
Víctor Gaviria	/wiki/V%C3%ADctor_Gaviria	['1955', '2025']
Fernando Vallejo Rendón	/wiki/Fernando_Vallejo_Rend%C3%B3n	['1942', '2025']
Manuel Marulanda	/wiki/Manuel_Marulanda	['1930', '2008']
Vera Grabe Loewenherz	/wiki/Vera_Grabe_Loewenherz	['1951', '2025']
Camilo Torres Restrepo	/wiki/Camilo_Torres_Restrepo	['1929', '1966']
Salvatore Mancuso	/wiki/Salvatore_Mancuso	['1969', '2025']
Gustavo Petro	/wiki/Gustavo_Petro	['1900', '1950']
Tomás Joaquín de Acosta y Pérez de Guzmán	/wiki/Tom%C3%A1s_Joaqu%C3%ADn_de_Acosta_y_P%C3%A9rez_de_Guzm%C3%A1n	['1800', '1852']
Germán Arciniegas Angueyra	/wiki/Germ%C3%A1n_Arciniegas_Angueyra	['1900', '1999']
Eduardo Lemaitre Román	/wiki/Eduardo_Lemaitre_Rom%C3%A1n	['1914', '1994']
Manuel Uribe Ángel	/wiki/Manuel_Uribe_%C3%81ngel	['1822', '1904']
Andrés López Forero	/wiki/Andr%C3%A9s_L%C3%B3pez_Forero	['1971', '2025']
Pedro González	/wiki/Pedro_Gonz%C3%A1lez_(humorist)	['1965', '2025']
Jaime Garzón	/wiki/Jaime_Garz%C3%B3n	['1960', '1999']
Yamid Amat	/wiki/Yamid_Amat	['1941', '2025']
Paulo Laserna Phillips	/wiki/Paulo_Laserna_Phillips	['1953', '2025']
Fidel Cano Gutiérrez	/wiki/Fidel_Cano_Guti%C3%A9rrez	['1854', '1919']
Luis Villar Borda	/wiki/Luis_Villar_Borda	['1929', '2008']
Custodio García Rovira	/wiki/Custodio_Garc%C3%ADa_Rovira	['1780', '1816']
José Hilario López Valdés	/wiki/Jos%C3%A9_Hilario_L%C3%B3pez_Vald%C3%A9s	['1798', '1869']
José María Melo y Ortiz	/wiki/Jos%C3%A9_Mar%C3%ADa_Melo_y_Ortiz	['1800', '1860']
Mario Montoya Uribe	/wiki/Mario_Montoya_Uribe	['1949', '2025']
Tomás Cipriano de Mosquera y Arboleda	/wiki/Tom%C3%A1s_Cipriano_de_Mosquera_y_Arboleda	['1798', '1878']
Antonio Nariño y Álvarez	/wiki/Antonio_Nari%C3%B1o_y_%C3%81lvarez	['1765', '1824']
Freddy Padilla de León	/wiki/Freddy_Padilla_de_Le%C3%B3n	['1948', '2025']
Gabriel París Gordillo	/wiki/Gabriel_Par%C3%ADs_Gordillo	['1910', '2008']
Gustavo Rojas Pinilla	/wiki/Gustavo_Rojas_Pinilla	['1900', '1975']
Francisco de Paula Santander y Omaña	/wiki/Francisco_de_Paula_Santander_y_Oma%C3%B1a	['1792', '1840']
Fernando Tapias Stahelin	/wiki/Fernando_Tapias_Stahelin	['1943', '2025']
Rafael Uribe Uribe	/wiki/Rafael_Uribe_Uribe	['1859', '1914']
Manuela Arbelaez	/wiki/Manuela_Arbelaez	['1988', '2025']
Ariadna Gutiérrez	/wiki/Ariadna_Guti%C3%A9rrez	['1993', '2025']
Laura González	/wiki/Laura_Gonz%C3%A1lez_(Miss_Colombia)	['1995', '2025']
Luz Marina Zuluaga	/wiki/Luz_Marina_Zuluaga	['1938', '2015']
Paulina Vega	/wiki/Paulina_Vega	['1993', '2025']
María Cristina Díaz-Granados Dangond	/wiki/Mar%C3%ADa_Cristina_D%C3%ADaz-Granados_Dangond	['1986', '2025']
Paulina Gálvez	/wiki/Paulina_G%C3%A1lvez_(Miss_International)	['1980', '2025']
Stella Márquez	/wiki/Stella_M%C3%A1rquez	['1937', '2025']
Lina Marulanda	/wiki/Lina_Marulanda	['1980', '2010']
Jeymmy Vargas	/wiki/Jeymmy_Vargas	['1983', '2025']
Andrea Tovar	/wiki/Andrea_Tovar	['1993', '2025']
Gabriela Tafur	/wiki/Gabriela_Tafur	['1995', '2025']
Valeria Morales	/wiki/Valeria_Morales	['1998', '2025']
Rafael Orozco Maestre	/wiki/Rafael_Orozco_Maestre	['1956', '1993']
Joe Arroyo	/wiki/Joe_Arroyo	['1955', '2011']
Cabas	/wiki/Cabas	['1976', '2025']
Jorge Celedón	/wiki/Jorge_Celed%C3%B3n	['1968', '2025']
Andrés Cepeda	/wiki/Andr%C3%A9s_Cepeda	['1973', '2025']
Diomedes Díaz	/wiki/Diomedes_D%C3%ADaz	['1957', '2013']
Andrea Echeverri	/wiki/Andrea_Echeverri	['1965', '2025']
Rafael Escalona	/wiki/Rafael_Escalona	['1926', '2009']
Fanny Lú	/wiki/Fanny_L%C3%BA	['1973', '2025']
Fonseca	/wiki/Fonseca_(singer)	['1979', '2025']
Pacho Galán	/wiki/Pacho_Gal%C3%A1n	['1906', '1988']
Juanes	/wiki/Juanes	['1972', '2025']
Carolina la O	/wiki/Carolina_la_O	['1979', '2025']
Jorge Oñate	/wiki/Jorge_O%C3%B1ate	['1950', '2025']
Shakira	/wiki/Shakira	['1977', '2025']
Soraya	/wiki/Soraya_(musician)	['1969', '2006']
Totó la Momposina	/wiki/Tot%C3%B3_la_Momposina	['1948', '2025']
Kali Uchis	/wiki/Kali_Uchis	['1993', '2025']
Carlos Vives	/wiki/Carlos_Vives	['1961', '2025']
Charlie Zaa	/wiki/Charlie_Zaa	['1974', '2025']
J Balvin	/wiki/J_Balvin	['1985', '2025']
Maluma	/wiki/Maluma_(singer)	['1994', '2025']
Sebastian Yatra	/wiki/Sebastian_Yatra	['1900', '1950']
Karol G	/wiki/Karol_G	['1991', '2025']
Ingrid Betancourt Pulecio	/wiki/Ingrid_Betancourt_Pulecio	['1961', '2025']
Piedad Córdoba Ruiz	/wiki/Piedad_C%C3%B3rdoba_Ruiz	['1955', '2025']
Iván Duque Márquez	/wiki/Iv%C3%A1n_Duque_M%C3%A1rquez	['1976', '2025']
Jorge Eliécer Gaitán Ayala	/wiki/Jorge_Eli%C3%A9cer_Gait%C3%A1n_Ayala	['1903', '1948']
Luis Carlos Galán Sarmiento	/wiki/Luis_Carlos_Gal%C3%A1n_Sarmiento	['1943', '1989']
César Gaviria Trujillo	/wiki/C%C3%A9sar_Gaviria_Trujillo	['1947', '2025']
Antanas Mockus Šivickas	/wiki/Antanas_Mockus_%C5%A0ivickas	['1952', '2025']
Mario Laserna Pinzon	/wiki/Mario_Laserna_Pinzon	['1923', '2013']
Rafael Núñez Moledo	/wiki/Rafael_N%C3%BA%C3%B1ez_Moledo	['1825', '1894']
Mariano Ospina Rodríguez	/wiki/Mariano_Ospina_Rodr%C3%ADguez	['1851', '1885']
Ernesto Samper Pizano	/wiki/Ernesto_Samper_Pizano	['1950', '2025']
Juan Manuel Santos Calderón	/wiki/Juan_Manuel_Santos_Calder%C3%B3n	['1951', '2025']
Horacio Serpa Uribe	/wiki/Horacio_Serpa_Uribe	['1943', '2025']
Camilo Torres Tenorio	/wiki/Camilo_Torres_Tenorio	['1766', '1816']
Álvaro Uribe Vélez	/wiki/%C3%81lvaro_Uribe_V%C3%A9lez	['1952', '2025']
Jorge Alfaro	/wiki/Jorge_Alfaro	['1900', '1950']
Yhonathan Barrios	/wiki/Yhonathan_Barrios	['1900', '1950']
Lou Castro	/wiki/Lou_Castro	['1900', '1950']
Orlando Cabrera	/wiki/Orlando_Cabrera	['1900', '1950']
Jolbert Cabrera	/wiki/Jolbert_Cabrera	['1900', '1950']
Dayán Díaz	/wiki/Day%C3%A1n_D%C3%ADaz	['1900', '1950']
Jackie Gutiérrez	/wiki/Jackie_Guti%C3%A9rrez	['1900', '1950']
Tayron Guerrero	/wiki/Tayron_Guerrero	['1900', '1950']
Dilson Herrera	/wiki/Dilson_Herrera	['1900', '1950']
José Quintana	/wiki/Jos%C3%A9_Quintana	['1900', '1950']
Donovan Solano	/wiki/Donovan_Solano	['1987', '2025']
Julio Teherán	/wiki/Julio_Teher%C3%A1n	['1900', '1950']
Braian Angola	/wiki/Braian_Angola	['1900', '1950']
Yuri Alvear Orejuela	/wiki/Yuri_Alvear_Orejuela	['1986', '2025']
Egan Bernal	/wiki/Egan_Bernal	['1997', '2025']
Daniel Bluman	/wiki/Daniel_Bluman	['1990', '2025']
Orlando Duque	/wiki/Orlando_Duque	['1974', '2025']
Víctor Aristizábal Posada	/wiki/V%C3%ADctor_Aristiz%C3%A1bal_Posada	['1971', '2025']
Faustino Asprilla Hinestroza	/wiki/Faustino_Asprilla_Hinestroza	['1969', '2025']
Helmut Bellingrodt Wolff	/wiki/Helmut_Bellingrodt_Wolff	['1949', '2025']
Antonio Cervantes Reyes	/wiki/Antonio_Cervantes_Reyes	['1945', '2025']
Alejandro Falla Ramírez	/wiki/Alejandro_Falla_Ram%C3%ADrez	['1983', '2025']
Radamel Falcao	/wiki/Radamel_Falcao	['1986', '2025']
David González	/wiki/David_Gonz%C3%A1lez_(skateboarder)	['1990', '2025']
Boris de Greiff Bernal	/wiki/Boris_de_Greiff_Bernal	['1930', '2011']
Luis Herrera	/wiki/Luis_Herrera_(cyclist)	['1961', '2025']
René Higuita Zapata	/wiki/Ren%C3%A9_Higuita_Zapata	['1966', '2025']
Caterine Ibargüen Mena	/wiki/Caterine_Ibarg%C3%BCen_Mena	['1984', '2025']
Iván Molina	/wiki/Iv%C3%A1n_Molina	['1946', '2025']
Juan Pablo Montoya Roldán	/wiki/Juan_Pablo_Montoya_Rold%C3%A1n	['1975', '2025']
Óscar Muñoz Oviedo	/wiki/%C3%93scar_Mu%C3%B1oz_Oviedo	['1993', '2025']
Mariana Pajón Londoño	/wiki/Mariana_Paj%C3%B3n_Londo%C3%B1o	['1991', '2025']
Faryd Mondragón	/wiki/Faryd_Mondrag%C3%B3n	['1900', '1950']
Nairo Quintana Rojas	/wiki/Nairo_Quintana_Rojas	['1990', '2025']
Jonathan Romero Preciado	/wiki/Jonathan_Romero_Preciado	['1986', '2025']
Jackeline Rentería Castillo	/wiki/Jackeline_Renter%C3%ADa_Castillo	['1986', '2025']
Edgar Rentería Herazo	/wiki/Edgar_Renter%C3%ADa_Herazo	['1975', '2025']
Ximena Restrepo Gaviria	/wiki/Ximena_Restrepo_Gaviria	['1969', '2025']
Diego Salazar Quintero	/wiki/Diego_Salazar_Quintero	['1980', '2025']
Rigoberto Urán Urán	/wiki/Rigoberto_Ur%C3%A1n_Ur%C3%A1n	['1987', '2025']
María José Uribe Durán	/wiki/Mar%C3%ADa_Jos%C3%A9_Uribe_Dur%C3%A1n	['1990', '2025']
María Isabel Urrutia Ocoró	/wiki/Mar%C3%ADa_Isabel_Urrutia_Ocor%C3%B3	['1965', '2025']
Carlos Valderrama Palacio	/wiki/Carlos_Valderrama_Palacio	['1961', '2025']
James Rodríguez	/wiki/James_Rodr%C3%ADguez	['1991', '2025']
Camilo Villegas Restrepo	/wiki/Camilo_Villegas_Restrepo	['1982', '2025']
Alonso Zapata Ramírez	/wiki/Alonso_Zapata_Ram%C3%ADrez	['1958', '2025']
Francisco Henríquez de Zubiría	/wiki/Francisco_Henr%C3%ADquez_de_Zubir%C3%ADa	['1869', '2025']
Juan Álvarez	/wiki/Juan_%C3%81lvarez_(writer)	['1978', '2025']
Porfirio Barba-Jacob	/wiki/Porfirio_Barba-Jacob	['1883', '1942']
Rufino José Cuervo Urisarri	/wiki/Rufino_Jos%C3%A9_Cuervo_Urisarri	['1844', '1911']
Germán Espinosa Villareal	/wiki/Germ%C3%A1n_Espinosa_Villareal	['1938', '2007']
Gabriel García Márquez	/wiki/Gabriel_Garc%C3%ADa_M%C3%A1rquez	['1927', '2014']
León de Greiff Haeusler	/wiki/Le%C3%B3n_de_Greiff_Haeusler	['1895', '1976']
Jorge Isaacs Ferrer	/wiki/Jorge_Isaacs_Ferrer	['1837', '1895']
Álvaro Mutis Jaramillo	/wiki/%C3%81lvaro_Mutis_Jaramillo	['1923', '2025']
Mario Laserna Pinzón	/wiki/Mario_Laserna_Pinz%C3%B3n	['1923', '2013']
Rafael Pombo y Rebolledo	/wiki/Rafael_Pombo_y_Rebolledo	['1833', '1912']
José Eustasio Rivera Salas	/wiki/Jos%C3%A9_Eustasio_Rivera_Salas	['1888', '1928']
José Asunción Silva Gómez	/wiki/Jos%C3%A9_Asunci%C3%B3n_Silva_G%C3%B3mez	['1865', '1896']
Pelayo Correa	/wiki/Pelayo_Correa	['1927', '2025']
Raúl Cuero	/wiki/Ra%C3%BAl_Cuero	['1948', '2025']
Arturo Escobar	/wiki/Arturo_Escobar_(anthropologist)	['1952', '2025']
Julio Garavito Armero	/wiki/Julio_Garavito_Armero	['1865', '1920']
Salomon Hakim	/wiki/Salomon_Hakim	['1922', '2011']
Rodolfo Llinás	/wiki/Rodolfo_Llin%C3%A1s	['1934', '2025']
Adriana Ocampo	/wiki/Adriana_Ocampo	['1955', '2025']
Guillermo Owen	/wiki/Guillermo_Owen	['1938', '2025']
Manuel Elkin Patarroyo	/wiki/Manuel_Elkin_Patarroyo	['1946', '2025']
Eduardo Posada Flórez	/wiki/Eduardo_Posada_Fl%C3%B3rez	['1942', '2025']
José Manuel Restrepo Vélez	/wiki/Jos%C3%A9_Manuel_Restrepo_V%C3%A9lez	['1781', '1863']
Ana Maria Rey	/wiki/Ana_Maria_Rey	['1977', '2025']
Jorge Reynolds Pombo	/wiki/Jorge_Reynolds_Pombo	['1936', '2025']
José Jerónimo Triana Silva	/wiki/Jos%C3%A9_Jer%C3%B3nimo_Triana_Silva	['1826', '1890']
Maria Cardona	/wiki/Maria_Cardona	['1966', '2025']
Edward Niño Hernández	/wiki/Edward_Ni%C3%B1o_Hern%C3%A1ndez	['1986', '2025']
Ana María Hernández Salgar	/wiki/Ana_Mar%C3%ADa_Hern%C3%A1ndez_Salgar	['1972', '2025']
