text	link	year
George Ashlin	/wiki/George_Ashlin	['1900', '1950']
Angela Brady	/wiki/Angela_Brady	['1900', '1950']
George Drumgoole Coleman	/wiki/George_Drumgoole_Coleman	['1900', '1950']
Sir Thomas Drew	/wiki/Sir_Thomas_Drew	['1900', '1950']
Yvonne Farrell	/wiki/Yvonne_Farrell	['1900', '1950']
Eileen Gray	/wiki/Eileen_Gray	['1900', '1950']
James Hoban	/wiki/James_Hoban	['1900', '1950']
Francis Johnston	/wiki/Francis_Johnston_(architect)	['1900', '1950']
Sheila O'Donnell	/wiki/Sheila_O%27Donnell	['1900', '1950']
Thomas Parke	/wiki/Thomas_Parke	['1900', '1950']
Edward Lovett Pearce	/wiki/Edward_Lovett_Pearce	['1900', '1950']
Kevin Roche	/wiki/Kevin_Roche	['1900', '1950']
Michael Scott	/wiki/Michael_Scott_(architect)	['1900', '1950']
Sara Allgood	/wiki/Sara_Allgood	['1900', '1950']
Jonas Armstrong	/wiki/Jonas_Armstrong	['1900', '1950']
Spranger Barry	/wiki/Spranger_Barry	['1900', '1950']
Patrick Bergin	/wiki/Patrick_Bergin	['1900', '1950']
Sarah Bolger	/wiki/Sarah_Bolger	['1900', '1950']
Stephen Boyd	/wiki/Stephen_Boyd	['1900', '1950']
Kenneth Branagh	/wiki/Kenneth_Branagh	['1900', '1950']
Brid Brennan	/wiki/Brid_Brennan	['1900', '1950']
George Brent	/wiki/George_Brent	['1900', '1950']
Harry Brogan	/wiki/Harry_Brogan	['1900', '1950']
Shane Brolly	/wiki/Shane_Brolly	['1900', '1950']
Pierce Brosnan	/wiki/Pierce_Brosnan	['1900', '1950']
Gabriel Byrne	/wiki/Gabriel_Byrne	['1900', '1950']
Todd Carty	/wiki/Todd_Carty	['1900', '1950']
Elaine Cassidy	/wiki/Elaine_Cassidy	['1900', '1950']
Tony Clarkin	/wiki/Tony_Clarkin_(actor)	['1900', '1950']
Michael Colgan	/wiki/Michael_Colgan_(actor)	['1900', '1950']
Kerry Condon	/wiki/Kerry_Condon	['1900', '1950']
D'Arcy Corrigan	/wiki/D%27Arcy_Corrigan	['1900', '1950']
Catherine Cusack	/wiki/Catherine_Cusack	['1900', '1950']
Cyril Cusack	/wiki/Cyril_Cusack	['1900', '1950']
Niamh Cusack	/wiki/Niamh_Cusack	['1900', '1950']
Sinéad Cusack	/wiki/Sin%C3%A9ad_Cusack	['1900', '1950']
Sorcha Cusack	/wiki/Sorcha_Cusack	['1900', '1950']
Daniel Day-Lewis	/wiki/Daniel_Day-Lewis	['1900', '1950']
Thomas Doggett	/wiki/Thomas_Doggett	['1900', '1950']
Alison Doody	/wiki/Alison_Doody	['1900', '1950']
Richard Dormer	/wiki/Richard_Dormer	['1900', '1950']
Jamie Dornan	/wiki/Jamie_Dornan	['1900', '1950']
Roma Downey	/wiki/Roma_Downey	['1900', '1950']
Ada Dyas	/wiki/Ada_Dyas	['1900', '1950']
Hilton Edwards	/wiki/Hilton_Edwards	['1900', '1950']
Colin Farrell	/wiki/Colin_Farrell	['1900', '1950']
Michael Fassbender	/wiki/Michael_Fassbender	['1900', '1950']
Barry Fitzgerald	/wiki/Barry_Fitzgerald	['1900', '1950']
Geraldine Fitzgerald	/wiki/Geraldine_Fitzgerald	['1900', '1950']
Fionnula Flanagan	/wiki/Fionnula_Flanagan	['1900', '1950']
Brenda Fricker	/wiki/Brenda_Fricker	['1900', '1950']
Bronagh Gallagher	/wiki/Bronagh_Gallagher	['1900', '1950']
Michael Gambon	/wiki/Michael_Gambon	['1900', '1950']
Charles K. Gerrard	/wiki/Charles_K._Gerrard	['1900', '1950']
Douglas Gerrard	/wiki/Douglas_Gerrard	['1900', '1950']
Aidan Gillen	/wiki/Aidan_Gillen	['1900', '1950']
Brendan Gleeson	/wiki/Brendan_Gleeson	['1900', '1950']
Brian Gleeson	/wiki/Brian_Gleeson_(actor)	['1900', '1950']
Domhnall Gleeson	/wiki/Domhnall_Gleeson	['1900', '1950']
Richard Harris	/wiki/Richard_Harris	['1900', '1950']
Forrester Harvey	/wiki/Forrester_Harvey	['1900', '1950']
Amy Joyce Hastings	/wiki/Amy_Joyce_Hastings	['1900', '1950']
Amy Huberman	/wiki/Amy_Huberman	['1900', '1950']
Valene Kane	/wiki/Valene_Kane	['1900', '1950']
David Kelly	/wiki/David_Kelly_(actor)	['1900', '1950']
J. M. Kerrigan	/wiki/J._M._Kerrigan	['1900', '1950']
Joanne King	/wiki/Joanne_King	['1900', '1950']
Dervla Kirwan	/wiki/Dervla_Kirwan	['1900', '1950']
Evanna Lynch	/wiki/Evanna_Lynch	['1900', '1950']
Joe Lynch	/wiki/Joe_Lynch_(actor)	['1900', '1950']
John Lynch	/wiki/John_Lynch_(actor)	['1900', '1950']
Susan Lynch	/wiki/Susan_Lynch	['1900', '1950']
Micheál Mac Liammhóir	/wiki/Miche%C3%A1l_Mac_Liammh%C3%B3ir	['1900', '1950']
Gerard McCarthy	/wiki/Gerard_McCarthy	['1900', '1950']
Sean McClory	/wiki/Sean_McClory	['1900', '1950']
F. J. McCormick	/wiki/F._J._McCormick	['1900', '1950']
Damian McGinty	/wiki/Damian_McGinty	['1900', '1950']
Patrick McGoohan	/wiki/Patrick_McGoohan	['1900', '1950']
Barry McGovern	/wiki/Barry_McGovern	['1900', '1950']
Katie McGrath	/wiki/Katie_McGrath	['1900', '1950']
Aisling McLaughlin	/wiki/Aisling_McLaughlin	['1900', '1950']
Gerard McSorley	/wiki/Gerard_McSorley	['1900', '1950']
Colm Meaney	/wiki/Colm_Meaney	['1900', '1950']
Jonathan Rhys Meyers	/wiki/Jonathan_Rhys_Meyers	['1900', '1950']
Charles Mitchel	/wiki/Charles_Mitchel	['1900', '1950']
Damien Molony	/wiki/Damien_Molony	['1900', '1950']
Colin Morgan	/wiki/Colin_Morgan	['1900', '1950']
Edward Mulhare	/wiki/Edward_Mulhare	['1900', '1950']
Cillian Murphy	/wiki/Cillian_Murphy	['1900', '1950']
Devon Murray	/wiki/Devon_Murray	['1900', '1950']
Liam Neeson	/wiki/Liam_Neeson	['1900', '1950']
Sam Neill	/wiki/Sam_Neill	['1900', '1950']
James Nesbitt	/wiki/James_Nesbitt	['1900', '1950']
Jim Norton	/wiki/Jim_Norton_(Irish_actor)	['1900', '1950']
Colin O'Donoghue	/wiki/Colin_O%27Donoghue	['1900', '1950']
Chris O'Dowd	/wiki/Chris_O%27Dowd	['1900', '1950']
Ardal O'Hanlon	/wiki/Ardal_O%27Hanlon	['1900', '1950']
Joan O'Hara	/wiki/Joan_O%27Hara	['1900', '1950']
Maureen O'Hara	/wiki/Maureen_O%27Hara	['1900', '1950']
Jason O'Mara	/wiki/Jason_O%27Mara	['1900', '1950']
Milo O'Shea	/wiki/Milo_O%27Shea	['1900', '1950']
Maureen O'Sullivan	/wiki/Maureen_O%27Sullivan	['1900', '1950']
Peter O'Toole	/wiki/Peter_O%27Toole	['1900', '1950']
Daragh O'Malley	/wiki/Daragh_O%27Malley	['1900', '1950']
Glenn Quinn	/wiki/Glenn_Quinn	['1900', '1950']
Aidan Quinn	/wiki/Aidan_Quinn	['1900', '1950']
Stephen Rea	/wiki/Stephen_Rea	['1900', '1950']
Jack Reynor	/wiki/Jack_Reynor	['1900', '1950']
Paul Ronan	/wiki/Paul_Ronan	['1900', '1950']
Saoirse Ronan	/wiki/Saoirse_Ronan	['1900', '1950']
Andrew Scott	/wiki/Andrew_Scott_(actor)	['1900', '1950']
Fiona Shaw	/wiki/Fiona_Shaw	['1900', '1950']
Robert Sheehan	/wiki/Robert_Sheehan	['1900', '1950']
Arthur Shields	/wiki/Arthur_Shields	['1900', '1950']
Niall Tóibín	/wiki/Niall_T%C3%B3ib%C3%ADn	['1900', '1950']
Stuart Townsend	/wiki/Stuart_Townsend	['1900', '1950']
Aidan Turner	/wiki/Aidan_Turner	['1900', '1950']
Richard Wall	/wiki/Richard_Wall	['1900', '1950']
Darina Allen	/wiki/Darina_Allen	['1900', '1950']
Myrtle Allen	/wiki/Myrtle_Allen	['1900', '1950']
Rachel Allen	/wiki/Rachel_Allen	['1900', '1950']
Danni Barry	/wiki/Danni_Barry	['1900', '1950']
Michael Bolster	/wiki/Michael_Bolster	['1900', '1950']
Rory Carville	/wiki/Rory_Carville	['1900', '1950']
Richard Corrigan	/wiki/Richard_Corrigan	['1900', '1950']
Matthew d'Arcy	/wiki/Matthew_d%27Arcy	['1900', '1950']
Matt Dowling	/wiki/Matt_Dowling	['1900', '1950']
Kevin Dundon	/wiki/Kevin_Dundon	['1900', '1950']
Oliver Dunne	/wiki/Oliver_Dunne	['1900', '1950']
Catherine Healy	/wiki/Catherine_Healy_(chef)	['1900', '1950']
Neven Maguire	/wiki/Neven_Maguire	['1900', '1950']
Clare Smyth	/wiki/Clare_Smyth	['1900', '1950']
Dave Allen	/wiki/Dave_Allen_(comedian)	['1900', '1950']
Aisling Bea	/wiki/Aisling_Bea	['1900', '1950']
Ed Byrne	/wiki/Ed_Byrne_(comedian)	['1900', '1950']
Jimmy Carr	/wiki/Jimmy_Carr	['1900', '1950']
Risteárd Cooper	/wiki/Riste%C3%A1rd_Cooper	['1900', '1950']
Neil Delamere	/wiki/Neil_Delamere	['1900', '1950']
PJ Gallagher	/wiki/PJ_Gallagher_(comedian)	['1900', '1950']
Brendan Grace	/wiki/Brendan_Grace	['1900', '1950']
Sean Hughes	/wiki/Sean_Hughes_(comedian)	['1900', '1950']
Jon Kenny	/wiki/Jon_Kenny	['1900', '1950']
Denis Leary	/wiki/Denis_Leary	['1900', '1950']
Andrew Maxwell	/wiki/Andrew_Maxwell	['1900', '1950']
Kevin McGahern	/wiki/Kevin_McGahern	['1900', '1950']
Tim McGarry	/wiki/Tim_McGarry	['1900', '1950']
Seán William McLoughlin	/wiki/Se%C3%A1n_William_McLoughlin	['1900', '1950']
Dylan Moran	/wiki/Dylan_Moran	['1900', '1950']
Dermot Morgan	/wiki/Dermot_Morgan	['1900', '1950']
Colin Murphy	/wiki/Colin_Murphy_(comedian)	['1900', '1950']
Graham Norton	/wiki/Graham_Norton	['1900', '1950']
Dara Ó Briain	/wiki/Dara_%C3%93_Briain	['1900', '1950']
Brendan O'Carroll	/wiki/Brendan_O%27Carroll	['1900', '1950']
Ardal O'Hanlon	/wiki/Ardal_O%27Hanlon	['1900', '1950']
Hector Ó hEochagáin	/wiki/Hector_%C3%93_hEochag%C3%A1in	['1900', '1950']
Jimmy O'Dea	/wiki/Jimmy_O%27Dea	['1900', '1950']
David O'Doherty	/wiki/David_O%27Doherty	['1900', '1950']
Deirdre O'Kane	/wiki/Deirdre_O%27Kane	['1900', '1950']
Jarlath Regan	/wiki/Jarlath_Regan	['1900', '1950']
Mario Rosenstock	/wiki/Mario_Rosenstock	['1900', '1950']
Pat Shortt	/wiki/Pat_Shortt	['1900', '1950']
Tommy Tiernan	/wiki/Tommy_Tiernan	['1900', '1950']
Jackie Wright	/wiki/Jackie_Wright	['1900', '1950']
Chloë Agnew	/wiki/Chlo%C3%AB_Agnew	['1900', '1950']
Iain Archer	/wiki/Iain_Archer	['1900', '1950']
Michael William Balfe	/wiki/Michael_William_Balfe	['1900', '1950']
Gerald Barry	/wiki/Gerald_Barry_(composer)	['1900', '1950']
Derek Bell	/wiki/Derek_Bell_(musician)	['1900', '1950']
Eric Bell	/wiki/Eric_Bell	['1900', '1950']
Ed Bennett	/wiki/Ed_Bennett_(composer)	['1900', '1950']
Mary Bergin	/wiki/Mary_Bergin	['1900', '1950']
Big Tom	/wiki/Big_Tom	['1900', '1950']
Wallis Bird	/wiki/Wallis_Bird	['1900', '1950']
Frances Black	/wiki/Frances_Black	['1900', '1950']
Mary Black	/wiki/Mary_Black	['1900', '1950']
Seóirse Bodley	/wiki/Se%C3%B3irse_Bodley	['1900', '1950']
Bono	/wiki/Bono	['1900', '1950']
Ciarán Bourke	/wiki/Ciar%C3%A1n_Bourke	['1900', '1950']
Brian Boydell	/wiki/Brian_Boydell	['1900', '1950']
Ina Boyle	/wiki/Ina_Boyle	['1900', '1950']
Brídín Brennan	/wiki/Br%C3%ADd%C3%ADn_Brennan	['1900', '1950']
Moya Brennan	/wiki/Moya_Brennan	['1900', '1950']
Bressie	/wiki/Bressie	['1900', '1950']
John Buckley	/wiki/John_Buckley_(composer)	['1900', '1950']
Chris de Burgh	/wiki/Chris_de_Burgh	['1900', '1950']
Joe Burke	/wiki/Joe_Burke_(keyboardist)	['1900', '1950']
Kevin Burke	/wiki/Kevin_Burke_(musician)	['1900', '1950']
Nicky Byrne	/wiki/Nicky_Byrne	['1900', '1950']
Eamonn Campbell	/wiki/Eamonn_Campbell	['1900', '1950']
Vivian Campbell	/wiki/Vivian_Campbell	['1900', '1950']
Seán Cannon	/wiki/Se%C3%A1n_Cannon	['1900', '1950']
Paddy Casey	/wiki/Paddy_Casey	['1900', '1950']
Patrick Cassidy	/wiki/Patrick_Cassidy_(composer)	['1900', '1950']
Mic Christopher	/wiki/Mic_Christopher	['1900', '1950']
Bobby Clancy	/wiki/Bobby_Clancy	['1900', '1950']
Liam Clancy	/wiki/Liam_Clancy	['1900', '1950']
Paddy Clancy	/wiki/Paddy_Clancy	['1900', '1950']
Tom Clancy	/wiki/Tom_Clancy_(singer)	['1900', '1950']
Willie Clancy	/wiki/Willie_Clancy_(musician)	['1900', '1950']
Siobhán Cleary	/wiki/Siobh%C3%A1n_Cleary	['1970', '2025']
Julia Clifford	/wiki/Julia_Clifford	['1900', '1950']
Philip Cogan	/wiki/Philip_Cogan	['1900', '1950']
Michael Coleman	/wiki/Michael_Coleman_(Irish_musician)	['1900', '1950']
Finghin Collins	/wiki/Finghin_Collins	['1900', '1950']
Brian Conway	/wiki/Brian_Conway	['1900', '1950']
Tadhg Cooke	/wiki/Tadhg_Cooke	['1900', '1950']
Frank Corcoran	/wiki/Frank_Corcoran	['1900', '1950']
Andrea Corr	/wiki/Andrea_Corr	['1900', '1950']
Caroline Corr	/wiki/Caroline_Corr	['1900', '1950']
Jim Corr	/wiki/Jim_Corr	['1900', '1950']
Sharon Corr	/wiki/Sharon_Corr	['1900', '1950']
Phil Coulter	/wiki/Phil_Coulter	['1900', '1950']
Nadine Coyle	/wiki/Nadine_Coyle	['1900', '1950']
Raymond Deane	/wiki/Raymond_Deane	['1900', '1950']
Damien Dempsey	/wiki/Damien_Dempsey	['1900', '1950']
Mike Denver	/wiki/Mike_Denver	['1900', '1950']
Joe Dolan	/wiki/Joe_Dolan	['1900', '1950']
Ryan Dolan	/wiki/Ryan_Dolan	['1900', '1950']
Brian Downey	/wiki/Brian_Downey_(drummer)	['1900', '1950']
Roger Doyle	/wiki/Roger_Doyle	['1900', '1950']
Ronnie Drew	/wiki/Ronnie_Drew	['1900', '1950']
Keith Duffy	/wiki/Keith_Duffy	['1900', '1950']
Hugo Duncan	/wiki/Hugo_Duncan	['1900', '1950']
Benjamin Dwyer	/wiki/Benjamin_Dwyer	['1900', '1950']
The Edge	/wiki/The_Edge	['1900', '1950']
Kian Egan	/wiki/Kian_Egan	['1900', '1950']
Séamus Ennis	/wiki/S%C3%A9amus_Ennis	['1900', '1950']
Enya	/wiki/Enya	['1900', '1950']
Órla Fallon	/wiki/%C3%93rla_Fallon	['1900', '1950']
Ciarán Farrell	/wiki/Ciar%C3%A1n_Farrell	['1900', '1950']
Mark Feehily	/wiki/Mark_Feehily	['1900', '1950']
Angela Feeney	/wiki/Angela_Feeney	['1900', '1950']
John Field	/wiki/John_Field_(composer)	['1900', '1950']
Shane Filan	/wiki/Shane_Filan	['1900', '1950']
Mick Flannery	/wiki/Mick_Flannery	['1900', '1950']
Aloys Fleischmann	/wiki/Aloys_Fleischmann	['1900', '1950']
W. H. Grattan Flood	/wiki/W._H._Grattan_Flood	['1900', '1950']
David Flynn	/wiki/David_Flynn_(composer)	['1900', '1950']
Gavin Friday	/wiki/Gavin_Friday	['1900', '1950']
Finbar Furey	/wiki/Finbar_Furey	['1900', '1950']
Rory Gallagher	/wiki/Rory_Gallagher	['1900', '1950']
James Galway	/wiki/James_Galway	['1900', '1950']
Bobby Gardiner	/wiki/Bobby_Gardiner	['1900', '1950']
Stephen Gately	/wiki/Stephen_Gately	['1900', '1950']
Mark Geary	/wiki/Mark_Geary	['1900', '1950']
Thomas Augustine Geary	/wiki/Thomas_Augustine_Geary	['1900', '1950']
Bob Geldof	/wiki/Bob_Geldof	['1900', '1950']
John William Glover	/wiki/John_William_Glover	['1900', '1950']
Len Graham	/wiki/Len_Graham_(singer)	['1900', '1950']
Michael Graham	/wiki/Michael_Graham_(singer)	['1900', '1950']
Bernadette Greevy	/wiki/Bernadette_Greevy	['1900', '1950']
Jedward	/wiki/Jedward	['1900', '1950']
Marc Gunn	/wiki/Marc_Gunn	['1900', '1950']
Carmel Gunning	/wiki/Carmel_Gunning	['1900', '1950']
Lisa Hannigan	/wiki/Lisa_Hannigan	['1900', '1950']
Glen Hansard	/wiki/Glen_Hansard	['1900', '1950']
Hamilton Harty	/wiki/Hamilton_Harty	['1900', '1950']
Catherine Hayes	/wiki/Catherine_Hayes_(soprano)	['1900', '1950']
Gemma Hayes	/wiki/Gemma_Hayes	['1900', '1950']
Una Healy	/wiki/Una_Healy	['1900', '1950']
Christie Hennessy	/wiki/Christie_Hennessy	['1900', '1950']
Niall Horan	/wiki/Niall_Horan	['1900', '1950']
Hozier	/wiki/Hozier_(musician)	['1900', '1950']
Herbert Hughes	/wiki/Herbert_Hughes_(composer)	['1900', '1950']
Red Hurley	/wiki/Red_Hurley	['1900', '1950']
Brian Irvine	/wiki/Brian_Irvine_(composer)	['1900', '1950']
Jolyon Jackson	/wiki/Jolyon_Jackson	['1900', '1950']
Fergus Johnston	/wiki/Fergus_Johnston	['1900', '1950']
Siva Kaneswaran	/wiki/Siva_Kaneswaran	['1900', '1950']
Dolores Keane	/wiki/Dolores_Keane	['1900', '1950']
Bryan Kearney	/wiki/Bryan_Kearney	['1900', '1950']
Richard Kearns	/wiki/Richard_Kearns	['1900', '1950']
Ronan Keating	/wiki/Ronan_Keating	['1900', '1950']
Paddy Keenan	/wiki/Paddy_Keenan	['1900', '1950']
Lisa Kelly	/wiki/Lisa_Kelly	['1900', '1950']
Luke Kelly	/wiki/Luke_Kelly	['1900', '1950']
Michael Kelly	/wiki/Michael_Kelly_(tenor)	['1900', '1950']
Brian Kennedy	/wiki/Brian_Kennedy_(singer)	['1900', '1950']
Dermot Kennedy	/wiki/Dermot_Kennedy	['1900', '1950']
Paddy Killoran	/wiki/Paddy_Killoran	['1900', '1950']
Katie Kim	/wiki/Katie_Kim_(Irish_musician)	['1900', '1950']
Dave King	/wiki/Dave_King_(Irish_singer)	['1900', '1950']
John Kinsella	/wiki/John_Kinsella_(composer)	['1900', '1950']
David Kitt	/wiki/David_Kitt	['1900', '1950']
John F. Larchet	/wiki/John_F._Larchet	['1900', '1950']
Damien Leith	/wiki/Damien_Leith	['1900', '1950']
Gary Lightbody	/wiki/Gary_Lightbody	['1900', '1950']
Josef Locke	/wiki/Josef_Locke	['1900', '1950']
Johnny Logan	/wiki/Johnny_Logan_(singer)	['1900', '1950']
Samuel Lover	/wiki/Samuel_Lover	['1900', '1950']
Cora Venus Lunny	/wiki/Cora_Venus_Lunny	['1900', '1950']
Dónal Lunny	/wiki/D%C3%B3nal_Lunny	['1900', '1950']
Bob Lynch	/wiki/Bob_Lynch_(musician)	['1900', '1950']
Shane Lynch	/wiki/Shane_Lynch	['1900', '1950']
Phil Lynott	/wiki/Phil_Lynott	['1900', '1950']
Jimmy MacCarthy	/wiki/Jimmy_MacCarthy	['1900', '1950']
Mickey MacConnell	/wiki/Mickey_MacConnell	['1900', '1950']
Shane MacGowan	/wiki/Shane_MacGowan	['1900', '1950']
Yellowcard	/wiki/Yellowcard	['1900', '1950']
Sean Maguire	/wiki/Sean_Maguire	['1900', '1950']
Sarah Makem	/wiki/Sarah_Makem	['1900', '1950']
Tommy Makem	/wiki/Tommy_Makem	['1900', '1950']
Enda Markey	/wiki/Enda_Markey	['1900', '1950']
Philip Martin	/wiki/Philip_Martin_(pianist)	['1900', '1950']
Gwendolyn Masin	/wiki/Gwendolyn_Masin	['1900', '1950']
Larry Mathews	/wiki/Larry_Mathews_(musician)	['1900', '1950']
Frederick May	/wiki/Frederick_May_(composer)	['1900', '1950']
Christopher McCafferty	/wiki/Christopher_McCafferty	['1900', '1950']
Jim McCann	/wiki/Jim_McCann_(musician)	['1900', '1950']
John McCormack	/wiki/John_McCormack_(tenor)	['1900', '1950']
Eleanor McEvoy	/wiki/Eleanor_McEvoy	['1900', '1950']
Brian McFadden	/wiki/Brian_McFadden	['1900', '1950']
Damian McGinty	/wiki/Damian_McGinty	['1900', '1950']
Matt McGinn	/wiki/Matt_McGinn_(born_1978)	['1900', '1950']
Michael McGlynn	/wiki/Michael_McGlynn	['1900', '1950']
Geraldine McGowan	/wiki/Geraldine_McGowan	['1900', '1950']
Barney McKenna	/wiki/Barney_McKenna	['1900', '1950']
Susan McKeown	/wiki/Susan_McKeown	['1900', '1950']
Geraldine McMahon	/wiki/Geraldine_McMahon	['1900', '1950']
Paul McSherry	/wiki/Paul_McSherry	['1900', '1950']
James Lynam Molloy	/wiki/James_Lynam_Molloy	['1900', '1950']
Patrick Monahan	/wiki/Patrick_Monahan	['1900', '1950']
Christy Moore	/wiki/Christy_Moore	['1900', '1950']
Gary Moore	/wiki/Gary_Moore	['1900', '1950']
Peter K. Moran	/wiki/Peter_K._Moran	['1900', '1950']
Van Morrison	/wiki/Van_Morrison	['1900', '1950']
Lee Mulhern	/wiki/Lee_Mulhern	['1900', '1950']
Gráinne Mulvey	/wiki/Gr%C3%A1inne_Mulvey	['1900', '1950']
Samantha Mumba	/wiki/Samantha_Mumba	['1900', '1950']
Mundy	/wiki/Mundy	['1900', '1950']
John Murphy	/wiki/John_Murphy_(fiddle_player)	['1900', '1950']
Róisín Murphy	/wiki/R%C3%B3is%C3%ADn_Murphy	['1900', '1950']
Ruby Murray	/wiki/Ruby_Murray	['1900', '1950']
Máiréad Nesbitt	/wiki/M%C3%A1ir%C3%A9ad_Nesbitt	['1900', '1950']
Méav Ní Mhaolchatha	/wiki/M%C3%A9av_N%C3%AD_Mhaolchatha	['1900', '1950']
Mairéad Ní Mhaonaigh	/wiki/Mair%C3%A9ad_N%C3%AD_Mhaonaigh	['1900', '1950']
Eithne Ní Uallacháin	/wiki/Eithne_N%C3%AD_Uallach%C3%A1in	['1900', '1950']
Pádraigín Ní Uallacháin	/wiki/P%C3%A1draig%C3%ADn_N%C3%AD_Uallach%C3%A1in	['1900', '1950']
John O'Callaghan	/wiki/John_O%27Callaghan_(musician)	['1900', '1950']
Turlough Carolan	/wiki/Turlough_Carolan	['1900', '1950']
Colm Ó Cíosóig	/wiki/Colm_%C3%93_C%C3%ADos%C3%B3ig	['1900', '1950']
Maura O'Connell	/wiki/Maura_O%27Connell	['1900', '1950']
Máirtín O'Connor	/wiki/M%C3%A1irt%C3%ADn_O%27Connor	['1900', '1950']
Sinéad O'Connor	/wiki/Sin%C3%A9ad_O%27Connor	['1900', '1950']
Daniel O'Donnell	/wiki/Daniel_O%27Donnell_(singer)	['1900', '1950']
Danny O'Donoghue	/wiki/Danny_O%27Donoghue	['1900', '1950']
Robert O'Dwyer	/wiki/Robert_O%27Dwyer	['1900', '1950']
Liam O'Flynn	/wiki/Liam_O%27Flynn	['1900', '1950']
Kane O'Hara	/wiki/Kane_O%27Hara	['1900', '1950']
Mary O'Hara	/wiki/Mary_O%27Hara	['1900', '1950']
Mícheál Ó hEidhin	/wiki/M%C3%ADche%C3%A1l_%C3%93_hEidhin	['1900', '1950']
Arthur O'Leary	/wiki/Arthur_O%27Leary_(composer)	['1900', '1950']
Jane O'Leary	/wiki/Jane_O%27Leary	['1900', '1950']
Damian O'Neill	/wiki/Damian_O%27Neill	['1900', '1950']
John O'Neill	/wiki/John_O%27Neill_(guitarist)	['1900', '1950']
Seán Ó Riada	/wiki/Se%C3%A1n_%C3%93_Riada	['1900', '1950']
Annmarie O'Riordan	/wiki/Annmarie_O%27Riordan	['1900', '1950']
Dolores O'Riordan	/wiki/Dolores_O%27Riordan	['1900', '1950']
George Alexander Osborne	/wiki/George_Alexander_Osborne	['1900', '1950']
Gilbert O'Sullivan	/wiki/Gilbert_O%27Sullivan	['1900', '1950']
Una Palliser	/wiki/Una_Palliser	['1900', '1950']
Geoffrey Molyneux Palmer	/wiki/Geoffrey_Molyneux_Palmer	['1900', '1950']
Tommy Peoples	/wiki/Tommy_Peoples	['1900', '1950']
Brendan Phelan	/wiki/Brendan_Phelan	['1900', '1950']
A. J. Potter	/wiki/A._J._Potter	['1900', '1950']
Glen Power	/wiki/Glen_Power	['1900', '1950']
Carmel Quinn	/wiki/Carmel_Quinn	['1900', '1950']
Paddy Reilly	/wiki/Paddy_Reilly	['1900', '1950']
Damien Rice	/wiki/Damien_Rice	['1900', '1950']
Thomas Roseingrave	/wiki/Thomas_Roseingrave	['1900', '1950']
Leo Rowsome	/wiki/Leo_Rowsome	['1900', '1950']
Derek Ryan	/wiki/Derek_Ryan_(singer)	['1900', '1950']
Frank Ryan	/wiki/Frank_Ryan_(tenor)	['1900', '1950']
Dana Rosemary Scallon	/wiki/Dana_Rosemary_Scallon	['1900', '1950']
Sharon Shannon	/wiki/Sharon_Shannon	['1900', '1950']
Feargal Sharkey	/wiki/Feargal_Sharkey	['1900', '1950']
John Sheahan	/wiki/John_Sheahan	['1900', '1950']
Mark Sheehan	/wiki/Mark_Sheehan	['1900', '1950']
Kevin Shields	/wiki/Kevin_Shields	['1900', '1950']
Chris Singleton	/wiki/Chris_Singleton_(musician)	['1900', '1950']
Donal Skehan	/wiki/Donal_Skehan	['1900', '1950']
Carly Smithson	/wiki/Carly_Smithson	['1900', '1950']
Charles Villiers Stanford	/wiki/Charles_Villiers_Stanford	['1900', '1950']
Robert Prescott Stewart	/wiki/Robert_Prescott_Stewart	['1900', '1950']
Patsy Touhey	/wiki/Patsy_Touhey	['1900', '1950']
Joan Trimble	/wiki/Joan_Trimble	['1900', '1950']
Paddy Tunney	/wiki/Paddy_Tunney	['1900', '1950']
VerseChorusVerse	/wiki/VerseChorusVerse	['1900', '1950']
Gerard Victory	/wiki/Gerard_Victory	['1900', '1950']
Kevin Volans	/wiki/Kevin_Volans	['1900', '1950']
William Vincent Wallace	/wiki/William_Vincent_Wallace	['1900', '1950']
Jennifer Walshe	/wiki/Jennifer_Walshe	['1900', '1950']
Patsy Watchorn	/wiki/Patsy_Watchorn	['1900', '1950']
Liam Weldon	/wiki/Liam_Weldon	['1900', '1950']
Bill Whelan	/wiki/Bill_Whelan	['1900', '1950']
Andy White	/wiki/Andy_White_(singer-songwriter)	['1900', '1950']
Colm Wilkinson	/wiki/Colm_Wilkinson	['1900', '1950']
Ian Wilson	/wiki/Ian_Wilson_(composer)	['1900', '1950']
James Wilson	/wiki/James_Wilson_(composer)	['1900', '1950']
Charles Wood	/wiki/Charles_Wood_(composer)	['1900', '1950']
Terry Woods	/wiki/Terry_Woods	['1900', '1950']
Richard Woodward	/wiki/Richard_Woodward_(organist)	['1900', '1950']
Breandán de Gallaí	/wiki/Breand%C3%A1n_de_Galla%C3%AD	['1900', '1950']
Joanne Doyle	/wiki/Joanne_Doyle	['1900', '1950']
Monica Loughman	/wiki/Monica_Loughman	['1900', '1950']
Tristan MacManus	/wiki/Tristan_MacManus	['1900', '1950']
Lola Montez	/wiki/Lola_Montez	['1900', '1950']
Ninette de Valois	/wiki/Ninette_de_Valois	['1900', '1950']
Bill Whelan	/wiki/Bill_Whelan	['1900', '1950']
Cecelia Ahern	/wiki/Cecelia_Ahern	['1900', '1950']
William Allingham	/wiki/William_Allingham	['1900', '1950']
John Banville	/wiki/John_Banville	['1900', '1950']
George Barrington	/wiki/George_Barrington	['1900', '1950']
Sebastian Barry	/wiki/Sebastian_Barry	['1900', '1950']
Samuel Beckett	/wiki/Samuel_Beckett	['1900', '1950']
Brendan Behan	/wiki/Brendan_Behan	['1900', '1950']
Maeve Binchy	/wiki/Maeve_Binchy	['1900', '1950']
Dermot Bolger	/wiki/Dermot_Bolger	['1900', '1950']
Patrick Brontë	/wiki/Patrick_Bront%C3%AB	['1900', '1950']
Stephen Brown	/wiki/Stephen_Brown_(author)	['1900', '1950']
J. B. Bury	/wiki/J._B._Bury	['1900', '1950']
William Carleton	/wiki/William_Carleton	['1900', '1950']
Austin Clarke	/wiki/Austin_Clarke_(poet)	['1900', '1950']
Josephine Fitzgerald Clarke	/wiki/Josephine_Fitzgerald_Clarke	['1900', '1950']
Brian Cleeve	/wiki/Brian_Cleeve	['1900', '1950']
Brian Coffey	/wiki/Brian_Coffey	['1900', '1950']
Eoin Colfer	/wiki/Eoin_Colfer	['1900', '1950']
Frederick William Conway	/wiki/Frederick_William_Conway	['1900', '1950']
Eoghan Corry	/wiki/Eoghan_Corry	['1900', '1950']
Margaret Anna Cusack	/wiki/Margaret_Anna_Cusack	['1900', '1950']
Thomas Davis	/wiki/Thomas_Davis_(Young_Irelander)	['1900', '1950']
Seamus Deane	/wiki/Seamus_Deane	['1900', '1950']
Patrick Deeley	/wiki/Patrick_Deeley	['1900', '1950']
Eamon Delaney	/wiki/Eamon_Delaney	['1900', '1950']
Frank Delaney	/wiki/Frank_Delaney	['1900', '1950']
Greg Delanty	/wiki/Greg_Delanty	['1900', '1950']
Denis Devlin	/wiki/Denis_Devlin	['1900', '1950']
Roddy Doyle	/wiki/Roddy_Doyle	['1900', '1950']
Margaretta Eagar	/wiki/Margaretta_Eagar	['1900', '1950']
Garth Ennis	/wiki/Garth_Ennis	['1900', '1950']
Samuel Ferguson	/wiki/Samuel_Ferguson	['1900', '1950']
Roderick Flanagan	/wiki/Roderick_Flanagan	['1900', '1950']
Brian Friel	/wiki/Brian_Friel	['1900', '1950']
Oliver St. John Gogarty	/wiki/Oliver_St._John_Gogarty	['1900', '1950']
Oliver Goldsmith	/wiki/Oliver_Goldsmith	['1900', '1950']
Augusta, Lady Gregory	/wiki/Augusta,_Lady_Gregory	['1900', '1950']
Hugo Hamilton	/wiki/Hugo_Hamilton_(writer)	['1900', '1950']
Dermot Healy	/wiki/Dermot_Healy	['1900', '1950']
Randolph Healy	/wiki/Randolph_Healy	['1900', '1950']
Seamus Heaney	/wiki/Seamus_Heaney	['1900', '1950']
Aidan Higgins	/wiki/Aidan_Higgins	['1900', '1950']
Pat Ingoldsby	/wiki/Pat_Ingoldsby	['1900', '1950']
Jennifer Johnston	/wiki/Jennifer_Johnston	['1900', '1950']
Neil Jordan	/wiki/Neil_Jordan	['1900', '1950']
James Joyce	/wiki/James_Joyce	['1900', '1950']
Trevor Joyce	/wiki/Trevor_Joyce	['1900', '1950']
Herminie Templeton Kavanagh	/wiki/Herminie_Templeton_Kavanagh	['1900', '1950']
Patrick Kavanagh	/wiki/Patrick_Kavanagh	['1900', '1950']
John B. Keane	/wiki/John_B._Keane	['1900', '1950']
Benedict Kiely	/wiki/Benedict_Kiely	['1900', '1950']
Caitlín R. Kiernan	/wiki/Caitl%C3%ADn_R._Kiernan	['1900', '1950']
Anatoly Kudryavitsky	/wiki/Anatoly_Kudryavitsky	['1900', '1950']
Derek Landy	/wiki/Derek_Landy	['1900', '1950']
Mary Lavin	/wiki/Mary_Lavin	['1900', '1950']
Sheridan Le Fanu	/wiki/Sheridan_Le_Fanu	['1900', '1950']
Francis Ledwidge	/wiki/Francis_Ledwidge	['1900', '1950']
C. S. Lewis	/wiki/C._S._Lewis	['1900', '1950']
Michael Longley	/wiki/Michael_Longley	['1900', '1950']
Seosamh Mac Grianna	/wiki/Seosamh_Mac_Grianna	['1900', '1950']
Oliver MacDonagh	/wiki/Oliver_MacDonagh	['1900', '1950']
Walter Macken	/wiki/Walter_Macken	['1900', '1950']
James Clarence Mangan	/wiki/James_Clarence_Mangan	['1900', '1950']
Malachi Martin	/wiki/Malachi_Martin	['1900', '1950']
Edward Martyn	/wiki/Edward_Martyn	['1900', '1950']
Frank McCourt	/wiki/Frank_McCourt	['1900', '1950']
Martin McDonagh	/wiki/Martin_McDonagh	['1900', '1950']
Hugh McFadden	/wiki/Hugh_McFadden_(poet)	['1900', '1950']
John McGahern	/wiki/John_McGahern	['1900', '1950']
Frank McGuinness	/wiki/Frank_McGuinness	['1900', '1950']
Paula Meehan	/wiki/Paula_Meehan	['1900', '1950']
John Montague	/wiki/John_Montague_(poet)	['1900', '1950']
Thomas Moore	/wiki/Thomas_Moore	['1900', '1950']
Paul Muldoon	/wiki/Paul_Muldoon	['1900', '1950']
Richard Murphy	/wiki/Richard_Murphy_(poet)	['1900', '1950']
Nuala Ni Dhomhnaill	/wiki/Nuala_Ni_Dhomhnaill	['1900', '1950']
Christopher Nolan	/wiki/Christopher_Nolan_(author)	['1900', '1950']
Edna O'Brien	/wiki/Edna_O%27Brien	['1900', '1950']
Seán O'Casey	/wiki/Se%C3%A1n_O%27Casey	['1900', '1950']
Frank O'Connor	/wiki/Frank_O%27Connor	['1900', '1950']
Ulick O'Connor	/wiki/Ulick_O%27Connor	['1900', '1950']
Máirtín Ó Direáin	/wiki/M%C3%A1irt%C3%ADn_%C3%93_Dire%C3%A1in	['1900', '1950']
Peadar O'Donnell	/wiki/Peadar_O%27Donnell	['1900', '1950']
Harry O'Donovan	/wiki/Harry_O%27Donovan	['1900', '1950']
Dennis O'Driscoll	/wiki/Dennis_O%27Driscoll	['1900', '1950']
Seán Ó Faoláin	/wiki/Se%C3%A1n_%C3%93_Faol%C3%A1in	['1900', '1950']
Liam O'Flaherty	/wiki/Liam_O%27Flaherty	['1900', '1950']
Brian O'Nolan	/wiki/Brian_O%27Nolan	['1900', '1950']
Philip O'Sullivan Beare	/wiki/Philip_O%27Sullivan_Beare	['1900', '1950']
James Plunkett	/wiki/James_Plunkett	['1900', '1950']
Katherine Purdon	/wiki/Katherine_Purdon	['1900', '1950']
Gabriel Rosenstock	/wiki/Gabriel_Rosenstock	['1900', '1950']
George William Russell	/wiki/George_William_Russell	['1900', '1950']
Michael Scott	/wiki/Michael_Scott_(Irish_author)	['1900', '1950']
Maurice Scully	/wiki/Maurice_Scully	['1900', '1950']
Darren Shan	/wiki/Darren_Shan	['1900', '1950']
George Bernard Shaw	/wiki/George_Bernard_Shaw	['1900', '1950']
John D. Sheridan	/wiki/John_D._Sheridan	['1900', '1950']
Richard Brinsley Sheridan	/wiki/Richard_Brinsley_Sheridan	['1900', '1950']
James Simmons	/wiki/James_Simmons_(poet)	['1900', '1950']
Michael Smith	/wiki/Michael_Smith_(poet)	['1900', '1950']
Paul Smith	/wiki/Paul_Smith_(Irish_writer)	['1900', '1950']
Annie M. P. Smithson	/wiki/Annie_M._P._Smithson	['1900', '1950']
Geoffrey Squires	/wiki/Geoffrey_Squires	['1900', '1950']
Laurence Sterne	/wiki/Laurence_Sterne	['1900', '1950']
Bram Stoker	/wiki/Bram_Stoker	['1900', '1950']
Francis Stuart	/wiki/Francis_Stuart	['1900', '1950']
Jonathan Swift	/wiki/Jonathan_Swift	['1900', '1950']
John Millington Synge	/wiki/John_Millington_Synge	['1900', '1950']
William Trevor	/wiki/William_Trevor	['1900', '1950']
William Wall	/wiki/William_Wall_(writer)	['1900', '1950']
Oscar Wilde	/wiki/Oscar_Wilde	['1900', '1950']
Macdara Woods	/wiki/Macdara_Woods	['1900', '1950']
Maev-Ann Wren	/wiki/Maev-Ann_Wren	['1900', '1950']
William Butler Yeats	/wiki/William_Butler_Yeats	['1900', '1950']
Donie Cassidy	/wiki/Donie_Cassidy	['1900', '1950']
Elaine Coughlan	/wiki/Elaine_Coughlan	['1900', '1950']
Bill Cullen	/wiki/Bill_Cullen_(businessman)	['1900', '1950']
Niall FitzGerald	/wiki/Niall_FitzGerald	['1900', '1950']
James Gamble	/wiki/James_Gamble_(industrialist)	['1900', '1950']
Arthur Guinness	/wiki/Arthur_Guinness	['1900', '1950']
Sarah Keane	/wiki/Sarah_Keane	['1900', '1950']
Pat McDonagh	/wiki/Pat_McDonagh_(businessman)	['1900', '1950']
J. P. McManus	/wiki/J._P._McManus	['1900', '1950']
Margaret Molloy	/wiki/Margaret_Molloy	['1900', '1950']
Denis O'Brien	/wiki/Denis_O%27Brien	['1900', '1950']
Michael O'Leary	/wiki/Michael_O%27Leary_(Ryanair)	['1900', '1950']
Tony O'Reilly	/wiki/Tony_O%27Reilly	['1900', '1950']
David J. O'Reilly	/wiki/David_J._O%27Reilly	['1900', '1950']
Tony Ryan	/wiki/Tony_Ryan	['1900', '1950']
Peter Sutherland	/wiki/Peter_Sutherland	['1900', '1950']
Robert Adrain	/wiki/Robert_Adrain	['1775', '1843']
Thomas Andrews	/wiki/Thomas_Andrews_(scientist)	['1813', '1885']
Francis Beaufort	/wiki/Francis_Beaufort	['1774', '1857']
John Stewart Bell	/wiki/John_Stewart_Bell	['1928', '1990']
John Desmond Bernal	/wiki/John_Desmond_Bernal	['1901', '1971']
George Boole	/wiki/George_Boole	['1815', '1864']
Robert Boyle	/wiki/Robert_Boyle	['1627', '1691']
Louis Brennan	/wiki/Louis_Brennan	['1852', '1932']
Pádraig de Brún	/wiki/P%C3%A1draig_de_Br%C3%BAn	['1889', '1960']
Lucien Bull	/wiki/Lucien_Bull	['1876', '1972']
Jocelyn Bell Burnell	/wiki/Jocelyn_Bell_Burnell	['1943', '2025']
Nicholas Callan	/wiki/Nicholas_Callan	['1799', '1864']
Aeneas Coffey	/wiki/Aeneas_Coffey	['1780', '1852']
William Monad Crawford	/wiki/William_Monad_Crawford	['1900', '1950']
William Dargan	/wiki/William_Dargan	['1900', '1950']
David Doak	/wiki/David_Doak	['1967', '2025']
Frederick G. Donnan	/wiki/Frederick_G._Donnan	['1900', '1950']
Michael Everson	/wiki/Michael_Everson	['1900', '1950']
Wentworth Erck	/wiki/Wentworth_Erck	['1900', '1950']
Harry Ferguson	/wiki/Harry_Ferguson	['1900', '1950']
George FitzGerald	/wiki/George_FitzGerald	['1851', '1901']
Patrick Ganly	/wiki/Patrick_Ganly	['1809', '1899']
John Robert Gregg	/wiki/John_Robert_Gregg	['1868', '1948']
William Rowan Hamilton	/wiki/William_Rowan_Hamilton	['1900', '1950']
John Philip Holland	/wiki/John_Philip_Holland	['1841', '1914']
Ellen Hutchins	/wiki/Ellen_Hutchins	['1785', '1815']
John Joly	/wiki/John_Joly	['1857', '1933']
Richard Kirwan	/wiki/Richard_Kirwan	['1733', '1812']
Alice Lawrenson	/wiki/Alice_Lawrenson	['1841', '1900']
Kathleen Lonsdale	/wiki/Kathleen_Lonsdale	['1903', '1971']
Percy Ludgate	/wiki/Percy_Ludgate	['1883', '1922']
Kathleen Lynn	/wiki/Kathleen_Lynn	['1874', '1955']
Robert Mallet	/wiki/Robert_Mallet	['1810', '1881']
Alexander Mitchell	/wiki/Alexander_Mitchell_(engineer)	['1780', '1868']
Dervilla Mitchell	/wiki/Dervilla_Mitchell	['1900', '1950']
Hannah Moylan	/wiki/Hannah_Moylan	['1867', '1902']
Robert Murphy	/wiki/Robert_Murphy_(mathematician)	['1806', '1843']
Richard O'Keefe	/wiki/Richard_O%27Keefe	['1900', '1950']
Frank Pantridge	/wiki/Frank_Pantridge	['1916', '2004']
Dorothy Price	/wiki/Dorothy_Price	['1890', '1954']
Sir George Stokes, 1st Baronet	/wiki/Sir_George_Stokes,_1st_Baronet	['1819', '1903']
George Johnstone Stoney	/wiki/George_Johnstone_Stoney	['1826', '1911']
John Lighton Synge	/wiki/John_Lighton_Synge	['1897', '1995']
William Thomson, 1st Baron Kelvin	/wiki/William_Thomson,_1st_Baron_Kelvin	['1824', '1907']
John Tyndall	/wiki/John_Tyndall	['1820', '1893']
Ernest Walton	/wiki/Ernest_Walton	['1903', '1995']
Mary Ward	/wiki/Mary_Ward_(scientist)	['1827', '1869']
John Richardson Wigham	/wiki/John_Richardson_Wigham	['1829', '1906']
Thomas Wynne	/wiki/Thomas_Wynne	['1942', '2005']
George Best	/wiki/George_Best	['1900', '1950']
John Pius Boland	/wiki/John_Pius_Boland	['1900', '1950']
Packie Bonner	/wiki/Packie_Bonner	['1900', '1950']
Andre Botha	/wiki/Andre_Botha_(cricketer)	['1900', '1950']
Jeremy Bray	/wiki/Jeremy_Bray_(cricketer)	['1900', '1950']
Andrew Bree	/wiki/Andrew_Bree	['1900', '1950']
Tommy Byrne	/wiki/Tommy_Byrne_(racing_driver)	['1900', '1950']
Kenny Carroll	/wiki/Kenny_Carroll	['1900', '1950']
Michael Carruth	/wiki/Michael_Carruth	['1900', '1950']
Tony Cascarino	/wiki/Tony_Cascarino	['1900', '1950']
Eamonn Coghlan	/wiki/Eamonn_Coghlan	['1900', '1950']
Séamus Coleman	/wiki/S%C3%A9amus_Coleman	['1900', '1950']
Enda Colleran	/wiki/Enda_Colleran	['1900', '1950']
Ray Cummins	/wiki/Ray_Cummins	['1900', '1950']
Liam Daish	/wiki/Liam_Daish	['1900', '1950']
Derek Daly	/wiki/Derek_Daly	['1900', '1950']
Gordon D'Arcy	/wiki/Gordon_D%27Arcy	['1900', '1950']
Paul Darragh	/wiki/Paul_Darragh	['1900', '1950']
Ron Delany	/wiki/Ron_Delany	['1900', '1950']
Prince Devitt	/wiki/Prince_Devitt	['1900', '1950']
Ken Doherty	/wiki/Ken_Doherty	['1900', '1950']
John Doyle	/wiki/John_Doyle_(hurler)	['1900', '1950']
Mick Doyle	/wiki/Mick_Doyle_(rugby_union)	['1900', '1950']
Damien Duff	/wiki/Damien_Duff	['1900', '1950']
Richard Dunne	/wiki/Richard_Dunne	['1900', '1950']
Joey Dunlop	/wiki/Joey_Dunlop	['1900', '1950']
Eamon Dunphy	/wiki/Eamon_Dunphy	['1900', '1950']
Kieran Dynes	/wiki/Kieran_Dynes	['1900', '1950']
Seamus Elliott	/wiki/Seamus_Elliott	['1900', '1950']
Jonny Evans	/wiki/Jonny_Evans	['1900', '1950']
Sheamus	/wiki/Sheamus	['1900', '1950']
Dave Finlay	/wiki/Dave_Finlay	['1900', '1950']
Ciaran Fitzgerald	/wiki/Ciaran_Fitzgerald	['1900', '1950']
Seán Flanagan	/wiki/Se%C3%A1n_Flanagan	['1900', '1950']
Sharon Foley	/wiki/Sharon_Foley	['1900', '1950']
Carl Frampton	/wiki/Carl_Frampton	['1900', '1950']
Mick Galwey	/wiki/Mick_Galwey	['1900', '1950']
Edmond Gibney	/wiki/Edmond_Gibney	['1900', '1950']
Darron Gibson	/wiki/Darron_Gibson	['1900', '1950']
Johnny Giles	/wiki/Johnny_Giles	['1900', '1950']
Peter Gillespie	/wiki/Peter_Gillespie	['1900', '1950']
Shay Given	/wiki/Shay_Given	['1900', '1950']
Pádraig Harrington	/wiki/P%C3%A1draig_Harrington	['1900', '1950']
Elizabeth Hawkins-Whitshed	/wiki/Elizabeth_Hawkins-Whitshed	['1900', '1950']
David Healy	/wiki/David_Healy_(footballer)	['1900', '1950']
Kevin Heffernan	/wiki/Kevin_Heffernan_(Gaelic_footballer)	['1900', '1950']
Robert Heffernan	/wiki/Robert_Heffernan	['1900', '1950']
Denis Hickie	/wiki/Denis_Hickie	['1900', '1950']
Alex Higgins	/wiki/Alex_Higgins	['1900', '1950']
Ray Houghton	/wiki/Ray_Houghton	['1900', '1950']
Denis Irwin	/wiki/Denis_Irwin	['1900', '1950']
Trent Johnston	/wiki/Trent_Johnston	['1900', '1950']
Eddie Jordan	/wiki/Eddie_Jordan	['1900', '1950']
John Keane	/wiki/John_Keane_(hurler)	['1900', '1950']
Robbie Keane	/wiki/Robbie_Keane	['1900', '1950']
Roy Keane	/wiki/Roy_Keane	['1900', '1950']
Eddie Keher	/wiki/Eddie_Keher	['1900', '1950']
Joe Kelly	/wiki/Joe_Kelly_(racing_driver)	['1900', '1950']
Sean Kelly	/wiki/Sean_Kelly_(cyclist)	['1900', '1950']
David Kennedy	/wiki/David_Kennedy_(racing_driver)	['1900', '1950']
Joe Keohane	/wiki/Joe_Keohane_(footballer)	['1900', '1950']
Kevin Kilbane	/wiki/Kevin_Kilbane	['1900', '1950']
Michael Kinane	/wiki/Michael_Kinane	['1900', '1950']
Ham Lambert	/wiki/Ham_Lambert	['1900', '1950']
Tommy Langan	/wiki/Tommy_Langan	['1900', '1950']
Dave Langford-Smith	/wiki/Dave_Langford-Smith	['1900', '1950']
Jim Langton	/wiki/Jim_Langton	['1900', '1950']
Liam Lawrence	/wiki/Liam_Lawrence	['1900', '1950']
Alan Lewis	/wiki/Alan_Lewis_(referee)	['1900', '1950']
Becky Lynch	/wiki/Becky_Lynch	['1900', '1950']
Jack Lynch	/wiki/Jack_Lynch	['1900', '1950']
Eddie Macken	/wiki/Eddie_Macken	['1900', '1950']
Mick Mackey	/wiki/Mick_Mackey	['1900', '1950']
Owen Madden	/wiki/Owen_Madden_(footballer)	['1900', '1950']
Dan Martin	/wiki/Dan_Martin_(cyclist)	['1900', '1950']
Dave McAuley	/wiki/Dave_McAuley	['1900', '1950']
Kevin McBride	/wiki/Kevin_McBride	['1900', '1950']
Willie John McBride	/wiki/Willie_John_McBride	['1900', '1950']
Kyle McCallan	/wiki/Kyle_McCallan	['1900', '1950']
David McCann	/wiki/David_McCann	['1900', '1950']
Mick McCarthy	/wiki/Mick_McCarthy	['1900', '1950']
Wayne McCullough	/wiki/Wayne_McCullough	['1900', '1950']
Paul McGinley	/wiki/Paul_McGinley	['1900', '1950']
Owen Roe McGovern	/wiki/Owen_Roe_McGovern	['1900', '1950']
Paul McGrath	/wiki/Paul_McGrath_(footballer)	['1900', '1950']
Conor McGregor	/wiki/Conor_McGregor	['1900', '1950']
Barry McGuigan	/wiki/Barry_McGuigan	['1900', '1950']
Catherina McKiernan	/wiki/Catherina_McKiernan	['1900', '1950']
Jimmy McLarnin	/wiki/Jimmy_McLarnin	['1900', '1950']
Lory Meagher	/wiki/Lory_Meagher	['1900', '1950']
Jason Molins	/wiki/Jason_Molins	['1900', '1950']
John Mooney	/wiki/John_Mooney_(cricketer)	['1900', '1950']
Paul Mooney	/wiki/Paul_Mooney_(cricketer)	['1900', '1950']
Eoin Morgan	/wiki/Eoin_Morgan	['1900', '1950']
Geordan Murphy	/wiki/Geordan_Murphy	['1900', '1950']
Seán Murphy	/wiki/Se%C3%A1n_Murphy_(footballer)	['1900', '1950']
Tommy Murphy	/wiki/Tommy_Murphy_(Gaelic_footballer)	['1900', '1950']
Owen Nolan	/wiki/Owen_Nolan	['1900', '1950']
Kevin O'Brien	/wiki/Kevin_O%27Brien_(cricketer)	['1900', '1950']
Niall O'Brien	/wiki/Niall_O%27Brien_(cricketer)	['1900', '1950']
Vincent O'Brien	/wiki/Vincent_O%27Brien	['1900', '1950']
Pat O'Callaghan	/wiki/Pat_O%27Callaghan	['1900', '1950']
Martin O'Connell	/wiki/Martin_O%27Connell_(footballer)	['1900', '1950']
Mick O'Connell	/wiki/Mick_O%27Connell	['1900', '1950']
Patrick O'Connell	/wiki/Patrick_O%27Connell_(Irish_footballer)	['1900', '1950']
Paul O'Connell	/wiki/Paul_O%27Connell	['1900', '1950']
Cian O'Connor	/wiki/Cian_O%27Connor	['1900', '1950']
Shane O'Connor	/wiki/Shane_O%27Connor_(skier)	['1900', '1950']
Christopher O'Donnell	/wiki/Christopher_O%27Donnell_(athlete)	['1900', '1950']
Nick O'Donnell	/wiki/Nick_O%27Donnell	['1900', '1950']
Brian O'Driscoll	/wiki/Brian_O%27Driscoll	['1900', '1950']
Ronan O'Gara	/wiki/Ronan_O%27Gara	['1900', '1950']
Dan O'Keeffe	/wiki/Dan_O%27Keeffe	['1900', '1950']
Malcolm O'Kelly	/wiki/Malcolm_O%27Kelly	['1900', '1950']
Jonjo O'Neill	/wiki/Jonjo_O%27Neill	['1900', '1950']
Seán O'Neill	/wiki/Se%C3%A1n_O%27Neill	['1900', '1950']
John Joe O'Reilly	/wiki/John_Joe_O%27Reilly_(footballer)	['1900', '1950']
Tony O'Reilly	/wiki/Tony_O%27Reilly	['1900', '1950']
Derval O'Rourke	/wiki/Derval_O%27Rourke	['1900', '1950']
John O'Shea	/wiki/John_O%27Shea	['1900', '1950']
Peter O'Sullevan	/wiki/Peter_O%27Sullevan	['1900', '1950']
Eddie O'Sullivan	/wiki/Eddie_O%27Sullivan	['1900', '1950']
Gillian O'Sullivan	/wiki/Gillian_O%27Sullivan	['1900', '1950']
Sonia O'Sullivan	/wiki/Sonia_O%27Sullivan	['1900', '1950']
Michael Phelan	/wiki/Michael_Phelan_(billiards)	['1900', '1950']
Paddy Phelan	/wiki/Paddy_Phelan	['1900', '1950']
William Porterfield	/wiki/William_Porterfield	['1900', '1950']
Seán Purcell	/wiki/Se%C3%A1n_Purcell	['1900', '1950']
Niall Quinn	/wiki/Niall_Quinn	['1900', '1950']
Bobby Rackard	/wiki/Bobby_Rackard	['1900', '1950']
Boyd Rankin	/wiki/Boyd_Rankin	['1900', '1950']
Tony Reddin	/wiki/Tony_Reddin	['1900', '1950']
Christy Ring	/wiki/Christy_Ring	['1900', '1950']
Nicolas Roche	/wiki/Nicolas_Roche	['1900', '1950']
Stephen Roche	/wiki/Stephen_Roche	['1900', '1950']
Michael Roe	/wiki/Michael_Roe_(racing_driver)	['1900', '1950']
Alain Rolland	/wiki/Alain_Rolland	['1900', '1950']
Glenn Ross	/wiki/Glenn_Ross	['1900', '1950']
Mark Scanlon	/wiki/Mark_Scanlon_(cyclist)	['1900', '1950']
Tom Sharkey	/wiki/Tom_Sharkey	['1900', '1950']
Mikey Sheehy	/wiki/Mikey_Sheehy	['1900', '1950']
Michelle Smith	/wiki/Michelle_Smith	['1900', '1950']
Des Smyth	/wiki/Des_Smyth	['1900', '1950']
Bethel Solomons	/wiki/Bethel_Solomons	['1900', '1950']
Pat Spillane	/wiki/Pat_Spillane	['1900', '1950']
Steve Staunton	/wiki/Steve_Staunton	['1900', '1950']
Jim Stynes	/wiki/Jim_Stynes	['1900', '1950']
Katie Taylor	/wiki/Katie_Taylor	['1900', '1950']
Bob Tisdall	/wiki/Bob_Tisdall	['1900', '1950']
John Treacy	/wiki/John_Treacy	['1900', '1950']
Ruby Walsh	/wiki/Ruby_Walsh	['1900', '1950']
Brian Whelahan	/wiki/Brian_Whelahan	['1900', '1950']
Glenn Whelan	/wiki/Glenn_Whelan	['1900', '1950']
Ronnie Whelan	/wiki/Ronnie_Whelan	['1900', '1950']
Andrew White	/wiki/Andrew_White_(cricketer,_born_1980)	['1900', '1950']
Norman Whiteside	/wiki/Norman_Whiteside	['1900', '1950']
Joe Wickham	/wiki/Joe_Wickham	['1900', '1950']
Keith Wood	/wiki/Keith_Wood	['1900', '1950']
Eamonn Andrews	/wiki/Eamonn_Andrews	['1900', '1950']
Amanda Byram	/wiki/Amanda_Byram	['1900', '1950']
Gay Byrne	/wiki/Gay_Byrne	['1962', '1999']
Matt Cooper	/wiki/Matt_Cooper_(Irish_journalist)	['1900', '1950']
Ray D'Arcy	/wiki/Ray_D%27Arcy	['1900', '1950']
Ian Dempsey	/wiki/Ian_Dempsey	['1900', '1950']
Anne Doyle	/wiki/Anne_Doyle	['1900', '1950']
Joe Duffy	/wiki/Joe_Duffy	['1900', '1950']
Eamonn Holmes	/wiki/Eamonn_Holmes	['1900', '1950']
Pat Kenny	/wiki/Pat_Kenny	['1900', '1950']
Eoghan McDermott	/wiki/Eoghan_McDermott	['1900', '1950']
Graham Norton	/wiki/Graham_Norton	['1900', '1950']
Brendan O'Connor	/wiki/Brendan_O%27Connor_(media_personality)	['1900', '1950']
Bill O'Herlihy	/wiki/Bill_O%27Herlihy	['1900', '1950']
Kathryn Thomas	/wiki/Kathryn_Thomas	['1900', '1950']
Ryan Tubridy	/wiki/Ryan_Tubridy	['1900', '1950']
Terry Wogan	/wiki/Terry_Wogan	['1900', '1950']
Saint Patrick	/wiki/Saint_Patrick	['1900', '1950']
Brendan	/wiki/Brendan	['1900', '1950']
Columba	/wiki/Columba	['1900', '1950']
Dymphna	/wiki/Dymphna	['1900', '1950']
Lorcán Ua Tuathail	/wiki/Lorc%C3%A1n_Ua_Tuathail	['1900', '1950']
Samantha Lewthwaite	/wiki/Samantha_Lewthwaite	['1900', '1950']
Anne Anderson	/wiki/Anne_Anderson_(diplomat)	['1900', '1950']
Todd Andrews	/wiki/Todd_Andrews	['1900', '1950']
Alfred Chester Beatty	/wiki/Alfred_Chester_Beatty	['1900', '1950']
George Berkeley	/wiki/George_Berkeley	['1900', '1950']
Seán Brady	/wiki/Se%C3%A1n_Brady	['1900', '1950']
Brigh Brigaid	/wiki/Brigh_Brigaid	['1900', '1950']
William Brown	/wiki/William_Brown_(admiral)	['1900', '1950']
Edmund Burke	/wiki/Edmund_Burke	['1900', '1950']
Amanda Byram	/wiki/Amanda_Byram	['1900', '1950']
Gay Byrne	/wiki/Gay_Byrne	['1962', '1999']
Graham Cantwell	/wiki/Graham_Cantwell	['1900', '1950']
Edward Carson	/wiki/Edward_Carson	['1900', '1950']
Nellie Cashman	/wiki/Nellie_Cashman	['1900', '1950']
Harry Clarke	/wiki/Harry_Clarke	['1900', '1950']
Desmond Connell	/wiki/Desmond_Connell	['1900', '1950']
James Craig, 1st Viscount Craigavon	/wiki/James_Craig,_1st_Viscount_Craigavon	['1900', '1950']
Tom Crean	/wiki/Tom_Crean_(explorer)	['1900', '1950']
Rosanna Davison	/wiki/Rosanna_Davison	['1900', '1950']
Moya Doherty	/wiki/Moya_Doherty	['1900', '1950']
James Warren Doyle	/wiki/James_Warren_Doyle	['1900', '1950']
Jim Duffy	/wiki/Jim_Duffy_(journalist)	['1900', '1950']
Margaretta Eagar	/wiki/Margaretta_Eagar	['1900', '1950']
Robin Eames	/wiki/Robin_Eames	['1900', '1950']
Johannes Scotus Eriugena	/wiki/Johannes_Scotus_Eriugena	['810', '2025']
Brendan Finucane	/wiki/Brendan_Finucane	['1900', '1950']
Michael Anthony Fleming	/wiki/Michael_Anthony_Fleming	['1900', '1950']
Brian Gibbons	/wiki/Brian_Gibbons_(politician)	['1900', '1950']
Glenda Gilson	/wiki/Glenda_Gilson	['1900', '1950']
Veronica Guerin	/wiki/Veronica_Guerin	['1900', '1950']
Mary, Lady Heath	/wiki/Mary,_Lady_Heath	['1900', '1950']
Eamonn Holmes	/wiki/Eamonn_Holmes	['1900', '1950']
Sir William Johnson, 1st Baronet	/wiki/Sir_William_Johnson,_1st_Baronet	['1900', '1950']
Pat Kenny	/wiki/Pat_Kenny	['1900', '1950']
Peter Lacy	/wiki/Peter_Lacy	['1900', '1950']
James Larkin	/wiki/James_Larkin	['1900', '1950']
Eliza Lynch	/wiki/Eliza_Lynch	['1900', '1950']
Annette Elizabeth Mahon	/wiki/Annette_Elizabeth_Mahon	['1918', '2013']
Catherine McAuley	/wiki/Catherine_McAuley	['1900', '1950']
Dubhaltach Mac Fhirbhisigh	/wiki/Dubhaltach_Mac_Fhirbhisigh	['1900', '1950']
Edward MacLysaght	/wiki/Edward_MacLysaght	['1900', '1950']
Martin Maher	/wiki/Martin_Maher_(soldier)	['1900', '1950']
Diarmuid Martin	/wiki/Diarmuid_Martin	['1900', '1950']
Edward Martyn	/wiki/Edward_Martyn	['1900', '1950']
Catherine McGuinness	/wiki/Catherine_McGuinness	['1900', '1950']
John McKenna	/wiki/John_McKenna	['1900', '1950']
Jacksepticeye	/wiki/Jacksepticeye	['1900', '1950']
Michael Mills	/wiki/Michael_Mills_(journalist)	['1900', '1950']
Annie Moore	/wiki/Annie_Moore_(immigrant)	['1900', '1950']
John Moore	/wiki/John_Moore_(director)	['1900', '1950']
Michael Morris, 3rd Baron Killanin	/wiki/Michael_Morris,_3rd_Baron_Killanin	['1900', '1950']
Kevin Murphy	/wiki/Kevin_Murphy_(ombudsman)	['1900', '1950']
Graham Norton	/wiki/Graham_Norton	['1900', '1950']
May O'Callaghan	/wiki/May_O%27Callaghan	['1900', '1950']
Pat O'Connor	/wiki/Pat_O%27Connor_(director)	['1900', '1950']
Patricia O'Brien	/wiki/Patricia_O%27Brien	['1900', '1950']
Seosamh Ó Duibhginn	/wiki/Seosamh_%C3%93_Duibhginn	['1900', '1950']
Gráinne O'Malley	/wiki/Gr%C3%A1inne_O%27Malley	['1900', '1950']
Seamus O'Regan	/wiki/Seamus_O%27Regan	['1900', '1950']
Emily O'Reilly	/wiki/Emily_O%27Reilly	['1900', '1950']
Jon Riley	/wiki/Jon_Riley	['1900', '1950']
Katharine O'Shea	/wiki/Katharine_O%27Shea	['1900', '1950']
Ian Paisley	/wiki/Ian_Paisley	['1900', '1950']
Saint Patrick	/wiki/Saint_Patrick	['1900', '1950']
Margaret Phelan	/wiki/Margaret_Phelan	['1900', '1950']
Horace Plunkett	/wiki/Horace_Plunkett	['1900', '1950']
Robert Ross	/wiki/Robert_Ross_(British_Army_officer)	['1900', '1950']
Mary Ryan	/wiki/Mary_Ryan_(academic)	['1900', '1950']
Ernest Shackleton	/wiki/Ernest_Shackleton	['1900', '1950']
Ray Shah	/wiki/Ray_Shah	['1900', '1950']
Gerard Slevin	/wiki/Gerard_Slevin	['1900', '1950']
Timothy Smiddy	/wiki/Timothy_Smiddy	['1900', '1950']
Olivia Taaffe	/wiki/Olivia_Taaffe	['1900', '1950']
Mary Catherine Tinney	/wiki/Mary_Catherine_Tinney	['1900', '1950']
Sarah Travers	/wiki/Sarah_Travers	['1900', '1950']
Philip Treacy	/wiki/Philip_Treacy	['1900', '1950']
David Trimble	/wiki/David_Trimble	['1900', '1950']
Ryan Tubridy	/wiki/Ryan_Tubridy	['1900', '1950']
Peter Tyndall	/wiki/Peter_Tyndall	['1900', '1950']
Louis Walsh	/wiki/Louis_Walsh	['1900', '1950']
Mary Whelan	/wiki/Mary_Whelan	['1900', '1950']
Laura Whitmore	/wiki/Laura_Whitmore	['1900', '1950']
Terry Wogan	/wiki/Terry_Wogan	['1900', '1950']
Irish American	/wiki/Irish_American	['1900', '1950']
Irish Australian	/wiki/Irish_Australian	['1900', '1950']
Irish Canadian	/wiki/Irish_Canadian	['1900', '1950']
Irish Quebeckers	/wiki/Irish_Quebeckers	['1900', '1950']
