text	link	year
Koitalel Arap Samoei	/wiki/Koitalel_Arap_Samoei	['1900', '1950']
Me Katilili Wa Menza	/wiki/Me_Katilili_Wa_Menza	['1900', '1950']
Dedan Kimathi	/wiki/Dedan_Kimathi	['1900', '1950']
Musa Mwariama	/wiki/Musa_Mwariama	['1900', '1950']
Waruhiu Itote	/wiki/Waruhiu_Itote	['1900', '1950']
Jomo Kenyatta	/wiki/Jomo_Kenyatta	['1900', '1950']
Esau Khamati Oriedo	/wiki/Esau_Khamati_Oriedo	['1900', '1950']
Josiah Mwangi Kariuki	/wiki/Josiah_Mwangi_Kariuki	['1900', '1950']
Jaramogi Oginga Odinga	/wiki/Jaramogi_Oginga_Odinga	['1900', '1950']
Ramogi Achieng Oneko	/wiki/Ramogi_Achieng_Oneko	['1900', '1950']
Paul Ngei	/wiki/Paul_Ngei	['1900', '1950']
Tom Mboya	/wiki/Tom_Mboya	['1900', '1950']
Masinde Muliro	/wiki/Masinde_Muliro	['1900', '1950']
Kubu Kubu	/wiki/Kubu_Kubu	['1900', '1950']
Moody Awori	/wiki/Moody_Awori	['1900', '1950']
Nicholas Biwott	/wiki/Nicholas_Biwott	['1900', '1950']
Cyrus Jirongo	/wiki/Cyrus_Jirongo	['1900', '1950']
Esther Passaris	/wiki/Esther_Passaris	['1900', '1950']
Josephat Karanja	/wiki/Josephat_Karanja	['1900', '1950']
J. M. Kariuki	/wiki/J._M._Kariuki	['1900', '1950']
Uhuru Kenyatta	/wiki/Uhuru_Kenyatta	['1900', '1950']
Mwai Kibaki	/wiki/Mwai_Kibaki	['1900', '1950']
Esau Khamati Oriedo	/wiki/Esau_Khamati_Oriedo	['1900', '1950']
Michael Wamalwa Kijana	/wiki/Michael_Wamalwa_Kijana	['1900', '1950']
Kenneth Matiba	/wiki/Kenneth_Matiba	['1900', '1950']
Tom Mboya	/wiki/Tom_Mboya	['1900', '1950']
Musalia Mudavadi	/wiki/Musalia_Mudavadi	['1900', '1950']
Joseph Murumbi	/wiki/Joseph_Murumbi	['1900', '1950']
Simeon Nyachae	/wiki/Simeon_Nyachae	['1900', '1950']
Daisy Nyongesa	/wiki/Daisy_Nyongesa	['1989', '2025']
Charity Ngilu	/wiki/Charity_Ngilu	['1900', '1950']
Raila Odinga	/wiki/Raila_Odinga	['1900', '1950']
Quincy Timberlake	/wiki/Quincy_Timberlake	['1900', '1950']
Appolo Ohanga	/wiki/Appolo_Ohanga	['1900', '1950']
James Orengo	/wiki/James_Orengo	['1900', '1950']
Robert Ouko	/wiki/Robert_Ouko_(politician)	['1900', '1950']
Pio Gama Pinto	/wiki/Pio_Gama_Pinto	['1900', '1950']
Charles Rubia	/wiki/Charles_Rubia	['1900', '1950']
George Saitoti	/wiki/George_Saitoti	['1900', '1950']
Makhan Singh	/wiki/Makhan_Singh_(Kenyan_politician)	['1900', '1950']
Fitz R S de Souza	/wiki/Fitz_R_S_de_Souza	['1900', '1950']
Kalonzo Musyoka	/wiki/Kalonzo_Musyoka	['1900', '1950']
William Ruto	/wiki/William_Ruto	['1900', '1950']
Martha Karua	/wiki/Martha_Karua	['1900', '1950']
John Michuki	/wiki/John_Michuki	['1900', '1950']
Njenga Karume	/wiki/Njenga_Karume	['1900', '1950']
Jeremiah Nyagah	/wiki/Jeremiah_Nyagah	['1900', '1950']
Martin Nyaga Wambora	/wiki/Martin_Nyaga_Wambora	['1900', '1950']
Samuel Kivuitu	/wiki/Samuel_Kivuitu	['1900', '1950']
Prof. Crispus Makau Kiamba	/wiki/Prof._Crispus_Makau_Kiamba	['1900', '1950']
Esau Khamati Oriedo	/wiki/Esau_Khamati_Oriedo	['1900', '1950']
Samwel Mohochi	/wiki/Samwel_Mohochi	['1900', '1950']
Edward H Ntalami	/wiki/Edward_H_Ntalami	['1900', '1950']
Chris Kirubi	/wiki/Chris_Kirubi	['1900', '1950']
Muthui Kariuki	/wiki/Muthui_Kariuki	['1900', '1950']
Hope Mwanake	/wiki/Hope_Mwanake	['1900', '1950']
John Njue	/wiki/John_Njue	['1900', '1950']
Maurice Michael Otunga	/wiki/Maurice_Michael_Otunga	['1900', '1950']
John Njenga	/wiki/John_Njenga	['1900', '1950']
Judy Mbugua	/wiki/Judy_Mbugua	['1947', '2025']
Matthew Birir	/wiki/Matthew_Birir	['1900', '1950']
Amos Biwott	/wiki/Amos_Biwott	['1900', '1950']
Mike Boit	/wiki/Mike_Boit	['1900', '1950']
Richard Chelimo	/wiki/Richard_Chelimo	['1900', '1950']
Lonah Chemtai	/wiki/Lonah_Chemtai	['1900', '1950']
Joyce Chepchumba	/wiki/Joyce_Chepchumba	['1900', '1950']
Jason Dunford	/wiki/Jason_Dunford	['1900', '1950']
Paul Ereng	/wiki/Paul_Ereng	['1900', '1950']
Chris Froome	/wiki/Chris_Froome	['1900', '1950']
John Rugoiyo Gichuki	/wiki/John_Rugoiyo_Gichuki	['1900', '1950']
Ben Jipcho	/wiki/Ben_Jipcho	['1900', '1950']
Julius Kariuki	/wiki/Julius_Kariuki	['1900', '1950']
Kipchoge Keino	/wiki/Kipchoge_Keino	['1900', '1950']
Ezekiel Kemboi	/wiki/Ezekiel_Kemboi	['1900', '1950']
Joseph Keter	/wiki/Joseph_Keter	['1900', '1950']
Wilson Kipketer	/wiki/Wilson_Kipketer	['1900', '1950']
Wilson Boit Kipketer	/wiki/Wilson_Boit_Kipketer	['1900', '1950']
Moses Kiptanui	/wiki/Moses_Kiptanui	['1900', '1950']
Sally Kipyego	/wiki/Sally_Kipyego	['1900', '1950']
Ismael Kirui	/wiki/Ismael_Kirui	['1900', '1950']
Samson Kitur	/wiki/Samson_Kitur	['1900', '1950']
Daniel Komen	/wiki/Daniel_Komen	['1900', '1950']
Julius Korir	/wiki/Julius_Korir	['1900', '1950']
Paul Korir	/wiki/Paul_Korir	['1900', '1950']
Reuben Kosgei	/wiki/Reuben_Kosgei	['1900', '1950']
Bernard Lagat	/wiki/Bernard_Lagat	['1900', '1950']
Tegla Loroupe	/wiki/Tegla_Loroupe	['1900', '1950']
Edith Masai	/wiki/Edith_Masai	['1900', '1950']
Shekhar Mehta	/wiki/Shekhar_Mehta	['1900', '1950']
Catherine Ndereba	/wiki/Catherine_Ndereba	['1900', '1950']
Noah Ngeny	/wiki/Noah_Ngeny	['1900', '1950']
John Ngugi	/wiki/John_Ngugi	['1900', '1950']
Margaret Okayo	/wiki/Margaret_Okayo	['1900', '1950']
Dennis Oliech	/wiki/Dennis_Oliech	['1900', '1950']
Yobes Ondieki	/wiki/Yobes_Ondieki	['1900', '1950']
Henry Rono	/wiki/Henry_Rono	['1900', '1950']
Peter Rono	/wiki/Peter_Rono	['1900', '1950']
David Rudisha	/wiki/David_Rudisha	['1900', '1950']
Moses Tanui	/wiki/Moses_Tanui	['1900', '1950']
William Tanui	/wiki/William_Tanui	['1900', '1950']
Naftali Temu	/wiki/Naftali_Temu	['1900', '1950']
Paul Tergat	/wiki/Paul_Tergat	['1900', '1950']
Steve Tikolo	/wiki/Steve_Tikolo	['1900', '1950']
Robert Wangila	/wiki/Robert_Wangila	['1900', '1950']
McDonald Mariga	/wiki/McDonald_Mariga	['1900', '1950']
Victor Wanyama	/wiki/Victor_Wanyama	['1900', '1950']
Biko Adema	/wiki/Biko_Adema	['1900', '1950']
"Timothy ""Ennovator"" Rimbui"	/wiki/Timothy_%22Ennovator%22_Rimbui	['1900', '1950']
Akothee	/wiki/Akothee	['1900', '1950']
Juacali	/wiki/Juacali	['1900', '1950']
Jimw@t	/wiki/Jimw@t	['1900', '1950']
Otile Brown	/wiki/Otile_Brown	['1900', '1950']
Kui Kinyanjui	/wiki/Kui_Kinyanjui	['1900', '1950']
Nanjala Nyabola	/wiki/Nanjala_Nyabola	['1900', '1950']
Xtian Dela	/wiki/Xtian_Dela	['1900', '1950']
Robert Alai	/wiki/Robert_Alai	['1900', '1950']
Ory Okolloh	/wiki/Ory_Okolloh	['1900', '1950']
