text	link	year
Lydia Canaan	/wiki/Lydia_Canaan	['1900', '1950']
Jill Kelley	/wiki/Jill_Kelley	['1900', '1950']
Perla Helou	/wiki/Perla_Helou	['1900', '1950']
Dina Azar	/wiki/Dina_Azar	['1900', '1950']
Rina Chibany	/wiki/Rina_Chibany	['1900', '1950']
Rima Fakih	/wiki/Rima_Fakih	['1900', '1950']
Sonia Fares	/wiki/Sonia_Fares	['1900', '1950']
Nadine Wilson Njeim	/wiki/Nadine_Wilson_Njeim	['1900', '1950']
Nadine Nassib Njeim	/wiki/Nadine_Nassib_Njeim	['1900', '1950']
Gabrielle Bou Rached	/wiki/Gabrielle_Bou_Rached	['1900', '1950']
Georgina Rizk	/wiki/Georgina_Rizk	['1900', '1950']
Christina Sawaya	/wiki/Christina_Sawaya	['1900', '1950']
Rosarita Tawil	/wiki/Rosarita_Tawil	['1900', '1950']
Amani	/wiki/Amani_(dancer)	['1900', '1950']
Myriam Klink	/wiki/Myriam_Klink	['1900', '1950']
Annabella Hilal	/wiki/Annabella_Hilal	['1900', '1950']
Lamitta Frangieh	/wiki/Lamitta_Frangieh	['1900', '1950']
Georges Chakra	/wiki/Georges_Chakra	['1900', '1950']
Georges Chakra	/wiki/Georges_Chakra	['1900', '1950']
Nicolas Jebran	/wiki/Nicolas_Jebran	['1900', '1950']
Rabih Kayrouz	/wiki/Rabih_Kayrouz	['1900', '1950']
Zuhair Murad	/wiki/Zuhair_Murad	['1900', '1950']
Elie Saab	/wiki/Elie_Saab	['1900', '1950']
Tony Ward	/wiki/Tony_Ward_(designer)	['1900', '1950']
Reem Acra	/wiki/Reem_Acra	['1900', '1950']
Hicham Abou Sleiman	/wiki/Hicham_Abou_Sleiman	['1900', '1950']
Nadine Labaki	/wiki/Nadine_Labaki	['1900', '1950']
Philippe Aractingi	/wiki/Philippe_Aractingi	['1900', '1950']
Jihad Al-Atrash	/wiki/Jihad_Al-Atrash	['1900', '1950']
Maroun Bagdadi	/wiki/Maroun_Bagdadi	['1900', '1950']
Rowan Blanchard	/wiki/Rowan_Blanchard	['1900', '1950']
May Chidiac	/wiki/May_Chidiac	['1900', '1950']
Sami Daher	/wiki/Sami_Daher	['1900', '1950']
George Diab	/wiki/George_Diab	['1900', '1950']
Ziad Doueiri	/wiki/Ziad_Doueiri	['1900', '1950']
Imad Feghaly	/wiki/Imad_Feghaly	['1900', '1950']
Renee Ghosh	/wiki/Renee_Ghosh	['1900', '1950']
Abdo Hakim	/wiki/Abdo_Hakim	['1900', '1950']
Hasan Hamdan	/wiki/Hasan_Hamdan	['1900', '1950']
Jamal Hamdan	/wiki/Jamal_Hamdan_(actor)	['1900', '1950']
Saad Hamdan	/wiki/Saad_Hamdan	['1900', '1950']
Diana Ibrahim	/wiki/Diana_Ibrahim	['1900', '1950']
Muhammad Ibrahim	/wiki/Muhammad_Ibrahim_(actor)	['1900', '1950']
Charbel Iskandar	/wiki/Charbel_Iskandar	['1900', '1950']
Leïla Karam	/wiki/Le%C3%AFla_Karam	['1900', '1950']
Mona Karim	/wiki/Mona_Karim	['1900', '1950']
Mario Kassar	/wiki/Mario_Kassar	['1900', '1950']
Alek Keshishian	/wiki/Alek_Keshishian	['1900', '1950']
Georges Khabbaz	/wiki/Georges_Khabbaz	['1900', '1950']
Mia Khalifa	/wiki/Mia_Khalifa	['1900', '1950']
Arsinée Khanjian	/wiki/Arsin%C3%A9e_Khanjian	['1900', '1950']
Samir Maalouf	/wiki/Samir_Maalouf	['1900', '1950']
Toni Maalouf	/wiki/Toni_Maalouf	['1900', '1950']
Mahmoud Mabsout	/wiki/Mahmoud_Mabsout	['1900', '1950']
Peter Macdissi	/wiki/Peter_Macdissi	['1900', '1950']
Rick Mercer	/wiki/Rick_Mercer	['1900', '1950']
Omar Mikati	/wiki/Omar_Mikati	['1900', '1950']
Patrick Mubarak	/wiki/Patrick_Mubarak	['1900', '1950']
Ismail Nanoua	/wiki/Ismail_Nanoua	['1900', '1950']
Samara Nohra	/wiki/Samara_Nohra	['1900', '1950']
George Noory	/wiki/George_Noory	['1900', '1950']
Nour	/wiki/Nour_(actress)	['1900', '1950']
Ouday Raad	/wiki/Ouday_Raad	['1900', '1950']
Bashar Rahal	/wiki/Bashar_Rahal	['1900', '1950']
Keanu Reeves	/wiki/Keanu_Reeves	['1900', '1950']
Fadi Rifai	/wiki/Fadi_Rifai	['1900', '1950']
Milad Rizk	/wiki/Milad_Rizk	['1900', '1950']
Ali Saad	/wiki/Ali_Saad_(actor)	['1900', '1950']
Hossam Al-Sabah	/wiki/Hossam_Al-Sabah	['1900', '1950']
Khaled El Sayed	/wiki/Khaled_El_Sayed	['1900', '1950']
Naji Shamil	/wiki/Naji_Shamil	['1900', '1950']
Omar Al-Shammaa	/wiki/Omar_Al-Shammaa	['1900', '1950']
Haaz Sleiman	/wiki/Haaz_Sleiman	['1900', '1950']
Rosie Al-Yaziji	/wiki/Rosie_Al-Yaziji	['1900', '1950']
Ali Al-Zein	/wiki/Ali_Al-Zein	['1900', '1950']
Diane Kern	/wiki/Diane_Kern	['1900', '1950']
Layal Abboud	/wiki/Layal_Abboud	['1900', '1950']
Cyrine Abdelnour	/wiki/Cyrine_Abdelnour	['1900', '1950']
Nancy Ajram	/wiki/Nancy_Ajram	['1900', '1950']
Ragheb Alama	/wiki/Ragheb_Alama	['1900', '1950']
Ramy Ayach	/wiki/Ramy_Ayach	['1900', '1950']
Nadia Azzi	/wiki/Nadia_Azzi	['1900', '1950']
Abdel Rahman El Bacha	/wiki/Abdel_Rahman_El_Bacha	['1900', '1950']
Toufic El Bacha	/wiki/Toufic_El_Bacha	['1900', '1950']
Jack Barakat	/wiki/Jack_Barakat	['1900', '1950']
Steve Barakatt	/wiki/Steve_Barakatt	['1900', '1950']
Julia Boutros	/wiki/Julia_Boutros	['1900', '1950']
Lydia Canaan	/wiki/Lydia_Canaan	['1900', '1950']
John Dolmayan	/wiki/John_Dolmayan	['1900', '1950']
Elissa	/wiki/Elissa_(Lebanese_singer)	['1900', '1950']
Fairuz	/wiki/Fairuz	['1900', '1950']
Myriam Fares	/wiki/Myriam_Fares	['1900', '1950']
Patrick Gemayel	/wiki/Patrick_Gemayel	['1900', '1950']
Walid Gholmieh	/wiki/Walid_Gholmieh	['1900', '1950']
Diana Haddad	/wiki/Diana_Haddad	['1900', '1950']
Assi El Helani	/wiki/Assi_El_Helani	['1900', '1950']
Amal Hijazi	/wiki/Amal_Hijazi	['1900', '1950']
IJK	/wiki/IJK_(singer_songwriter)	['1900', '1950']
Wael Jassar	/wiki/Wael_Jassar	['1900', '1950']
Tyler Joseph	/wiki/Tyler_Joseph	['1900', '1950']
K.Maro	/wiki/K.Maro	['1900', '1950']
Ahmad Kaabour	/wiki/Ahmad_Kaabour	['1900', '1950']
Fares Karam	/wiki/Fares_Karam	['1900', '1950']
Najwa Karam	/wiki/Najwa_Karam	['1900', '1950']
Salwa Al Katrib	/wiki/Salwa_Al_Katrib	['1900', '1950']
Wael Kfoury	/wiki/Wael_Kfoury	['1900', '1950']
Marcel Khalife	/wiki/Marcel_Khalife	['1900', '1950']
Joelle Khoury	/wiki/Joelle_Khoury	['1900', '1950']
Fady Maalouf	/wiki/Fady_Maalouf	['1900', '1950']
Ibrahim Maalouf	/wiki/Ibrahim_Maalouf	['1900', '1950']
Pascale Machaalani	/wiki/Pascale_Machaalani	['1900', '1950']
Majdala	/wiki/Majdala	['1900', '1950']
Massari	/wiki/Massari	['1900', '1950']
Mika	/wiki/Mika_(singer)	['1900', '1950']
Zaki Nassif	/wiki/Zaki_Nassif	['1900', '1950']
Yfrah Neaman	/wiki/Yfrah_Neaman	['1900', '1950']
Abeer Nehme	/wiki/Abeer_Nehme	['1900', '1950']
Rahbani brothers	/wiki/Rahbani_brothers	['1900', '1950']
Assi Rahbani	/wiki/Assi_Rahbani	['1900', '1950']
Mansour Rahbani	/wiki/Mansour_Rahbani	['1900', '1950']
Ghassan Rahbani	/wiki/Ghassan_Rahbani	['1900', '1950']
Ziad Rahbani	/wiki/Ziad_Rahbani	['1900', '1950']
Issam Rajji	/wiki/Issam_Rajji	['1900', '1950']
Charbel Rouhana	/wiki/Charbel_Rouhana	['1900', '1950']
Majida El Roumi	/wiki/Majida_El_Roumi	['1900', '1950']
Baba Saad	/wiki/Baba_Saad	['1900', '1950']
Rola Saad	/wiki/Rola_Saad	['1900', '1950']
Nicole Saba	/wiki/Nicole_Saba	['1900', '1950']
Sabah	/wiki/Sabah_(singer)	['1900', '1950']
Wadih El Safi	/wiki/Wadih_El_Safi	['1900', '1950']
Karol Sakr	/wiki/Karol_Sakr	['1900', '1950']
Pascale Sakr	/wiki/Pascale_Sakr	['1900', '1950']
Carole Samaha	/wiki/Carole_Samaha	['1900', '1950']
Nasri Shamseddine	/wiki/Nasri_Shamseddine	['1900', '1950']
Suzanne Tamim	/wiki/Suzanne_Tamim	['1900', '1950']
Serj Tankian	/wiki/Serj_Tankian	['1900', '1950']
Walid Toufic	/wiki/Walid_Toufic	['1900', '1950']
Haifa Wehbe	/wiki/Haifa_Wehbe	['1900', '1950']
Karl Wolf	/wiki/Karl_Wolf	['1900', '1950']
Gabriel Yared	/wiki/Gabriel_Yared	['1900', '1950']
Nawal Al Zoghbi	/wiki/Nawal_Al_Zoghbi	['1900', '1950']
Ralana	/wiki/Ralana	['1900', '1950']
Hassan Alaa Eddin	/wiki/Hassan_Alaa_Eddin	['1900', '1950']
Jalal Khoury	/wiki/Jalal_Khoury	['1900', '1950']
Faouzi Al-Kach	/wiki/Faouzi_Al-Kach	['1900', '1950']
Joseph Assaf	/wiki/Joseph_Assaf	['1900', '1950']
Chaouki Chamoun	/wiki/Chaouki_Chamoun	['1900', '1950']
Douglas Abdell	/wiki/Douglas_Abdell	['1900', '1950']
Moustafa Farroukh	/wiki/Moustafa_Farroukh	['1900', '1950']
Chawky Frenn	/wiki/Chawky_Frenn	['1900', '1950']
César Gemayel	/wiki/C%C3%A9sar_Gemayel	['1900', '1950']
Youssef Howayek	/wiki/Youssef_Howayek	['1900', '1950']
Wajih Nahlé	/wiki/Wajih_Nahl%C3%A9	['1900', '1950']
Walid Raad	/wiki/Walid_Raad	['1900', '1950']
Pierre Sadek	/wiki/Pierre_Sadek	['1900', '1950']
Akram Zaatari	/wiki/Akram_Zaatari	['1900', '1950']
Etel Adnan	/wiki/Etel_Adnan	['1900', '1950']
Nabil Gholam	/wiki/Nabil_Gholam	['1900', '1950']
Salim Al-Kadi	/wiki/Salim_Al-Kadi	['1900', '1950']
Joseph Philippe Karam	/wiki/Joseph_Philippe_Karam	['1900', '1950']
Nadim Karam	/wiki/Nadim_Karam	['1900', '1950']
Bernard Khoury	/wiki/Bernard_Khoury	['1900', '1950']
Samir Brikho	/wiki/Samir_Brikho	['1900', '1950']
Charles Corm	/wiki/Charles_Corm	['1894', '1963']
Pierre El Daher	/wiki/Pierre_El_Daher	['1900', '1950']
Walid Daouk	/wiki/Walid_Daouk	['1900', '1950']
Sam Hammam	/wiki/Sam_Hammam	['1900', '1950']
Nicolas Hayek	/wiki/Nicolas_Hayek	['1900', '1950']
Joseph Aoun	/wiki/Joseph_Aoun	['1900', '1950']
Jad Al-Akhaoui	/wiki/Jad_Al-Akhaoui	['1900', '1950']
May Chidiac	/wiki/May_Chidiac	['1900', '1950']
Marcel Ghanem	/wiki/Marcel_Ghanem	['1900', '1950']
Octavia Nasr	/wiki/Octavia_Nasr	['1900', '1950']
Gebran Tueni	/wiki/Gebran_Tueni_(journalist)	['1900', '1950']
Gebran Ghassan Tueni	/wiki/Gebran_Ghassan_Tueni	['1900', '1950']
Ghassan Tueni	/wiki/Ghassan_Tueni	['1900', '1950']
Adnan Al Kakoun	/wiki/Adnan_Al_Kakoun	['1900', '1950']
George Yammine	/wiki/George_Yammine	['1900', '1950']
Hamilcar Barca	/wiki/Hamilcar_Barca	['1900', '1950']
Hannibal	/wiki/Hannibal	['1900', '1950']
Hasdrubal Barca	/wiki/Hasdrubal_Barca	['1900', '1950']
Mago Barca	/wiki/Mago_Barca	['1900', '1950']
Hasdrubal Gisco	/wiki/Hasdrubal_Gisco	['1900', '1950']
Emile Boustany	/wiki/Emile_Boustany	['1900', '1950']
Jean Kahwaji	/wiki/Jean_Kahwaji	['1900', '1950']
Samir El-Khadem	/wiki/Samir_El-Khadem	['1900', '1950']
Ashraf Rifi	/wiki/Ashraf_Rifi	['1900', '1950']
Ibrahim Tannous	/wiki/Ibrahim_Tannous	['1900', '1950']
Estephan El Douaihy	/wiki/Estephan_El_Douaihy	['1670', '1704']
Elias Peter Hoayek	/wiki/Elias_Peter_Hoayek	['1898', '1931']
Anthony Peter Khoraish	/wiki/Anthony_Peter_Khoraish	['1975', '1986']
Bechara Boutros al-Rahi	/wiki/Bechara_Boutros_al-Rahi	['1900', '1950']
Nasrallah Boutros Sfeir	/wiki/Nasrallah_Boutros_Sfeir	['1986', '2011']
Muhammad Jamaluddin al-Makki al-Amili	/wiki/Muhammad_Jamaluddin_al-Makki_al-Amili	['1334', '1385']
Al-Hurr al-Aamili	/wiki/Al-Hurr_al-Aamili	['1624', '1693']
Bahāʾ al-dīn al-ʿĀmilī	/wiki/Bah%C4%81%CA%BE_al-d%C4%ABn_al-%CA%BF%C4%80mil%C4%AB	['1547', '1621']
Aram I Keshishian	/wiki/Aram_I_Keshishian	['1900', '1950']
Mohammad Hussein Fadlallah	/wiki/Mohammad_Hussein_Fadlallah	['1935', '2010']
Salim Ghazal	/wiki/Salim_Ghazal	['1931', '2011']
Hassan Khaled	/wiki/Hassan_Khaled	['1966', '1989']
Musa al-Sadr	/wiki/Musa_al-Sadr	['1900', '1950']
Charbel Makhluf	/wiki/Charbel_Makhluf	['1900', '1950']
Nimattullah Kassab Al-Hardini	/wiki/Nimattullah_Kassab_Al-Hardini	['1900', '1950']
Rafqa Pietra Choboq Ar-Rayès	/wiki/Rafqa_Pietra_Choboq_Ar-Ray%C3%A8s	['1900', '1950']
Michel Aoun	/wiki/Michel_Aoun	['1900', '1950']
Camille Chamoun	/wiki/Camille_Chamoun	['1952', '1958']
Fuad Chehab	/wiki/Fuad_Chehab	['1958', '1964']
Émile Eddé	/wiki/%C3%89mile_Edd%C3%A9	['1936', '1941']
Suleiman Frangieh	/wiki/Suleiman_Frangieh	['1970', '1976']
Amine Gemayel	/wiki/Amine_Gemayel	['1982', '1988']
Bachir Gemayel	/wiki/Bachir_Gemayel	['1900', '1950']
Charles Helou	/wiki/Charles_Helou	['1964', '1970']
Elias Hrawi	/wiki/Elias_Hrawi	['1989', '1998']
Bechara El Khoury	/wiki/Bechara_El_Khoury	['1943', '1952']
Émile Lahoud	/wiki/%C3%89mile_Lahoud	['1998', '2007']
René Moawad	/wiki/Ren%C3%A9_Moawad	['1900', '1950']
Elias Sarkis	/wiki/Elias_Sarkis	['1976', '1982']
Michel Suleiman	/wiki/Michel_Suleiman	['2007', '2014']
Petro Trad	/wiki/Petro_Trad	['1900', '1950']
Ahmad Daouk	/wiki/Ahmad_Daouk	['1900', '1950']
Amin al-Hafez	/wiki/Amin_al-Hafez_(Lebanon)	['1900', '1950']
Rafic Hariri	/wiki/Rafic_Hariri	['1900', '1950']
Saad Hariri	/wiki/Saad_Hariri	['1900', '1950']
Selim al-Hoss	/wiki/Selim_al-Hoss	['1900', '1950']
Omar Karami	/wiki/Omar_Karami	['1900', '1950']
Rashid Karami	/wiki/Rashid_Karami	['1900', '1950']
Najib Mikati	/wiki/Najib_Mikati	['1900', '1950']
Saeb Salam	/wiki/Saeb_Salam	['1900', '1950']
Tammam Salam	/wiki/Tammam_Salam	['1900', '1950']
Fouad Siniora	/wiki/Fouad_Siniora	['1900', '1950']
Riad as-Solh	/wiki/Riad_as-Solh	['1900', '1950']
Sami as-Solh	/wiki/Sami_as-Solh	['1900', '1950']
Takieddin el-Solh	/wiki/Takieddin_el-Solh	['1900', '1950']
Shafik Wazzan	/wiki/Shafik_Wazzan	['1900', '1950']
Abdallah El-Yafi	/wiki/Abdallah_El-Yafi	['1900', '1950']
Kamel Asaad	/wiki/Kamel_Asaad	['1900', '1950']
Nabih Berri	/wiki/Nabih_Berri	['1900', '1950']
Sabri Hamadé	/wiki/Sabri_Hamad%C3%A9	['1900', '1950']
Hussein el-Husseini	/wiki/Hussein_el-Husseini	['1900', '1950']
Adel Osseiran	/wiki/Adel_Osseiran	['1900', '1950']
Majid Arslan	/wiki/Majid_Arslan	['1900', '1950']
Talal Arslan	/wiki/Talal_Arslan	['1900', '1950']
Gebran Bassil	/wiki/Gebran_Bassil	['1900', '1950']
Dany Chamoun	/wiki/Dany_Chamoun	['1900', '1950']
Dory Chamoun	/wiki/Dory_Chamoun	['1900', '1950']
Walid Daouk	/wiki/Walid_Daouk	['1900', '1950']
Carlos Edde	/wiki/Carlos_Edde	['1900', '1950']
Raymond Edde	/wiki/Raymond_Edde	['1900', '1950']
Issam Fares	/wiki/Issam_Fares	['1900', '1950']
Suleiman Frangieh, Jr.	/wiki/Suleiman_Frangieh,_Jr.	['1900', '1950']
Tony Frangieh	/wiki/Tony_Frangieh	['1900', '1950']
Maurice Gemayel	/wiki/Maurice_Gemayel	['1900', '1950']
Pierre Gemayel	/wiki/Pierre_Gemayel	['1900', '1950']
Pierre Amine Gemayel	/wiki/Pierre_Amine_Gemayel	['1900', '1950']
Samir Geagea	/wiki/Samir_Geagea	['1900', '1950']
Kamal Jumblatt	/wiki/Kamal_Jumblatt	['1900', '1950']
Walid Jumblatt	/wiki/Walid_Jumblatt	['1900', '1950']
Sobhi Mahmassani	/wiki/Sobhi_Mahmassani	['1900', '1950']
Charles Malik	/wiki/Charles_Malik	['1900', '1950']
Nayla Moawad	/wiki/Nayla_Moawad	['1900', '1950']
Elias Murr	/wiki/Elias_Murr	['1900', '1950']
Gabriel Murr	/wiki/Gabriel_Murr	['1900', '1950']
Michel Murr	/wiki/Michel_Murr	['1900', '1950']
Hassan Nasrallah	/wiki/Hassan_Nasrallah	['1900', '1950']
Salim Saadeh	/wiki/Salim_Saadeh	['1900', '1950']
Habib Sadek	/wiki/Habib_Sadek	['1900', '1950']
Gebran Tueni	/wiki/Gebran_Tueni	['1900', '1950']
Joyce Gemayel	/wiki/Joyce_Gemayel	['1900', '1950']
Ghassan Tueni	/wiki/Ghassan_Tueni	['1900', '1950']
Edma Abouchdid	/wiki/Edma_Abouchdid	['1900', '1950']
Anthony Atala	/wiki/Anthony_Atala	['1900', '1950']
Jawad Fares	/wiki/Jawad_Fares	['1900', '1950']
Sami Ibrahim Haddad	/wiki/Sami_Ibrahim_Haddad	['1900', '1950']
Afif Abdul Wahab	/wiki/Afif_Abdul_Wahab	['1900', '1950']
Hanno the Navigator	/wiki/Hanno_the_Navigator	['1900', '1950']
Edgar Choueiri	/wiki/Edgar_Choueiri	['1900', '1950']
Charles Elachi	/wiki/Charles_Elachi	['1900', '1950']
Hassan Naim	/wiki/Hassan_Naim	['1900', '1950']
Hassan Kamel Al-Sabbah	/wiki/Hassan_Kamel_Al-Sabbah	['1900', '1950']
Rammal Rammal	/wiki/Rammal_Rammal	['1900', '1950']
Pierre Zalloua	/wiki/Pierre_Zalloua	['1900', '1950']
Justine Sergent	/wiki/Justine_Sergent	['1900', '1950']
Niveen Khashab	/wiki/Niveen_Khashab	['1900', '1950']
Ghassan Afiouni	/wiki/Ghassan_Afiouni	['1900', '1950']
Bahāʾ al-dīn al-ʿĀmilī	/wiki/Bah%C4%81%CA%BE_al-d%C4%ABn_al-%CA%BF%C4%80mil%C4%AB	['1547', '1621']
Maurice Chehab	/wiki/Maurice_Chehab	['1900', '1950']
Ali Chamseddine	/wiki/Ali_Chamseddine	['1900', '1950']
Maxime Chaya	/wiki/Maxime_Chaya	['1900', '1950']
Samir Bannout	/wiki/Samir_Bannout	['1900', '1950']
Zakaria Chihab	/wiki/Zakaria_Chihab	['1900', '1950']
Nabil Choueiri	/wiki/Nabil_Choueiri	['1900', '1950']
Maya Nassar	/wiki/Maya_Nassar	['1900', '1950']
David Azzi	/wiki/David_Azzi	['1900', '1950']
Khalil Beschir	/wiki/Khalil_Beschir	['1900', '1950']
Tony Kanaan	/wiki/Tony_Kanaan	['1900', '1950']
Noel Jammal	/wiki/Noel_Jammal	['1900', '1950']
Felipe Nasr	/wiki/Felipe_Nasr	['1900', '1950']
Graham Rahal	/wiki/Graham_Rahal	['1900', '1950']
Rony Fahed	/wiki/Rony_Fahed	['1900', '1950']
Matt Freije	/wiki/Matt_Freije	['1900', '1950']
Fadi El Khatib	/wiki/Fadi_El_Khatib	['1900', '1950']
Ali Mahmoud	/wiki/Ali_Mahmoud	['1900', '1950']
Elie Mechantaf	/wiki/Elie_Mechantaf	['1900', '1950']
Rony Seikaly	/wiki/Rony_Seikaly	['1900', '1950']
Joe Vogel	/wiki/Joe_Vogel	['1900', '1950']
Jackson Vroman	/wiki/Jackson_Vroman	['1900', '1950']
Ed Hatoum	/wiki/Ed_Hatoum	['1900', '1950']
Nazem Kadri	/wiki/Nazem_Kadri	['1900', '1950']
Freddy Deeb	/wiki/Freddy_Deeb	['1900', '1950']
Sam Farha	/wiki/Sam_Farha	['1900', '1950']
Joe Hachem	/wiki/Joe_Hachem	['1900', '1950']
Faisal Antar	/wiki/Faisal_Antar	['1900', '1950']
Roda Antar	/wiki/Roda_Antar	['1900', '1950']
Mohammed Ghaddar	/wiki/Mohammed_Ghaddar	['1900', '1950']
Wartan Ghazarian	/wiki/Wartan_Ghazarian	['1900', '1950']
Moussa Hojeij	/wiki/Moussa_Hojeij	['1900', '1950']
Youssef Mohamad	/wiki/Youssef_Mohamad	['1900', '1950']
Soony Saad	/wiki/Soony_Saad	['1900', '1950']
Jamal Taha	/wiki/Jamal_Taha	['1900', '1950']
Ibrahim Jaja	/wiki/Ibrahim_Jaja	['1900', '1950']
Hazem El Masri	/wiki/Hazem_El_Masri	['1900', '1950']
Ahmad Harajly	/wiki/Ahmad_Harajly	['1900', '1950']
Mago	/wiki/Mago_(agricultural_writer)	['1900', '1950']
Sanchuniathon	/wiki/Sanchuniathon	['1900', '1950']
Maroun Abboud	/wiki/Maroun_Abboud	['1886', '1962']
Elia Abu Madi	/wiki/Elia_Abu_Madi	['1890', '1957']
Said Akl	/wiki/Said_Akl	['1912', '2014']
Nader El-Bizri	/wiki/Nader_El-Bizri	['1900', '1950']
Butrus al-Bustani	/wiki/Butrus_al-Bustani	['1819', '1883']
Charles Corm	/wiki/Charles_Corm	['1894', '1963']
Fawaz Gerges	/wiki/Fawaz_Gerges	['1900', '1950']
Joumana Haddad	/wiki/Joumana_Haddad	['1970', '2025']
Ounsi el-Hajj	/wiki/Ounsi_el-Hajj	['1937', '2014']
Salma Hage	/wiki/Salma_Hage	['1942', '2025']
Jad Hatem	/wiki/Jad_Hatem	['1952', '2025']
Gibran Khalil Gibran	/wiki/Gibran_Khalil_Gibran	['1883', '1931']
Elias Khoury	/wiki/Elias_Khoury	['1948', '2025']
Vénus Khoury-Ghata	/wiki/V%C3%A9nus_Khoury-Ghata	['1937', '2025']
Amin Maalouf	/wiki/Amin_Maalouf	['1949', '2025']
Elia Abu Madi	/wiki/Elia_Abu_Madi	['1890', '1957']
May Murr	/wiki/May_Murr	['1929', '2008']
Khalil Mutran	/wiki/Khalil_Mutran	['1872', '1949']
Mikha'il Na'ima	/wiki/Mikha%27il_Na%27ima	['1889', '1988']
Amin al-Rihani	/wiki/Amin_al-Rihani	['1876', '1940']
Widad Sakakini	/wiki/Widad_Sakakini	['1913', '1991']
Avraham Sinai	/wiki/Avraham_Sinai	['1962', '2025']
Gabriel Sionita	/wiki/Gabriel_Sionita	['1577', '1648']
Nassim Nicholas Taleb	/wiki/Nassim_Nicholas_Taleb	['1960', '2025']
Lebanese diaspora	/wiki/Lebanese_diaspora	['1900', '1950']
Template:Lebanese diaspora	/wiki/Template:Lebanese_diaspora	['1900', '1950']
Template talk:Lebanese diaspora	/wiki/Template_talk:Lebanese_diaspora	['1900', '1950']
Ghanaian Arabs	/wiki/Ghanaian_Arabs	['1900', '1950']
Lebanese Argentines	/wiki/Lebanese_Argentines	['1900', '1950']
Lebanese Brazilians	/wiki/Lebanese_Brazilians	['1900', '1950']
Lebanese Canadians	/wiki/Lebanese_Canadians	['1900', '1950']
Lebanese Chileans	/wiki/Lebanese_Chileans	['1900', '1950']
Lebanese Colombians	/wiki/Lebanese_Colombians	['1900', '1950']
Lebanese Ecuadorians	/wiki/Lebanese_Ecuadorians	['1900', '1950']
Lebanese Haitians	/wiki/Lebanese_Haitians	['1900', '1950']
Lebanese Jamaicans	/wiki/Lebanese_Jamaicans	['1900', '1950']
Lebanese Mexicans	/wiki/Lebanese_Mexicans	['1900', '1950']
Lebanese Paraguayans	/wiki/Lebanese_Paraguayans	['1900', '1950']
Lebanese Surinamese	/wiki/Lebanese_Surinamese	['1900', '1950']
Lebanese Americans	/wiki/Lebanese_Americans	['1900', '1950']
Lebanese Uruguayans	/wiki/Lebanese_Uruguayans	['1900', '1950']
Lebanese Venezuelans	/wiki/Lebanese_Venezuelans	['1900', '1950']
Jewish Migration from Lebanon Post-1948	/wiki/Jewish_Migration_from_Lebanon_Post-1948	['1900', '1950']
Lebanese Australians	/wiki/Lebanese_Australians	['1900', '1950']
Lebanese New Zealanders	/wiki/Lebanese_New_Zealanders	['1900', '1950']
