text	link	year
French migration to the United Kingdom	/wiki/French_migration_to_the_United_Kingdom	['1900', '1950']
Irish migration to Great Britain	/wiki/Irish_migration_to_Great_Britain	['1900', '1950']
Scandinavian migration to Britain	/wiki/Scandinavian_migration_to_Britain	['1900', '1950']
British Nigerian	/wiki/British_Nigerian	['1900', '1950']
Vanessa Angel	/wiki/Vanessa_Angel	['1966', '2025']
Gabrielle Anwar	/wiki/Gabrielle_Anwar	['1970', '2025']
Richard Armitage	/wiki/Richard_Armitage_(actor)	['1971', '2025']
Gemma Arterton	/wiki/Gemma_Arterton	['1986', '2025']
Tom Baker	/wiki/Tom_Baker	['1934', '2025']
Christian Bale	/wiki/Christian_Bale	['1974', '2025']
Ben Barnes	/wiki/Ben_Barnes_(actor)	['1981', '2025']
Sacha Baron Cohen	/wiki/Sacha_Baron_Cohen	['1971', '2025']
Mischa Barton	/wiki/Mischa_Barton	['1986', '2025']
Mathew Baynton	/wiki/Mathew_Baynton	['1980', '2025']
Sean Bean	/wiki/Sean_Bean	['1959', '2025']
Kate Beckinsale	/wiki/Kate_Beckinsale	['1973', '2025']
Richard Beckinsale	/wiki/Richard_Beckinsale	['1947', '1979']
Eliza Bennett	/wiki/Eliza_Bennett	['1992', '2025']
Rosalind Bennett	/wiki/Rosalind_Bennett	['1966', '2025']
Martin Benson	/wiki/Martin_Benson_(actor)	['1918', '2010']
Steven Berkoff	/wiki/Steven_Berkoff	['1937', '2025']
Brian Blessed	/wiki/Brian_Blessed	['1937', '2025']
Orlando Bloom	/wiki/Orlando_Bloom	['1977', '2025']
Emily Blunt	/wiki/Emily_Blunt	['1983', '2025']
Richard Briers	/wiki/Richard_Briers	['1934', '2013']
Tony Britton	/wiki/Tony_Britton	['1924', '2019']
Millie Bobby Brown	/wiki/Millie_Bobby_Brown	['2004', '2025']
Kelly Brook	/wiki/Kelly_Brook	['1979', '2025']
Kathy Burke	/wiki/Kathy_Burke	['1964', '2025']
Saffron Burrows	/wiki/Saffron_Burrows	['1972', '2025']
Sebastian Cabot	/wiki/Sebastian_Cabot_(actor)	['1918', '1977']
Michael Caine	/wiki/Michael_Caine	['1933', '2025']
Brian Cant	/wiki/Brian_Cant	['1933', '2017']
Helena Bonham Carter	/wiki/Helena_Bonham_Carter	['1966', '2025']
Kim Cattrall	/wiki/Kim_Cattrall	['1956', '2025']
Joan Collins	/wiki/Joan_Collins	['1933', '2025']
Daniel Craig	/wiki/Daniel_Craig	['1968', '2025']
Michael Crawford	/wiki/Michael_Crawford	['1942', '2025']
Mackenzie Crook	/wiki/Mackenzie_Crook	['1971', '2025']
Benedict Cumberbatch	/wiki/Benedict_Cumberbatch	['1976', '2025']
Tim Curry	/wiki/Tim_Curry	['1946', '2025']
Jack Davenport	/wiki/Jack_Davenport	['1973', '2025']
Anthony Dawson	/wiki/Anthony_Dawson	['1916', '1992']
Daniel Day-Lewis	/wiki/Daniel_Day-Lewis	['1957', '2025']
Roger Delgado	/wiki/Roger_Delgado	['1918', '1973']
Judi Dench	/wiki/Judi_Dench	['1934', '2025']
Sarah Douglas	/wiki/Sarah_Douglas_(actress)	['1952', '2025']
Minnie Driver	/wiki/Minnie_Driver	['1970', '2025']
Christopher Eccleston	/wiki/Christopher_Eccleston	['1964', '2025']
Tamsin Egerton	/wiki/Tamsin_Egerton	['1988', '2025']
Jennifer Ehle	/wiki/Jennifer_Ehle	['1969', '2025']
Idris Elba	/wiki/Idris_Elba	['1972', '2025']
Jennifer Ellison	/wiki/Jennifer_Ellison	['1983', '2025']
Alice Eve	/wiki/Alice_Eve	['1982', '2025']
Rupert Everett	/wiki/Rupert_Everett	['1959', '2025']
Craig Fairbrass	/wiki/Craig_Fairbrass	['1964', '2025']
JJ Feild	/wiki/JJ_Feild	['1978', '2025']
Tom Felton	/wiki/Tom_Felton	['1987', '2025']
Emerald Fennell	/wiki/Emerald_Fennell	['1985', '2025']
Joseph Fiennes	/wiki/Joseph_Fiennes	['1970', '2025']
Ralph Fiennes	/wiki/Ralph_Fiennes	['1962', '2025']
Colin Firth	/wiki/Colin_Firth	['1960', '2025']
Dexter Fletcher	/wiki/Dexter_Fletcher	['1966', '2025']
Jamie Foreman	/wiki/Jamie_Foreman	['1958', '2025']
George Formby, Jr.	/wiki/George_Formby,_Jr.	['1904', '1961']
Claire Forlani	/wiki/Claire_Forlani	['1972', '2025']
Emilia Fox	/wiki/Emilia_Fox	['1974', '2025']
James Frain	/wiki/James_Frain	['1968', '2025']
Martin Freeman	/wiki/Martin_Freeman	['1971', '2025']
Anna Friel	/wiki/Anna_Friel	['1976', '2025']
Sadie Frost	/wiki/Sadie_Frost	['1965', '2025']
Michael Gambon	/wiki/Michael_Gambon	['1940', '2025']
Romola Garai	/wiki/Romola_Garai	['1982', '2025']
Patricia Garwood	/wiki/Patricia_Garwood	['1941', '2025']
John Gielgud	/wiki/John_Gielgud	['1904', '2000']
Stephen Graham	/wiki/Stephen_Graham_(actor)	['1973', '2025']
Cary Grant	/wiki/Cary_Grant	['1904', '1986']
Hugh Grant	/wiki/Hugh_Grant	['1960', '2025']
Leslie Grantham	/wiki/Leslie_Grantham	['1947', '2025']
Sydney Greenstreet	/wiki/Sydney_Greenstreet	['1879', '1954']
John Gregson	/wiki/John_Gregson	['1919', '1975']
Rupert Grint	/wiki/Rupert_Grint	['1988', '2025']
Sienna Guillory	/wiki/Sienna_Guillory	['1975', '2025']
Alec Guinness	/wiki/Alec_Guinness	['1914', '2000']
Brian Hall	/wiki/Brian_Hall_(actor)	['1937', '1997']
Rebecca Hall	/wiki/Rebecca_Hall	['1982', '2025']
Dani Harmer	/wiki/Dani_Harmer	['1989', '2025']
Ricci Harnett	/wiki/Ricci_Harnett	['1973', '2025']
Frank Harper	/wiki/Frank_Harper	['1962', '2025']
Jack Hawkins	/wiki/Jack_Hawkins	['1910', '1973']
Will Hay	/wiki/Will_Hay	['1888', '1949']
Georgie Henley	/wiki/Georgie_Henley	['1995', '2025']
Audrey Hepburn	/wiki/Audrey_Hepburn	['1929', '1993']
Tom Hiddleston	/wiki/Tom_Hiddleston	['1981', '2025']
Wendy Hiller	/wiki/Wendy_Hiller	['1912', '2003']
Stanley Holloway	/wiki/Stanley_Holloway	['1890', '1982']
Bob Hoskins	/wiki/Bob_Hoskins	['1942', '2014']
Nicholas Hoult	/wiki/Nicholas_Hoult	['1989', '2025']
Leslie Howard	/wiki/Leslie_Howard_(actor)	['1893', '1943']
Annie Hulley	/wiki/Annie_Hulley	['1955', '2025']
Rosie Huntington-Whiteley	/wiki/Rosie_Huntington-Whiteley	['1987', '2025']
Elizabeth Hurley	/wiki/Elizabeth_Hurley	['1965', '2025']
John Hurt	/wiki/John_Hurt	['1940', '2017']
Jeremy Irons	/wiki/Jeremy_Irons	['1948', '2025']
Theo James	/wiki/Theo_James	['1984', '2025']
David Jason	/wiki/David_Jason	['1940', '2025']
Aaron Johnson	/wiki/Aaron_Johnson_(actor)	['1990', '2025']
Boris Karloff	/wiki/Boris_Karloff	['1887', '1969']
Toby Kebbell	/wiki/Toby_Kebbell	['1982', '2025']
William Kempe	/wiki/William_Kempe	['1900', '1950']
Skandar Keynes	/wiki/Skandar_Keynes	['1991', '2025']
Ben Kingsley	/wiki/Ben_Kingsley	['1943', '2025']
Keira Knightley	/wiki/Keira_Knightley	['1985', '2025']
Bobby Knutt	/wiki/Bobby_Knutt	['1945', '2017']
Charles Laughton	/wiki/Charles_Laughton	['1899', '1962']
Stan Laurel	/wiki/Stan_Laurel	['1890', '1965']
Hugh Laurie	/wiki/Hugh_Laurie	['1959', '2025']
Jude Law	/wiki/Jude_Law	['1972', '2025']
Jane Leeves	/wiki/Jane_Leeves	['1961', '2025']
Vivien Leigh	/wiki/Vivien_Leigh	['1913', '1967']
Margaret Lockwood	/wiki/Margaret_Lockwood	['1916', '1990']
Joanna Lumley	/wiki/Joanna_Lumley	['1946', '2025']
Patrick Macnee	/wiki/Patrick_Macnee	['1922', '2015']
Roy Marsden	/wiki/Roy_Marsden	['1941', '2025']
Anna Massey	/wiki/Anna_Massey	['1937', '2011']
Martine McCutcheon	/wiki/Martine_McCutcheon	['1976', '2025']
Ian McKellen	/wiki/Ian_McKellen	['1939', '2025']
Sienna Miller	/wiki/Sienna_Miller	['1981', '2025']
Wentworth Miller	/wiki/Wentworth_Miller	['1972', '2025']
Hayley Mills	/wiki/Hayley_Mills	['1946', '2025']
John Mills	/wiki/John_Mills	['1908', '2005']
Helen Mirren	/wiki/Helen_Mirren	['1945', '2025']
Georgia Tennant	/wiki/Georgia_Tennant	['1984', '2025']
Dominic Monaghan	/wiki/Dominic_Monaghan	['1976', '2025']
Roger Moore	/wiki/Roger_Moore	['1927', '2017']
Nick Moran	/wiki/Nick_Moran	['1969', '2025']
Kenneth More	/wiki/Kenneth_More	['1914', '1982']
Joseph Morgan	/wiki/Joseph_Morgan_(actor)	['1981', '2025']
Samantha Morton	/wiki/Samantha_Morton	['1977', '2025']
William Moseley	/wiki/William_Moseley_(actor)	['1987', '2025']
Carey Mulligan	/wiki/Carey_Mulligan	['1985', '2025']
Billy Murray	/wiki/Billy_Murray_(actor)	['1941', '2025']
Sophia Myles	/wiki/Sophia_Myles	['1980', '2025']
Parminder Nagra	/wiki/Parminder_Nagra	['1975', '2025']
Anthony Newley	/wiki/Anthony_Newley	['1931', '1999']
Bill Nighy	/wiki/Bill_Nighy	['1949', '2025']
David Niven	/wiki/David_Niven	['1910', '1983']
Merle Oberon	/wiki/Merle_Oberon	['1911', '2025']
Sophie Okonedo	/wiki/Sophie_Okonedo	['1969', '2025']
Gary Oldman	/wiki/Gary_Oldman	['1958', '2025']
Laurence Olivier	/wiki/Laurence_Olivier	['1907', '1989']
Clive Owen	/wiki/Clive_Owen	['1964', '2025']
Cecil Parker	/wiki/Cecil_Parker	['1897', '1971']
Dev Patel	/wiki/Dev_Patel	['1990', '2025']
Robert Pattinson	/wiki/Robert_Pattinson	['1986', '2025']
Simon Pegg	/wiki/Simon_Pegg	['1970', '2025']
Alex Pettyfer	/wiki/Alex_Pettyfer	['1900', '1950']
Tim Pigott-Smith	/wiki/Tim_Pigott-Smith	['1946', '2017']
Rosamund Pike	/wiki/Rosamund_Pike	['1979', '2025']
Billie Piper	/wiki/Billie_Piper	['1982', '2025']
Anna Popplewell	/wiki/Anna_Popplewell	['1988', '2025']
Dominic Purcell	/wiki/Dominic_Purcell	['1970', '2025']
Daniel Radcliffe	/wiki/Daniel_Radcliffe	['1989', '2025']
Oliver Reed	/wiki/Oliver_Reed	['1938', '1999']
Joely Richardson	/wiki/Joely_Richardson	['1965', '2025']
Miranda Richardson	/wiki/Miranda_Richardson	['1958', '2025']
Natasha Richardson	/wiki/Natasha_Richardson	['1963', '2009']
Ralph Richardson	/wiki/Ralph_Richardson	['1902', '1983']
Alan Rickman	/wiki/Alan_Rickman	['1946', '2016']
William Roache	/wiki/William_Roache	['1932', '2025']
Tim Roth	/wiki/Tim_Roth	['1958', '2025']
Margaret Rutherford	/wiki/Margaret_Rutherford	['1892', '1972']
George Sanders	/wiki/George_Sanders	['1906', '1972']
Peter Sellers	/wiki/Peter_Sellers	['1925', '1980']
Jane Seymour	/wiki/Jane_Seymour_(actress)	['1951', '2025']
Robert Shaw	/wiki/Robert_Shaw_(British_actor)	['1927', '1978']
Nicollette Sheridan	/wiki/Nicollette_Sheridan	['1963', '2025']
Maggie Smith	/wiki/Maggie_Smith	['1934', '2025']
Matt Smith	/wiki/Matt_Smith_(actor)	['1982', '2025']
Terence Stamp	/wiki/Terence_Stamp	['1939', '2025']
Shirley Stelfox	/wiki/Shirley_Stelfox	['1941', '2015']
Rachel Stevens	/wiki/Rachel_Stevens	['1978', '2025']
Patrick Stewart	/wiki/Patrick_Stewart	['1940', '2025']
Tilda Swinton	/wiki/Tilda_Swinton	['1960', '2025']
Elizabeth Taylor	/wiki/Elizabeth_Taylor	['1932', '2011']
Juno Temple	/wiki/Juno_Temple	['1989', '2025']
Kristin Scott Thomas	/wiki/Kristin_Scott_Thomas	['1960', '2025']
Michael Wilding	/wiki/Michael_Wilding_(actor)	['1912', '1979']
Tom Wilkinson	/wiki/Tom_Wilkinson	['1948', '2025']
Kate Winslet	/wiki/Kate_Winslet	['1975', '2025']
Ray Winstone	/wiki/Ray_Winstone	['1957', '2025']
Katherine Woodville	/wiki/Katherine_Woodville_(actress)	['1948', '2013']
George Adamson	/wiki/George_Adamson	['1906', '1989']
Leslie Alcock	/wiki/Leslie_Alcock	['1925', '2006']
Mick Aston	/wiki/Mick_Aston	['1946', '2013']
Richard J. C. Atkinson	/wiki/Richard_J._C._Atkinson	['1920', '1994']
Edward Russell Ayrton	/wiki/Edward_Russell_Ayrton	['1882', '1914']
Churchill Babington	/wiki/Churchill_Babington	['1821', '1889']
Philip Arthur Barker	/wiki/Philip_Arthur_Barker	['1920', '2001']
Thomas Bateman	/wiki/Thomas_Bateman	['1821', '1861']
James Theodore Bent	/wiki/James_Theodore_Bent	['1852', '1897']
Geoffrey Bibby	/wiki/Geoffrey_Bibby	['1917', '2001']
Howard Carter	/wiki/Howard_Carter_(archaeologist)	['1874', '1939']
John Grahame Douglas Clark	/wiki/John_Grahame_Douglas_Clark	['1907', '1995']
David L. Clarke	/wiki/David_L._Clarke	['1937', '1976']
Barry Cunliffe	/wiki/Barry_Cunliffe	['1939', '2025']
Glyn Daniel	/wiki/Glyn_Daniel	['1914', '1986']
John Disney	/wiki/John_Disney_(archaeologist)	['1779', '1857']
E. E. Evans-Pritchard	/wiki/E._E._Evans-Pritchard	['1902', '1973']
Cyril Fox	/wiki/Cyril_Fox	['1882', '1967']
Dorothy Garrod	/wiki/Dorothy_Garrod	['1892', '1968']
William Greenwell	/wiki/William_Greenwell	['1820', '1918']
Phil Harding	/wiki/Phil_Harding_(archaeologist)	['1950', '2025']
Kathleen Kenyon	/wiki/Kathleen_Kenyon	['1906', '1978']
John Leland	/wiki/John_Leland_(antiquary)	['1502', '1552']
John Lubbock, 1st Baron Avebury	/wiki/John_Lubbock,_1st_Baron_Avebury	['1834', '1913']
John Robert Mortimer	/wiki/John_Robert_Mortimer	['1825', '1911']
Francis Pryor	/wiki/Francis_Pryor	['1945', '2025']
Colin Renfrew	/wiki/Colin_Renfrew	['1937', '2025']
Alice Roberts	/wiki/Alice_Roberts	['1973', '2025']
Andrew Sherratt	/wiki/Andrew_Sherratt	['1946', '2006']
Edward Burnett Tylor	/wiki/Edward_Burnett_Tylor	['1832', '1917']
Mortimer Wheeler	/wiki/Mortimer_Wheeler	['1890', '1976']
Hubert Austin	/wiki/Hubert_Austin	['1845', '1915']
Charles Barry	/wiki/Charles_Barry	['1795', '1860']
George Basevi	/wiki/George_Basevi	['1794', '1845']
William Burges	/wiki/William_Burges	['1827', '1881']
William Butterfield	/wiki/William_Butterfield	['1814', '1900']
Rowland Carter	/wiki/Rowland_Carter	['1875', '1916']
William Chambers	/wiki/William_Chambers_(architect)	['1723', '1796']
John Douglas	/wiki/John_Douglas_(architect)	['1830', '1911']
James Harrison	/wiki/James_Harrison_(architect)	['1814', '1866']
Thomas Harrison	/wiki/Thomas_Harrison_(architect)	['1744', '1829']
Nicholas Hawksmoor	/wiki/Nicholas_Hawksmoor	['1661', '1736']
Inigo Jones	/wiki/Inigo_Jones	['1573', '1652']
William Kent	/wiki/William_Kent	['1685', '1748']
Edmund Kirby	/wiki/Edmund_Kirby	['1838', '1920']
Denys Lasdun	/wiki/Denys_Lasdun	['1914', '2001']
Thomas Meakin Lockwood	/wiki/Thomas_Meakin_Lockwood	['1830', '1900']
Edwin Lutyens	/wiki/Edwin_Lutyens	['1869', '1944']
William Morris	/wiki/William_Morris	['1834', '1896']
John Nash	/wiki/John_Nash_(architect)	['1752', '1835']
Henry Paley	/wiki/Henry_Paley	['1859', '1946']
Joseph Paxton	/wiki/Joseph_Paxton	['1801', '1865']
Thomas Mainwaring Penson	/wiki/Thomas_Mainwaring_Penson	['1818', '1864']
August Pugin	/wiki/August_Pugin	['1812', '1852']
Anthony Salvin	/wiki/Anthony_Salvin	['1799', '1881']
George Gilbert Scott	/wiki/George_Gilbert_Scott	['1811', '1878']
Giles Gilbert Scott	/wiki/Giles_Gilbert_Scott	['1880', '1960']
Edmund Sharpe	/wiki/Edmund_Sharpe	['1809', '1877']
John William Simpson	/wiki/John_William_Simpson_(architect)	['1858', '1933']
George Edmund Street	/wiki/George_Edmund_Street	['1824', '1881']
John Vanbrugh	/wiki/John_Vanbrugh	['1664', '1726']
Derek Walker	/wiki/Derek_Walker	['1929', '2015']
Alfred Waterhouse	/wiki/Alfred_Waterhouse	['1830', '1905']
Aston Webb	/wiki/Aston_Webb	['1849', '1930']
William Wilkins	/wiki/William_Wilkins_(architect)	['1778', '1839']
Christopher Wren	/wiki/Christopher_Wren	['1632', '1723']
Sophie Gengembre Anderson	/wiki/Sophie_Gengembre_Anderson	['1823', '1903']
James Andrews	/wiki/James_Andrews_(botanical_artist)	['1801', '1876']
Richard Ansdell	/wiki/Richard_Ansdell	['1815', '1885']
Banksy	/wiki/Banksy	['1900', '1950']
Aubrey Beardsley	/wiki/Aubrey_Beardsley	['1872', '1898']
Suzzan Blac	/wiki/Suzzan_Blac	['1960', '2025']
Peter Blake	/wiki/Peter_Blake_(artist)	['1932', '2025']
William Blake	/wiki/William_Blake	['1757', '1827']
Henry Charles Bryant	/wiki/Henry_Charles_Bryant	['1835', '1915']
Albin R. Burt	/wiki/Albin_R._Burt	['1783', '1842']
Anthony Caro	/wiki/Anthony_Caro	['1924', '2013']
Anna Maria Charretie	/wiki/Anna_Maria_Charretie	['1819', '1875']
John Constable	/wiki/John_Constable	['1776', '1837']
Tracey Emin	/wiki/Tracey_Emin	['1963', '2025']
Thomas Gainsborough	/wiki/Thomas_Gainsborough	['1727', '1788']
Andy Goldsworthy	/wiki/Andy_Goldsworthy	['1956', '2025']
Antony Gormley	/wiki/Antony_Gormley	['1950', '2025']
James Henry Govier	/wiki/James_Henry_Govier	['1910', '1974']
Steven Harris	/wiki/Steven_Harris_(cartoonist)	['1975', '2025']
Thomas Hazlehurst	/wiki/Thomas_Hazlehurst_(artist)	['1900', '1950']
Barbara Hepworth	/wiki/Barbara_Hepworth	['1903', '1975']
Jamie Hewlett	/wiki/Jamie_Hewlett	['1968', '2025']
Nicholas Hilliard	/wiki/Nicholas_Hilliard	['1547', '1619']
Damien Hirst	/wiki/Damien_Hirst	['1965', '2025']
David Hockney	/wiki/David_Hockney	['1937', '2025']
Howard Hodgkin	/wiki/Howard_Hodgkin	['1932', '2017']
William Hogarth	/wiki/William_Hogarth	['1697', '1764']
Master Hugo	/wiki/Master_Hugo	['1900', '1950']
William Holman Hunt	/wiki/William_Holman_Hunt	['1827', '1910']
Edwin Landseer	/wiki/Edwin_Landseer	['1802', '1873']
Celia Levetus	/wiki/Celia_Levetus	['1874', '1936']
Richard Long	/wiki/Richard_Long_(artist)	['1945', '2025']
John Everett Millais	/wiki/John_Everett_Millais	['1829', '1896']
Henry Moore	/wiki/Henry_Moore	['1898', '1986']
William Morris	/wiki/William_Morris	['1834', '1896']
Lawrence Mynott	/wiki/Lawrence_Mynott	['1954', '2025']
Chris Ofili	/wiki/Chris_Ofili	['1968', '2025']
Gilbert & George	/wiki/Gilbert_%26_George	['1942', '2025']
Joshua Reynolds	/wiki/Joshua_Reynolds	['1723', '1792']
Bridget Riley	/wiki/Bridget_Riley	['1931', '2025']
Dante Gabriel Rossetti	/wiki/Dante_Gabriel_Rossetti	['1828', '1882']
Stanley Spencer	/wiki/Stanley_Spencer	['1891', '1959']
George Stubbs	/wiki/George_Stubbs	['1724', '1806']
J.M.W. Turner	/wiki/J.M.W._Turner	['1775', '1851']
Flora Twort	/wiki/Flora_Twort	['1893', '1985']
Mark Wallinger	/wiki/Mark_Wallinger	['1959', '2025']
Rachel Whiteread	/wiki/Rachel_Whiteread	['1963', '2025']
Banksy	/wiki/Banksy	['1900', '1950']
Michael Aspel	/wiki/Michael_Aspel	['1933', '2025']
David Attenborough	/wiki/David_Attenborough	['1926', '2025']
Richard Baker	/wiki/Richard_Baker_(broadcaster)	['1925', '2018']
Jeremy Clarkson	/wiki/Jeremy_Clarkson	['1960', '2025']
Simon Cowell	/wiki/Simon_Cowell	['1959', '2025']
Johnny Kingdom	/wiki/Johnny_Kingdom	['1939', '2018']
Ray Mears	/wiki/Ray_Mears_(author)	['1964', '2025']
Patrick Moore	/wiki/Patrick_Moore	['1923', '2012']
Michael Parkinson	/wiki/Michael_Parkinson	['1935', '2025']
John Peel	/wiki/John_Peel	['1939', '2004']
Jonathan Ross	/wiki/Jonathan_Ross	['1960', '2025']
Jimmy Savile	/wiki/Jimmy_Savile	['1926', '2011']
Mike Smith	/wiki/Mike_Smith_(television_presenter)	['1955', '2014']
Ed Stewart	/wiki/Ed_Stewart	['1941', '2016']
Frederic Bolton	/wiki/Frederic_Bolton	['1851', '1920']
Richard Branson	/wiki/Richard_Branson	['1950', '2025']
Sir John Brunner, 1st Baronet	/wiki/Sir_John_Brunner,_1st_Baronet	['1842', '1919']
Frank Bustard	/wiki/Frank_Bustard	['1886', '1974']
Joseph Crosfield	/wiki/Joseph_Crosfield	['1792', '1844']
Ron Dennis	/wiki/Ron_Dennis	['1947', '2025']
William Gossage	/wiki/William_Gossage	['1799', '1877']
Philip Green	/wiki/Philip_Green	['1952', '2025']
James Hanson, Baron Hanson	/wiki/James_Hanson,_Baron_Hanson	['1922', '2004']
Thomas Hazlehurst	/wiki/Thomas_Hazlehurst_(businessman)	['1779', '1842']
Robert Spear Hudson	/wiki/Robert_Spear_Hudson_(businessman)	['1812', '1884']
John Hutchinson	/wiki/John_Hutchinson_(industrialist)	['1825', '1865']
Peter Jones	/wiki/Peter_Jones_(entrepreneur)	['1966', '2025']
Freddie Laker	/wiki/Freddie_Laker	['1922', '2006']
William Losh	/wiki/William_Losh	['1770', '1861']
Alfred Mond, 1st Baron Melchett	/wiki/Alfred_Mond,_1st_Baron_Melchett	['1868', '1930']
Henry Mond, 2nd Baron Melchett	/wiki/Henry_Mond,_2nd_Baron_Melchett	['1898', '1949']
Julian Edward Alfred Mond, 3rd Baron Melchett	/wiki/Julian_Edward_Alfred_Mond,_3rd_Baron_Melchett	['1925', '1973']
Stephan Morais	/wiki/Stephan_Morais	['1973', '2025']
William Morris, 1st Viscount Nuffield	/wiki/William_Morris,_1st_Viscount_Nuffield	['1877', '1963']
Edmund Knowles Muspratt	/wiki/Edmund_Knowles_Muspratt	['1833', '1923']
Richard Muspratt	/wiki/Richard_Muspratt	['1822', '1885']
Charles Roe	/wiki/Charles_Roe	['1715', '1781']
Titus Salt	/wiki/Titus_Salt	['1803', '1876']
Ivan Stedeford	/wiki/Ivan_Stedeford	['1897', '1975']
Alan Sugar	/wiki/Alan_Sugar	['1947', '2025']
Richard Tompkins	/wiki/Richard_Tompkins	['1918', '1992']
Jamie Waller	/wiki/Jamie_Waller_(entrepreneur)	['1979', '2025']
Josiah Wedgwood	/wiki/Josiah_Wedgwood	['1730', '1795']
Lisa Allen	/wiki/Lisa_Allen	['1981', '2025']
Anjum Anand	/wiki/Anjum_Anand	['1971', '2025']
Frances Atkins	/wiki/Frances_Atkins	['1900', '1950']
April Bloomfield	/wiki/April_Bloomfield	['1974', '2025']
Heston Blumenthal	/wiki/Heston_Blumenthal	['1966', '2025']
Avis Crocombe	/wiki/Avis_Crocombe	['1839', '1927']
Tamasin Day-Lewis	/wiki/Tamasin_Day-Lewis	['1953', '2025']
Fuchsia Dunlop	/wiki/Fuchsia_Dunlop	['1900', '1950']
Keith Floyd	/wiki/Keith_Floyd	['1943', '2009']
Rose Gray	/wiki/Rose_Gray	['1939', '2010']
Sophie Grigson	/wiki/Sophie_Grigson	['1959', '2025']
Fiona Hamilton-Fairley	/wiki/Fiona_Hamilton-Fairley	['1963', '2025']
Angela Hartnett	/wiki/Angela_Hartnett	['1968', '2025']
Rosemary Hume	/wiki/Rosemary_Hume	['1907', '1984']
Robert Irvine	/wiki/Robert_Irvine	['1965', '2025']
Rachel Khoo	/wiki/Rachel_Khoo	['1980', '2025']
Diana Kennedy	/wiki/Diana_Kennedy	['1923', '2025']
Nigella Lawson	/wiki/Nigella_Lawson	['1960', '2025']
Rosa Lewis	/wiki/Rosa_Lewis	['1867', '1952']
Elizabeth Marshall	/wiki/Elizabeth_Marshall_(cook)	['1900', '1950']
James Martin	/wiki/James_Martin_(chef)	['1972', '2025']
Allegra McEvedy	/wiki/Allegra_McEvedy	['1970', '2025']
Mary-Ellen McTague	/wiki/Mary-Ellen_McTague	['1900', '1950']
Jamie Oliver	/wiki/Jamie_Oliver	['1975', '2025']
Merrilees Parker	/wiki/Merrilees_Parker	['1971', '2025']
Jennifer Paterson	/wiki/Jennifer_Paterson	['1928', '1999']
Marguerite Patten	/wiki/Marguerite_Patten	['1915', '2015']
Shaheen Peerbhai	/wiki/Shaheen_Peerbhai	['1986', '2025']
Gordon Ramsay	/wiki/Gordon_Ramsay	['1966', '2025']
Rosemary Shrager	/wiki/Rosemary_Shrager	['1951', '2025']
Delia Smith	/wiki/Delia_Smith	['1941', '2025']
Rick Stein	/wiki/Rick_Stein	['1947', '2025']
Emily Watkins	/wiki/Emily_Watkins	['1900', '1950']
Marco Pierre White	/wiki/Marco_Pierre_White	['1961', '2025']
Anne Willan	/wiki/Anne_Willan	['1938', '2025']
Sophie Wright	/wiki/Sophie_Wright_(chef)	['1900', '1950']
Antony Worrall Thompson	/wiki/Antony_Worrall_Thompson	['1951', '2025']
Pope Adrian IV	/wiki/Pope_Adrian_IV	['1100', '1159']
Thomas Arundel	/wiki/Thomas_Arundel	['1353', '1414']
Richard Bancroft	/wiki/Richard_Bancroft	['1544', '1610']
Richard Barnes	/wiki/Richard_Barnes_(bishop)	['1532', '1587']
Lawrence Booth	/wiki/Lawrence_Booth	['1420', '1480']
Thomas Cobham	/wiki/Thomas_Cobham	['1900', '1950']
William Charles Cotton	/wiki/William_Charles_Cotton	['1813', '1879']
Thomas Cranmer	/wiki/Thomas_Cranmer	['1489', '1556']
William Edington	/wiki/William_Edington	['1900', '1950']
Gildas	/wiki/Gildas	['1900', '1950']
William Howley	/wiki/William_Howley	['1766', '1848']
Trevor Huddleston	/wiki/Trevor_Huddleston	['1913', '1998']
Simon Islip	/wiki/Simon_Islip	['1900', '1950']
Simon Langham	/wiki/Simon_Langham	['1310', '1376']
John Leland	/wiki/John_Leland_(Presbyterian)	['1691', '1766']
Henry Mackenzie	/wiki/Henry_Mackenzie_(bishop)	['1808', '1878']
Walter Maidstone	/wiki/Walter_Maidstone	['1900', '1950']
Simon Mepeham	/wiki/Simon_Mepeham	['1900', '1950']
John Henry Newman	/wiki/John_Henry_Newman	['1801', '1890']
Adam Orleton	/wiki/Adam_Orleton	['1900', '1950']
Plegmund	/wiki/Plegmund	['1900', '1950']
Walter Reynolds	/wiki/Walter_Reynolds	['1900', '1950']
William Smyth	/wiki/William_Smyth	['1460', '1514']
Charles Spurgeon	/wiki/Charles_Spurgeon	['1834', '1892']
John de Stratford	/wiki/John_de_Stratford	['1275', '1348']
Simon Sudbury	/wiki/Simon_Sudbury	['1900', '1950']
Joshua Toulmin	/wiki/Joshua_Toulmin	['1740', '1815']
John Wesley	/wiki/John_Wesley	['1703', '1791']
William Whittlesey	/wiki/William_Whittlesey	['1900', '1950']
Guy Fawkes	/wiki/Guy_Fawkes	['1570', '1606']
Myra Hindley	/wiki/Myra_Hindley	['1942', '2002']
Ian Huntley	/wiki/Ian_Huntley	['1974', '2025']
Kray twins	/wiki/Kray_twins	['1900', '1950']
Jimmy Moody	/wiki/Jimmy_Moody	['1941', '1993']
Cannock Chase murders	/wiki/Cannock_Chase_murders	['1929', '2014']
Harold Shipman	/wiki/Harold_Shipman	['1946', '2004']
Peter Sutcliffe	/wiki/Peter_Sutcliffe	['1946', '2025']
Fred West	/wiki/Fred_West	['1941', '1995']
Steve Wright	/wiki/Steve_Wright_(serial_killer)	['1958', '2025']
Graham Young	/wiki/Graham_Young	['1947', '1990']
R. G. D. Allen	/wiki/R._G._D._Allen	['1906', '1983']
Norman Angell	/wiki/Norman_Angell	['1872', '1967']
William Beveridge	/wiki/William_Beveridge	['1879', '1963']
Edwin Cannan	/wiki/Edwin_Cannan	['1861', '1935']
Colin Clark	/wiki/Colin_Clark_(economist)	['1905', '1989']
Ronald Coase	/wiki/Ronald_Coase	['1910', '2013']
Martin Ellison	/wiki/Martin_Ellison	['1900', '1950']
Friedrich Hayek	/wiki/Friedrich_Hayek	['1899', '1992']
John Hicks	/wiki/John_Hicks	['1904', '1989']
John Holland	/wiki/John_Holland_(banker)	['1658', '1722']
William Stanley Jevons	/wiki/William_Stanley_Jevons	['1835', '1882']
John Maynard Keynes	/wiki/John_Maynard_Keynes	['1883', '1946']
John Neville Keynes	/wiki/John_Neville_Keynes	['1852', '1949']
Arthur Lewis	/wiki/Arthur_Lewis_(economist)	['1915', '1991']
Thomas Malthus	/wiki/Thomas_Malthus	['1766', '1834']
Alfred Marshall	/wiki/Alfred_Marshall	['1842', '1924']
Mary Paley Marshall	/wiki/Mary_Paley_Marshall	['1850', '1944']
James Meade	/wiki/James_Meade	['1907', '1995']
John Stuart Mill	/wiki/John_Stuart_Mill	['1806', '1873']
Arthur Cecil Pigou	/wiki/Arthur_Cecil_Pigou	['1877', '1959']
Lionel Robbins	/wiki/Lionel_Robbins	['1898', '1984']
Joan Violet Robinson	/wiki/Joan_Violet_Robinson	['1903', '1983']
Richard Stone	/wiki/Richard_Stone	['1913', '1991']
Robert Torrens	/wiki/Robert_Torrens_(economist)	['1780', '1864']
Philip Wicksteed	/wiki/Philip_Wicksteed	['1844', '1927']
Benjamin Baker	/wiki/Benjamin_Baker_(engineer)	['1840', '1907']
William Baker	/wiki/William_Baker_(engineer)	['1817', '1878']
Joseph Bazalgette	/wiki/Joseph_Bazalgette	['1819', '1891']
James Beatty	/wiki/James_Beatty_(engineer)	['1820', '1856']
Henry Bessemer	/wiki/Henry_Bessemer	['1813', '1898']
Ronald Eric Bishop	/wiki/Ronald_Eric_Bishop	['1903', '1989']
James Brindley	/wiki/James_Brindley	['1716', '1772']
Isambard Kingdom Brunel	/wiki/Isambard_Kingdom_Brunel	['1806', '1859']
Sydney Camm	/wiki/Sydney_Camm	['1894', '1966']
Donald Campbell	/wiki/Donald_Campbell_(engineer)	['1900', '1950']
William Tierney Clark	/wiki/William_Tierney_Clark	['1783', '1852']
Geoffrey de Havilland	/wiki/Geoffrey_de_Havilland	['1882', '1965']
Edmund Dummer	/wiki/Edmund_Dummer_(naval_engineer)	['1651', '1713']
John Ambrose Fleming	/wiki/John_Ambrose_Fleming	['1848', '1945']
Tommy Flowers	/wiki/Tommy_Flowers	['1908', '1998']
Sir John Fowler, 1st Baronet	/wiki/Sir_John_Fowler,_1st_Baronet	['1900', '1950']
Benjamin Hick	/wiki/Benjamin_Hick	['1790', '1842']
John Hick	/wiki/John_Hick_(MP)	['1815', '1894']
Eric Laithwaite	/wiki/Eric_Laithwaite	['1908', '1998']
William Lyons	/wiki/William_Lyons	['1901', '1985']
William Mackenzie	/wiki/William_Mackenzie_(contractor)	['1794', '1851']
R.J. Mitchell	/wiki/R.J._Mitchell	['1895', '1937']
Henry Royce	/wiki/Henry_Royce	['1863', '1933']
Nevil Shute	/wiki/Nevil_Shute	['1899', '1960']
George Stephenson	/wiki/George_Stephenson	['1781', '1848']
Charles Todd	/wiki/Charles_Todd_(meteorologist)	['1826', '1910']
Barnes Wallis	/wiki/Barnes_Wallis	['1887', '1978']
John Webster	/wiki/John_Webster_(engineer)	['1845', '1914']
Joseph Whitworth	/wiki/Joseph_Whitworth	['1803', '1887']
Gertrude Bell	/wiki/Gertrude_Bell	['1868', '1926']
Thomas Cavendish	/wiki/Thomas_Cavendish	['1560', '1592']
James Cook	/wiki/James_Cook	['1728', '1779']
William Dampier	/wiki/William_Dampier	['1651', '1715']
John Davis	/wiki/John_Davis_(English_explorer)	['1550', '1605']
Charles Montagu Doughty	/wiki/Charles_Montagu_Doughty	['1843', '1926']
Francis Drake	/wiki/Francis_Drake	['1540', '1596']
Ranulph Fiennes	/wiki/Ranulph_Fiennes	['1944', '2025']
Martin Frobisher	/wiki/Martin_Frobisher	['1535', '1594']
Rob Gauntlett	/wiki/Rob_Gauntlett	['1987', '2009']
Robin Knox-Johnston	/wiki/Robin_Knox-Johnston	['1939', '2025']
Michael Palin	/wiki/Michael_Palin	['1943', '2025']
Walter Raleigh	/wiki/Walter_Raleigh	['1552', '1618']
Robert Falcon Scott	/wiki/Robert_Falcon_Scott	['1868', '1912']
Ed Stafford	/wiki/Ed_Stafford	['1975', '2025']
Freya Stark	/wiki/Freya_Stark	['1893', '1993']
Wilfred Thesiger	/wiki/Wilfred_Thesiger	['1910', '2003']
Henry Timberlake	/wiki/Henry_Timberlake_(merchant_adventurer)	['1570', '1625']
Richard Attenborough	/wiki/Richard_Attenborough	['1923', '2014']
John Boorman	/wiki/John_Boorman	['1933', '2025']
John and Roy Boulting	/wiki/John_and_Roy_Boulting	['1900', '1950']
Alan Clarke	/wiki/Alan_Clarke	['1935', '1990']
Charlie Chaplin	/wiki/Charlie_Chaplin	['1889', '1977']
Mike Figgis	/wiki/Mike_Figgis	['1948', '2025']
Lewis Gilbert	/wiki/Lewis_Gilbert	['1920', '2018']
David Hare	/wiki/David_Hare_(dramatist)	['1947', '2025']
Alfred Hitchcock	/wiki/Alfred_Hitchcock	['1899', '1980']
Peter Howitt	/wiki/Peter_Howitt	['1957', '2025']
Humphrey Jennings	/wiki/Humphrey_Jennings	['1907', '1950']
Stan Laurel	/wiki/Stan_Laurel	['1890', '1965']
David Lean	/wiki/David_Lean	['1908', '1991']
Mike Leigh	/wiki/Mike_Leigh	['1943', '2025']
Ken Loach	/wiki/Ken_Loach	['1936', '2025']
Nick Love	/wiki/Nick_Love	['1969', '2025']
Anthony Minghella	/wiki/Anthony_Minghella	['1954', '2008']
Carol Morley	/wiki/Carol_Morley	['1966', '2025']
Mike Newell	/wiki/Mike_Newell_(director)	['1942', '2025']
Christopher Nolan	/wiki/Christopher_Nolan	['1970', '2025']
Nick Park	/wiki/Nick_Park	['1958', '2025']
Michael Powell	/wiki/Michael_Powell_(director)	['1905', '1990']
Guy Ritchie	/wiki/Guy_Ritchie	['1968', '2025']
Ken Russell	/wiki/Ken_Russell	['1927', '2011']
Ridley Scott	/wiki/Ridley_Scott	['1937', '2025']
Tony Scott	/wiki/Tony_Scott	['1944', '2012']
William Camden	/wiki/William_Camden	['1551', '1623']
Edward Gibbon	/wiki/Edward_Gibbon	['1737', '1794']
Richard Holmes	/wiki/Richard_Holmes_(military_historian)	['1946', '2011']
Sir Peter Leycester, 1st Baronet	/wiki/Sir_Peter_Leycester,_1st_Baronet	['1614', '1678']
George Ormerod	/wiki/George_Ormerod	['1785', '1873']
Nicholas Rodger	/wiki/Nicholas_Rodger	['1949', '2025']
John Speed	/wiki/John_Speed	['1542', '1629']
A.J.P. Taylor	/wiki/A.J.P._Taylor	['1906', '1990']
Chris Addison	/wiki/Chris_Addison	['1972', '2025']
Chesney Allen	/wiki/Chesney_Allen	['1893', '1982']
Stephen K. Amos	/wiki/Stephen_K._Amos	['1967', '2025']
Rowan Atkinson	/wiki/Rowan_Atkinson	['1955', '2025']
Charlie Chaplin	/wiki/Charlie_Chaplin	['1889', '1977']
Richard Ayoade	/wiki/Richard_Ayoade	['1977', '2025']
Ronnie Barker	/wiki/Ronnie_Barker	['1929', '2005']
Sacha Baron Cohen	/wiki/Sacha_Baron_Cohen	['1971', '2025']
Julian Barratt	/wiki/Julian_Barratt	['1968', '2025']
Matt Berry	/wiki/Matt_Berry	['1974', '2025']
John Bird	/wiki/John_Bird_(actor)	['1936', '2025']
Jo Brand	/wiki/Jo_Brand	['1957', '2025']
Charlie Brooker	/wiki/Charlie_Brooker	['1971', '2025']
Roy 'Chubby' Brown	/wiki/Roy_%27Chubby%27_Brown	['1945', '2025']
Adam Buxton	/wiki/Adam_Buxton	['1969', '2025']
Alan Carr	/wiki/Alan_Carr	['1976', '2025']
Jimmy Carr	/wiki/Jimmy_Carr	['1972', '2025']
Jasper Carrott	/wiki/Jasper_Carrott	['1945', '2025']
Graham Chapman	/wiki/Graham_Chapman	['1941', '1989']
John Cleese	/wiki/John_Cleese	['1939', '2025']
Steve Coogan	/wiki/Steve_Coogan	['1965', '2025']
Peter Cook	/wiki/Peter_Cook	['1937', '1995']
Tommy Cooper	/wiki/Tommy_Cooper	['1921', '1984']
Barry Cryer	/wiki/Barry_Cryer	['1935', '2025']
Jon Culshaw	/wiki/Jon_Culshaw	['1968', '2025']
Jim Davidson	/wiki/Jim_Davidson	['1953', '2025']
Les Dawson	/wiki/Les_Dawson	['1931', '1993']
Angus Deayton	/wiki/Angus_Deayton	['1956', '2025']
Hugh Dennis	/wiki/Hugh_Dennis	['1962', '2025']
Ken Dodd	/wiki/Ken_Dodd	['1929', '2025']
Ade Edmondson	/wiki/Ade_Edmondson	['1957', '2025']
Jo Enright	/wiki/Jo_Enright	['1968', '2025']
Lee Evans	/wiki/Lee_Evans_(comedian)	['1964', '2025']
Noel Fielding	/wiki/Noel_Fielding	['1973', '2025']
Bud Flanagan	/wiki/Bud_Flanagan	['1896', '1968']
John Fortune	/wiki/John_Fortune	['1939', '2013']
Dawn French	/wiki/Dawn_French	['1957', '2025']
Stephen Fry	/wiki/Stephen_Fry	['1958', '2025']
Ricky Gervais	/wiki/Ricky_Gervais	['1961', '2025']
Dave Gorman	/wiki/Dave_Gorman	['1971', '2025']
Tony Hancock	/wiki/Tony_Hancock	['1924', '1968']
Jeremy Hardy	/wiki/Jeremy_Hardy	['1961', '2025']
Miranda Hart	/wiki/Miranda_Hart	['1972', '2025']
Lenny Henry	/wiki/Lenny_Henry	['1958', '2025']
Richard Herring	/wiki/Richard_Herring	['1967', '2025']
Matthew Holness	/wiki/Matthew_Holness	['1975', '2025']
Russell Howard	/wiki/Russell_Howard	['1980', '2025']
Lee Hurst	/wiki/Lee_Hurst_(comedian)	['1963', '2025']
Eric Idle	/wiki/Eric_Idle	['1943', '2025']
Robin Ince	/wiki/Robin_Ince	['1969', '2025']
Eddie Izzard	/wiki/Eddie_Izzard	['1962', '2025']
Russell Kane	/wiki/Russell_Kane	['1980', '2025']
Peter Kay	/wiki/Peter_Kay	['1973', '2025']
Hugh Laurie	/wiki/Hugh_Laurie	['1959', '2025']
Stewart Lee	/wiki/Stewart_Lee	['1968', '2025']
Alice Lowe	/wiki/Alice_Lowe	['1977', '2025']
Matt Lucas	/wiki/Matt_Lucas_(comedian)	['1974', '2025']
Lee Mack	/wiki/Lee_Mack	['1968', '2025']
Bernard Manning	/wiki/Bernard_Manning	['1930', '2007']
Rik Mayall	/wiki/Rik_Mayall	['1958', '2014']
Alistair McGowan	/wiki/Alistair_McGowan	['1964', '2025']
Rory McGrath	/wiki/Rory_McGrath	['1956', '2025']
Paddy McGuinness	/wiki/Paddy_McGuinness	['1973', '2025']
Michael McIntyre	/wiki/Michael_McIntyre	['1976', '2025']
Stephen Merchant	/wiki/Stephen_Merchant	['1974', '2025']
Paul Merton	/wiki/Paul_Merton	['1957', '2025']
Sarah Millican	/wiki/Sarah_Millican	['1975', '2025']
David Mitchell	/wiki/David_Mitchell_(comedian)	['1974', '2025']
Bob Monkhouse	/wiki/Bob_Monkhouse	['1928', '2003']
Eric Morecambe	/wiki/Eric_Morecambe	['1926', '1984']
Chris Morris	/wiki/Chris_Morris_(satirist)	['1962', '2025']
Bob Mortimer	/wiki/Bob_Mortimer	['1959', '2025']
Frank Muir	/wiki/Frank_Muir	['1920', '1998']
Al Murray	/wiki/Al_Murray	['1968', '2025']
Denis Norden	/wiki/Denis_Norden	['1922', '2025']
John Oliver	/wiki/John_Oliver_(entertainer)	['1977', '2025']
Michael Palin	/wiki/Michael_Palin	['1943', '2025']
Andy Parsons	/wiki/Andy_Parsons	['1967', '2025']
Sue Perkins	/wiki/Sue_Perkins	['1969', '2025']
Lucy Porter	/wiki/Lucy_Porter	['1973', '2025']
Jan Ravens	/wiki/Jan_Ravens	['1958', '2025']
Vic Reeves	/wiki/Vic_Reeves	['1959', '2025']
Mike Reid	/wiki/Mike_Reid_(actor)	['1940', '2007']
Jennifer Saunders	/wiki/Jennifer_Saunders	['1958', '2025']
Peter Sellers	/wiki/Peter_Sellers	['1925', '1980']
Frank Skinner	/wiki/Frank_Skinner	['1957', '2025']
Arthur Smith	/wiki/Arthur_Smith_(comedian)	['1954', '2025']
Freddie Starr	/wiki/Freddie_Starr	['1944', '2025']
Tracey Ullman	/wiki/Tracey_Ullman	['1959', '2025']
Tim Vine	/wiki/Tim_Vine	['1967', '2025']
David Walliams	/wiki/David_Walliams	['1971', '2025']
Holly Walsh	/wiki/Holly_Walsh	['1980', '2025']
Robert Webb	/wiki/Robert_Webb	['1972', '2025']
Jack Whitehall	/wiki/Jack_Whitehall	['1988', '2025']
Norman Wisdom	/wiki/Norman_Wisdom	['1915', '2010']
Ernie Wise	/wiki/Ernie_Wise	['1925', '1999']
Ruth Amos	/wiki/Ruth_Amos	['1989', '2025']
Richard Arkwright	/wiki/Richard_Arkwright	['1733', '1792']
Timothy Berners-Lee	/wiki/Timothy_Berners-Lee	['1955', '2025']
Henry Bessemer	/wiki/Henry_Bessemer	['1813', '1898']
Hubert Cecil Booth	/wiki/Hubert_Cecil_Booth	['1871', '1955']
Joseph Bramah	/wiki/Joseph_Bramah	['1748', '1814']
Henry Cavendish	/wiki/Henry_Cavendish	['1731', '1810']
Christopher Cockerell	/wiki/Christopher_Cockerell	['1910', '1999']
William Congreve	/wiki/William_Congreve_(inventor)	['1772', '1828']
Abraham Darby I	/wiki/Abraham_Darby_I	['1678', '1717']
James Dyson	/wiki/James_Dyson	['1947', '2025']
James Hargreaves	/wiki/James_Hargreaves	['1720', '1778']
John Harington	/wiki/John_Harington_(writer)	['1561', '1612']
John Harrison	/wiki/John_Harrison	['1693', '1776']
Rowland Hill	/wiki/Rowland_Hill_(postal_reformer)	['1795', '1879']
Benjamin Huntsman	/wiki/Benjamin_Huntsman	['1704', '1776']
Archibald Low	/wiki/Archibald_Low	['1888', '1956']
Thomas Newcomen	/wiki/Thomas_Newcomen	['1664', '1729']
Isaac Newton	/wiki/Isaac_Newton	['1642', '1727']
James Starley	/wiki/James_Starley	['1831', '1881']
George Stephenson	/wiki/George_Stephenson	['1781', '1848']
Joseph Wilson Swan	/wiki/Joseph_Wilson_Swan	['1823', '1914']
Charles Wheatstone	/wiki/Charles_Wheatstone	['1802', '1875']
Frank Whittle	/wiki/Frank_Whittle	['1907', '1996']
Joseph Whitworth	/wiki/Joseph_Whitworth	['1803', '1887']
Mark Austin	/wiki/Mark_Austin_(journalist)	['1958', '2025']
Reginald Bosanquet	/wiki/Reginald_Bosanquet	['1932', '1984']
Christopher Booker	/wiki/Christopher_Booker	['1937', '2025']
Michael Buerk	/wiki/Michael_Buerk	['1946', '2025']
Alastair Burnet	/wiki/Alastair_Burnet	['1928', '2012']
Edward Chattaway	/wiki/Edward_Chattaway	['1873', '1956']
Jill Dando	/wiki/Jill_Dando	['1961', '1999']
Robin Day	/wiki/Robin_Day	['1923', '2000']
Katie Derham	/wiki/Katie_Derham	['1970', '2025']
Peter Donaldson	/wiki/Peter_Donaldson	['1945', '2025']
Julie Etchingham	/wiki/Julie_Etchingham	['1969', '2025']
Anna Ford	/wiki/Anna_Ford	['1943', '2025']
Paul Foot	/wiki/Paul_Foot_(journalist)	['1937', '2004']
Andrew Gardner	/wiki/Andrew_Gardner_(newsreader)	['1932', '1999']
Krishnan Guru-Murthy	/wiki/Krishnan_Guru-Murthy	['1970', '2025']
Nina Hossain	/wiki/Nina_Hossain	['1975', '2025']
Richard Ingrams	/wiki/Richard_Ingrams	['1937', '2025']
Natasha Kaplinsky	/wiki/Natasha_Kaplinsky	['1972', '2025']
Mary Nightingale	/wiki/Mary_Nightingale	['1963', '2025']
Jeremy Paxman	/wiki/Jeremy_Paxman	['1950', '2025']
Sophie Raworth	/wiki/Sophie_Raworth	['1968', '2025']
Angela Rippon	/wiki/Angela_Rippon	['1944', '2025']
Willie Rushton	/wiki/Willie_Rushton	['1937', '1996']
Peter Sissons	/wiki/Peter_Sissons	['1942', '2025']
Jon Snow	/wiki/Jon_Snow_(journalist)	['1947', '2025']
Alastair Stewart	/wiki/Alastair_Stewart	['1952', '2025']
Moira Stuart	/wiki/Moira_Stuart	['1949', '2025']
John Adams	/wiki/John_Adams_(mutineer)	['1767', '1829']
George Anson, 1st Baron Anson	/wiki/George_Anson,_1st_Baron_Anson	['1697', '1762']
Claude Auchinleck	/wiki/Claude_Auchinleck	['1884', '1981']
Reginald Bacon	/wiki/Reginald_Bacon	['1863', '1947']
Robert Baden-Powell	/wiki/Robert_Baden-Powell	['1857', '1941']
Douglas Bader	/wiki/Douglas_Bader	['1910', '1982']
Ralph Alger Bagnold	/wiki/Ralph_Alger_Bagnold	['1896', '1990']
Alexander Ball	/wiki/Alexander_Ball	['1759', '1809']
Samuel Barrington	/wiki/Samuel_Barrington	['1729', '1800']
Lord Aubrey Beauclerk	/wiki/Lord_Aubrey_Beauclerk	['1710', '1741']
John Benbow	/wiki/John_Benbow	['1653', '1702']
William Riddell Birdwood, 1st Baron Birdwood	/wiki/William_Riddell_Birdwood,_1st_Baron_Birdwood	['1865', '1951']
Admiral Robert Blake	/wiki/Admiral_Robert_Blake	['1599', '1657']
William Bligh	/wiki/William_Bligh	['1754', '1817']
James Henry Robinson Bond	/wiki/James_Henry_Robinson_Bond	['1871', '1943']
Sir John Borlase Warren, 1st Baronet	/wiki/Sir_John_Borlase_Warren,_1st_Baronet	['1753', '1822']
Philip Broke	/wiki/Philip_Broke	['1776', '1841']
Richard Francis Burton	/wiki/Richard_Francis_Burton	['1821', '1890']
Freddie Spencer Chapman	/wiki/Freddie_Spencer_Chapman	['1907', '1971']
Leonard Cheshire	/wiki/Leonard_Cheshire	['1917', '1992']
Winston Churchill	/wiki/Winston_Churchill	['1874', '1965']
Charles Clerke	/wiki/Charles_Clerke	['1741', '1779']
Sir George Cockburn, 10th Baronet	/wiki/Sir_George_Cockburn,_10th_Baronet	['1772', '1853']
Cuthbert Collingwood	/wiki/Cuthbert_Collingwood	['1748', '1810']
Henry Seymour Conway	/wiki/Henry_Seymour_Conway	['1721', '1795']
John Cooke	/wiki/John_Cooke_(Royal_Navy_officer)	['1762', '1805']
Charles Cornwallis, 1st Marquess Cornwallis	/wiki/Charles_Cornwallis,_1st_Marquess_Cornwallis	['1738', '1805']
Oliver Cromwell	/wiki/Oliver_Cromwell	['1599', '1658']
Miles Dempsey	/wiki/Miles_Dempsey	['1896', '1969']
Francis Drake	/wiki/Francis_Drake	['1540', '1596']
Sir John Duckworth, 1st Baronet	/wiki/Sir_John_Duckworth,_1st_Baronet	['1748', '1817']
Alexander Fraser	/wiki/Alexander_Fraser_(British_Army_officer)	['1824', '1898']
Charles George Gordon	/wiki/Charles_George_Gordon	['1833', '1885']
Sir Thomas Hardy, 1st Baronet	/wiki/Sir_Thomas_Hardy,_1st_Baronet	['1769', '1859']
Arthur Travers Harris	/wiki/Arthur_Travers_Harris	['1892', '1984']
Eliab Harvey	/wiki/Eliab_Harvey	['1758', '1830']
Edward Hawke	/wiki/Edward_Hawke	['1705', '1781']
John Hawkwood	/wiki/John_Hawkwood	['1320', '1394']
Samuel Hood, 1st Viscount Hood	/wiki/Samuel_Hood,_1st_Viscount_Hood	['1724', '1816']
Brian Horrocks	/wiki/Brian_Horrocks	['1895', '1985']
William Hoste	/wiki/William_Hoste	['1780', '1828']
William Hotham, 1st Baron Hotham	/wiki/William_Hotham,_1st_Baron_Hotham	['1736', '1813']
John Howard	/wiki/John_Howard_(British_Army_officer)	['1912', '1999']
Richard Howe, 1st Earl Howe	/wiki/Richard_Howe,_1st_Earl_Howe	['1726', '1799']
William Howe, 5th Viscount Howe	/wiki/William_Howe,_5th_Viscount_Howe	['1729', '1814']
John Jellicoe, 1st Earl Jellicoe	/wiki/John_Jellicoe,_1st_Earl_Jellicoe	['1859', '1935']
Roger Keyes, 1st Baron Keyes	/wiki/Roger_Keyes,_1st_Baron_Keyes	['1872', '1945']
Lofty Large	/wiki/Lofty_Large	['1900', '1950']
FitzRoy Henry Lee	/wiki/FitzRoy_Henry_Lee	['1699', '1750']
John Ligonier, 1st Earl Ligonier	/wiki/John_Ligonier,_1st_Earl_Ligonier	['1680', '1770']
Trafford Leigh Mallory	/wiki/Trafford_Leigh_Mallory	['1892', '1944']
William McMurdo	/wiki/William_McMurdo	['1819', '1894']
Andy McNab	/wiki/Andy_McNab	['1959', '2025']
Samuel Mitchell	/wiki/Samuel_Mitchell_(VC)	['1841', '1894']
Horatio Nelson	/wiki/Horatio_Nelson	['1758', '1805']
Augustus Charles Newman	/wiki/Augustus_Charles_Newman	['1904', '1972']
John Norreys	/wiki/John_Norreys	['1547', '1597']
Sir William Parker	/wiki/Sir_William_Parker	['1781', '1866']
Arthur Phillip	/wiki/Arthur_Phillip	['1738', '1814']
Basil Charles Godfrey Place	/wiki/Basil_Charles_Godfrey_Place	['1921', '1994']
Dudley Pound	/wiki/Dudley_Pound	['1877', '1943']
Bertram Ramsay	/wiki/Bertram_Ramsay	['1883', '1945']
Bernard Rawlings	/wiki/Bernard_Rawlings_(Royal_Navy_officer)	['1889', '1962']
Sir William Robertson, 1st Baronet	/wiki/Sir_William_Robertson,_1st_Baronet	['1860', '1933']
Frederick John Robinson, 1st Viscount Goderich	/wiki/Frederick_John_Robinson,_1st_Viscount_Goderich	['1782', '1859']
Chris Ryan	/wiki/Chris_Ryan	['1961', '2025']
Siegfried Sassoon	/wiki/Siegfried_Sassoon	['1886', '1967']
Charles Saunders	/wiki/Charles_Saunders_(Royal_Navy_officer)	['1715', '1775']
William Slim, 1st Viscount Slim	/wiki/William_Slim,_1st_Viscount_Slim	['1897', '1970']
Sir Sidney Smith	/wiki/Sir_Sidney_Smith	['1764', '1840']
Horace Smith-Dorrien	/wiki/Horace_Smith-Dorrien	['1858', '1930']
Fitzroy Somerset, 1st Baron Raglan	/wiki/Fitzroy_Somerset,_1st_Baron_Raglan	['1788', '1855']
James Somerville	/wiki/James_Somerville	['1882', '1949']
Bill Speakman	/wiki/Bill_Speakman	['1927', '2025']
Richard Strachan	/wiki/Richard_Strachan	['1760', '1828']
James Brian Tait	/wiki/James_Brian_Tait	['1916', '2007']
Henry Tandey	/wiki/Henry_Tandey	['1891', '1977']
Hugh Trenchard, 1st Viscount Trenchard	/wiki/Hugh_Trenchard,_1st_Viscount_Trenchard	['1873', '1956']
Sir Thomas Troubridge, 1st Baronet	/wiki/Sir_Thomas_Troubridge,_1st_Baronet	['1758', '1807']
Reginald Tyrwhitt	/wiki/Reginald_Tyrwhitt	['1870', '1951']
George Vancouver	/wiki/George_Vancouver	['1757', '1798']
Edward Vernon	/wiki/Edward_Vernon	['1684', '1757']
Philip Vian	/wiki/Philip_Vian	['1894', '1968']
Archibald Percival Wavell, 1st Earl Wavell	/wiki/Archibald_Percival_Wavell,_1st_Earl_Wavell	['1883', '1950']
Jane Whorwood	/wiki/Jane_Whorwood	['1612', '1684']
James Wolfe	/wiki/James_Wolfe	['1727', '1759']
John Woodhouse	/wiki/John_Woodhouse_(British_Army_officer)	['1922', '2008']
Alfred the Great	/wiki/Alfred_the_Great	['849', '899']
Cnut	/wiki/Cnut	['1900', '1950']
Edward the Confessor	/wiki/Edward_the_Confessor	['1900', '1950']
Harold Godwinson	/wiki/Harold_Godwinson	['1900', '1950']
Harold Harefoot	/wiki/Harold_Harefoot	['1900', '1950']
Harthacnut	/wiki/Harthacnut	['1900', '1950']
James II	/wiki/James_II	['1900', '1950']
Lady Jane Grey	/wiki/Lady_Jane_Grey	['1900', '1950']
Richard II	/wiki/Richard_II	['1900', '1950']
William the Conqueror	/wiki/William_the_Conqueror	['1900', '1950']
Stuart Adamson	/wiki/Stuart_Adamson	['1900', '1950']
Adele	/wiki/Adele	['1900', '1950']
Thomas Adès	/wiki/Thomas_Ad%C3%A8s	['1971', '2025']
Damon Albarn	/wiki/Damon_Albarn	['1968', '2025']
John Alldis	/wiki/John_Alldis	['1929', '2025']
Lily Allen	/wiki/Lily_Allen	['1985', '2025']
Marsha Ambrosius	/wiki/Marsha_Ambrosius	['1977', '2025']
David Arnold	/wiki/David_Arnold	['1962', '2025']
Malcolm Arnold	/wiki/Malcolm_Arnold	['1921', '2006']
Quenton Ashlyn	/wiki/Quenton_Ashlyn	['1900', '1950']
Rick Astley	/wiki/Rick_Astley	['1966', '2025']
Alexander Baillie	/wiki/Alexander_Baillie	['1956', '2025']
Bryan Balkwill	/wiki/Bryan_Balkwill	['1922', '2007']
John Barbirolli	/wiki/John_Barbirolli	['1899', '1970']
Gary Barlow	/wiki/Gary_Barlow	['1971', '2025']
Syd Barrett	/wiki/Syd_Barrett	['1946', '2006']
Norman Beaker	/wiki/Norman_Beaker	['1950', '2025']
Victoria Beckham	/wiki/Victoria_Beckham	['1974', '2025']
David Bedford	/wiki/David_Bedford	['1937', '2025']
Mark Bedford	/wiki/Mark_Bedford	['1961', '2025']
Natasha Bedingfield	/wiki/Natasha_Bedingfield	['1981', '2025']
Thomas Beecham	/wiki/Thomas_Beecham	['1879', '1961']
Matthew Bellamy	/wiki/Matthew_Bellamy	['1978', '2025']
Lisa Beznosiuk	/wiki/Lisa_Beznosiuk	['1956', '2025']
Acker Bilk	/wiki/Acker_Bilk	['1929', '2014']
Alan Parsons	/wiki/Alan_Parsons	['1948', '2025']
Roger Birnstingl	/wiki/Roger_Birnstingl	['1900', '1950']
Harrison Birtwistle	/wiki/Harrison_Birtwistle	['1934', '2025']
Colin Vearncombe	/wiki/Colin_Vearncombe	['1962', '2025']
Cilla Black	/wiki/Cilla_Black	['1943', '2015']
James Blunt	/wiki/James_Blunt	['1977', '2025']
Ian Gillan	/wiki/Ian_Gillan	['1945', '2025']
John Bonham	/wiki/John_Bonham	['1948', '1980']
Ritchie Blackmore	/wiki/Ritchie_Blackmore	['1945', '2025']
Tim Booth	/wiki/Tim_Booth	['1960', '2025']
Adrian Boult	/wiki/Adrian_Boult	['1889', '1983']
James Bourne	/wiki/James_Bourne	['1900', '1950']
David Bowie	/wiki/David_Bowie	['1947', '2016']
Robin Gibb	/wiki/Robin_Gibb	['1949', '2012']
William Boyce	/wiki/William_Boyce_(composer)	['1711', '1779']
Billy Bragg	/wiki/Billy_Bragg	['1957', '2025']
Havergal Brian	/wiki/Havergal_Brian	['1876', '1972']
Sarah Brightman	/wiki/Sarah_Brightman	['1960', '2025']
Benjamin Britten	/wiki/Benjamin_Britten	['1913', '1976']
Justin Broadrick	/wiki/Justin_Broadrick	['1969', '2025']
Pete Burns	/wiki/Pete_Burns	['1959', '2025']
Kate Bush	/wiki/Kate_Bush	['1958', '2025']
Bilinda Butcher	/wiki/Bilinda_Butcher	['1961', '2025']
William Byrd	/wiki/William_Byrd	['1543', '1623']
Justin Chancellor	/wiki/Justin_Chancellor	['1971', '2025']
Eric Clapton	/wiki/Eric_Clapton	['1945', '2025']
Rick Wakeman	/wiki/Rick_Wakeman	['1949', '2025']
Adam Clayton	/wiki/Adam_Clayton	['1960', '2025']
Cheryl Cole	/wiki/Cheryl_Cole	['1983', '2025']
Jon Anderson	/wiki/Jon_Anderson	['1944', '2025']
Phil Collins	/wiki/Phil_Collins	['1951', '2025']
Imogen Cooper	/wiki/Imogen_Cooper	['1949', '2025']
Graham Coxon	/wiki/Graham_Coxon	['1969', '2025']
Ian Curtis	/wiki/Ian_Curtis	['1956', '1980']
Roger Daltrey	/wiki/Roger_Daltrey	['1944', '2025']
Peter Maxwell Davies	/wiki/Peter_Maxwell_Davies	['1934', '2016']
Andrew Davis	/wiki/Andrew_Davis_(conductor)	['1944', '2025']
Colin Davis	/wiki/Colin_Davis	['1927', '2025']
Chris de Burgh	/wiki/Chris_de_Burgh	['1948', '2025']
Gervase de Peyer	/wiki/Gervase_de_Peyer	['1926', '2025']
Norman Del Mar	/wiki/Norman_Del_Mar	['1919', '1994']
Frederick Delius	/wiki/Frederick_Delius	['1862', '1934']
Dido	/wiki/Dido_(singer)	['1900', '1950']
Pete Doherty	/wiki/Pete_Doherty	['1900', '1950']
Peter Donohoe	/wiki/Peter_Donohoe_(pianist)	['1953', '2025']
John Dowland	/wiki/John_Dowland	['1900', '1950']
Nick Drake	/wiki/Nick_Drake	['1948', '1974']
Jacqueline du Pré	/wiki/Jacqueline_du_Pr%C3%A9	['1945', '1987']
John Dunstaple	/wiki/John_Dunstaple	['1383', '1453']
Ian Dury	/wiki/Ian_Dury	['1942', '2000']
Edward Elgar	/wiki/Edward_Elgar	['1857', '1934']
John Entwistle	/wiki/John_Entwistle	['1944', '2002']
George Ezra	/wiki/George_Ezra	['1993', '2025']
Marianne Faithfull	/wiki/Marianne_Faithfull	['1946', '2025']
Gerald Finzi	/wiki/Gerald_Finzi	['1901', '1956']
Lita Ford	/wiki/Lita_Ford	['1900', '1950']
Chris Foreman	/wiki/Chris_Foreman	['1956', '2025']
George Formby	/wiki/George_Formby	['1906', '2025']
Peter Gabriel	/wiki/Peter_Gabriel	['1950', '2025']
Noel Gallagher	/wiki/Noel_Gallagher	['1967', '2025']
Orlando Gibbons	/wiki/Orlando_Gibbons	['1583', '1625']
David Gilmour	/wiki/David_Gilmour	['1946', '2025']
Ron Goodwin	/wiki/Ron_Goodwin	['1925', '2003']
Debbie Googe	/wiki/Debbie_Googe	['1962', '2025']
Ellie Goulding	/wiki/Ellie_Goulding	['1986', '2025']
Bella Hardy	/wiki/Bella_Hardy	['1900', '1950']
Dhani Harrison	/wiki/Dhani_Harrison	['1978', '2025']
George Harrison	/wiki/George_Harrison	['1943', '2001']
PJ Harvey	/wiki/PJ_Harvey	['1969', '2025']
Anthony Hewitt	/wiki/Anthony_Hewitt	['1971', '2025']
Steve Hogarth	/wiki/Steve_Hogarth	['1959', '2025']
Gustav Holst	/wiki/Gustav_Holst	['1874', '1934']
Dominic Howard	/wiki/Dominic_Howard	['1977', '2025']
Tony Iommi	/wiki/Tony_Iommi	['1948', '2025']
John Ireland	/wiki/John_Ireland_(composer)	['1879', '1962']
Robert Irving	/wiki/Robert_Irving_(conductor)	['1913', '1991']
Jessie J	/wiki/Jessie_J	['1988', '2025']
Mick Jagger	/wiki/Mick_Jagger	['1943', '2025']
Elton John	/wiki/Elton_John	['1947', '2025']
Brian Johnson	/wiki/Brian_Johnson	['1947', '2025']
Brian Jones	/wiki/Brian_Jones	['1942', '1969']
Davy Jones	/wiki/Davy_Jones_(actor)	['1945', '2012']
John Paul Jones	/wiki/John_Paul_Jones_(musician)	['1946', '2025']
Nigel Kennedy	/wiki/Nigel_Kennedy	['1956', '2025']
Thea King	/wiki/Thea_King	['1925', '2007']
Adrian Lambert	/wiki/Adrian_Lambert	['1976', '2025']
Jen Ledger	/wiki/Jen_Ledger	['1989', '2025']
Albert Lee	/wiki/Albert_Lee	['1945', '2025']
John Lennon	/wiki/John_Lennon	['1940', '1980']
Leona Lewis	/wiki/Leona_Lewis	['1985', '2025']
Cher Lloyd	/wiki/Cher_Lloyd	['1993', '2025']
Andrew Lloyd Webber	/wiki/Andrew_Lloyd_Webber	['1948', '2025']
Pixie Lott	/wiki/Pixie_Lott	['1991', '2025']
Chris Lowe	/wiki/Chris_Lowe	['1959', '2025']
Zayn Malik	/wiki/Zayn_Malik	['1993', '2025']
Chris Martin	/wiki/Chris_Martin	['1977', '2025']
Paul McCartney	/wiki/Paul_McCartney	['1942', '2025']
Graham McPherson	/wiki/Graham_McPherson	['1961', '2025']
George Michael	/wiki/George_Michael	['1963', '2016']
Tony Mills	/wiki/Tony_Mills_(musician)	['1962', '2019']
Keith Moon	/wiki/Keith_Moon	['1946', '1978']
Thomas Morley	/wiki/Thomas_Morley	['1557', '1602']
Ella Mai	/wiki/Ella_Mai	['1994', '2025']
Gareth Morris	/wiki/Gareth_Morris	['1920', '2007']
Morrissey	/wiki/Morrissey	['1959', '2025']
Freddie Mercury	/wiki/Freddie_Mercury	['1946', '2025']
Olivia Newton-John	/wiki/Olivia_Newton-John	['1948', '2025']
John Ogdon	/wiki/John_Ogdon	['1937', '1989']
Mike Oldfield	/wiki/Mike_Oldfield	['1953', '2025']
Ozzy Osbourne	/wiki/Ozzy_Osbourne	['1948', '2025']
Jimmy Page	/wiki/Jimmy_Page	['1944', '2025']
Hubert Parry	/wiki/Hubert_Parry	['1848', '1918']
Liam Payne	/wiki/Liam_Payne	['1993', '2025']
Bob and Alf Pearson	/wiki/Bob_and_Alf_Pearson	['1900', '1950']
Peter Pears	/wiki/Peter_Pears	['1910', '1986']
Robert Plant	/wiki/Robert_Plant	['1948', '2025']
Anthony Pleeth	/wiki/Anthony_Pleeth	['1948', '2025']
Stephen Preston	/wiki/Stephen_Preston_(flautist)	['1900', '1950']
Henry Purcell	/wiki/Henry_Purcell	['1659', '1695']
Simon Rattle	/wiki/Simon_Rattle	['1955', '2025']
Paul Rodgers	/wiki/Paul_Rodgers	['1949', '2025']
Martin Roscoe	/wiki/Martin_Roscoe	['1952', '2025']
Malcolm Sargent	/wiki/Malcolm_Sargent	['1895', '1967']
21 Savage	/wiki/21_Savage	['1992', '2025']
Ed Sheeran	/wiki/Ed_Sheeran	['1991', '2025']
Elsie Southgate	/wiki/Elsie_Southgate	['1880', '1946']
Zak Starkey	/wiki/Zak_Starkey	['1965', '2025']
Ringo Starr	/wiki/Ringo_Starr	['1940', '2025']
Crispin Steele-Perkins	/wiki/Crispin_Steele-Perkins	['1944', '2025']
Rod Stewart	/wiki/Rod_Stewart	['1945', '2025']
Joss Stone	/wiki/Joss_Stone	['1987', '2025']
Joe Strummer	/wiki/Joe_Strummer	['1952', '2002']
Harry Styles	/wiki/Harry_Styles	['1994', '2025']
Bernard Sumner	/wiki/Bernard_Sumner	['1900', '1950']
Connie Talbot	/wiki/Connie_Talbot	['2000', '2025']
Thomas Tallis	/wiki/Thomas_Tallis	['1505', '1585']
Benson Taylor	/wiki/Benson_Taylor	['1983', '2025']
Tinie Tempah	/wiki/Tinie_Tempah	['1988', '2025']
Neil Tennant	/wiki/Neil_Tennant	['1954', '2025']
Lionel Tertis	/wiki/Lionel_Tertis	['1876', '1975']
Frederick Thurston	/wiki/Frederick_Thurston	['1901', '1953']
Lee Thompson	/wiki/Lee_Thompson_(saxophonist)	['1957', '2025']
Michael Tippett	/wiki/Michael_Tippett	['1905', '1998']
Louis Tomlinson	/wiki/Louis_Tomlinson	['1991', '2025']
Pete Townshend	/wiki/Pete_Townshend	['1945', '2025']
Alex Turner	/wiki/Alex_Turner	['1900', '1950']
Ralph Vaughan Williams	/wiki/Ralph_Vaughan_Williams	['1872', '1958']
Sid Vicious	/wiki/Sid_Vicious	['1900', '1950']
Ricky Walters	/wiki/Ricky_Walters	['1965', '2025']
William Walton	/wiki/William_Walton	['1902', '1983']
Roger Waters	/wiki/Roger_Waters	['1943', '2025']
Thomas Weelkes	/wiki/Thomas_Weelkes	['1575', '1623']
Florence Welch	/wiki/Florence_Welch	['1986', '2025']
John Wilbye	/wiki/John_Wilbye	['1574', '1638']
Cliff Williams	/wiki/Cliff_Williams	['1949', '2025']
Robbie Williams	/wiki/Robbie_Williams	['1974', '2025']
Steven Wilson	/wiki/Steven_Wilson	['1967', '2025']
Amy Winehouse	/wiki/Amy_Winehouse	['1983', '2011']
Christopher Wolstenholme	/wiki/Christopher_Wolstenholme	['1978', '2025']
Henry Wood	/wiki/Henry_Wood_(conductor)	['1869', '1944']
Dan Woodgate	/wiki/Dan_Woodgate	['1960', '2025']
Thom Yorke	/wiki/Thom_Yorke	['1968', '2025']
Marvin Young	/wiki/Marvin_Young	['1967', '2025']
Donald Adamson	/wiki/Donald_Adamson	['1939', '2025']
G. E. M. Anscombe	/wiki/G._E._M._Anscombe	['1919', '2001']
A. J. Ayer	/wiki/A._J._Ayer	['1910', '1989']
Francis Bacon	/wiki/Francis_Bacon	['1561', '1626']
Roger Bacon	/wiki/Roger_Bacon	['1214', '1294']
Jeremy Bentham	/wiki/Jeremy_Bentham	['1748', '1832']
R. M. Hare	/wiki/R._M._Hare	['1907', '2002']
H. L. A. Hart	/wiki/H._L._A._Hart	['1907', '1992']
Thomas Hobbes	/wiki/Thomas_Hobbes	['1588', '1679']
William Godwin	/wiki/William_Godwin	['1756', '1836']
John Locke	/wiki/John_Locke	['1632', '1704']
John Stuart Mill	/wiki/John_Stuart_Mill	['1806', '1873']
G. E. Moore	/wiki/G._E._Moore	['1873', '1958']
Thomas Paine	/wiki/Thomas_Paine	['1737', '1809']
Derek Parfit	/wiki/Derek_Parfit	['1942', '2025']
Bertrand Russell	/wiki/Bertrand_Russell	['1872', '1970']
Gilbert Ryle	/wiki/Gilbert_Ryle	['1900', '1976']
Henry Sidgwick	/wiki/Henry_Sidgwick	['1838', '1900']
Herbert Spencer	/wiki/Herbert_Spencer	['1820', '1903']
Peter Strawson	/wiki/Peter_Strawson	['1919', '2006']
William Whewell	/wiki/William_Whewell	['1794', '1866']
Alfred North Whitehead	/wiki/Alfred_North_Whitehead	['1861', '1947']
Bernard Williams	/wiki/Bernard_Williams	['1929', '2003']
David Bailey	/wiki/David_Bailey_(photographer)	['1938', '2025']
Emma Barton	/wiki/Emma_Barton_(photographer)	['1872', '1938']
Cecil Beaton	/wiki/Cecil_Beaton	['1904', '1980']
George Beldam	/wiki/George_Beldam	['1868', '1937']
John Blakemore	/wiki/John_Blakemore	['1936', '2025']
Samuel Bourne	/wiki/Samuel_Bourne	['1834', '1912']
Larry Burrows	/wiki/Larry_Burrows	['1926', '1971']
George Davison	/wiki/George_Davison_(photographer)	['1854', '1930']
Terence Donovan	/wiki/Terence_Donovan_(photographer)	['1936', '1996']
Brian Duffy	/wiki/Brian_Duffy_(photographer)	['1933', '2010']
Frederick H. Evans	/wiki/Frederick_H._Evans	['1853', '1943']
Roger Fenton	/wiki/Roger_Fenton	['1819', '1869']
John French	/wiki/John_French_(photographer)	['1907', '1966']
Francis Frith	/wiki/Francis_Frith	['1822', '1898']
Peter Wickens Fry	/wiki/Peter_Wickens_Fry	['1798', '1860']
Bert Hardy	/wiki/Bert_Hardy	['1913', '1995']
Alfred Horsley Hinton	/wiki/Alfred_Horsley_Hinton	['1863', '1908']
Don McCullin	/wiki/Don_McCullin	['1935', '2025']
Eadweard Muybridge	/wiki/Eadweard_Muybridge	['1830', '1904']
Horace Nicholls	/wiki/Horace_Nicholls	['1867', '1941']
Tony Ray-Jones	/wiki/Tony_Ray-Jones	['1941', '1972']
Henry Peach Robinson	/wiki/Henry_Peach_Robinson	['1830', '1901']
George Rodger	/wiki/George_Rodger	['1908', '1995']
Francis Meadow Sutcliffe	/wiki/Francis_Meadow_Sutcliffe	['1853', '1941']
William Henry Fox Talbot	/wiki/William_Henry_Fox_Talbot	['1800', '1877']
John FitzAlan, 1st Baron Arundel	/wiki/John_FitzAlan,_1st_Baron_Arundel	['1348', '1379']
H. H. Asquith	/wiki/H._H._Asquith	['1852', '1928']
Clement Attlee	/wiki/Clement_Attlee	['1883', '1967']
Stanley Baldwin	/wiki/Stanley_Baldwin	['1867', '1947']
John Barrington, 1st Viscount Barrington	/wiki/John_Barrington,_1st_Viscount_Barrington	['1678', '1734']
Charles George Beauclerk	/wiki/Charles_George_Beauclerk	['1774', '1845']
Lord Sidney Beauclerk	/wiki/Lord_Sidney_Beauclerk	['1703', '1744']
Tony Benn	/wiki/Tony_Benn	['1925', '2025']
Ernest Bevin	/wiki/Ernest_Bevin	['1881', '1951']
Margaret Bondfield	/wiki/Margaret_Bondfield	['1873', '1953']
John Bright	/wiki/John_Bright	['1811', '1889']
George Canning	/wiki/George_Canning	['1770', '1827']
William Cartwright	/wiki/William_Cartwright_(1634%E2%80%931676)	['1634', '1676']
Barbara Castle	/wiki/Barbara_Castle	['1910', '2002']
Lord Henry Cavendish	/wiki/Lord_Henry_Cavendish	['1673', '1700']
Austen Chamberlain	/wiki/Austen_Chamberlain	['1863', '1937']
Joseph Chamberlain	/wiki/Joseph_Chamberlain	['1836', '1914']
Neville Chamberlain	/wiki/Neville_Chamberlain	['1869', '1940']
James Chase	/wiki/James_Chase_(apothecary)	['1650', '1721']
Lord Randolph Churchill	/wiki/Lord_Randolph_Churchill	['1849', '1895']
Winston Churchill	/wiki/Winston_Churchill	['1874', '1965']
Kenneth Clarke	/wiki/Kenneth_Clarke	['1940', '2025']
William Cobbett	/wiki/William_Cobbett	['1763', '1835']
Stafford Cripps	/wiki/Stafford_Cripps	['1889', '1952']
Archibald Dalzel	/wiki/Archibald_Dalzel	['1740', '1811']
Benjamin Disraeli	/wiki/Benjamin_Disraeli	['1804', '1881']
Alec Douglas-Home	/wiki/Alec_Douglas-Home	['1903', '1995']
Anthony Eden	/wiki/Anthony_Eden	['1897', '1977']
Michael Foot	/wiki/Michael_Foot	['1913', '2025']
Henry Bartle Frere	/wiki/Henry_Bartle_Frere	['1815', '1884']
Hugh Gaitskell	/wiki/Hugh_Gaitskell	['1906', '1963']
William Ewart Gladstone	/wiki/William_Ewart_Gladstone	['1809', '1898']
George Grenville	/wiki/George_Grenville	['1712', '1770']
William Wyndham Grenville, 1st Lord Grenville	/wiki/William_Wyndham_Grenville,_1st_Lord_Grenville	['1759', '1834']
Charles Grey, 2nd Earl Grey	/wiki/Charles_Grey,_2nd_Earl_Grey	['1764', '1845']
William Hague	/wiki/William_Hague	['1961', '2025']
James Hamilton, Viscount Hamilton	/wiki/James_Hamilton,_Viscount_Hamilton	['1786', '1814']
Denis Healey	/wiki/Denis_Healey	['1917', '2025']
Edward Heath	/wiki/Edward_Heath	['1916', '2005']
Henry Vassall-Fox, 3rd Baron Holland	/wiki/Henry_Vassall-Fox,_3rd_Baron_Holland	['1773', '1840']
Boris Johnson	/wiki/Boris_Johnson	['1964', '2025']
Brownlow William Knox	/wiki/Brownlow_William_Knox	['1806', '1873']
George Lansbury	/wiki/George_Lansbury	['1859', '1940']
Nigel Lawson	/wiki/Nigel_Lawson	['1932', '2025']
Sir Francis Lee, 4th Baronet	/wiki/Sir_Francis_Lee,_4th_Baronet	['1639', '1667']
John Leland	/wiki/John_Leland_(politician)	['1900', '1950']
Granville George Leveson-Gower, 2nd Earl Granville	/wiki/Granville_George_Leveson-Gower,_2nd_Earl_Granville	['1815', '1891']
John Lubbock, 1st Baron Avebury	/wiki/John_Lubbock,_1st_Baron_Avebury	['1834', '1913']
Harold Macmillan	/wiki/Harold_Macmillan	['1894', '1986']
John Major	/wiki/John_Major	['1943', '2025']
Reginald Maudling	/wiki/Reginald_Maudling	['1917', '1979']
William Lamb, 2nd Viscount Melbourne	/wiki/William_Lamb,_2nd_Viscount_Melbourne	['1779', '1848']
Herbert Morrison	/wiki/Herbert_Morrison	['1888', '1965']
Theresa May	/wiki/Theresa_May	['1956', '2025']
Frederick North, Lord North	/wiki/Frederick_North,_Lord_North	['1732', '1792']
Henry John Temple, 3rd Viscount Palmerston	/wiki/Henry_John_Temple,_3rd_Viscount_Palmerston	['1784', '1865']
Robert Peel	/wiki/Robert_Peel	['1788', '1850']
Henry Pelham	/wiki/Henry_Pelham	['1694', '1754']
Spencer Perceval	/wiki/Spencer_Perceval	['1762', '1812']
William Pitt the Younger	/wiki/William_Pitt_the_Younger	['1759', '1806']
Enoch Powell	/wiki/Enoch_Powell	['1912', '1998']
Cecil Rhodes	/wiki/Cecil_Rhodes	['1853', '1902']
Frederick John Robinson, 1st Viscount Goderich	/wiki/Frederick_John_Robinson,_1st_Viscount_Goderich	['1782', '1859']
John Russell, 1st Earl Russell	/wiki/John_Russell,_1st_Earl_Russell	['1792', '1878']
Michael Hicks-Beach, 1st Earl St Aldwyn	/wiki/Michael_Hicks-Beach,_1st_Earl_St_Aldwyn	['1837', '1916']
Henry Addington, 1st Viscount Sidmouth	/wiki/Henry_Addington,_1st_Viscount_Sidmouth	['1757', '1844']
John Simon, 1st Viscount Simon	/wiki/John_Simon,_1st_Viscount_Simon	['1873', '1954']
Thomas Townshend, 1st Viscount Sydney	/wiki/Thomas_Townshend,_1st_Viscount_Sydney	['1733', '1800']
Margaret Thatcher	/wiki/Margaret_Thatcher	['1925', '2013']
Robert Walpole	/wiki/Robert_Walpole	['1676', '1745']
Sir Godfrey Webster, 4th Baronet	/wiki/Sir_Godfrey_Webster,_4th_Baronet	['1747', '1800']
Sir Godfrey Webster, 5th Baronet	/wiki/Sir_Godfrey_Webster,_5th_Baronet	['1789', '1836']
William Wilberforce	/wiki/William_Wilberforce	['1759', '1833']
William Willoughby, 5th Baron Willoughby de Eresby	/wiki/William_Willoughby,_5th_Baron_Willoughby_de_Eresby	['1370', '1409']
Robert Willoughby, 6th Baron Willoughby de Eresby	/wiki/Robert_Willoughby,_6th_Baron_Willoughby_de_Eresby	['1385', '1452']
Shirley Williams	/wiki/Shirley_Williams	['1930', '2025']
Henry Willink	/wiki/Henry_Willink	['1894', '1973']
Harold Wilson	/wiki/Harold_Wilson	['1916', '1995']
Arthur Aikin	/wiki/Arthur_Aikin	['1773', '1854']
Nathan Alcock	/wiki/Nathan_Alcock	['1707', '1779']
Jim Al-Khalili	/wiki/Jim_Al-Khalili	['1962', '2025']
Charles Babbage	/wiki/Charles_Babbage	['1791', '1871']
Joseph Banks	/wiki/Joseph_Banks	['1743', '1820']
Isaac Barrow	/wiki/Isaac_Barrow	['1630', '1677']
Thomas Bayes	/wiki/Thomas_Bayes	['1702', '1761']
Tim Berners-Lee	/wiki/Tim_Berners-Lee	['1955', '2025']
Patrick Maynard Stuart Blackett	/wiki/Patrick_Maynard_Stuart_Blackett	['1897', '1974']
George Boole	/wiki/George_Boole	['1815', '1864']
Robert Boyle	/wiki/Robert_Boyle	['1627', '1691']
Richard Bright	/wiki/Richard_Bright_(physician)	['1630', '1677']
Henry Brunner	/wiki/Henry_Brunner	['1838', '1916']
Henry Cavendish	/wiki/Henry_Cavendish	['1731', '1810']
George Cayley	/wiki/George_Cayley	['1773', '1857']
Frank Close	/wiki/Frank_Close	['1945', '2025']
Brian Cox	/wiki/Brian_Cox_(physicist)	['1968', '2025']
Francis Crick	/wiki/Francis_Crick	['1916', '2004']
John Dalton	/wiki/John_Dalton	['1766', '1844']
Charles Darwin	/wiki/Charles_Darwin	['1809', '1882']
Richard Dawkins	/wiki/Richard_Dawkins	['1941', '2025']
Henry Deacon	/wiki/Henry_Deacon_(industrialist)	['1822', '1876']
Paul Dirac	/wiki/Paul_Dirac	['1902', '1984']
Horace Donisthorpe	/wiki/Horace_Donisthorpe	['1870', '1951']
Arthur Eddington	/wiki/Arthur_Eddington	['1882', '1944']
Michael Faraday	/wiki/Michael_Faraday	['1791', '1867']
Ronald Fisher	/wiki/Ronald_Fisher	['1890', '1962']
Jeff Forshaw	/wiki/Jeff_Forshaw	['1968', '2025']
Rosalind Franklin	/wiki/Rosalind_Franklin	['1920', '1958']
J. B. S. Haldane	/wiki/J._B._S._Haldane	['1892', '1964']
James Hargreaves	/wiki/James_Hargreaves_(chemist)	['1834', '1915']
Stephen Hawking	/wiki/Stephen_Hawking	['1942', '2018']
Oliver Heaviside	/wiki/Oliver_Heaviside	['1850', '1925']
John Herschel	/wiki/John_Herschel	['1792', '1871']
Peter Higgs	/wiki/Peter_Higgs	['1929', '2025']
C. A. R. Hoare	/wiki/C._A._R._Hoare	['1934', '2025']
Robert Hooke	/wiki/Robert_Hooke	['1635', '1703']
Edward Jenner	/wiki/Edward_Jenner	['1749', '1823']
Reginald Victor Jones	/wiki/Reginald_Victor_Jones	['1911', '1997']
James Prescott Joule	/wiki/James_Prescott_Joule	['1818', '1889']
Joseph Lister, 1st Baron Lister	/wiki/Joseph_Lister,_1st_Baron_Lister	['1827', '1912']
Bernard Lovell	/wiki/Bernard_Lovell	['1913', '2012']
James Lovelock	/wiki/James_Lovelock	['1919', '2025']
Martin Lowry	/wiki/Martin_Lowry	['1874', '1936']
John William Lubbock	/wiki/John_William_Lubbock	['1803', '1865']
Sir Charles Lyell	/wiki/Sir_Charles_Lyell	['1797', '1875']
John Maynard Smith	/wiki/John_Maynard_Smith	['1920', '2004']
John McClellan	/wiki/John_McClellan_(chemist)	['1810', '1881']
Robert Mond	/wiki/Robert_Mond	['1867', '1938']
Desmond Morris	/wiki/Desmond_Morris	['1928', '2025']
Roger Needham	/wiki/Roger_Needham	['1935', '2003']
Isaac Newton	/wiki/Isaac_Newton	['1642', '1727']
William Penney	/wiki/William_Penney	['1909', '1991']
Roger Penrose	/wiki/Roger_Penrose	['1931', '2025']
Joseph Prestwich	/wiki/Joseph_Prestwich	['1812', '1896']
Joseph Priestley	/wiki/Joseph_Priestley	['1733', '1804']
Martin Rees	/wiki/Martin_Rees	['1942', '2025']
Adam Sedgwick	/wiki/Adam_Sedgwick	['1785', '1873']
John Snow	/wiki/John_Snow_(physician)	['1813', '1858']
Joseph Wilson Swan	/wiki/Joseph_Wilson_Swan	['1828', '1914']
George Paget Thomson	/wiki/George_Paget_Thomson	['1892', '1975']
J. J. Thomson	/wiki/J._J._Thomson	['1856', '1940']
Henry Tizard	/wiki/Henry_Tizard	['1885', '1959']
Alan Turing	/wiki/Alan_Turing	['1912', '1954']
Alfred Russel Wallace	/wiki/Alfred_Russel_Wallace	['1823', '1913']
Alfred North Whitehead	/wiki/Alfred_North_Whitehead	['1861', '1947']
Maurice Vincent Wilkes	/wiki/Maurice_Vincent_Wilkes	['1913', '2025']
James H. Wilkinson	/wiki/James_H._Wilkinson	['1919', '1986']
William Hyde Wollaston	/wiki/William_Hyde_Wollaston	['1766', '1828']
Thomas Young	/wiki/Thomas_Young_(scientist)	['1773', '1829']
Barney Aaron	/wiki/Barney_Aaron	['1800', '1850']
Harold Abrahams	/wiki/Harold_Abrahams	['1899', '1978']
Sidney Abrahams	/wiki/Sidney_Abrahams	['1885', '1957']
Chris Adams	/wiki/Chris_Adams_(wrestler)	['1955', '2001']
Neil Adams	/wiki/Neil_Adams_(judoka)	['1958', '2025']
Tony Adams	/wiki/Tony_Adams_(footballer)	['1966', '2025']
Simon Andrews	/wiki/Simon_Andrews_(motorcycle_racer)	['1984', '2014']
Jo Ankier	/wiki/Jo_Ankier	['1982', '2025']
Dina Asher-Smith	/wiki/Dina_Asher-Smith	['1995', '2025']
Joe Baker	/wiki/Joe_Baker	['1940', '2003']
Alan Ball, Jr.	/wiki/Alan_Ball,_Jr.	['1945', '2007']
Billy Balmer	/wiki/Billy_Balmer	['1875', '1961']
Gordon Banks	/wiki/Gordon_Banks	['1937', '2019']
Roger Bannister	/wiki/Roger_Bannister	['1929', '2018']
Wade Barrett	/wiki/Wade_Barrett	['1980', '2025']
Cliff Bastin	/wiki/Cliff_Bastin	['1912', '1991']
Arthur Bate	/wiki/Arthur_Bate	['1908', '1993']
Lord Frederick Beauclerk	/wiki/Lord_Frederick_Beauclerk	['1773', '1850']
David Beckham	/wiki/David_Beckham	['1975', '2025']
Charles Bennett	/wiki/Charles_Bennett_(athlete)	['1870', '1948']
Jack Kid Berg	/wiki/Jack_Kid_Berg	['1909', '1991']
Richard Bergmann	/wiki/Richard_Bergmann	['1919', '1970']
Nick Blackman	/wiki/Nick_Blackman	['1989', '2025']
Andrulla Blanchette	/wiki/Andrulla_Blanchette	['1966', '2025']
Chris Bonington	/wiki/Chris_Bonington	['1934', '2025']
Bernard Bosanquet	/wiki/Bernard_Bosanquet_(cricketer)	['1877', '1936']
Ian Botham	/wiki/Ian_Botham	['1955', '2025']
Mark Bott	/wiki/Mark_Bott	['1900', '1950']
Teddy Bourne	/wiki/Teddy_Bourne	['1948', '2025']
Geoffrey Boycott	/wiki/Geoffrey_Boycott	['1940', '2025']
Eric Bristow	/wiki/Eric_Bristow	['1957', '2018']
Tony Brooks	/wiki/Tony_Brooks_(racing_driver)	['1932', '2025']
Steve Bruce	/wiki/Steve_Bruce	['1960', '2025']
Bobby Buckle	/wiki/Bobby_Buckle	['1869', '1959']
Chris Buckley	/wiki/Chris_Buckley_(footballer)	['1886', '1973']
Frank Buckley	/wiki/Frank_Buckley_(footballer)	['1882', '1964']
Paul Burchill	/wiki/Paul_Burchill	['1979', '2025']
Cam Burgess	/wiki/Cam_Burgess	['1919', '1978']
Joe Butler	/wiki/Joe_Butler_(footballer,_born_1879)	['1879', '1941']
Jenson Button	/wiki/Jenson_Button	['1980', '2025']
Angela Buxton	/wiki/Angela_Buxton	['1934', '2025']
Peter Broadbent	/wiki/Peter_Broadbent_(footballer)	['1933', '2013']
Michael Carrick	/wiki/Michael_Carrick	['1900', '1950']
Herbert Chapman	/wiki/Herbert_Chapman	['1878', '1934']
Bobby Charlton	/wiki/Bobby_Charlton	['1937', '2025']
Jack Charlton	/wiki/Jack_Charlton	['1935', '2025']
Francis Chichester	/wiki/Francis_Chichester	['1901', '1972']
Ian Clough	/wiki/Ian_Clough	['1937', '1970']
Don Cockell	/wiki/Don_Cockell	['1928', '1983']
Samuel Coe	/wiki/Samuel_Coe	['1873', '1955']
Chris Cohen	/wiki/Chris_Cohen	['1987', '2025']
George Cohen	/wiki/George_Cohen	['1939', '2025']
Andy Cole	/wiki/Andy_Cole	['1971', '2025']
Paul Collingwood	/wiki/Paul_Collingwood	['1976', '2025']
Peter Collins	/wiki/Peter_Collins_(racing_driver)	['1931', '1958']
Henry Cooper	/wiki/Henry_Cooper_(boxer)	['1934', '2011']
Ralph Cooperman	/wiki/Ralph_Cooperman	['1927', '2009']
Steve Coppell	/wiki/Steve_Coppell	['1955', '2025']
Lisa Cross	/wiki/Lisa_Cross	['1978', '2025']
Stan Cullis	/wiki/Stan_Cullis	['1916', '2001']
Tom Daley	/wiki/Tom_Daley_(diver)	['1994', '2025']
Lawrence Dallaglio	/wiki/Lawrence_Dallaglio	['1972', '2025']
Laura Davies	/wiki/Laura_Davies	['1963', '2025']
Steve Davis	/wiki/Steve_Davis	['1957', '2025']
Matt Dawson	/wiki/Matt_Dawson	['1972', '2025']
John Deacon	/wiki/John_Deacon_(motorcyclist)	['1962', '2001']
Christopher Dean	/wiki/Christopher_Dean	['1958', '2025']
John Derbyshire	/wiki/John_Derbyshire_(swimmer)	['1878', '1938']
Percy Down	/wiki/Percy_Down	['1883', '1954']
Ted Drake	/wiki/Ted_Drake	['1912', '1995']
Jimmy Dugdale	/wiki/Jimmy_Dugdale	['1932', '2008']
Jonathan Edwards	/wiki/Jonathan_Edwards_(triple_jumper)	['1966', '2025']
Godfrey Evans	/wiki/Godfrey_Evans	['1920', '1999']
Percy Fender	/wiki/Percy_Fender	['1900', '1950']
James Figg	/wiki/James_Figg	['1695', '1734']
Tyson Fury	/wiki/Tyson_Fury	['1988', '2025']
Bob Fitzsimmons	/wiki/Bob_Fitzsimmons	['1863', '1917']
Andrew Flintoff	/wiki/Andrew_Flintoff	['1977', '2025']
C B Fry	/wiki/C_B_Fry	['1872', '1956']
Paul Gascoigne	/wiki/Paul_Gascoigne	['1967', '2025']
Les Gaunt	/wiki/Les_Gaunt	['1918', '1985']
Dwight Gayle	/wiki/Dwight_Gayle	['1989', '2025']
Steven Gerrard	/wiki/Steven_Gerrard	['1980', '2025']
Graham Gooch	/wiki/Graham_Gooch	['1953', '2025']
Pete Goss	/wiki/Pete_Goss	['1961', '2025']
W G Grace	/wiki/W_G_Grace	['1848', '1915']
Cyril Grant	/wiki/Cyril_Grant	['1920', '2002']
Jimmy Greaves	/wiki/Jimmy_Greaves	['1940', '2025']
Jack Greenwell	/wiki/Jack_Greenwell	['1884', '1942']
Ron Greenwood	/wiki/Ron_Greenwood	['1921', '2006']
Will Greenwood	/wiki/Will_Greenwood	['1972', '2025']
Sam Haden	/wiki/Sam_Haden	['1902', '1974']
Naseem Hamed	/wiki/Naseem_Hamed	['1974', '2025']
Lewis Hamilton	/wiki/Lewis_Hamilton	['1985', '2025']
Harry Hampton	/wiki/Harry_Hampton_(footballer,_born_1885)	['1885', '1963']
Ricky Hatton	/wiki/Ricky_Hatton	['1978', '2025']
Mike Hawthorn	/wiki/Mike_Hawthorn	['1929', '1959']
David Haye	/wiki/David_Haye	['1980', '2025']
Johnny Haynes	/wiki/Johnny_Haynes	['1934', '2005']
Emile Heskey	/wiki/Emile_Heskey	['1978', '2025']
Charlie Hewitt	/wiki/Charlie_Hewitt	['1884', '1966']
Damon Hill	/wiki/Damon_Hill	['1960', '2025']
Graham Hill	/wiki/Graham_Hill	['1929', '1975']
Jimmy Hill	/wiki/Jimmy_Hill	['1928', '2025']
Syd Hoar	/wiki/Syd_Hoar	['1895', '1967']
David Hobbs	/wiki/David_Hobbs_(racing_driver)	['1939', '2025']
Jack Hobbs	/wiki/Jack_Hobbs	['1882', '1963']
Glenn Hoddle	/wiki/Glenn_Hoddle	['1957', '2025']
Martin Hodgson	/wiki/Martin_Hodgson	['1909', '1991']
Leslie Housden	/wiki/Leslie_Housden	['1894', '1963']
John Howell	/wiki/John_Howell_(athlete)	['1936', '2025']
Kenneth Hunt	/wiki/Kenneth_Hunt	['1884', '1949']
James Hunt	/wiki/James_Hunt	['1947', '1993']
Geoff Hurst	/wiki/Geoff_Hurst	['1941', '2025']
Nasser Hussain	/wiki/Nasser_Hussain	['1968', '2025']
Len Hutton	/wiki/Len_Hutton	['1916', '1990']
Anthony Joshua	/wiki/Anthony_Joshua	['1989', '2025']
John Jackett	/wiki/John_Jackett_(rugby)	['1900', '1950']
Peter Jacobs	/wiki/Peter_Jacobs_(fencer)	['1938', '2025']
Joe Jacobson	/wiki/Joe_Jacobson	['1986', '2025']
Peter Jaffe	/wiki/Peter_Jaffe	['1900', '1950']
Allan Jay	/wiki/Allan_Jay	['1931', '2025']
Martin Johnson	/wiki/Martin_Johnson_(rugby_union)	['1970', '2025']
Trish Johnson	/wiki/Trish_Johnson	['1966', '2025']
Mike Keen	/wiki/Mike_Keen	['1940', '2009']
Howard Kendall	/wiki/Howard_Kendall	['1946', '2015']
Joe Kennedy	/wiki/Joe_Kennedy_(footballer)	['1925', '1986']
Josh Kennet	/wiki/Josh_Kennet	['1987', '2025']
Amir Khan	/wiki/Amir_Khan_(British_boxer)	['1986', '2025']
Paul Klenerman	/wiki/Paul_Klenerman	['1963', '2025']
Frank Lampard	/wiki/Frank_Lampard	['1978', '2025']
Dougie Lampkin	/wiki/Dougie_Lampkin	['1976', '2025']
Mark Lazarus	/wiki/Mark_Lazarus	['1938', '2025']
Jason Leonard	/wiki/Jason_Leonard	['1968', '2025']
Edward Lawrence Levy	/wiki/Edward_Lawrence_Levy	['1851', '1932']
Lennox Lewis	/wiki/Lennox_Lewis	['1965', '2025']
"Ted ""Kid"" Lewis"	/wiki/Ted_%22Kid%22_Lewis	['1893', '1970']
Josh Lewsey	/wiki/Josh_Lewsey	['1976', '2025']
Gary Lineker	/wiki/Gary_Lineker	['1960', '2025']
Sam Little	/wiki/Sam_Little_(golfer)	['1975', '2025']
Hyman Lurie	/wiki/Hyman_Lurie	['1918', '1982']
Dar Lyon	/wiki/Dar_Lyon	['1900', '1950']
Ellen MacArthur	/wiki/Ellen_MacArthur	['1976', '2025']
George Mallory	/wiki/George_Mallory	['1886', '1924']
Andy Mangan	/wiki/Andy_Mangan	['1986', '2025']
Nigel Mansell	/wiki/Nigel_Mansell	['1953', '2025']
Terry Marsh	/wiki/Terry_Marsh_(boxer)	['1958', '2025']
Darren Matthews	/wiki/Darren_Matthews	['1968', '2025']
Stanley Matthews	/wiki/Stanley_Matthews	['1915', '2000']
Thomas Matthews	/wiki/Thomas_Matthews_(cyclist)	['1884', '1969']
Jock McAvoy	/wiki/Jock_McAvoy	['1908', '1971']
Bill McGarry	/wiki/Bill_McGarry	['1927', '2005']
Bertie Mee	/wiki/Bertie_Mee	['1918', '2001']
Daniel Mendoza	/wiki/Daniel_Mendoza	['1764', '1836']
Sidney Merlin	/wiki/Sidney_Merlin	['1856', '1952']
Colin Milburn	/wiki/Colin_Milburn	['1941', '1990']
Gordon Miller	/wiki/Gordon_Miller_(athlete)	['1939', '2025']
Alan Minter	/wiki/Alan_Minter	['1951', '2025']
Ivor Montagu	/wiki/Ivor_Montagu	['1904', '1984']
Bobby Moore	/wiki/Bobby_Moore	['1941', '1993']
Stirling Moss	/wiki/Stirling_Moss	['1929', '2025']
Andy Murray	/wiki/Andy_Murray	['1987', '2025']
Alfred Mynn	/wiki/Alfred_Mynn	['1807', '1861']
Gary Neville	/wiki/Gary_Neville	['1975', '2025']
Phil Neville	/wiki/Phil_Neville	['1977', '2025']
Alison Nicholas	/wiki/Alison_Nicholas	['1962', '2025']
Ronnie O'Sullivan	/wiki/Ronnie_O%27Sullivan	['1975', '2025']
Michael Owen	/wiki/Michael_Owen	['1979', '2025']
James Oyebola	/wiki/James_Oyebola	['1961', '2007']
Bob Paisley	/wiki/Bob_Paisley	['1919', '1996']
Rachel Parish	/wiki/Rachel_Parish	['1981', '2025']
Michael Park	/wiki/Michael_Park_(co-driver)	['1966', '2005']
John Parrott	/wiki/John_Parrott	['1964', '2025']
Fred Perry	/wiki/Fred_Perry	['1909', '1995']
Martin Peters	/wiki/Martin_Peters	['1943', '2025']
Eddie Phillips	/wiki/Eddie_Phillips_(boxer)	['1911', '1995']
Kevin Pietersen	/wiki/Kevin_Pietersen	['1980', '2025']
John Plant	/wiki/John_Plant_(footballer)	['1871', '1950']
David Pratt	/wiki/David_Pratt_(footballer)	['1896', '1967']
Daniel Prenn	/wiki/Daniel_Prenn	['1904', '1991']
Stephanie Proud	/wiki/Stephanie_Proud	['1988', '2025']
Samuel Rabin	/wiki/Samuel_Rabin_(artist)	['1903', '1991']
Paula Radcliffe	/wiki/Paula_Radcliffe	['1973', '2025']
Alf Ramsay	/wiki/Alf_Ramsay	['1920', '1999']
John Raphael	/wiki/John_Raphael_(sportsman)	['1882', '1917']
Steve Redgrave	/wiki/Steve_Redgrave	['1962', '2025']
William Regal	/wiki/William_Regal	['1968', '2025']
Gordon Richards	/wiki/Gordon_Richards	['1904', '1988']
Jack Robinson	/wiki/Jack_Robinson_(footballer,_born_1870)	['1870', '1931']
Sir Bobby Robson	/wiki/Sir_Bobby_Robson	['1933', '2009']
Wayne Rooney	/wiki/Wayne_Rooney	['1985', '2025']
David Seaman	/wiki/David_Seaman	['1963', '2025']
Archie Sexton	/wiki/Archie_Sexton	['1908', '1957']
Dave Sexton	/wiki/Dave_Sexton	['1930', '2012']
Paul Scholes	/wiki/Paul_Scholes	['1974', '2025']
Alan Shearer	/wiki/Alan_Shearer	['1970', '2025']
Teddy Sheringham	/wiki/Teddy_Sheringham	['1966', '2025']
Kelly Simm	/wiki/Kelly_Simm	['1995', '2025']
Davey Boy Smith	/wiki/Davey_Boy_Smith	['1962', '2002']
Nobby Stiles	/wiki/Nobby_Stiles	['1942', '2025']
Andrew Stoddart	/wiki/Andrew_Stoddart	['1863', '1915']
Frederick Stokes	/wiki/Frederick_Stokes_(rugby_union)	['1850', '1929']
Lennard Stokes	/wiki/Lennard_Stokes	['1856', '1933']
Karen Stupples	/wiki/Karen_Stupples	['1973', '2025']
Andrew Sznajder	/wiki/Andrew_Sznajder	['1967', '2025']
Laurie Taitt	/wiki/Laurie_Taitt	['1934', '2006']
Graham Taylor	/wiki/Graham_Taylor	['1944', '2017']
Peta Taylor	/wiki/Peta_Taylor	['1912', '1989']
Phil Taylor	/wiki/Phil_Taylor_(darts_player)	['1960', '2025']
John Terry	/wiki/John_Terry	['1980', '2025']
Jayne Torvill	/wiki/Jayne_Torvill	['1957', '2025']
Marcus Trescothick	/wiki/Marcus_Trescothick	['1975', '2025']
Fred Trueman	/wiki/Fred_Trueman	['1931', '2006']
Phil Tufnell	/wiki/Phil_Tufnell	['1966', '2025']
Randolph Turpin	/wiki/Randolph_Turpin	['1928', '1966']
George Tweedy	/wiki/George_Tweedy	['1913', '1987']
Michael Vaughan	/wiki/Michael_Vaughan	['1974', '2025']
Virginia Wade	/wiki/Virginia_Wade	['1945', '2025']
Wallis Walters	/wiki/Wallis_Walters	['1878', '1952']
Frank Warren	/wiki/Frank_Warren_(promoter)	['1952', '2025']
Matt Wells	/wiki/Matt_Wells_(boxer)	['1886', '1953']
Ruth Westbrook	/wiki/Ruth_Westbrook	['1930', '2016']
Dan Wheldon	/wiki/Dan_Wheldon	['1978', '2011']
Jimmy White	/wiki/Jimmy_White	['1962', '2025']
Bradley Wiggins	/wiki/Bradley_Wiggins	['1980', '2025']
Jonny Wilkinson	/wiki/Jonny_Wilkinson	['1979', '2025']
Joey Williams	/wiki/Joey_Williams	['1902', '1978']
Charlie Wilson	/wiki/Charlie_Wilson_(footballer,_born_1895)	['1895', '1971']
Justin Wilson	/wiki/Justin_Wilson_(racing_driver)	['1978', '2025']
Billy Wright	/wiki/Billy_Wright_(footballer_born_1924)	['1924', '1994']
William Shakespeare	/wiki/William_Shakespeare	['1564', '1616']
Hannah Aldworth	/wiki/Hannah_Aldworth	['1900', '1950']
Margery Arnold	/wiki/Margery_Arnold	['1900', '1950']
Rachel Ashwell	/wiki/Rachel_Ashwell	['1959', '2025']
Anna Burdzy	/wiki/Anna_Burdzy	['1992', '2025']
Edward Betts	/wiki/Edward_Betts	['1815', '1872']
Thomas Brassey	/wiki/Thomas_Brassey	['1805', '1870']
Capability Brown	/wiki/Capability_Brown	['1715', '1783']
Donald Campbell	/wiki/Donald_Campbell	['1921', '1967']
Malcolm Campbell	/wiki/Malcolm_Campbell	['1885', '1949']
William Caxton	/wiki/William_Caxton	['1900', '1950']
Sir John Chesshyre	/wiki/Sir_John_Chesshyre	['1662', '1738']
Grace Darling	/wiki/Grace_Darling	['1815', '1842']
William Emes	/wiki/William_Emes	['1729', '1803']
Elizabeth Fry	/wiki/Elizabeth_Fry	['1780', '1845']
Thomas Grissell	/wiki/Thomas_Grissell	['1801', '1874']
Hilda Hewlett	/wiki/Hilda_Hewlett	['1864', '1943']
Ebenezer Howard	/wiki/Ebenezer_Howard	['1850', '1928']
Daniel Howell	/wiki/Daniel_Howell	['1991', '2025']
Edward Kemp	/wiki/Edward_Kemp_(landscape_architect)	['1817', '1891']
Gideon Lester	/wiki/Gideon_Lester	['1972', '2025']
Philip Lester	/wiki/Philip_Lester	['1987', '2025']
Peter Molyneux	/wiki/Peter_Molyneux	['1959', '2025']
Samuel Morton Peto	/wiki/Samuel_Morton_Peto	['1809', '1889']
Joshua A. Norton	/wiki/Joshua_A._Norton	['1811', '1880']
Wat Tyler	/wiki/Wat_Tyler	['1900', '1950']
William Wakefield	/wiki/William_Wakefield	['1801', '1848']
Richard Walker	/wiki/Richard_Walker_(angler)	['1918', '1985']
Sarah Elizabeth Wardroper	/wiki/Sarah_Elizabeth_Wardroper	['1814', '1892']
Harriet Shaw Weaver	/wiki/Harriet_Shaw_Weaver	['1876', '1961']
Joseph Williamson	/wiki/Joseph_Williamson_(philanthropist)	['1769', '1840']
Philip Yates	/wiki/Philip_Yates	['1913', '1998']
John Alden	/wiki/John_Alden	['1599', '1687']
George Alsop	/wiki/George_Alsop	['1900', '1950']
Anthony Aston	/wiki/Anthony_Aston	['1900', '1950']
Charlie Chaplin	/wiki/Charlie_Chaplin	['1889', '1977']
Alistair Cooke	/wiki/Alistair_Cooke	['1908', '2004']
Cary Grant	/wiki/Cary_Grant	['1904', '1986']
Bob Hope	/wiki/Bob_Hope	['1903', '2003']
Stephen Hough	/wiki/Stephen_Hough	['1961', '2025']
Thomas Paine	/wiki/Thomas_Paine	['1737', '1809']
Template:England topics	/wiki/Template:England_topics	['1900', '1950']
Template talk:England topics	/wiki/Template_talk:England_topics	['1900', '1950']
Prehistoric Britain	/wiki/Prehistoric_Britain	['1900', '1950']
Roman Britain	/wiki/Roman_Britain	['1900', '1950']
Lloegyr	/wiki/Lloegyr	['1900', '1950']
Anglo-Saxon England	/wiki/Anglo-Saxon_England	['1900', '1950']
Heptarchy	/wiki/Heptarchy	['1900', '1950']
Angevin Empire	/wiki/Angevin_Empire	['1900', '1950']
Tudor period	/wiki/Tudor_period	['1900', '1950']
Stuart period	/wiki/Stuart_period_(England)	['1900', '1950']
English Renaissance	/wiki/English_Renaissance	['1900', '1950']
English Reformation	/wiki/English_Reformation	['1900', '1950']
Elizabethan era	/wiki/Elizabethan_era	['1900', '1950']
Jacobean era	/wiki/Jacobean_era	['1900', '1950']
English Civil War	/wiki/English_Civil_War	['1900', '1950']
Georgian era	/wiki/Georgian_era	['1900', '1950']
British Regency	/wiki/British_Regency	['1900', '1950']
Victorian era	/wiki/Victorian_era	['1900', '1950']
Edwardian period	/wiki/Edwardian_period	['1900', '1950']
The Blitz	/wiki/The_Blitz	['1900', '1950']
Elizabethan government	/wiki/Elizabethan_government	['1900', '1950']
English independence	/wiki/English_independence	['1900', '1950']
Afternoon Tea	/wiki/Afternoon_Tea	['1900', '1950']
Anglophile	/wiki/Anglophile	['1900', '1950']
British country clothing	/wiki/British_country_clothing	['1900', '1950']
English cuisine	/wiki/English_cuisine	['1900', '1950']
English folklore	/wiki/English_folklore	['1900', '1950']
Fête	/wiki/F%C3%AAte	['1900', '1950']
English landscape garden	/wiki/English_landscape_garden	['1900', '1950']
English national identity	/wiki/English_national_identity	['1900', '1950']
Middle England	/wiki/Middle_England	['1900', '1950']
English people	/wiki/English_people	['1900', '1950']
England cricket team	/wiki/England_cricket_team	['1900', '1950']
The Football Association	/wiki/The_Football_Association	['1900', '1950']
England national football team	/wiki/England_national_football_team	['1900', '1950']
Rugby Football League	/wiki/Rugby_Football_League	['1900', '1950']
England national rugby league team	/wiki/England_national_rugby_league_team	['1900', '1950']
Rugby Football Union	/wiki/Rugby_Football_Union	['1900', '1950']
England national rugby union team	/wiki/England_national_rugby_union_team	['1900', '1950']
The Championships, Wimbledon	/wiki/The_Championships,_Wimbledon	['1900', '1950']
English heraldry	/wiki/English_heraldry	['1900', '1950']
Oak	/wiki/Oak	['1900', '1950']
Saint George	/wiki/Saint_George	['1900', '1950']
Tudor Rose	/wiki/Tudor_Rose	['1900', '1950']
Book:England	/wiki/Book:England	['1900', '1950']
