text	link	year
Eric Breuer	/wiki/Eric_Breuer	['1900', '1950']
Ferdinand Keller	/wiki/Ferdinand_Keller_(antiquity_scholar)	['1800', '1881']
Heinrich Menu von Minutoli	/wiki/Heinrich_Menu_von_Minutoli	['1772', '1846']
Jean-Marc Moret	/wiki/Jean-Marc_Moret	['1942', '2025']
Fritz Puempin	/wiki/Fritz_Puempin	['1901', '1972']
Karl Schefold	/wiki/Karl_Schefold	['1905', '1999']
Adolphe Appia	/wiki/Adolphe_Appia	['1862', '1928']
Hans Auer	/wiki/Hans_Auer	['1847', '1906']
Erwin Friedrich Baumann	/wiki/Erwin_Friedrich_Baumann	['1890', '1980']
Hans Benno Bernoulli	/wiki/Hans_Benno_Bernoulli	['1876', '1959']
Melchior Berri	/wiki/Melchior_Berri	['1801', '1854']
Max Bill	/wiki/Max_Bill	['1908', '1994']
Francesco Borromini	/wiki/Francesco_Borromini	['1599', '1667']
Mario Botta	/wiki/Mario_Botta	['1943', '2025']
it:Paolo Bürgi	https://it.wikipedia.org/wiki/Paolo_B%C3%BCrgi	['1947', '2025']
Le Corbusier	/wiki/Le_Corbusier	['1887', '1965']
Ernst Cramer	/wiki/Ernst_Cramer_(architect)	['1898', '1980']
Justus Dahinden	/wiki/Justus_Dahinden	['1925', '2025']
Albert Frey	/wiki/Albert_Frey_(architect)	['1903', '1998']
Domenico Fontana	/wiki/Domenico_Fontana	['1543', '1607']
Carlo Fontana	/wiki/Carlo_Fontana	['1634', '1714']
Domenico Gilardi	/wiki/Domenico_Gilardi	['1785', '1845']
Jacques Herzog	/wiki/Jacques_Herzog	['1950', '2025']
Jost Franz Huwyler-Boller	/wiki/Jost_Franz_Huwyler-Boller	['1874', '1930']
Pierre Jeanneret	/wiki/Pierre_Jeanneret	['1896', '1967']
William Lescaze	/wiki/William_Lescaze	['1896', '1969']
Carlo Maderno	/wiki/Carlo_Maderno	['1556', '1629']
Pierre de Meuron	/wiki/Pierre_de_Meuron	['1950', '2025']
Hannes Meyer	/wiki/Hannes_Meyer	['1889', '1954']
Flora Steiger-Crawford	/wiki/Flora_Steiger-Crawford	['1899', '1991']
Domenico Trezzini	/wiki/Domenico_Trezzini	['1670', '1734']
Bernard Tschumi	/wiki/Bernard_Tschumi	['1944', '2025']
Peter Zumthor	/wiki/Peter_Zumthor	['1943', '2025']
Ursula Andress	/wiki/Ursula_Andress	['1936', '2025']
Giuseppe Bausilio	/wiki/Giuseppe_Bausilio	['1997', '2025']
Jean-Luc Bideau	/wiki/Jean-Luc_Bideau	['1940', '2025']
Dimitri	/wiki/Dimitri_(clown)	['1935', '2016']
Annemarie Düringer	/wiki/Annemarie_D%C3%BCringer	['1925', '2014']
Bruno Ganz	/wiki/Bruno_Ganz	['1941', '2019']
Kat Graham	/wiki/Kat_Graham	['1989', '2025']
Viktor Giacobbo	/wiki/Viktor_Giacobbo	['1952', '2025']
Mathias Gnädinger	/wiki/Mathias_Gn%C3%A4dinger	['1941', '2015']
Curt Goetz	/wiki/Curt_Goetz	['1888', '1960']
Grock	/wiki/Grock	['1880', '1959']
Gardi Hutter	/wiki/Gardi_Hutter	['1953', '2025']
Rebecca Indermaur	/wiki/Rebecca_Indermaur	['1900', '1950']
Irène Jacob	/wiki/Ir%C3%A8ne_Jacob	['1966', '2025']
Marthe Keller	/wiki/Marthe_Keller	['1945', '2025']
Mathis Künzler	/wiki/Mathis_K%C3%BCnzler	['1978', '2025']
Max Loong	/wiki/Max_Loong	['1980', '2025']
Vincent Pérez	/wiki/Vincent_P%C3%A9rez	['1964', '2025']
Liselotte Pulver	/wiki/Liselotte_Pulver	['1929', '2025']
Maximilian Schell	/wiki/Maximilian_Schell	['1930', '2014']
Michel Simon	/wiki/Michel_Simon	['1895', '1975']
Emil Steinberger	/wiki/Emil_Steinberger_(actor)	['1933', '2025']
Jacques-Laurent Agasse	/wiki/Jacques-Laurent_Agasse	['1767', '1849']
Cuno Amiet	/wiki/Cuno_Amiet	['1868', '1961']
Thomas Ammann	/wiki/Thomas_Ammann	['1950', '1993']
Albert Anker	/wiki/Albert_Anker	['1831', '1910']
Jean Arcelin	/wiki/Jean_Arcelin	['1962', '2025']
Jean Arp	/wiki/Jean_Arp	['1886', '1966']
René Auberjonois	/wiki/Ren%C3%A9_Auberjonois_(painter)	['1872', '1957']
John Bernhard	/wiki/John_Bernhard	['1957', '2025']
François Bocion	/wiki/Fran%C3%A7ois_Bocion	['1828', '1890']
Arnold Böcklin	/wiki/Arnold_B%C3%B6cklin	['1827', '1901']
Karl Bodmer	/wiki/Karl_Bodmer	['1809', '1893']
Ferdinand Brader	/wiki/Ferdinand_Brader	['1833', '1901']
Mark Staff Brandl	/wiki/Mark_Staff_Brandl	['1955', '2025']
Sonam Dolma Brauen	/wiki/Sonam_Dolma_Brauen	['1953', '2025']
Frank Buchser	/wiki/Frank_Buchser	['1828', '1890']
Alexandre Calame	/wiki/Alexandre_Calame	['1810', '1864']
Jean Crotti	/wiki/Jean_Crotti	['1878', '1958']
Adèle d'Affry	/wiki/Ad%C3%A8le_d%27Affry	['1836', '1879']
Jean Dunand	/wiki/Jean_Dunand	['1877', '1942']
Hans Erni	/wiki/Hans_Erni	['1909', '2015']
Peter Fischli & David Weiss	/wiki/Peter_Fischli_%26_David_Weiss	['1946', '2025']
Adrian Frutiger	/wiki/Adrian_Frutiger	['1928', '2015']
Henry Fuseli	/wiki/Henry_Fuseli	['1741', '1825']
Johann Caspar Füssli	/wiki/Johann_Caspar_F%C3%BCssli	['1706', '1782']
Johann Kaspar Füssli	/wiki/Johann_Kaspar_F%C3%BCssli	['1743', '1786']
Karl Gerstner	/wiki/Karl_Gerstner	['1930', '2017']
Salomon Gessner	/wiki/Salomon_Gessner	['1730', '1788']
Alberto Giacometti	/wiki/Alberto_Giacometti	['1901', '1966']
H. R. Giger	/wiki/H._R._Giger	['1940', '2014']
Anton Graff	/wiki/Anton_Graff	['1736', '1813']
Eugène Grasset	/wiki/Eug%C3%A8ne_Grasset	['1845', '1917']
Willi Gutmann	/wiki/Willi_Gutmann	['1927', '2013']
Stefan Haenni	/wiki/Stefan_Haenni	['1958', '2025']
Andreas Heusser	/wiki/Andreas_Heusser	['1900', '1950']
Ferdinand Hodler	/wiki/Ferdinand_Hodler	['1853', '1918']
Max Huber	/wiki/Max_Huber_(graphic_designer)	['1919', '1992']
Robert Indermaur	/wiki/Robert_Indermaur	['1947', '2025']
Angelica Kauffman	/wiki/Angelica_Kauffman	['1741', '1807']
Jorg Khun	/wiki/Jorg_Khun	['1940', '1964']
Paul Klee	/wiki/Paul_Klee	['1879', '1940']
Rudolf Koller	/wiki/Rudolf_Koller	['1828', '1905']
Catherine Leutenegger	/wiki/Catherine_Leutenegger	['1983', '2025']
Albert Lindegger	/wiki/Albert_Lindegger	['1904', '1991']
Rochus Lussi	/wiki/Rochus_Lussi	['1965', '2025']
Niklaus Manuel	/wiki/Niklaus_Manuel	['1484', '1530']
Auguste de Niederhausern-Rodo	/wiki/Auguste_de_Niederhausern-Rodo	['1863', '1913']
Sibylle Pasche	/wiki/Sibylle_Pasche	['1976', '2025']
Roger Pfund	/wiki/Roger_Pfund	['1943', '2025']
James Pradier	/wiki/James_Pradier	['1790', '1852']
Oskar Reinhart	/wiki/Oskar_Reinhart	['1885', '1965']
Iris von Roten-Meyer	/wiki/Iris_von_Roten-Meyer	['1917', '1990']
Jacques Sablet	/wiki/Jacques_Sablet	['1749', '1803']
Niki de Saint Phalle	/wiki/Niki_de_Saint_Phalle	['1930', '2002']
Peter Schweri	/wiki/Peter_Schweri	['1939', '2016']
Nadja Sieger	/wiki/Nadja_Sieger	['1968', '2025']
Gerold Späth	/wiki/Gerold_Sp%C3%A4th	['1939', '2025']
Théophile Steinlen	/wiki/Th%C3%A9ophile_Steinlen	['1859', '1923']
Harald Szeemann	/wiki/Harald_Szeemann	['1933', '2005']
Sophie Taeuber-Arp	/wiki/Sophie_Taeuber-Arp	['1889', '1943']
Myriam Thyes	/wiki/Myriam_Thyes	['1963', '2025']
Jean Tinguely	/wiki/Jean_Tinguely	['1925', '1991']
Rodolphe Toepffer	/wiki/Rodolphe_Toepffer	['1799', '1846']
Félix Vallotton	/wiki/F%C3%A9lix_Vallotton	['1865', '1925']
Isabelle Waldberg	/wiki/Isabelle_Waldberg	['1911', '1990']
Ricco Wassmer	/wiki/Ricco_Wassmer	['1915', '1972']
Marianne von Werefkin	/wiki/Marianne_von_Werefkin	['1860', '1938']
Oskar Bider	/wiki/Oskar_Bider	['1891', '1919']
Alfred Comte	/wiki/Alfred_Comte	['1895', '1965']
Armand Dufaux	/wiki/Armand_Dufaux	['1883', '1941']
Henri Dufaux	/wiki/Henri_Dufaux	['1879', '1980']
Ernest Failloubaz	/wiki/Ernest_Failloubaz	['1892', '1919']
René Grandjean	/wiki/Ren%C3%A9_Grandjean	['1884', '1963']
Else Haugk	/wiki/Else_Haugk	['1889', '1973']
Walter Mittelholzer	/wiki/Walter_Mittelholzer	['1894', '1937']
Claude Nicollier	/wiki/Claude_Nicollier	['1944', '2025']
Bertrand Piccard	/wiki/Bertrand_Piccard	['1958', '2025']
Yves Rossy	/wiki/Yves_Rossy	['1959', '2025']
Eduard Spelterini	/wiki/Eduard_Spelterini	['1852', '1931']
Emile Taddéoli	/wiki/Emile_Tadd%C3%A9oli	['1879', '1920']
Carl Franz Bally	/wiki/Carl_Franz_Bally	['1821', '1899']
Ernesto Bertarelli	/wiki/Ernesto_Bertarelli	['1965', '2025']
Daniel Borel	/wiki/Daniel_Borel	['1950', '2025']
Abraham-Louis Breguet	/wiki/Abraham-Louis_Breguet	['1747', '1823']
François-Louis Cailler	/wiki/Fran%C3%A7ois-Louis_Cailler	['1796', '1852']
Arthur Chevrolet	/wiki/Arthur_Chevrolet	['1884', '1946']
Raphael H. Cohen	/wiki/Raphael_H._Cohen	['1953', '2025']
Gottlieb Duttweiler	/wiki/Gottlieb_Duttweiler	['1888', '1962']
Alfred Escher	/wiki/Alfred_Escher	['1819', '1882']
Hans Conrad Escher von der Linth	/wiki/Hans_Conrad_Escher_von_der_Linth	['1767', '1823']
Louis Favre	/wiki/Louis_Favre	['1826', '1879']
Nessim Gaon	/wiki/Nessim_Gaon	['1922', '2025']
Adolf Guyer-Zeller	/wiki/Adolf_Guyer-Zeller	['1839', '1899']
Nicolas Hayek	/wiki/Nicolas_Hayek	['1928', '2010']
Pierre Hemmer	/wiki/Pierre_Hemmer_(entrepreneur)	['1950', '2013']
Baron Jean-Conrad Hottinguer	/wiki/Baron_Jean-Conrad_Hottinguer	['1764', '1841']
Henri Nestlé	/wiki/Henri_Nestl%C3%A9	['1814', '1890']
Daniel Peter	/wiki/Daniel_Peter	['1836', '1919']
Georges Edouard Piaget	/wiki/Georges_Edouard_Piaget	['1855', '1931']
Beat Fischer von Reichenbach	/wiki/Beat_Fischer_von_Reichenbach	['1641', '1698']
Werner Reinhart	/wiki/Werner_Reinhart	['1884', '1951']
Philippe Suchard	/wiki/Philippe_Suchard	['1797', '1884']
Ernst Thomke	/wiki/Ernst_Thomke	['1939', '2025']
Giuseppe Bausilio	/wiki/Giuseppe_Bausilio	['1997', '2025']
Flore Revalles	/wiki/Flore_Revalles	['1889', '1966']
Arthur Cohn	/wiki/Arthur_Cohn	['1927', '2025']
Marc Forster	/wiki/Marc_Forster	['1969', '2025']
Jean-Luc Godard	/wiki/Jean-Luc_Godard	['1930', '2025']
Claude Goretta	/wiki/Claude_Goretta	['1929', '2025']
Moritz de Hadeln	/wiki/Moritz_de_Hadeln	['1940', '2025']
Markus Imhoof	/wiki/Markus_Imhoof	['1941', '2025']
Xavier Koller	/wiki/Xavier_Koller	['1944', '2025']
Fred Roy Krug	/wiki/Fred_Roy_Krug	['1900', '1950']
Daniel Schmid	/wiki/Daniel_Schmid	['1941', '2006']
Alain Tanner	/wiki/Alain_Tanner	['1929', '2025']
Paul Bernays	/wiki/Paul_Bernays	['1888', '1977']
Daniel Bernoulli	/wiki/Daniel_Bernoulli	['1700', '1782']
Jakob Bernoulli	/wiki/Jakob_Bernoulli	['1654', '1705']
Johann Bernoulli	/wiki/Johann_Bernoulli	['1667', '1748']
Daniel Bleichenbacher	/wiki/Daniel_Bleichenbacher	['1964', '2025']
Armand Borel	/wiki/Armand_Borel	['1923', '2003']
Leonhard Euler	/wiki/Leonhard_Euler	['1707', '1783']
Hugo Hadwiger	/wiki/Hugo_Hadwiger	['1908', '1981']
Edward Kofler	/wiki/Edward_Kofler	['1911', '2007']
Konrad Osterwalder	/wiki/Konrad_Osterwalder	['1942', '2025']
Michel Plancherel	/wiki/Michel_Plancherel	['1885', '1967']
Georges de Rham	/wiki/Georges_de_Rham	['1903', '1990']
Ludwig Schläfli	/wiki/Ludwig_Schl%C3%A4fli	['1814', '1895']
Jakob Steiner	/wiki/Jakob_Steiner	['1796', '1863']
Ernst Specker	/wiki/Ernst_Specker	['1920', '2011']
Eduard Stiefel	/wiki/Eduard_Stiefel	['1909', '1978']
Pierre Victor Besenval de Bronstatt	/wiki/Pierre_Victor_Besenval_de_Bronstatt	['1721', '1791']
Guillaume-Henri Dufour	/wiki/Guillaume-Henri_Dufour	['1787', '1875']
Henri Guisan	/wiki/Henri_Guisan	['1874', '1960']
Hans Herzog	/wiki/Hans_Herzog	['1819', '1894']
Antoine-Henri Jomini	/wiki/Antoine-Henri_Jomini	['1779', '1869']
Christophe Keckeis	/wiki/Christophe_Keckeis	['1945', '2025']
Elmar Mäder	/wiki/Elmar_M%C3%A4der	['1900', '1950']
Pius Segmüller	/wiki/Pius_Segm%C3%BCller	['1952', '2025']
Theophil Sprecher von Bernegg	/wiki/Theophil_Sprecher_von_Bernegg	['1850', '1927']
Ulrich Wille	/wiki/Ulrich_Wille	['1848', '1925']
Mia Aegerter	/wiki/Mia_Aegerter	['1976', '2025']
Martin Eric Ain	/wiki/Martin_Eric_Ain	['1967', '2025']
Ernest Ansermet	/wiki/Ernest_Ansermet	['1883', '1969']
Lys Assia	/wiki/Lys_Assia	['1924', '2018']
Chiara Banchini	/wiki/Chiara_Banchini	['1946', '2025']
DJ Bobo	/wiki/DJ_Bobo	['1968', '2025']
Bertrand Bitz	/wiki/Bertrand_Bitz	['1978', '2025']
Daniel Boemle	/wiki/Daniel_Boemle	['1960', '2007']
Urs Bühler	/wiki/Urs_B%C3%BChler	['1971', '2025']
Dominik Burkhalter	/wiki/Dominik_Burkhalter	['1975', '2025']
Caroline Charrière	/wiki/Caroline_Charri%C3%A8re	['1960', '2018']
Michel Corboz	/wiki/Michel_Corboz	['1934', '2025']
Rachel Kolly d'Alba	/wiki/Rachel_Kolly_d%27Alba	['1981', '2025']
Emile Jaques-Dalcroze	/wiki/Emile_Jaques-Dalcroze	['1865', '1950']
Philippe Decourroux	/wiki/Philippe_Decourroux	['1962', '2025']
Henri Dès	/wiki/Henri_D%C3%A8s	['1940', '2025']
Andy Egert	/wiki/Andy_Egert	['1961', '2025']
Electroboy	/wiki/Electroboy	['1974', '2025']
Edwin Fischer	/wiki/Edwin_Fischer	['1886', '1960']
Thomas Gabriel Fischer	/wiki/Thomas_Gabriel_Fischer	['1963', '2025']
Peter Giger	/wiki/Peter_Giger	['1939', '2025']
Peter-Lukas Graf	/wiki/Peter-Lukas_Graf	['1929', '2025']
Ernst Haefliger	/wiki/Ernst_Haefliger	['1919', '2007']
Heinz Holliger	/wiki/Heinz_Holliger	['1939', '2025']
Arthur Honegger	/wiki/Arthur_Honegger	['1892', '1955']
Philippe Huttenlocher	/wiki/Philippe_Huttenlocher	['1942', '2025']
Rahel Indermaur	/wiki/Rahel_Indermaur	['1980', '2025']
Christian Jacob	/wiki/Christian_Jacob_(musician)	['1958', '2025']
Michael Jarrell	/wiki/Michael_Jarrell	['1958', '2025']
Daniel Kandlbauer	/wiki/Daniel_Kandlbauer	['1983', '2025']
Kuno Lauener	/wiki/Kuno_Lauener	['1961', '2025']
Carlos Leal	/wiki/Carlos_Leal	['1969', '2025']
Pepe Lienhard	/wiki/Pepe_Lienhard	['1939', '2025']
Frank Martin	/wiki/Frank_Martin_(composer)	['1890', '1974']
Mani Matter	/wiki/Mani_Matter	['1936', '1972']
Jojo Mayer	/wiki/Jojo_Mayer	['1963', '2025']
Dieter Meier	/wiki/Dieter_Meier	['1945', '2025']
Mandy Meyer	/wiki/Mandy_Meyer	['1960', '2025']
Patrick Moraz	/wiki/Patrick_Moraz	['1948', '2025']
Paolo Pandolfo	/wiki/Paolo_Pandolfo	['1900', '1950']
Zlatko Perica	/wiki/Zlatko_Perica	['1969', '2025']
Carlos Perón	/wiki/Carlos_Per%C3%B3n	['1952', '2025']
Werner Reinhart	/wiki/Werner_Reinhart	['1884', '1951']
Othmar Schoeck	/wiki/Othmar_Schoeck	['1886', '1957']
Ludwig Senfl	/wiki/Ludwig_Senfl	['1900', '1950']
Marc Storace	/wiki/Marc_Storace	['1951', '2025']
Eric Tappy	/wiki/Eric_Tappy	['1931', '2025']
Martin Tillman	/wiki/Martin_Tillman	['1964', '2025']
Tina Turner	/wiki/Tina_Turner	['1939', '2025']
Silvio Varviso	/wiki/Silvio_Varviso	['1924', '2006']
Andreas Vollenweider	/wiki/Andreas_Vollenweider	['1953', '2025']
Chris von Rohr	/wiki/Chris_von_Rohr	['1951', '2025']
August Wenzinger	/wiki/August_Wenzinger	['1905', '1996']
Roland Zoss	/wiki/Roland_Zoss	['1951', '2025']
Alberich Zwyssig	/wiki/Alberich_Zwyssig	['1808', '1854']
Henri Frédéric Amiel	/wiki/Henri_Fr%C3%A9d%C3%A9ric_Amiel	['1821', '1881']
Richard Avenarius	/wiki/Richard_Avenarius	['1843', '1896']
Peter Bieri	/wiki/Peter_Bieri_(author)	['1944', '2025']
Benjamin Constant	/wiki/Benjamin_Constant	['1767', '1830']
Jeanne Hersch	/wiki/Jeanne_Hersch	['1910', '2000']
Henri Lauener	/wiki/Henri_Lauener	['1933', '2002']
Dominik Perler	/wiki/Dominik_Perler	['1965', '2025']
Hans A. Pestalozzi	/wiki/Hans_A._Pestalozzi	['1929', '2004']
Alexandru Şafran	/wiki/Alexandru_%C5%9Eafran	['1910', '2006']
Peter Baumann	/wiki/Peter_Baumann_(psychiatrist)	['1935', '2011']
Ludwig Binswanger	/wiki/Ludwig_Binswanger	['1881', '1966']
Eugen Bleuler	/wiki/Eugen_Bleuler	['1857', '1940']
Carl Gustav Jung	/wiki/Carl_Gustav_Jung	['1875', '1961']
Emma Jung	/wiki/Emma_Jung	['1882', '1955']
Elisabeth Kübler-Ross	/wiki/Elisabeth_K%C3%BCbler-Ross	['1926', '2004']
Max Lüscher	/wiki/Max_L%C3%BCscher	['1923', '2025']
Richard Meili	/wiki/Richard_Meili	['1900', '1991']
Johann Heinrich Pestalozzi	/wiki/Johann_Heinrich_Pestalozzi	['1746', '1827']
Oskar Pfister	/wiki/Oskar_Pfister	['1873', '1956']
Jean Piaget	/wiki/Jean_Piaget	['1896', '1980']
Hermann Rorschach	/wiki/Hermann_Rorschach	['1884', '1922']
Rosa Bloch-Bollag	/wiki/Rosa_Bloch-Bollag	['1880', '1922']
Rudolf Brun	/wiki/Rudolf_Brun	['1900', '1950']
Gaudenz Canova	/wiki/Gaudenz_Canova	['1887', '1962']
Étienne Clavière	/wiki/%C3%89tienne_Clavi%C3%A8re	['1735', '1793']
Joseph Deiss	/wiki/Joseph_Deiss	['1946', '2025']
Élie Ducommun	/wiki/%C3%89lie_Ducommun	['1833', '1906']
Henri Dunant	/wiki/Henri_Dunant	['1828', '1910']
Albert Gallatin	/wiki/Albert_Gallatin	['1761', '1849']
Albert Gobat	/wiki/Albert_Gobat	['1843', '1914']
Jörg Jenatsch	/wiki/J%C3%B6rg_Jenatsch	['1596', '1639']
Ursula Koch	/wiki/Ursula_Koch	['1941', '2025']
Carl Lutz	/wiki/Carl_Lutz	['1895', '1975']
Jean-Paul Marat	/wiki/Jean-Paul_Marat	['1743', '1793']
Giuseppe Motta	/wiki/Giuseppe_Motta	['1871', '1940']
Napoleon III	/wiki/Napoleon_III	['1808', '1873']
Jacques Necker	/wiki/Jacques_Necker	['1732', '1804']
Charles Pictet de Rochemont	/wiki/Charles_Pictet_de_Rochemont	['1755', '1824']
Pompejus von Planta	/wiki/Pompejus_von_Planta	['1569', '1621']
Fritz Platten	/wiki/Fritz_Platten	['1900', '1950']
Carla del Ponte	/wiki/Carla_del_Ponte	['1947', '2025']
Elisabeth von Rapperswil	/wiki/Elisabeth_von_Rapperswil	['1900', '1950']
Trudy Späth-Schweizer	/wiki/Trudy_Sp%C3%A4th-Schweizer	['1908', '1990']
Katharina von Zimmern	/wiki/Katharina_von_Zimmern	['1478', '1547']
Jakob Abbadie	/wiki/Jakob_Abbadie	['1654', '1727']
Gilberto Agustoni	/wiki/Gilberto_Agustoni	['1922', '2017']
Jacob Amman	/wiki/Jacob_Amman	['1900', '1950']
Karl Barth	/wiki/Karl_Barth	['1886', '1968']
Heinrich Bullinger	/wiki/Heinrich_Bullinger	['1504', '1575']
Georges Cottier	/wiki/Georges_Cottier	['1922', '2016']
Niklaus Manuel Deutsch	/wiki/Niklaus_Manuel_Deutsch	['1484', '1530']
Johann Augustanus Faber	/wiki/Johann_Augustanus_Faber	['1900', '1950']
William Farel	/wiki/William_Farel	['1489', '1565']
Theodosius Florentini	/wiki/Theodosius_Florentini	['1808', '1865']
Gaston Frommel	/wiki/Gaston_Frommel	['1862', '1906']
Berchtold Haller	/wiki/Berchtold_Haller	['1492', '1536']
Karl Rudolf Hagenbach	/wiki/Karl_Rudolf_Hagenbach	['1801', '1874']
Johann Jakob Herzog	/wiki/Johann_Jakob_Herzog	['1805', '1882']
Hans Küng	/wiki/Hans_K%C3%BCng	['1928', '2025']
Johann Kaspar Lavater	/wiki/Johann_Kaspar_Lavater	['1741', '1801']
Oswald Myconius	/wiki/Oswald_Myconius	['1488', '1552']
Johannes Oecolampadius	/wiki/Johannes_Oecolampadius	['1482', '1531']
Frère Roger	/wiki/Fr%C3%A8re_Roger	['1915', '2005']
Philip Schaff	/wiki/Philip_Schaff	['1819', '1893']
Henri Schwery	/wiki/Henri_Schwery	['1932', '2025']
Erika Sutter	/wiki/Erika_Sutter	['1900', '1950']
Clemens Thoma	/wiki/Clemens_Thoma	['1932', '2011']
Alexandre Rodolphe Vinet	/wiki/Alexandre_Rodolphe_Vinet	['1797', '1847']
Pierre Viret	/wiki/Pierre_Viret	['1511', '1571']
Lukas Vischer	/wiki/Lukas_Vischer_(theologian)	['1926', '2008']
Johann Jakob Wettstein	/wiki/Johann_Jakob_Wettstein	['1693', '1754']
John Joachim Zubly	/wiki/John_Joachim_Zubly	['1724', '1781']
Huldrych Zwingli	/wiki/Huldrych_Zwingli	['1484', '1531']
Alexander Emanuel Agassiz	/wiki/Alexander_Emanuel_Agassiz	['1835', '1910']
Louis Agassiz	/wiki/Louis_Agassiz	['1807', '1873']
Jacob Amsler	/wiki/Jacob_Amsler	['1823', '1912']
Werner Arber	/wiki/Werner_Arber	['1929', '2025']
Johann Georg Baiter	/wiki/Johann_Georg_Baiter	['1801', '1877']
Adolph Francis Alphonse Bandelier	/wiki/Adolph_Francis_Alphonse_Bandelier	['1840', '1914']
Jean-François Bergier	/wiki/Jean-Fran%C3%A7ois_Bergier	['1931', '2009']
Eugen Bleuler	/wiki/Eugen_Bleuler	['1857', '1940']
Felix Bloch	/wiki/Felix_Bloch	['1905', '2025']
Hans Bluntschli	/wiki/Hans_Bluntschli	['1900', '1950']
Charles Bonnet	/wiki/Charles_Bonnet	['1720', '1793']
Daniel Bovet	/wiki/Daniel_Bovet	['1907', '2025']
Joost Bürgi	/wiki/Joost_B%C3%BCrgi	['1552', '1632']
Johann Büttikofer	/wiki/Johann_B%C3%BCttikofer	['1850', '1929']
Jean-André Deluc	/wiki/Jean-Andr%C3%A9_Deluc	['1727', '1817']
Paul Dirac	/wiki/Paul_Dirac	['1902', '1984']
Albert Einstein	/wiki/Albert_Einstein	['1879', '1955']
Richard R. Ernst	/wiki/Richard_R._Ernst	['1933', '2025']
Edmond H. Fischer	/wiki/Edmond_H._Fischer	['1920', '2025']
Fritz Fischer	/wiki/Fritz_Fischer_(physicist)	['1898', '1947']
Auguste Forel	/wiki/Auguste_Forel	['1848', '1931']
François-Alphonse Forel	/wiki/Fran%C3%A7ois-Alphonse_Forel	['1841', '1912']
Johann Kaspar Füssli	/wiki/Johann_Kaspar_F%C3%BCssli	['1743', '1786']
Conrad Gessner	/wiki/Conrad_Gessner	['1516', '1565']
Jules Gonin	/wiki/Jules_Gonin	['1870', '1935']
Gustav Guanella	/wiki/Gustav_Guanella	['1909', '1982']
André Guignard	/wiki/Andr%C3%A9_Guignard	['1942', '2025']
Charles-Edouard Guillaume	/wiki/Charles-Edouard_Guillaume	['1861', '1938']
Albrecht von Haller	/wiki/Albrecht_von_Haller	['1708', '1777']
Walter Rudolf Hess	/wiki/Walter_Rudolf_Hess	['1881', '1973']
Carl Hilty	/wiki/Carl_Hilty	['1833', '1909']
Albert Hofmann	/wiki/Albert_Hofmann	['1906', '2008']
Eugen Huber	/wiki/Eugen_Huber	['1849', '1923']
François Huber	/wiki/Fran%C3%A7ois_Huber	['1750', '1831']
Otto Frederick Hunziker	/wiki/Otto_Frederick_Hunziker	['1873', '1959']
Stefan Janos	/wiki/Stefan_Janos_(Physicist)	['1943', '2025']
Paul Karrer	/wiki/Paul_Karrer	['1889', '1971']
Emil Theodor Kocher	/wiki/Emil_Theodor_Kocher	['1841', '1917']
Jean Charles Galissard de Marignac	/wiki/Jean_Charles_Galissard_de_Marignac	['1817', '1894']
Michel Mayor	/wiki/Michel_Mayor	['1942', '2025']
Friedrich Miescher	/wiki/Friedrich_Miescher	['1844', '1895']
Johannes von Müller	/wiki/Johannes_von_M%C3%BCller	['1752', '1809']
K. Alex Müller	/wiki/K._Alex_M%C3%BCller	['1927', '2025']
Paul Hermann Müller	/wiki/Paul_Hermann_M%C3%BCller	['1899', '1965']
Jean-Daniel Nicoud	/wiki/Jean-Daniel_Nicoud	['1938', '2025']
Johann Caspar von Orelli	/wiki/Johann_Caspar_von_Orelli	['1787', '1849']
Paracelsus	/wiki/Paracelsus	['1493', '1541']
Wolfgang Pauli	/wiki/Wolfgang_Pauli	['1900', '1958']
Jean Piaget	/wiki/Jean_Piaget	['1896', '1980']
Auguste Piccard	/wiki/Auguste_Piccard	['1884', '1962']
Bertrand Piccard	/wiki/Bertrand_Piccard	['1958', '2025']
Jacques Piccard	/wiki/Jacques_Piccard	['1922', '2008']
Jean Piccard	/wiki/Jean_Piccard	['1884', '1963']
François-Jules Pictet de la Rive	/wiki/Fran%C3%A7ois-Jules_Pictet_de_la_Rive	['1809', '1872']
Raoul Pictet	/wiki/Raoul_Pictet	['1846', '1929']
Adolf Portmann	/wiki/Adolf_Portmann	['1897', '1982']
Vladimir Prelog	/wiki/Vladimir_Prelog	['1906', '1998']
Didier Queloz	/wiki/Didier_Queloz	['1966', '2025']
Tadeus Reichstein	/wiki/Tadeus_Reichstein	['1897', '1996']
Eugene Renevier	/wiki/Eugene_Renevier	['1831', '1906']
Heinrich Rohrer	/wiki/Heinrich_Rohrer	['1933', '2025']
Heinz Rutishauser	/wiki/Heinz_Rutishauser	['1918', '1970']
Leopold Ružička	/wiki/Leopold_Ru%C5%BEi%C4%8Dka	['1887', '1976']
Johann Jakob Scheuchzer	/wiki/Johann_Jakob_Scheuchzer	['1672', '1733']
Louis Secretan	/wiki/Louis_Secretan	['1758', '1839']
Jack Steinberger	/wiki/Jack_Steinberger	['1921', '2025']
Ernst Stueckelberg	/wiki/Ernst_Stueckelberg	['1905', '1984']
Alfred Werner	/wiki/Alfred_Werner	['1866', '1919']
Niklaus Wirth	/wiki/Niklaus_Wirth	['1934', '2025']
Kurt Wüthrich	/wiki/Kurt_W%C3%BCthrich	['1938', '2025']
Daniel Albert Wyttenbach	/wiki/Daniel_Albert_Wyttenbach	['1746', '1820']
Alexandre Yersin	/wiki/Alexandre_Yersin	['1894', '1943']
Rolf M. Zinkernagel	/wiki/Rolf_M._Zinkernagel	['1944', '2025']
Fritz Zwicky	/wiki/Fritz_Zwicky	['1898', '1974']
Theodor Zwinger	/wiki/Theodor_Zwinger	['1533', '1588']
Paul Accola	/wiki/Paul_Accola	['1967', '2025']
David Aebischer	/wiki/David_Aebischer	['1978', '2025']
Jeff Agoos	/wiki/Jeff_Agoos	['1968', '2025']
Daniel Albrecht	/wiki/Daniel_Albrecht	['1983', '2025']
Simon Ammann	/wiki/Simon_Ammann	['1981', '2025']
Sven Bärtschi	/wiki/Sven_B%C3%A4rtschi	['1992', '2025']
Madeleine Berthod	/wiki/Madeleine_Berthod	['1931', '2025']
Denise Biellmann	/wiki/Denise_Biellmann	['1962', '2025']
Sepp Blatter	/wiki/Sepp_Blatter	['1935', '2025']
Clint Capela	/wiki/Clint_Capela	['1994', '2025']
Ursula Bruhin	/wiki/Ursula_Bruhin	['1970', '2025']
Fabian Cancellara	/wiki/Fabian_Cancellara	['1981', '2025']
Antonio Cesaro	/wiki/Antonio_Cesaro	['1980', '2025']
Stéphane Chapuisat	/wiki/St%C3%A9phane_Chapuisat	['1969', '2025']
Dario Cologna	/wiki/Dario_Cologna	['1986', '2025']
Didier Cuche	/wiki/Didier_Cuche	['1974', '2025']
Didier Défago	/wiki/Didier_D%C3%A9fago	['1977', '2025']
Johan Djourou	/wiki/Johan_Djourou	['1987', '2025']
Oscar Egg	/wiki/Oscar_Egg	['1890', '1961']
Roger Federer	/wiki/Roger_Federer	['1981', '2025']
Michela Figini	/wiki/Michela_Figini	['1966', '2025']
Marcel Fischer	/wiki/Marcel_Fischer	['1978', '2025']
Alexander Frei	/wiki/Alexander_Frei	['1979', '2025']
Tanja Frieden	/wiki/Tanja_Frieden	['1976', '2025']
Martin Gerber	/wiki/Martin_Gerber	['1974', '2025']
Arnold Gerschwiler	/wiki/Arnold_Gerschwiler	['1914', '2003']
Hans Gerschwiler	/wiki/Hans_Gerschwiler	['1900', '1950']
Jack Gerschwiler	/wiki/Jack_Gerschwiler	['1898', '2000']
Stefan Grogg	/wiki/Stefan_Grogg	['1974', '2025']
Franz Heinzer	/wiki/Franz_Heinzer	['1962', '2025']
Stéphane Henchoz	/wiki/St%C3%A9phane_Henchoz	['1974', '2025']
Erika Hess	/wiki/Erika_Hess	['1962', '2025']
Martina Hingis	/wiki/Martina_Hingis	['1980', '2025']
Nico Hischier	/wiki/Nico_Hischier	['1999', '2025']
Jakob Hlasek	/wiki/Jakob_Hlasek	['1964', '2025']
Ambrosi Hoffmann	/wiki/Ambrosi_Hoffmann	['1977', '2025']
Andy Hug	/wiki/Andy_Hug	['1964', '2000']
Benjamin Huggel	/wiki/Benjamin_Huggel	['1977', '2025']
Patrick Hürlimann	/wiki/Patrick_H%C3%BCrlimann	['1963', '2025']
Roman Josi	/wiki/Roman_Josi	['1990', '2025']
Bruno Kernen	/wiki/Bruno_Kernen_(born_1972)	['1972', '2025']
Bruno Kernen	/wiki/Bruno_Kernen_(born_1961)	['1961', '2025']
Hugo Koblet	/wiki/Hugo_Koblet	['1925', '1964']
Franz Krienbühl	/wiki/Franz_Krienb%C3%BChl	['1929', '2002']
Andreas Küttel	/wiki/Andreas_K%C3%BCttel	['1979', '2025']
Stéphane Lambiel	/wiki/St%C3%A9phane_Lambiel	['1985', '2025']
Peter Lüscher	/wiki/Peter_L%C3%BCscher	['1956', '2025']
Daniela Meuli	/wiki/Daniela_Meuli	['1981', '2025']
Lise-Marie Morerod	/wiki/Lise-Marie_Morerod	['1956', '2025']
2008 Los Angeles Sparks season	/wiki/2008_Los_Angeles_Sparks_season	['1981', '2025']
Nicolas Müller	/wiki/Nicolas_M%C3%BCller	['1982', '2025']
Peter Müller	/wiki/Peter_M%C3%BCller_(skier)	['1957', '2025']
Xeno Müller	/wiki/Xeno_M%C3%BCller	['1972', '2025']
Marie-Theres Nadig	/wiki/Marie-Theres_Nadig	['1954', '2025']
Sonja Nef	/wiki/Sonja_Nef	['1972', '2025']
Maya Pedersen	/wiki/Maya_Pedersen	['1972', '2025']
Manuela Pesko	/wiki/Manuela_Pesko	['1978', '2025']
Alina Popa	/wiki/Alina_Popa	['1978', '2025']
Walter Prager	/wiki/Walter_Prager	['1910', '1984']
Clay Regazzoni	/wiki/Clay_Regazzoni	['1939', '2006']
Corinne Rey-Bellet	/wiki/Corinne_Rey-Bellet	['1972', '2006']
Tony Rominger	/wiki/Tony_Rominger	['1961', '2025']
Marc Rosset	/wiki/Marc_Rosset	['1970', '2025']
Bernhard Russi	/wiki/Bernhard_Russi	['1948', '2025']
Martina Schild	/wiki/Martina_Schild	['1981', '2025']
Hedy Schlunegger	/wiki/Hedy_Schlunegger	['1923', '2003']
Vreni Schneider	/wiki/Vreni_Schneider	['1964', '2025']
Patty Schnyder	/wiki/Patty_Schnyder	['1978', '2025']
Thabo Sefolosha	/wiki/Thabo_Sefolosha	['1984', '2025']
Philippe Senderos	/wiki/Philippe_Senderos	['1985', '2025']
Mark Streit	/wiki/Mark_Streit	['1977', '2025']
Alain Sutter	/wiki/Alain_Sutter	['1968', '2025']
Kubilay Türkyilmaz	/wiki/Kubilay_T%C3%BCrkyilmaz	['1967', '2025']
Maria Walliser	/wiki/Maria_Walliser	['1963', '2025']
Stanislas Wawrinka	/wiki/Stanislas_Wawrinka	['1985', '2025']
Jean Wicki	/wiki/Jean_Wicki	['1933', '2025']
Granit Xhaka	/wiki/Granit_Xhaka	['1992', '2025']
Hakan Yakin	/wiki/Hakan_Yakin	['1977', '2025']
Murat Yakin	/wiki/Murat_Yakin	['1974', '2025']
Heidi Zurbriggen	/wiki/Heidi_Zurbriggen	['1967', '2025']
Matthias Zurbriggen	/wiki/Matthias_Zurbriggen	['1856', '1917']
Pirmin Zurbriggen	/wiki/Pirmin_Zurbriggen	['1963', '2025']
Silvan Zurbriggen	/wiki/Silvan_Zurbriggen	['1981', '2025']
Peter Bichsel	/wiki/Peter_Bichsel	['1935', '2025']
Silvio Blatter	/wiki/Silvio_Blatter	['1946', '2025']
Charles Victor de Bonstetten	/wiki/Charles_Victor_de_Bonstetten	['1745', '1832']
Nicolas Bouvier	/wiki/Nicolas_Bouvier	['1929', '1998']
Willy Bretscher	/wiki/Willy_Bretscher	['1897', '1992']
Raymond Bruckert	/wiki/Raymond_Bruckert	['1935', '2025']
Hermann Burger	/wiki/Hermann_Burger	['1942', '1989']
Erika Burkart	/wiki/Erika_Burkart	['1922', '2010']
Elias Canetti	/wiki/Elias_Canetti	['1905', '1994']
Blaise Cendrars	/wiki/Blaise_Cendrars	['1887', '1961']
Victor Cherbuliez	/wiki/Victor_Cherbuliez	['1829', '1899']
Jacques Chessex	/wiki/Jacques_Chessex	['1934', '2009']
Anne Cuneo	/wiki/Anne_Cuneo	['1936', '2015']
Erich von Däniken	/wiki/Erich_von_D%C3%A4niken	['1935', '2025']
Martin R. Dean	/wiki/Martin_R._Dean	['1955', '2025']
Friedrich Dürrenmatt	/wiki/Friedrich_D%C3%BCrrenmatt	['1921', '1990']
Daniel Martin Eckhart	/wiki/Daniel_Martin_Eckhart	['1962', '2025']
Marianne Ehrmann	/wiki/Marianne_Ehrmann	['1755', '1795']
Jürg Federspiel	/wiki/J%C3%BCrg_Federspiel	['1931', '2007']
Max Frisch	/wiki/Max_Frisch	['1911', '1991']
Salomon Gessner	/wiki/Salomon_Gessner	['1730', '1788']
Friedrich Glauser	/wiki/Friedrich_Glauser	['1896', '1938']
Jeremias Gotthelf	/wiki/Jeremias_Gotthelf	['1797', '1854']
Stefan Haenni	/wiki/Stefan_Haenni	['1958', '2025']
Eveline Hasler	/wiki/Eveline_Hasler	['1933', '2025']
Markus Hediger	/wiki/Markus_Hediger	['1959', '2025']
Hermann Hesse	/wiki/Hermann_Hesse	['1877', '1962']
Franz Hohler	/wiki/Franz_Hohler	['1943', '2025']
Mirjam Indermaur	/wiki/Mirjam_Indermaur	['1967', '2025']
Philippe Jaccottet	/wiki/Philippe_Jaccottet	['1925', '2025']
Zoë Jenny	/wiki/Zo%C3%AB_Jenny	['1974', '2025']
Gottfried Keller	/wiki/Gottfried_Keller	['1819', '1890']
Christian Kracht	/wiki/Christian_Kracht	['1966', '2025']
Hugo Loetscher	/wiki/Hugo_Loetscher	['1929', '2009']
Ella Maillart	/wiki/Ella_Maillart	['1903', '1997']
Niklaus Meienberg	/wiki/Niklaus_Meienberg	['1940', '1993']
Conrad Ferdinand Meyer	/wiki/Conrad_Ferdinand_Meyer	['1825', '1898']
Adolf Muschg	/wiki/Adolf_Muschg	['1934', '2025']
Suzanne Necker	/wiki/Suzanne_Necker	['1739', '1794']
Juste Olivier	/wiki/Juste_Olivier	['1807', '1876']
Giorgio Orelli	/wiki/Giorgio_Orelli	['1921', '2013']
Daniele Pantano	/wiki/Daniele_Pantano	['1976', '2025']
Erica Pedretti	/wiki/Erica_Pedretti	['1930', '2025']
Eugène Rambert	/wiki/Eug%C3%A8ne_Rambert	['1830', '1886']
Charles Ferdinand Ramuz	/wiki/Charles_Ferdinand_Ramuz	['1878', '1947']
Grisélidis Réal	/wiki/Gris%C3%A9lidis_R%C3%A9al	['1929', '2005']
William Ritter	/wiki/William_Ritter_(writer)	['1867', '1955']
Alice Rivaz	/wiki/Alice_Rivaz	['1901', '1998']
Gustave Roud	/wiki/Gustave_Roud	['1897', '1976']
Denis de Rougemont	/wiki/Denis_de_Rougemont	['1906', '1985']
Léon Savary	/wiki/L%C3%A9on_Savary	['1895', '1968']
Jakob Schaffner	/wiki/Jakob_Schaffner	['1875', '1944']
Josias Simmler	/wiki/Josias_Simmler	['1530', '1576']
Carl Spitteler	/wiki/Carl_Spitteler	['1845', '1924']
Johanna Spyri	/wiki/Johanna_Spyri	['1827', '1901']
Anne Louise Germaine de Staël	/wiki/Anne_Louise_Germaine_de_Sta%C3%ABl	['1766', '1817']
Peter Stamm	/wiki/Peter_Stamm	['1963', '2025']
Albert Steffen	/wiki/Albert_Steffen	['1884', '1963']
Otto Steiger	/wiki/Otto_Steiger_(writer)	['1909', '2005']
Martin Suter	/wiki/Martin_Suter	['1948', '2025']
Rudolf Sutermeister	/wiki/Rudolf_Sutermeister	['1802', '2025']
Robert Walser	/wiki/Robert_Walser_(writer)	['1878', '1956']
Otto F. Walter	/wiki/Otto_F._Walter	['1928', '1994']
Silja Walter	/wiki/Silja_Walter	['1919', '2011']
Markus Werner	/wiki/Markus_Werner	['1944', '2025']
Urs Widmer	/wiki/Urs_Widmer	['1938', '2014']
Johann David Wyss	/wiki/Johann_David_Wyss	['1743', '1818']
Albin Zollinger	/wiki/Albin_Zollinger	['1885', '1941']
Fritz Zorn	/wiki/Fritz_Zorn	['1944', '1976']
Roland Zoss	/wiki/Roland_Zoss	['1951', '2025']
Johann Heinrich Daniel Zschokke	/wiki/Johann_Heinrich_Daniel_Zschokke	['1771', '1848']
Helvetia	/wiki/Helvetia	['1900', '1950']
Arnold von Melchtal	/wiki/Arnold_von_Melchtal	['1900', '1950']
William Tell	/wiki/William_Tell	['1900', '1950']
Arnold von Winkelried	/wiki/Arnold_von_Winkelried	['1900', '1950']
Othmar Ammann	/wiki/Othmar_Ammann	['1879', '1965']
Nick Auf der Maur	/wiki/Nick_Auf_der_Maur	['1942', '1998']
Louise Bachofen-Burckhardt	/wiki/Louise_Bachofen-Burckhardt	['1845', '1920']
Maximilian Bircher-Benner	/wiki/Maximilian_Bircher-Benner	['1867', '1939']
Johann Georg Bodmer	/wiki/Johann_Georg_Bodmer	['1786', '1864']
Johann Jakob Bodmer	/wiki/Johann_Jakob_Bodmer	['1698', '1783']
Hans Ormund Bringolf	/wiki/Hans_Ormund_Bringolf	['1876', '1951']
Jacob Burckhardt	/wiki/Jacob_Burckhardt	['1818', '1897']
Johann Ludwig Burckhardt	/wiki/Johann_Ludwig_Burckhardt	['1784', '1814']
Michée Chauderon	/wiki/Mich%C3%A9e_Chauderon	['1900', '1950']
Arthur Cohn	/wiki/Arthur_Cohn	['1927', '2025']
Lydia Welti-Escher	/wiki/Lydia_Welti-Escher	['1858', '1891']
Philipp Emanuel von Fellenberg	/wiki/Philipp_Emanuel_von_Fellenberg	['1771', '1844']
Marie Grossholtz	/wiki/Marie_Grossholtz	['1761', '1850']
Paul Grueninger	/wiki/Paul_Grueninger	['1891', '1972']
Felix Hemmerlin	/wiki/Felix_Hemmerlin	['1900', '1950']
Michelle Hunziker	/wiki/Michelle_Hunziker	['1977', '2025']
Ingvar Kamprad	/wiki/Ingvar_Kamprad	['1926', '2018']
Carl Lutz	/wiki/Carl_Lutz	['1895', '1975']
Robert Maillart	/wiki/Robert_Maillart	['1872', '1940']
Peter Hildebrand Meienberg	/wiki/Peter_Hildebrand_Meienberg	['1900', '1950']
Christoph Meili	/wiki/Christoph_Meili	['1968', '2025']
Christian Menn	/wiki/Christian_Menn	['1927', '2025']
Max Miedinger	/wiki/Max_Miedinger	['1910', '1980']
Claude Nobs	/wiki/Claude_Nobs	['1936', '2013']
Rosa Rein	/wiki/Rosa_Rein	['1897', '2010']
Werner Reinhart	/wiki/Werner_Reinhart	['1884', '1951']
Archibald Reiss	/wiki/Archibald_Reiss	['1875', '1929']
Beat Richner	/wiki/Beat_Richner	['1947', '2018']
Niklaus Riggenbach	/wiki/Niklaus_Riggenbach	['1817', '1899']
Frithjof Schuon	/wiki/Frithjof_Schuon	['1907', '1998']
John Sutter	/wiki/John_Sutter	['1803', '1880']
Stefi Talman	/wiki/Stefi_Talman	['1958', '2025']
Alain Tanner	/wiki/Alain_Tanner	['1929', '2025']
Lukas Vischer	/wiki/Lukas_Vischer_(collector)	['1780', '1840']
Swiss longevity recordholders	/wiki/Swiss_longevity_recordholders	['1900', '1950']
