text	link	year
Peggy Brunache	/wiki/Peggy_Brunache	['1900', '1950']
Leslie Desmangles	/wiki/Leslie_Desmangles	['1900', '1950']
Anténor Firmin	/wiki/Ant%C3%A9nor_Firmin	['1900', '1950']
Jean Price-Mars	/wiki/Jean_Price-Mars	['1900', '1950']
Michel-Rolph Trouillot	/wiki/Michel-Rolph_Trouillot	['1900', '1950']
Charles Henri Baker	/wiki/Charles_Henri_Baker	['1900', '1950']
Gilbert Bigio	/wiki/Gilbert_Bigio	['1900', '1950']
Reginald Boulos	/wiki/Reginald_Boulos	['1900', '1950']
Jean-Claude Brizard	/wiki/Jean-Claude_Brizard	['1900', '1950']
Antoine Izméry	/wiki/Antoine_Izm%C3%A9ry	['1900', '1950']
Viter Juste	/wiki/Viter_Juste	['1900', '1950']
Julio Larosiliere	/wiki/Julio_Larosiliere	['1900', '1950']
Elisabeth Delatour Préval	/wiki/Elisabeth_Delatour_Pr%C3%A9val	['1900', '1950']
Daniel Rouzier	/wiki/Daniel_Rouzier	['1900', '1950']
Mona Scott	/wiki/Mona_Scott	['1900', '1950']
Dumarsais Simeus	/wiki/Dumarsais_Simeus	['1900', '1950']
Jerry Tardieu	/wiki/Jerry_Tardieu	['1900', '1950']
Henri Caesar	/wiki/Henri_Caesar	['1900', '1950']
Emmanuel Constant	/wiki/Emmanuel_Constant	['1900', '1950']
Jacquotte Delahaye	/wiki/Jacquotte_Delahaye	['1900', '1950']
Abner Louima	/wiki/Abner_Louima	['1900', '1950']
Jean Lafitte	/wiki/Jean_Lafitte	['1900', '1950']
Pierre Lafitte	/wiki/Pierre_Lafitte	['1900', '1950']
Amiot Métayer	/wiki/Amiot_M%C3%A9tayer	['1900', '1950']
Buteur Métayer	/wiki/Buteur_M%C3%A9tayer	['1900', '1950']
Leslie Delatour	/wiki/Leslie_Delatour	['1900', '1950']
Fritz Jean	/wiki/Fritz_Jean	['1900', '1950']
Ericq Pierre	/wiki/Ericq_Pierre	['1900', '1950']
Jocelerme Privert	/wiki/Jocelerme_Privert	['1900', '1950']
Louis Eugène Roy	/wiki/Louis_Eug%C3%A8ne_Roy	['1900', '1950']
Arnold Antonin	/wiki/Arnold_Antonin	['1900', '1950']
Annette Auguste	/wiki/Annette_Auguste	['1900', '1950']
Stanley Barbot	/wiki/Stanley_Barbot	['1900', '1950']
Garcelle Beauvais	/wiki/Garcelle_Beauvais	['1900', '1950']
Fabienne Colas	/wiki/Fabienne_Colas	['1900', '1950']
Joasil Déméus Débrosse	/wiki/Joasil_D%C3%A9m%C3%A9us_D%C3%A9brosse	['1900', '1950']
Jean-Léon Destiné	/wiki/Jean-L%C3%A9on_Destin%C3%A9	['1900', '1950']
Pierre-Louis Dieufaite	/wiki/Pierre-Louis_Dieufaite	['1900', '1950']
Jeanne Duval	/wiki/Jeanne_Duval	['1900', '1950']
Sony Esteus	/wiki/Sony_Esteus	['1900', '1950']
Jimmy Jean-Louis	/wiki/Jimmy_Jean-Louis	['1900', '1950']
Val Jeanty	/wiki/Val_Jeanty	['1900', '1950']
Johny Joseph	/wiki/Johny_Joseph_(news_anchor)	['1900', '1950']
Jean-Claude La Marre	/wiki/Jean-Claude_La_Marre	['1900', '1950']
Jeanne-Marie Marsan	/wiki/Jeanne-Marie_Marsan	['1900', '1950']
Luck Mervil	/wiki/Luck_Mervil	['1900', '1950']
Minette et Lise	/wiki/Minette_et_Lise	['1900', '1950']
Lenelle Moïse	/wiki/Lenelle_Mo%C3%AFse	['1900', '1950']
Panou	/wiki/Panou	['1900', '1950']
Raoul Peck	/wiki/Raoul_Peck	['1900', '1950']
Perri Pierre	/wiki/Perri_Pierre	['1900', '1950']
Emmanuel Pierre-Antoine	/wiki/Emmanuel_Pierre-Antoine	['1900', '1950']
Jeanguy Saintus	/wiki/Jeanguy_Saintus	['1900', '1950']
Michèle Stephenson	/wiki/Mich%C3%A8le_Stephenson	['1900', '1950']
Vladimir Thelisma	/wiki/Vladimir_Thelisma	['1900', '1950']
TiCorn	/wiki/TiCorn	['1900', '1950']
Regine Chevallier	/wiki/Regine_Chevallier	['1900', '1950']
Fabrice Simon	/wiki/Fabrice_Simon	['1900', '1950']
Madame Max Adolphe	/wiki/Madame_Max_Adolphe	['1900', '1950']
Magloire Ambroise	/wiki/Magloire_Ambroise	['1900', '1950']
Anacaona	/wiki/Anacaona	['1900', '1950']
Sanité Bélair	/wiki/Sanit%C3%A9_B%C3%A9lair	['1900', '1950']
Georges Biassou	/wiki/Georges_Biassou	['1900', '1950']
Tony Bloncourt	/wiki/Tony_Bloncourt	['1900', '1950']
Dutty Boukman	/wiki/Dutty_Boukman	['1900', '1950']
Pauline Brice-Thézan	/wiki/Pauline_Brice-Th%C3%A9zan	['1900', '1950']
Luckner Cambronne	/wiki/Luckner_Cambronne	['1900', '1950']
Jean-Baptiste Chavannes	/wiki/Jean-Baptiste_Chavannes	['1900', '1950']
Cécile Fatiman	/wiki/C%C3%A9cile_Fatiman	['1900', '1950']
Marie-Claire Heureuse Félicité	/wiki/Marie-Claire_Heureuse_F%C3%A9licit%C3%A9	['1804', '1806']
Catherine Flon	/wiki/Catherine_Flon	['1900', '1950']
Guy François	/wiki/Guy_Fran%C3%A7ois_(colonel)	['1900', '1950']
Jean-François Papillon	/wiki/Jean-Fran%C3%A7ois_Papillon	['1900', '1950']
Michel François	/wiki/Michel_Fran%C3%A7ois	['1900', '1950']
Alice Garoute	/wiki/Alice_Garoute	['1900', '1950']
Victoire Jean-Baptiste	/wiki/Victoire_Jean-Baptiste	['1900', '1950']
Jeannot	/wiki/Jeannot	['1900', '1950']
Marie-Madeleine Lachenais	/wiki/Marie-Madeleine_Lachenais	['1900', '1950']
Joseph Philippe Lemercier Laroche	/wiki/Joseph_Philippe_Lemercier_Laroche	['1900', '1950']
Adélina Lévêque	/wiki/Ad%C3%A9lina_L%C3%A9v%C3%AAque	['1900', '1950']
Macaya	/wiki/Macaya	['1900', '1950']
François Mackandal	/wiki/Fran%C3%A7ois_Mackandal	['1900', '1950']
Étienne Mentor	/wiki/%C3%89tienne_Mentor	['1900', '1950']
Clairvius Narcisse	/wiki/Clairvius_Narcisse	['1900', '1950']
Alix Pasquet	/wiki/Alix_Pasquet	['1900', '1950']
Charlemagne Péralte	/wiki/Charlemagne_P%C3%A9ralte	['1900', '1950']
Gérard Pierre-Charles	/wiki/G%C3%A9rard_Pierre-Charles	['1900', '1950']
Jean Baptiste Point du Sable	/wiki/Jean_Baptiste_Point_du_Sable	['1900', '1950']
Marie St. Fleur	/wiki/Marie_St._Fleur	['1900', '1950']
Madeleine Sylvain-Bouchereau	/wiki/Madeleine_Sylvain-Bouchereau	['1900', '1950']
Charles Terres Weymann	/wiki/Charles_Terres_Weymann	['1900', '1950']
Dominique You	/wiki/Dominique_You	['1900', '1950']
Sarodj Bertin	/wiki/Sarodj_Bertin	['1900', '1950']
Max Hudicourt	/wiki/Max_Hudicourt	['1900', '1950']
Mario Joseph	/wiki/Mario_Joseph	['1900', '1950']
Jacques Nicolas Léger	/wiki/Jacques_Nicolas_L%C3%A9ger	['1900', '1950']
Justin Lhérisson	/wiki/Justin_Lh%C3%A9risson	['1900', '1950']
Alix Mathon	/wiki/Alix_Mathon	['1900', '1950']
Alexandre Paul	/wiki/Alexandre_Paul	['1900', '1950']
Georges Sylvain	/wiki/Georges_Sylvain	['1900', '1950']
Léon Thébaud	/wiki/L%C3%A9on_Th%C3%A9baud	['1900', '1950']
Yves Volel	/wiki/Yves_Volel	['1900', '1950']
Marlène Rigaud Apollon	/wiki/Marl%C3%A8ne_Rigaud_Apollon	['1900', '1950']
Beaubrun Ardouin	/wiki/Beaubrun_Ardouin	['1900', '1950']
Céligny Ardouin	/wiki/C%C3%A9ligny_Ardouin	['1900', '1950']
Coriolan Ardouin	/wiki/Coriolan_Ardouin	['1900', '1950']
Elsie Augustave	/wiki/Elsie_Augustave	['1900', '1950']
Mimi Barthélémy	/wiki/Mimi_Barth%C3%A9l%C3%A9my	['1900', '1950']
Jacqueline Beaugé-Rosier	/wiki/Jacqueline_Beaug%C3%A9-Rosier	['1900', '1950']
Dantès Bellegarde	/wiki/Dant%C3%A8s_Bellegarde	['1900', '1950']
Bayyinah Bello	/wiki/Bayyinah_Bello	['1900', '1950']
Michèle Bennett	/wiki/Mich%C3%A8le_Bennett	['1900', '1950']
Boisrond-Tonnerre	/wiki/Boisrond-Tonnerre	['1900', '1950']
Emeric Bergeaud	/wiki/Emeric_Bergeaud	['1900', '1950']
Guy Joseph Bonnet	/wiki/Guy_Joseph_Bonnet	['1900', '1950']
Jean-Fernand Brierre	/wiki/Jean-Fernand_Brierre	['1900', '1950']
Carl Brouard	/wiki/Carl_Brouard	['1900', '1950']
Edner Brutus	/wiki/Edner_Brutus	['1900', '1950']
Timoléon C. Brutus	/wiki/Timol%C3%A9on_C._Brutus	['1900', '1950']
Suzy Castor	/wiki/Suzy_Castor	['1900', '1950']
Christophe Charles	/wiki/Christophe_Charles	['1900', '1950']
Raymond Chassagne	/wiki/Raymond_Chassagne	['1900', '1950']
Jean-Baptiste Cinéas	/wiki/Jean-Baptiste_Cin%C3%A9as	['1900', '1950']
Massillon Coicou	/wiki/Massillon_Coicou	['1900', '1950']
Louis-Philippe Dalembert	/wiki/Louis-Philippe_Dalembert	['1900', '1950']
Edwidge Danticat	/wiki/Edwidge_Danticat	['1900', '1950']
Felix Darfour	/wiki/Felix_Darfour	['1900', '1950']
Maggy de Coster	/wiki/Maggy_de_Coster	['1900', '1950']
Michel DeGraff	/wiki/Michel_DeGraff	['1900', '1950']
Demesvar Delorme	/wiki/Demesvar_Delorme	['1900', '1950']
Lilas Desquiron	/wiki/Lilas_Desquiron	['1900', '1950']
Roger Dorsinville	/wiki/Roger_Dorsinville	['1900', '1950']
Joel Dreyfuss	/wiki/Joel_Dreyfuss	['1900', '1950']
Oswald Durand	/wiki/Oswald_Durand	['1900', '1950']
Antoine Dupré	/wiki/Antoine_Dupr%C3%A9	['1900', '1950']
Frantz Duval	/wiki/Frantz_Duval	['1900', '1950']
Alibée Féry	/wiki/Alib%C3%A9e_F%C3%A9ry	['1900', '1950']
Jessica Fièvre	/wiki/Jessica_Fi%C3%A8vre	['1900', '1950']
Anténor Firmin	/wiki/Ant%C3%A9nor_Firmin	['1900', '1950']
Frankétienne	/wiki/Frank%C3%A9tienne	['1900', '1950']
Mona Guérin	/wiki/Mona_Gu%C3%A9rin	['1900', '1950']
Nathalie Handal	/wiki/Nathalie_Handal	['1900', '1950']
Choiseul Henriquez	/wiki/Choiseul_Henriquez	['1900', '1950']
Fernand Hibbert	/wiki/Fernand_Hibbert	['1900', '1950']
Ady Jean-Gardy	/wiki/Ady_Jean-Gardy	['1900', '1950']
Jean-Jacob Jeudy	/wiki/Jean-Jacob_Jeudy	['1900', '1950']
Aubelin Jolicoeur	/wiki/Aubelin_Jolicoeur	['1900', '1950']
Johny Joseph	/wiki/Johny_Joseph_(news_anchor)	['1900', '1950']
Raymond Joseph	/wiki/Raymond_Joseph	['1900', '1950']
Laurore St. Juste	/wiki/Laurore_St._Juste	['1900', '1950']
Dany Laferrière	/wiki/Dany_Laferri%C3%A8re	['1900', '1950']
Edmond Laforest	/wiki/Edmond_Laforest	['1900', '1950']
Juliette Bussière Laforest-Courtois	/wiki/Juliette_Bussi%C3%A8re_Laforest-Courtois	['1900', '1950']
Josaphat-Robert Large	/wiki/Josaphat-Robert_Large	['1900', '1950']
Dimitry Elias Léger	/wiki/Dimitry_Elias_L%C3%A9ger	['1900', '1950']
François-Romain Lhérisson	/wiki/Fran%C3%A7ois-Romain_Lh%C3%A9risson	['1900', '1950']
Thomas Madiou	/wiki/Thomas_Madiou	['1900', '1950']
Marie-Sœurette Mathieu	/wiki/Marie-S%C5%93urette_Mathieu	['1900', '1950']
Jules Solime Milscent	/wiki/Jules_Solime_Milscent	['1900', '1950']
Michèle Montas	/wiki/Mich%C3%A8le_Montas	['1900', '1950']
Charles Moravia	/wiki/Charles_Moravia	['1900', '1950']
Félix Morisseau-Leroy	/wiki/F%C3%A9lix_Morisseau-Leroy	['1900', '1950']
Émile Nau	/wiki/%C3%89mile_Nau	['1900', '1950']
Marilene Phipps	/wiki/Marilene_Phipps	['1900', '1950']
Pradel Pompilus	/wiki/Pradel_Pompilus	['1900', '1950']
Paulette Poujol-Oriol	/wiki/Paulette_Poujol-Oriol	['1900', '1950']
Emmelie Prophète	/wiki/Emmelie_Proph%C3%A8te	['1900', '1950']
Jacques Roumain	/wiki/Jacques_Roumain	['1900', '1950']
Émile Roumer	/wiki/%C3%89mile_Roumer	['1900', '1950']
Edris Saint-Amand	/wiki/Edris_Saint-Amand	['1900', '1950']
Rodney Saint-Éloi	/wiki/Rodney_Saint-%C3%89loi	['1900', '1950']
Prince Saunders	/wiki/Prince_Saunders	['1900', '1950']
Elsie Suréna	/wiki/Elsie_Sur%C3%A9na	['1900', '1950']
Marie-Alice Théard	/wiki/Marie-Alice_Th%C3%A9ard	['1900', '1950']
Évelyne Trouillot	/wiki/%C3%89velyne_Trouillot	['1900', '1950']
Jocelyne Trouillot	/wiki/Jocelyne_Trouillot	['1900', '1950']
Alain Turnier	/wiki/Alain_Turnier	['1900', '1950']
Gary Victor	/wiki/Gary_Victor	['1900', '1950']
Etzer Vilaire	/wiki/Etzer_Vilaire	['1900', '1950']
Henri Ford	/wiki/Henri_Ford	['1900', '1950']
François Fournier de Pescay	/wiki/Fran%C3%A7ois_Fournier_de_Pescay	['1900', '1950']
Rulx Léon	/wiki/Rulx_L%C3%A9on	['1900', '1950']
Bendson Louima	/wiki/Bendson_Louima	['1900', '1950']
Yvonne Sylvain	/wiki/Yvonne_Sylvain	['1900', '1950']
Loune Viaud	/wiki/Loune_Viaud	['1900', '1950']
Jean-Jacques Dessalines	/wiki/Jean-Jacques_Dessalines	['1900', '1950']
Henri Christophe	/wiki/Henri_Christophe	['1900', '1950']
Faustin Soulouque	/wiki/Faustin_Soulouque	['1900', '1950']
Frisner Augustin	/wiki/Frisner_Augustin	['1900', '1950']
Othello Bayard	/wiki/Othello_Bayard	['1900', '1950']
Barikad Crew	/wiki/Barikad_Crew	['1900', '1950']
BélO	/wiki/B%C3%A9lO	['1900', '1950']
Toto Bissainthe	/wiki/Toto_Bissainthe	['1900', '1950']
Carmen Brouard	/wiki/Carmen_Brouard	['1900', '1950']
Alexandrine-Caroline Branchu	/wiki/Alexandrine-Caroline_Branchu	['1900', '1950']
Michael Brun	/wiki/Michael_Brun	['1900', '1950']
John Steve Brunache	/wiki/John_Steve_Brunache	['1900', '1950']
Frantz Casseus	/wiki/Frantz_Casseus	['1900', '1950']
Manno Charlemagne	/wiki/Manno_Charlemagne	['1900', '1950']
Coupé Cloué	/wiki/Coup%C3%A9_Clou%C3%A9	['1900', '1950']
Félix Cumbé	/wiki/F%C3%A9lix_Cumb%C3%A9	['1900', '1950']
Euphémie Daguilh	/wiki/Euph%C3%A9mie_Daguilh	['1900', '1950']
Jerry Duplessis	/wiki/Jerry_Duplessis	['1900', '1950']
Justin Elie	/wiki/Justin_Elie	['1900', '1950']
Yanick Etienne	/wiki/Yanick_Etienne	['1900', '1950']
Eddy François	/wiki/Eddy_Fran%C3%A7ois_(singer)	['1900', '1950']
Gardy Girault	/wiki/Gardy_Girault	['1900', '1950']
Nicolas Geffrard	/wiki/Nicolas_Geffrard	['1900', '1950']
Jazz Guignard	/wiki/Jazz_Guignard	['1900', '1950']
Lee Holdridge	/wiki/Lee_Holdridge	['1900', '1950']
Imposs	/wiki/Imposs	['1900', '1950']
Werner Jaegerhuber	/wiki/Werner_Jaegerhuber	['1900', '1950']
Misty Jean	/wiki/Misty_Jean	['1900', '1950']
Wyclef Jean	/wiki/Wyclef_Jean	['1900', '1950']
Nemours Jean-Baptiste	/wiki/Nemours_Jean-Baptiste	['1900', '1950']
Val Jeanty	/wiki/Val_Jeanty	['1900', '1950']
Jimmy O	/wiki/Jimmy_O	['1900', '1950']
Kaytranada	/wiki/Kaytranada	['1900', '1950']
Ludovic Lamothe	/wiki/Ludovic_Lamothe	['1900', '1950']
Andrée Lescot	/wiki/Andr%C3%A9e_Lescot	['1900', '1950']
Ti Manno	/wiki/Ti_Manno	['1900', '1950']
Master Dji	/wiki/Master_Dji	['1900', '1950']
MC Tee	/wiki/MC_Tee	['1900', '1950']
Luck Mervil	/wiki/Luck_Mervil	['1900', '1950']
Emeline Michel	/wiki/Emeline_Michel	['1900', '1950']
Michel Mauléart Monton	/wiki/Michel_Maul%C3%A9art_Monton	['1900', '1950']
Emerante Morse	/wiki/Emerante_Morse	['1900', '1950']
Richard Auguste Morse	/wiki/Richard_Auguste_Morse	['1900', '1950']
Beethova Obas	/wiki/Beethova_Obas	['1900', '1950']
Carlos Alfredo Peyrellade	/wiki/Carlos_Alfredo_Peyrellade	['1840', '1908']
J. Perry	/wiki/J._Perry	['1900', '1950']
Qwote	/wiki/Qwote	['1900', '1950']
Fabrice Rouzier	/wiki/Fabrice_Rouzier	['1900', '1950']
Sha Money XL	/wiki/Sha_Money_XL	['1900', '1950']
Sweet Micky	/wiki/Sweet_Micky	['1900', '1950']
Webert Sicot	/wiki/Webert_Sicot	['1900', '1950']
Ti Ro Ro	/wiki/Ti_Ro_Ro	['1900', '1950']
André Toussaint	/wiki/Andr%C3%A9_Toussaint	['1900', '1950']
Won-G Bruny	/wiki/Won-G_Bruny	['1900', '1950']
Édouard Woolley	/wiki/%C3%89douard_Woolley	['1900', '1950']
John James Audubon	/wiki/John_James_Audubon	['1900', '1950']
Jean-Baptiste Chavannes	/wiki/Jean-Baptiste_Chavannes_(agronomist)	['1900', '1950']
Marilise Neptune Rouzier	/wiki/Marilise_Neptune_Rouzier	['1900', '1950']
Jean Wiener	/wiki/Jean_Wiener_(biologist)	['1900', '1950']
André Apaid	/wiki/Andr%C3%A9_Apaid	['1900', '1950']
Jean-Bertrand Aristide	/wiki/Jean-Bertrand_Aristide	['1900', '1950']
Prosper Avril	/wiki/Prosper_Avril	['1988', '1990']
Jean-Claude Bajeux	/wiki/Jean-Claude_Bajeux	['1900', '1950']
Marc Bazin	/wiki/Marc_Bazin	['1900', '1950']
Jean-Pierre Boyer	/wiki/Jean-Pierre_Boyer	['1900', '1950']
François Capois	/wiki/Fran%C3%A7ois_Capois	['1900', '1950']
Ulrick Chérubin	/wiki/Ulrick_Ch%C3%A9rubin	['1900', '1950']
Bonivert Claude	/wiki/Bonivert_Claude	['1900', '1950']
Jean Rénald Clérismé	/wiki/Jean_R%C3%A9nald_Cl%C3%A9rism%C3%A9	['1900', '1950']
Marie-Louise Coidavid	/wiki/Marie-Louise_Coidavid	['1811', '1820']
Philippe Derose	/wiki/Philippe_Derose	['1900', '1950']
Emmanuel Dubourg	/wiki/Emmanuel_Dubourg	['1900', '1950']
Thomas-Alexandre Dumas	/wiki/Thomas-Alexandre_Dumas	['1900', '1950']
François Duvalier	/wiki/Fran%C3%A7ois_Duvalier	['1900', '1950']
Jean-Claude Duvalier	/wiki/Jean-Claude_Duvalier	['1900', '1950']
Simone Duvalier	/wiki/Simone_Duvalier	['1900', '1950']
Mathieu Eugene	/wiki/Mathieu_Eugene	['1900', '1950']
Jonathas Granville	/wiki/Jonathas_Granville	['1900', '1950']
Joseph Balthazar Inginac	/wiki/Joseph_Balthazar_Inginac	['1900', '1950']
Michaëlle Jean	/wiki/Micha%C3%ABlle_Jean	['1900', '1950']
Raymond Joseph	/wiki/Raymond_Joseph	['2005', '2010']
Gérard Latortue	/wiki/G%C3%A9rard_Latortue	['1900', '1950']
Jacques Nicolas Léger	/wiki/Jacques_Nicolas_L%C3%A9ger	['1900', '1950']
Toussaint Louverture	/wiki/Toussaint_Louverture	['1900', '1950']
Michel Martelly	/wiki/Michel_Martelly	['1900', '1950']
Alice Téligny Mathon	/wiki/Alice_T%C3%A9ligny_Mathon	['1900', '1950']
Vincent Ogé	/wiki/Vincent_Og%C3%A9	['1900', '1950']
Gerald Oriol Jr.	/wiki/Gerald_Oriol_Jr.	['1900', '1950']
Ertha Pascal-Trouillot	/wiki/Ertha_Pascal-Trouillot	['1900', '1950']
José Francisco Peña Gómez	/wiki/Jos%C3%A9_Francisco_Pe%C3%B1a_G%C3%B3mez	['1900', '1950']
Charlemagne Péralte	/wiki/Charlemagne_P%C3%A9ralte	['1900', '1950']
Alexandre Pétion	/wiki/Alexandre_P%C3%A9tion	['1900', '1950']
Solange Pierre	/wiki/Solange_Pierre	['1900', '1950']
Michèle Pierre-Louis	/wiki/Mich%C3%A8le_Pierre-Louis	['2008', '2009']
René Préval	/wiki/Ren%C3%A9_Pr%C3%A9val	['2006', '2011']
Julien Raimond	/wiki/Julien_Raimond	['1900', '1950']
André Rigaud	/wiki/Andr%C3%A9_Rigaud	['1900', '1950']
François C. Antoine Simon	/wiki/Fran%C3%A7ois_C._Antoine_Simon	['1908', '1911']
Sténio Vincent	/wiki/St%C3%A9nio_Vincent	['1930', '1941']
Claudette Werleigh	/wiki/Claudette_Werleigh	['1900', '1950']
Antoine Adrien	/wiki/Antoine_Adrien	['1900', '1950']
Eliezer Cadet	/wiki/Eliezer_Cadet	['1900', '1950']
Emmanuel Constant	/wiki/Emmanuel_Constant_(bishop)	['1900', '1950']
François Gayot	/wiki/Fran%C3%A7ois_Gayot	['1900', '1950']
Gérard Jean-Juste	/wiki/G%C3%A9rard_Jean-Juste	['1900', '1950']
Mary Elizabeth Lange	/wiki/Mary_Elizabeth_Lange	['1900', '1950']
Chibly Langlois	/wiki/Chibly_Langlois	['1900', '1950']
Mama Lola	/wiki/Mama_Lola	['1900', '1950']
Olin Pierre Louis	/wiki/Olin_Pierre_Louis	['1900', '1950']
Joseph Serge Miot	/wiki/Joseph_Serge_Miot	['1900', '1950']
Pierre-Antoine Paulo	/wiki/Pierre-Antoine_Paulo	['1900', '1950']
Guy Sansaricq	/wiki/Guy_Sansaricq	['1900', '1950']
Pierre Toussaint	/wiki/Pierre_Toussaint	['1900', '1950']
Max Beauvoir	/wiki/Max_Beauvoir	['1900', '1950']
Jocelyn Borgella	/wiki/Jocelyn_Borgella	['1900', '1950']
Gosder Cherilus	/wiki/Gosder_Cherilus	['1900', '1950']
Gilles Colon	/wiki/Gilles_Colon	['1900', '1950']
Pierre Desir	/wiki/Pierre_Desir_(American_football)	['1900', '1950']
Vladimir Ducasse	/wiki/Vladimir_Ducasse	['1900', '1950']
Farell Duclair	/wiki/Farell_Duclair	['1900', '1950']
Jean Fanor	/wiki/Jean_Fanor	['1900', '1950']
Junior Galette	/wiki/Junior_Galette	['1900', '1950']
Max Jean-Gilles	/wiki/Max_Jean-Gilles	['1900', '1950']
Ricot Joseph	/wiki/Ricot_Joseph	['1900', '1950']
Nico Marley	/wiki/Nico_Marley	['1900', '1950']
Dadi Nicolas	/wiki/Dadi_Nicolas	['1900', '1950']
Kevin Pamphile	/wiki/Kevin_Pamphile	['1900', '1950']
Paul Raymond	/wiki/Paul_Raymond_(American_football)	['1900', '1950']
Jonal Saint-Dic	/wiki/Jonal_Saint-Dic	['1900', '1950']
Djery Baptiste	/wiki/Djery_Baptiste	['1900', '1950']
Kervin Bristol	/wiki/Kervin_Bristol	['1900', '1950']
Samuel Dalembert	/wiki/Samuel_Dalembert	['1900', '1950']
Schnider Hérard	/wiki/Schnider_H%C3%A9rard	['1900', '1950']
Osvaldo Jeanty	/wiki/Osvaldo_Jeanty	['1900', '1950']
Rudolphe Joly	/wiki/Rudolphe_Joly	['1900', '1950']
Antoine Joseph	/wiki/Antoine_Joseph	['1900', '1950']
Robert Joseph	/wiki/Robert_Joseph_(basketball)	['1900', '1950']
Yvon Joseph	/wiki/Yvon_Joseph	['1900', '1950']
Skal Labissière	/wiki/Skal_Labissi%C3%A8re	['1900', '1950']
Cady Lalanne	/wiki/Cady_Lalanne	['1900', '1950']
Gino Lanisse	/wiki/Gino_Lanisse	['1900', '1950']
Marc-Eddy Norelia	/wiki/Marc-Eddy_Norelia	['1900', '1950']
Olden Polynice	/wiki/Olden_Polynice	['1900', '1950']
Pierre Valmera	/wiki/Pierre_Valmera	['1900', '1950']
Joachim Alcine	/wiki/Joachim_Alcine	['1900', '1950']
Azea Augustama	/wiki/Azea_Augustama	['1900', '1950']
Andre Berto	/wiki/Andre_Berto	['1900', '1950']
Edner Cherry	/wiki/Edner_Cherry	['1900', '1950']
Richardson Hitchins	/wiki/Richardson_Hitchins	['1900', '1950']
Schiller Hyppolite	/wiki/Schiller_Hyppolite	['1900', '1950']
Dierry Jean	/wiki/Dierry_Jean	['1900', '1950']
Jean Pascal	/wiki/Jean_Pascal	['1900', '1950']
Melissa St. Vil	/wiki/Melissa_St._Vil	['1900', '1950']
Adonis Stevenson	/wiki/Adonis_Stevenson	['1900', '1950']
Bermane Stiverne	/wiki/Bermane_Stiverne	['1900', '1950']
Ricardo Adé	/wiki/Ricardo_Ad%C3%A9	['1900', '1950']
Jean Sony Alcénat	/wiki/Jean_Sony_Alc%C3%A9nat	['1900', '1950']
Jean Alexandre	/wiki/Jean_Alexandre	['1900', '1950']
Djimy Alexis	/wiki/Djimy_Alexis	['1900', '1950']
Fritz André	/wiki/Fritz_Andr%C3%A9	['1900', '1950']
Wedson Anselme	/wiki/Wedson_Anselme	['1900', '1950']
Eddy Antoine	/wiki/Eddy_Antoine	['1900', '1950']
Carlens Arcus	/wiki/Carlens_Arcus	['1900', '1950']
Ernst Atis-Clotaire	/wiki/Ernst_Atis-Clotaire	['1900', '1950']
Wilberne Augusmat	/wiki/Wilberne_Augusmat	['1900', '1950']
Arsène Auguste	/wiki/Ars%C3%A8ne_Auguste	['1900', '1950']
Walson Augustin	/wiki/Walson_Augustin	['1900', '1950']
Jean-Herbert Austin	/wiki/Jean-Herbert_Austin	['1900', '1950']
Judelin Aveska	/wiki/Judelin_Aveska	['1900', '1950']
Bidrece Azor	/wiki/Bidrece_Azor	['1900', '1950']
Claude Barthélemy	/wiki/Claude_Barth%C3%A9lemy	['1900', '1950']
Pierre Bayonne	/wiki/Pierre_Bayonne	['1900', '1950']
Kervens Belfort	/wiki/Kervens_Belfort	['1900', '1950']
Bicou Bissainthe	/wiki/Bicou_Bissainthe	['1900', '1950']
Kensie Bobo	/wiki/Kensie_Bobo	['1900', '1950']
Alexandre Boucicaut	/wiki/Alexandre_Boucicaut	['1900', '1950']
John Boulos	/wiki/John_Boulos	['1900', '1950']
Kimberly Boulos	/wiki/Kimberly_Boulos	['1900', '1950']
Samantha Brand	/wiki/Samantha_Brand	['1900', '1950']
Pierre Richard Bruny	/wiki/Pierre_Richard_Bruny	['1900', '1950']
Davidson Charles	/wiki/Davidson_Charles	['1900', '1950']
Phenol Charles	/wiki/Phenol_Charles	['1900', '1950']
Ricardo Charles	/wiki/Ricardo_Charles	['1900', '1950']
Edens Chery	/wiki/Edens_Chery	['1900', '1950']
Monès Chéry	/wiki/Mon%C3%A8s_Ch%C3%A9ry	['1900', '1950']
Alex Junior Christian	/wiki/Alex_Junior_Christian	['1900', '1950']
Coupé Cloué	/wiki/Coup%C3%A9_Clou%C3%A9	['1900', '1950']
Monuma Constant Jr.	/wiki/Monuma_Constant_Jr.	['1900', '1950']
Antoine Craan	/wiki/Antoine_Craan	['1900', '1950']
Ronaldo Damus	/wiki/Ronaldo_Damus	['1900', '1950']
Johnny Descolines	/wiki/Johnny_Descolines	['1900', '1950']
Jean-Claude Désir	/wiki/Jean-Claude_D%C3%A9sir	['1900', '1950']
Jonel Désiré	/wiki/Jonel_D%C3%A9sir%C3%A9	['1900', '1950']
Wisline Dolce	/wiki/Wisline_Dolce	['1900', '1950']
Rudy Doliscat	/wiki/Rudy_Doliscat	['1900', '1950']
Serge Ducosté	/wiki/Serge_Ducost%C3%A9	['1900', '1950']
Ronil Dufrene	/wiki/Ronil_Dufrene	['1900', '1950']
Wagneau Eloi	/wiki/Wagneau_Eloi	['1900', '1950']
Ronald Elusma	/wiki/Ronald_Elusma	['1900', '1950']
Lesly Fellinga	/wiki/Lesly_Fellinga	['1900', '1950']
Gabard Fénélon	/wiki/Gabard_F%C3%A9n%C3%A9lon	['1900', '1950']
Pat Fidelia	/wiki/Pat_Fidelia	['1900', '1950']
Gabriel Flambert	/wiki/Gabriel_Flambert	['1900', '1950']
Herby Fortunat	/wiki/Herby_Fortunat	['1900', '1950']
Henri Françillon	/wiki/Henri_Fran%C3%A7illon	['1900', '1950']
Christiano François	/wiki/Christiano_Fran%C3%A7ois	['1900', '1950']
Guy François	/wiki/Guy_Fran%C3%A7ois_(footballer)	['1900', '1950']
Jacques Francois	/wiki/Jacques_Francois_(soccer)	['1900', '1950']
Jean-Baptiste Fritzson	/wiki/Jean-Baptiste_Fritzson	['1900', '1950']
Brunel Fucien	/wiki/Brunel_Fucien	['1900', '1950']
Joe Gaetjens	/wiki/Joe_Gaetjens	['1900', '1950']
Romain Genevois	/wiki/Romain_Genevois	['1900', '1950']
Peter Germain	/wiki/Peter_Germain	['1900', '1950']
Yvrase Gervil	/wiki/Yvrase_Gervil	['1900', '1950']
Frantz Gilles	/wiki/Frantz_Gilles	['1900', '1950']
Réginal Goreux	/wiki/R%C3%A9ginal_Goreux	['1900', '1950']
Marc Hérold Gracien	/wiki/Marc_H%C3%A9rold_Gracien	['1900', '1950']
Wilde-Donald Guerrier	/wiki/Wilde-Donald_Guerrier	['1900', '1950']
Stéphane Guillaume	/wiki/St%C3%A9phane_Guillaume	['1900', '1950']
Herve Guilliod	/wiki/Herve_Guilliod	['1900', '1950']
Alain Gustave	/wiki/Alain_Gustave	['1900', '1950']
Charles Hérold Jr.	/wiki/Charles_H%C3%A9rold_Jr.	['1900', '1950']
Jean-François James	/wiki/Jean-Fran%C3%A7ois_James	['1900', '1950']
Patrick Janvier	/wiki/Patrick_Janvier	['1900', '1950']
Frantz Jean-Charles	/wiki/Frantz_Jean-Charles	['1900', '1950']
Bitielo Jean Jacques	/wiki/Bitielo_Jean_Jacques	['1900', '1950']
Jamil Jean-Jacques	/wiki/Jamil_Jean-Jacques	['1900', '1950']
Ernst Jean-Joseph	/wiki/Ernst_Jean-Joseph	['1900', '1950']
Jean-Dimmy Jéoboam	/wiki/Jean-Dimmy_J%C3%A9oboam	['1900', '1950']
Jean-Robens Jerome	/wiki/Jean-Robens_Jerome	['1900', '1950']
Mechack Jérôme	/wiki/Mechack_J%C3%A9r%C3%B4me	['1900', '1950']
Gérard Joseph	/wiki/G%C3%A9rard_Joseph	['1900', '1950']
Peterson Joseph	/wiki/Peterson_Joseph	['1900', '1950']
Jacques LaDouceur	/wiki/Jacques_LaDouceur	['1900', '1950']
Rosario Lauture	/wiki/Rosario_Lauture	['1900', '1950']
Fritz Leandré	/wiki/Fritz_Leandr%C3%A9	['1900', '1950']
Roody Lormera	/wiki/Roody_Lormera	['1900', '1950']
Jeff Louis	/wiki/Jeff_Louis	['1900', '1950']
Manoucheka Pierre Louis	/wiki/Manoucheka_Pierre_Louis	['1900', '1950']
Wilfried Louis	/wiki/Wilfried_Louis	['1900', '1950']
James Marcelin	/wiki/James_Marcelin	['1900', '1950']
Kencia Marseille	/wiki/Kencia_Marseille	['1900', '1950']
Frantz Mathieu	/wiki/Frantz_Mathieu	['1900', '1950']
Jean-Robert Menelas	/wiki/Jean-Robert_Menelas	['1900', '1950']
Pierre Mercier	/wiki/Pierre_Mercier_(footballer)	['1900', '1950']
Rénald Metelus	/wiki/R%C3%A9nald_Metelus	['1900', '1950']
Pascal Millien	/wiki/Pascal_Millien	['1900', '1950']
Frandy Montrévil	/wiki/Frandy_Montr%C3%A9vil	['1900', '1950']
Wilner Nazaire	/wiki/Wilner_Nazaire	['1900', '1950']
Duckens Nazon	/wiki/Duckens_Nazon	['1900', '1950']
Fabrice Noël	/wiki/Fabrice_No%C3%ABl	['1900', '1950']
Windsor Noncent	/wiki/Windsor_Noncent	['1900', '1950']
Regillio Nooitmeer	/wiki/Regillio_Nooitmeer	['1900', '1950']
Sony Norde	/wiki/Sony_Norde	['1900', '1950']
Vladimir Pascal	/wiki/Vladimir_Pascal	['1900', '1950']
Peguero Jean Philippe	/wiki/Peguero_Jean_Philippe	['1900', '1950']
Bony Pierre	/wiki/Bony_Pierre	['1900', '1950']
Golman Pierre	/wiki/Golman_Pierre	['1900', '1950']
Jean-Jacques Pierre	/wiki/Jean-Jacques_Pierre	['1900', '1950']
Marie Yves Dina Jean Pierre	/wiki/Marie_Yves_Dina_Jean_Pierre	['1900', '1950']
Ricardo Pierre-Louis	/wiki/Ricardo_Pierre-Louis	['1900', '1950']
Frantzdy Pierrot	/wiki/Frantzdy_Pierrot	['1900', '1950']
Wilner Piquant	/wiki/Wilner_Piquant	['1900', '1950']
Serge Racine	/wiki/Serge_Racine	['1900', '1950']
Darline Radamaker	/wiki/Darline_Radamaker	['1900', '1950']
Steeven Saba	/wiki/Steeven_Saba	['1900', '1950']
Widner Saint-Cyr	/wiki/Widner_Saint-Cyr	['1900', '1950']
Steeve Saint-Duc	/wiki/Steeve_Saint-Duc	['1900', '1950']
Leonel Saint-Preux	/wiki/Leonel_Saint-Preux	['1900', '1950']
Guy Saint-Vil	/wiki/Guy_Saint-Vil	['1900', '1950']
Roger Saint-Vil	/wiki/Roger_Saint-Vil	['1900', '1950']
Emmanuel Sanon	/wiki/Emmanuel_Sanon	['1900', '1950']
Emmanuel Sarki	/wiki/Emmanuel_Sarki	['1900', '1950']
Vaniel Sirin	/wiki/Vaniel_Sirin	['1900', '1950']
Richelor Sprangers	/wiki/Richelor_Sprangers	['1900', '1950']
Frantz St. Lot	/wiki/Frantz_St._Lot	['1900', '1950']
Antoine Tassy	/wiki/Antoine_Tassy	['1900', '1950']
Abel Thermeus	/wiki/Abel_Thermeus	['1900', '1950']
Denso Ulysse	/wiki/Denso_Ulysse	['1900', '1950']
Kénold Versailles	/wiki/K%C3%A9nold_Versailles	['1900', '1950']
Fabien Vorbe	/wiki/Fabien_Vorbe	['1900', '1950']
Philippe Vorbe	/wiki/Philippe_Vorbe	['1900', '1950']
Sébastien Vorbe	/wiki/S%C3%A9bastien_Vorbe	['1900', '1950']
Lindsay Zullo	/wiki/Lindsay_Zullo	['1900', '1950']
Ronald Agénor	/wiki/Ronald_Ag%C3%A9nor	['1900', '1950']
Ludovic Augustin	/wiki/Ludovic_Augustin	['1900', '1950']
Ange Jean Baptiste	/wiki/Ange_Jean_Baptiste	['1900', '1950']
Maxime Boisclair	/wiki/Maxime_Boisclair	['1900', '1950']
Joel Brutus	/wiki/Joel_Brutus	['1900', '1950']
Dayana Cadeau	/wiki/Dayana_Cadeau	['1900', '1950']
Josué Cajuste	/wiki/Josu%C3%A9_Cajuste	['1900', '1950']
Asnage Castelly	/wiki/Asnage_Castelly	['1900', '1950']
Silvio Cator	/wiki/Silvio_Cator	['1900', '1950']
L. H. Clermont	/wiki/L._H._Clermont	['1900', '1950']
Gerald Clervil	/wiki/Gerald_Clervil	['1900', '1950']
André Corvington	/wiki/Andr%C3%A9_Corvington	['1900', '1950']
Dadi Denis	/wiki/Dadi_Denis	['1900', '1950']
Linouse Desravine	/wiki/Linouse_Desravine	['1900', '1950']
Destin Destine	/wiki/Destin_Destine	['1900', '1950']
C. Dupre	/wiki/C._Dupre	['1900', '1950']
Victoria Duval	/wiki/Victoria_Duval	['1900', '1950']
Ginou Etienne	/wiki/Ginou_Etienne	['1900', '1950']
Neyssa Etienne	/wiki/Neyssa_Etienne	['1900', '1950']
Gina Faustin	/wiki/Gina_Faustin	['1900', '1950']
Nadine Faustin-Parker	/wiki/Nadine_Faustin-Parker	['1900', '1950']
Edrick Floréal	/wiki/Edrick_Flor%C3%A9al	['1900', '1950']
Naomy Grand'Pierre	/wiki/Naomy_Grand%27Pierre	['1900', '1950']
Constantin Henriquez	/wiki/Constantin_Henriquez	['1900', '1950']
Yves Jabouin	/wiki/Yves_Jabouin	['1900', '1950']
Nephtalie Jean-Louis	/wiki/Nephtalie_Jean-Louis	['1900', '1950']
Jeffrey Julmis	/wiki/Jeffrey_Julmis	['1900', '1950']
Dieudonné LaMothe	/wiki/Dieudonn%C3%A9_LaMothe	['1900', '1950']
Ernst Laraque	/wiki/Ernst_Laraque	['1900', '1950']
Parnel Legros	/wiki/Parnel_Legros	['1900', '1950']
Steven Lorrius	/wiki/Steven_Lorrius	['1900', '1950']
Aniya Louissaint	/wiki/Aniya_Louissaint	['1900', '1950']
Bertrand Madsen	/wiki/Bertrand_Madsen	['1900', '1950']
Eloi Metullus	/wiki/Eloi_Metullus	['1900', '1950']
Jean-Louis Michel	/wiki/Jean-Louis_Michel	['1900', '1950']
Charles Olemus	/wiki/Charles_Olemus	['1900', '1950']
Barbara Pierre	/wiki/Barbara_Pierre	['1900', '1950']
Astrel Rolland	/wiki/Astrel_Rolland	['1900', '1950']
Claude Roumain	/wiki/Claude_Roumain	['1900', '1950']
Deborah Saint-Phard	/wiki/Deborah_Saint-Phard	['1900', '1950']
Tudor Sanon	/wiki/Tudor_Sanon	['1900', '1950']
Alain Sergile	/wiki/Alain_Sergile	['1900', '1950']
Bruny Surin	/wiki/Bruny_Surin	['1900', '1950']
André Théard	/wiki/Andr%C3%A9_Th%C3%A9ard	['1900', '1950']
Léon Thiércelin	/wiki/L%C3%A9on_Thi%C3%A9rcelin	['1900', '1950']
Ludovic Valborge	/wiki/Ludovic_Valborge	['1900', '1950']
Sheila Viard	/wiki/Sheila_Viard	['1900', '1950']
Claude Vilgrain	/wiki/Claude_Vilgrain	['1900', '1950']
Template:Haiti topics	/wiki/Template:Haiti_topics	['1900', '1950']
Template talk:Haiti topics	/wiki/Template_talk:Haiti_topics	['1900', '1950']
Atlantic slave trade	/wiki/Atlantic_slave_trade	['1900', '1950']
Maroon	/wiki/Maroon_(people)	['1900', '1950']
Saint-Domingue	/wiki/Saint-Domingue	['1900', '1950']
1804 Haiti massacre	/wiki/1804_Haiti_massacre	['1900', '1950']
Duvalier dynasty	/wiki/Duvalier_dynasty	['1900', '1950']
Anti-Duvalier protest movement	/wiki/Anti-Duvalier_protest_movement	['1900', '1950']
2010 Haiti earthquake	/wiki/2010_Haiti_earthquake	['1900', '1950']
Hispaniola	/wiki/Hispaniola	['1900', '1950']
Banque de la République d'Haïti	/wiki/Banque_de_la_R%C3%A9publique_d%27Ha%C3%AFti	['1900', '1950']
Foreign aid to Haiti	/wiki/Foreign_aid_to_Haiti	['1900', '1950']
La Dessalinienne	/wiki/La_Dessalinienne	['1900', '1950']
Book:Haiti	/wiki/Book:Haiti	['1900', '1950']
