text	link	year
French migration to the United Kingdom	/wiki/French_migration_to_the_United_Kingdom	['1900', '1950']
Irish migration to Great Britain	/wiki/Irish_migration_to_Great_Britain	['1900', '1950']
Scandinavian migration to Britain	/wiki/Scandinavian_migration_to_Britain	['1900', '1950']
British Nigerian	/wiki/British_Nigerian	['1900', '1950']
James Adam	/wiki/James_Adam_(architect)	['1732', '1794']
John Adam	/wiki/John_Adam_(architect)	['1721', '1792']
Robert Adam	/wiki/Robert_Adam	['1728', '1792']
William Adam	/wiki/William_Adam_(architect)	['1689', '1748']
John Macvicar Anderson	/wiki/John_Macvicar_Anderson	['1835', '1915']
Robert Rowand Anderson	/wiki/Robert_Rowand_Anderson	['1834', '1921']
Howard Ashley	/wiki/Howard_Ashley	['1900', '1950']
George Ashdown Audsley	/wiki/George_Ashdown_Audsley	['1838', '1925']
William Audsley	/wiki/William_Audsley	['1833', '1907']
Ormrod Maxwell Ayrton	/wiki/Ormrod_Maxwell_Ayrton	['1874', '1960']
John Baird I	/wiki/John_Baird_I_(1798-1859)	['1798', '1859']
Andrew Balfour	/wiki/Andrew_Balfour_(architect)	['1863', '1943']
Isobel Hogg Kerr Beattie	/wiki/Isobel_Hogg_Kerr_Beattie	['1900', '1970']
John Begg	/wiki/John_Begg	['1866', '1937']
William Binnie	/wiki/William_Binnie_(architect)	['1900', '1950']
Alexander Black	/wiki/Alexander_Black_(architect)	['1790', '1858']
Hippolyte Blanc	/wiki/Hippolyte_Blanc	['1844', '1917']
Thomas Bonnar	/wiki/Thomas_Bonnar	['1770', '1847']
James MacLellan Brown	/wiki/James_MacLellan_Brown	['1886', '1967']
Thomas Brown	/wiki/Thomas_Brown_(architect)	['1781', '1850']
Thomas Brown	/wiki/Thomas_Brown_(prison_architect)	['1806', '1872']
George Washington Browne	/wiki/George_Washington_Browne	['1853', '1939']
William Bruce	/wiki/William_Bruce_(architect)	['1630', '1710']
David Bryce	/wiki/David_Bryce	['1803', '1876']
William Burn	/wiki/William_Burn	['1789', '1870']
John Burnet	/wiki/John_Burnet_(architect)	['1814', '1901']
Sir John James Burnet	/wiki/Sir_John_James_Burnet	['1857', '1938']
James Burton	/wiki/James_Burton_(property_developer)	['1900', '1950']
James Byres	/wiki/James_Byres	['1733', '1817']
Edward Calvert	/wiki/Edward_Calvert_(architect)	['1847', '1914']
Charles Cameron	/wiki/Charles_Cameron_(architect)	['1743', '1812']
Alexander Buchanan Campbell	/wiki/Alexander_Buchanan_Campbell	['1914', '2007']
Alexander Lorne Campbell	/wiki/Alexander_Lorne_Campbell	['1871', '1944']
Colen Campbell	/wiki/Colen_Campbell	['1676', '1729']
Colin Campbell, 7th Earl Cawdor	/wiki/Colin_Campbell,_7th_Earl_Cawdor	['1962', '2025']
John Campbell	/wiki/John_Campbell_(architect)	['1857', '1942']
John Chesser	/wiki/John_Chesser_(architect)	['1819', '1892']
Ninian Comper	/wiki/Ninian_Comper	['1864', '1960']
George Corson	/wiki/George_Corson	['1829', '1910']
David Cousin	/wiki/David_Cousin	['1809', '1878']
James Craig	/wiki/James_Craig_(architect)	['1739', '1795']
James Hoey Craigie	/wiki/James_Hoey_Craigie	['1870', '1930']
Alexander Hunter Crawford	/wiki/Alexander_Hunter_Crawford	['1865', '1945']
Alexander Davidson	/wiki/Alexander_Davidson_(architect)	['1839', '1908']
William Gordon Dey	/wiki/William_Gordon_Dey	['1911', '1997']
John Douglas	/wiki/John_Douglas_(Scottish_architect)	['1709', '1778']
James Dunbar-Nasmith	/wiki/James_Dunbar-Nasmith	['1927', '2025']
Gordon Murray & Alan Dunlop Architects	/wiki/Gordon_Murray_%26_Alan_Dunlop_Architects	['1958', '2025']
John Murray Easton	/wiki/John_Murray_Easton	['1889', '1975']
Alexander Edward	/wiki/Alexander_Edward	['1651', '1708']
Archibald Elliot	/wiki/Archibald_Elliot	['1760', '1823']
Reginald Francis Joseph Fairlie	/wiki/Reginald_Francis_Joseph_Fairlie	['1883', '1952']
James Fergusson	/wiki/James_Fergusson_(architect)	['1808', '1886']
Claude Waterlow Ferrier	/wiki/Claude_Waterlow_Ferrier	['1879', '1935']
James Leslie Findlay	/wiki/James_Leslie_Findlay	['1868', '1952']
Kathryn Findlay	/wiki/Kathryn_Findlay	['1954', '2025']
Robert Findlay	/wiki/Robert_Findlay	['1859', '1951']
G. Topham Forrest	/wiki/G._Topham_Forrest	['1872', '1945']
William Fowler	/wiki/William_Fowler_(architect)	['1824', '1906']
Malcolm Fraser	/wiki/Malcolm_Fraser_(architect)	['1959', '2025']
Patrick Allan Fraser	/wiki/Patrick_Allan_Fraser	['1812', '1890']
Andrew Frazer	/wiki/Andrew_Frazer_(British_Army_officer)	['1900', '1950']
Thomas Gildard	/wiki/Thomas_Gildard	['1900', '1950']
James Gibbs	/wiki/James_Gibbs	['1682', '1754']
Charles Lovett Gill	/wiki/Charles_Lovett_Gill	['1880', '1960']
James Gowan	/wiki/James_Gowan	['1923', '2015']
James Gowans	/wiki/James_Gowans_(architect)	['1821', '1890']
James Gillespie Graham	/wiki/James_Gillespie_Graham	['1776', '1855']
John Edgar Gregan	/wiki/John_Edgar_Gregan	['1813', '1855']
David Hamilton	/wiki/David_Hamilton_(architect)	['1768', '1843']
Thomas Hamilton	/wiki/Thomas_Hamilton_(architect)	['1784', '1858']
John Henderson	/wiki/John_Henderson_(architect)	['1804', '1862']
William Heste	/wiki/William_Heste	['1900', '1950']
Gareth Hoskins	/wiki/Gareth_Hoskins	['1967', '2016']
Edith Hughes	/wiki/Edith_Hughes_(architect)	['1888', '1971']
Ernest Auldjo Jamieson	/wiki/Ernest_Auldjo_Jamieson	['1880', '1937']
George Meikle Kemp	/wiki/George_Meikle_Kemp	['1795', '1844']
Robert Kerr	/wiki/Robert_Kerr_(architect)	['1823', '1904']
William Kininmonth	/wiki/William_Kininmonth_(architect)	['1904', '1988']
William Leiper	/wiki/William_Leiper	['1839', '1916']
David Lennox	/wiki/David_Lennox	['1788', '1873']
John Lessels	/wiki/John_Lessels	['1809', '1883']
Ian Gordon Lindsay	/wiki/Ian_Gordon_Lindsay	['1906', '1966']
Robert Lorimer	/wiki/Robert_Lorimer	['1864', '1929']
MacGibbon and Ross	/wiki/MacGibbon_and_Ross	['1831', '1902']
Kate Macintosh	/wiki/Kate_Macintosh	['1937', '2025']
Alexander George Robertson Mackenzie	/wiki/Alexander_George_Robertson_Mackenzie	['1879', '1963']
Alexander Marshall Mackenzie	/wiki/Alexander_Marshall_Mackenzie	['1848', '1933']
Charles Rennie Mackintosh	/wiki/Charles_Rennie_Mackintosh	['1868', '1928']
James MacLaren	/wiki/James_MacLaren_(architect)	['1853', '1890']
Thomas MacLaren	/wiki/Thomas_MacLaren	['1863', '1928']
Andy MacMillan	/wiki/Andy_MacMillan	['1928', '2014']
Ebenezer James MacRae	/wiki/Ebenezer_James_MacRae	['1881', '1951']
Thomas P. Marwick	/wiki/Thomas_P._Marwick	['1854', '1927']
Robert Matheson	/wiki/Robert_Matheson_(architect)	['1808', '1877']
Robert Matthew	/wiki/Robert_Matthew	['1906', '1975']
John McAslan	/wiki/John_McAslan	['1954', '2025']
Alexander McGill	/wiki/Alexander_McGill_(architect)	['1900', '1950']
John McLachlan	/wiki/John_McLachlan_(architect)	['1843', '1893']
George McRae	/wiki/George_McRae	['1858', '1923']
Frank Charles Mears	/wiki/Frank_Charles_Mears	['1880', '1953']
Adam Menelaws	/wiki/Adam_Menelaws	['1900', '1950']
James Miller	/wiki/James_Miller_(architect)	['1860', '1947']
Sydney Mitchell	/wiki/Sydney_Mitchell	['1856', '1930']
Robert Morham	/wiki/Robert_Morham	['1839', '1912']
Richard Murphy	/wiki/Richard_Murphy_(architect)	['1955', '2025']
Gordon Murray & Alan Dunlop Architects	/wiki/Gordon_Murray_%26_Alan_Dunlop_Architects	['1954', '2025']
James Murray	/wiki/James_Murray_(architect)	['1900', '1950']
John Mylne	/wiki/John_Mylne_(d.1621)	['1900', '1950']
John Mylne	/wiki/John_Mylne_(d.1657)	['1585', '1657']
John Mylne	/wiki/John_Mylne_(1611%E2%80%931667)	['1611', '1667']
Robert Mylne	/wiki/Robert_Mylne_(mason)	['1633', '1710']
Robert Mylne	/wiki/Robert_Mylne_(architect)	['1733', '1811']
Walter Newall	/wiki/Walter_Newall	['1780', '1863']
Peter Nicholson	/wiki/Peter_Nicholson_(architect)	['1765', '1844']
John Paterson	/wiki/John_Paterson_(architect)	['1900', '1950']
Robert Hamilton Paterson	/wiki/Robert_Hamilton_Paterson	['1843', '1911']
David Paton	/wiki/David_Paton_(architect)	['1801', '1882']
John Dick Peddie	/wiki/John_Dick_Peddie	['1824', '1891']
John More Dick Peddie	/wiki/John_More_Dick_Peddie	['1853', '1921']
Frederick Thomas Pilkington	/wiki/Frederick_Thomas_Pilkington	['1832', '1898']
James Playfair	/wiki/James_Playfair	['1755', '1794']
William Henry Playfair	/wiki/William_Henry_Playfair	['1790', '1857']
B. Marcus Priteca	/wiki/B._Marcus_Priteca	['1889', '1971']
Robert Reid Raeburn	/wiki/Robert_Reid_Raeburn	['1819', '1888']
Robert Reid	/wiki/Robert_Reid_(architect)	['1774', '1856']
David Rhind	/wiki/David_Rhind	['1808', '1883']
James Robert Rhind	/wiki/James_Robert_Rhind	['1854', '1918']
John Rhind	/wiki/John_Rhind	['1836', '1889']
George Richardson	/wiki/George_Richardson_(architect)	['1900', '1950']
John Thomas Rochead	/wiki/John_Thomas_Rochead	['1814', '1878']
MacGibbon and Ross	/wiki/MacGibbon_and_Ross	['1839', '1930']
Fred Rowntree	/wiki/Fred_Rowntree	['1860', '1927']
Witold Rybczynski	/wiki/Witold_Rybczynski	['1943', '2025']
James Salmon	/wiki/James_Salmon_(1873%E2%80%931924)	['1873', '1924']
James Salmon	/wiki/James_Salmon_(1805%E2%80%931888)	['1805', '1888']
William Schaw	/wiki/William_Schaw	['1550', '1602']
James Sellars	/wiki/James_Sellars	['1843', '1888']
Richard Norman Shaw	/wiki/Richard_Norman_Shaw	['1831', '1912']
Archibald Simpson	/wiki/Archibald_Simpson	['1790', '1847']
James Smith	/wiki/James_Smith_(architect)	['1645', '1731']
John Smith	/wiki/John_Smith_(architect)	['1781', '1852']
Robert Smith	/wiki/Robert_Smith_(architect)	['1722', '1777']
William Smith	/wiki/William_Smith_(architect)	['1817', '1891']
John Soutar	/wiki/John_Soutar	['1881', '1951']
James Souttar	/wiki/James_Souttar	['1840', '1922']
Basil Spence	/wiki/Basil_Spence	['1907', '1976']
John James Stevenson	/wiki/John_James_Stevenson	['1831', '1908']
James Stirling	/wiki/James_Stirling_(architect)	['1926', '1992']
John Tait	/wiki/John_Tait_(architect)	['1787', '1856']
Thomas S. Tait	/wiki/Thomas_S._Tait	['1882', '1954']
Bruce James Talbert	/wiki/Bruce_James_Talbert	['1838', '1881']
Andrew Taylor	/wiki/Andrew_Taylor_(architect)	['1850', '1937']
"Alexander ""Greek"" Thomson"	/wiki/Alexander_%22Greek%22_Thomson	['1817', '1875']
James Thomson	/wiki/James_Thomson_(architect)	['1900', '1950']
Ramsay Traquair	/wiki/Ramsay_Traquair_(architect)	['1900', '1950']
James Campbell Walker	/wiki/James_Campbell_Walker	['1821', '1888']
William Wallace	/wiki/William_Wallace_(mason)	['1900', '1950']
Frederick Walters	/wiki/Frederick_Walters	['1849', '1931']
George Henry Walton	/wiki/George_Henry_Walton	['1867', '1933']
Thomas Lennox Watson	/wiki/Thomas_Lennox_Watson	['1850', '1920']
William Weir	/wiki/William_Weir_(architect)	['1865', '1950']
Charles Wilson	/wiki/Charles_Wilson_(Scottish_architect)	['1810', '1863']
Robert Wilson	/wiki/Robert_Wilson_(architect)	['1834', '1901']
George Wittet	/wiki/George_Wittet	['1878', '1926']
William Young	/wiki/William_Young_(architect)	['1843', '1900']
Robert Aitken	/wiki/Robert_Aitken_(publisher)	['1734', '1802']
Alexander Aikman	/wiki/Alexander_Aikman	['1755', '1838']
Arthur Anderson	/wiki/Arthur_Anderson_(businessman)	['1792', '1868']
Alexander Arbuthnot	/wiki/Alexander_Arbuthnot_(printer)	['1900', '1950']
George Gough Arbuthnot	/wiki/George_Gough_Arbuthnot	['1848', '1929']
John Bartholomew, Sr.	/wiki/John_Bartholomew,_Sr.	['1805', '1861']
John Bartholomew	/wiki/John_Bartholomew	['1831', '1893']
John Christopher Bartholomew	/wiki/John_Christopher_Bartholomew	['1923', '2008']
John George Bartholomew	/wiki/John_George_Bartholomew	['1860', '1920']
John	/wiki/John_(Ian)_Bartholomew	['1890', '1962']
William Beardmore, 1st Baron Invernairn	/wiki/William_Beardmore,_1st_Baron_Invernairn	['1856', '1936']
James Gordon Bennett, Sr.	/wiki/James_Gordon_Bennett,_Sr.	['1795', '1872']
Alexander Berry	/wiki/Alexander_Berry	['1781', '1873']
David Berry	/wiki/David_Berry_(landowner)	['1795', '1889']
Peter Buchan	/wiki/Peter_Buchan	['1790', '1854']
David Dunbar Buick	/wiki/David_Dunbar_Buick	['1854', '1929']
Sir George Burns, 1st Baronet	/wiki/Sir_George_Burns,_1st_Baronet	['1795', '1890']
James Burns	/wiki/James_Burns_(shipowner)	['1846', '1923']
James Burns	/wiki/James_Burns_(Scottish_shipowner)	['1789', '1871']
John Burns, 1st Baron Inverclyde	/wiki/John_Burns,_1st_Baron_Inverclyde	['1829', '1901']
Agnes Campbell	/wiki/Agnes_Campbell_(printer)	['1637', '1716']
Andrew Carnegie	/wiki/Andrew_Carnegie	['1835', '1919']
Thomas Catto, 1st Baron Catto	/wiki/Thomas_Catto,_1st_Baron_Catto	['1879', '1959']
William Chambers	/wiki/William_Chambers_(publisher)	['1800', '1883']
Arnold Clark	/wiki/Arnold_Clark	['1928', '2017']
Catherine Cranston	/wiki/Catherine_Cranston	['1849', '1934']
William Cunninghame	/wiki/William_Cunninghame	['1731', '1799']
David Dale	/wiki/David_Dale	['1739', '1806']
William Davidson	/wiki/William_Davidson_(lumberman)	['1740', '1890']
Adam Dawson	/wiki/Adam_Dawson_(distiller)	['1793', '1873']
Peter Denny	/wiki/Peter_Denny	['1821', '1895']
John Dewar, Sr.	/wiki/John_Dewar,_Sr.	['1805', '1880']
Henry Duncan	/wiki/Henry_Duncan_(1774%E2%80%931846)	['1774', '1846']
John Elder	/wiki/John_Elder_(shipbuilder)	['1824', '1869']
Tom Farmer	/wiki/Tom_Farmer	['1940', '2025']
B. C. Forbes	/wiki/B._C._Forbes	['1880', '1954']
Alexander Fordyce	/wiki/Alexander_Fordyce	['1900', '1950']
Hugh Fraser	/wiki/Hugh_Fraser_(retailer)	['1817', '1853']
Anita Frew	/wiki/Anita_Frew	['1957', '2025']
Martin Gilbert	/wiki/Martin_Gilbert_(businessman)	['1955', '2025']
James Gillespie	/wiki/James_Gillespie_(philanthropist)	['1726', '1797']
Ann Gloag	/wiki/Ann_Gloag	['1942', '2025']
Thomas Blake Glover	/wiki/Thomas_Blake_Glover	['1838', '1911']
Robert Gordon	/wiki/Robert_Gordon_(philanthropist)	['1668', '1731']
Angus Grossart	/wiki/Angus_Grossart	['1937', '2025']
Andrew Halyburton	/wiki/Andrew_Halyburton	['1900', '1950']
Willie Haughey	/wiki/Willie_Haughey	['1956', '2025']
George Heriot	/wiki/George_Heriot	['1563', '1624']
Tom Hunter	/wiki/Tom_Hunter	['1900', '1950']
John Lawson Johnston	/wiki/John_Lawson_Johnston	['1839', '1900']
Irvine Laidlaw	/wiki/Irvine_Laidlaw	['1942', '2025']
John Law	/wiki/John_Law_(economist)	['1671', '1729']
United Breweries	/wiki/United_Breweries	['1900', '1950']
Thomas Lipton	/wiki/Thomas_Lipton	['1848', '1931']
George Mathewson	/wiki/George_Mathewson	['1940', '2025']
Jim McColl	/wiki/Jim_McColl	['1951', '2025']
William McEwan	/wiki/William_McEwan	['1827', '1913']
Stewart Milne	/wiki/Stewart_Milne	['1950', '2025']
Michelle Mone	/wiki/Michelle_Mone	['1971', '2025']
David Murray	/wiki/David_Murray_(Scottish_businessman)	['1951', '2025']
Thomas Napier	/wiki/Thomas_Napier_(builder)	['1802', '1881']
William Paterson	/wiki/William_Paterson_(banker)	['1658', '1719']
Alexander Cameron Sim	/wiki/Alexander_Cameron_Sim	['1840', '1900']
Brian Souter	/wiki/Brian_Souter	['1954', '2025']
James Stirling	/wiki/James_Stirling_(1800%E2%80%931876)	['1800', '1876']
Thomas Sutherland	/wiki/Thomas_Sutherland_(banker)	['1834', '1922']
David Coupar Thomson	/wiki/David_Coupar_Thomson	['1861', '1954']
George Thomson	/wiki/George_Thomson_(shipbuilder)	['1815', '1866']
William Walls	/wiki/William_Walls	['1819', '1893']
William Weir, 1st Viscount Weir	/wiki/William_Weir,_1st_Viscount_Weir	['1877', '1959']
George Watson	/wiki/George_Watson_(accountant)	['1654', '1723']
Wilson, Sons	/wiki/Wilson,_Sons	['1900', '1950']
Andrew Yule	/wiki/Andrew_Yule	['1834', '1902']
Sir David Yule, 1st Baronet	/wiki/Sir_David_Yule,_1st_Baronet	['1858', '1928']
George Yule	/wiki/George_Yule_(businessman)	['1829', '1892']
Robert Burns	/wiki/Robert_Burns	['1759', '1796']
Robert Carver	/wiki/Robert_Carver_(composer)	['1900', '1950']
Ronald Center	/wiki/Ronald_Center	['1913', '1973']
Erik Chisholm	/wiki/Erik_Chisholm	['1904', '1965']
James Clapperton	/wiki/James_Clapperton	['1968', '2025']
Sir John Clerk, 2nd Baronet	/wiki/Sir_John_Clerk,_2nd_Baronet	['1676', '1755']
James Dillon	/wiki/James_Dillon_(composer)	['1950', '2025']
Iain Hamilton	/wiki/Iain_Hamilton_(composer)	['1922', '2000']
Tobias Hume	/wiki/Tobias_Hume	['1579', '1645']
Hamish MacCunn	/wiki/Hamish_MacCunn	['1868', '1916']
John Blackwood McEwen	/wiki/John_Blackwood_McEwen	['1868', '1948']
Edward McGuire	/wiki/Edward_McGuire_(composer)	['1948', '2025']
Alexander Mackenzie	/wiki/Alexander_Mackenzie_(composer)	['1847', '1935']
Charles Macintosh	/wiki/Charles_Macintosh_(composer_and_naturalist)	['1839', '1922']
Robert Mackintosh	/wiki/Robert_Mackintosh	['1745', '1807']
James MacMillan	/wiki/James_MacMillan_(musician)	['1959', '2025']
Stuart MacRae	/wiki/Stuart_MacRae_(composer)	['1976', '2025']
William Marshall	/wiki/William_Marshall_(Scottish_composer)	['1748', '1833']
John McLeod	/wiki/John_McLeod_(composer)	['1934', '2025']
Gordon McPherson	/wiki/Gordon_McPherson	['1965', '2025']
Stuart Mitchell	/wiki/Stuart_Mitchell	['1965', '2025']
Thea Musgrave	/wiki/Thea_Musgrave	['1928', '2025']
James Oswald	/wiki/James_Oswald_(composer)	['1710', '1769']
Morris Pert	/wiki/Morris_Pert	['1947', '2010']
Robert Archibald Smith	/wiki/Robert_Archibald_Smith	['1780', '1829']
Ronald Stevenson	/wiki/Ronald_Stevenson	['1928', '2025']
William Sweeney	/wiki/William_Sweeney_(composer)	['1950', '2025']
Julian Wagstaff	/wiki/Julian_Wagstaff	['1970', '2025']
William Wallace	/wiki/William_Wallace_(Scottish_composer)	['1860', '1940']
Judith Weir	/wiki/Judith_Weir	['1954', '2025']
Thomas Wilson	/wiki/Thomas_Wilson_(composer)	['1927', '2001']
Kinmont Willie Armstrong	/wiki/Kinmont_Willie_Armstrong	['1900', '1950']
Sawney Bean	/wiki/Sawney_Bean	['1900', '1950']
Bible John	/wiki/Bible_John	['1900', '1950']
Robert Black	/wiki/Robert_Black_(serial_killer)	['1947', '2025']
Geordie Bourne	/wiki/Geordie_Bourne	['1900', '1950']
Moors murders	/wiki/Moors_murders	['1938', '2017']
William Brodie	/wiki/William_Brodie	['1741', '1788']
Michael Brown	/wiki/Michael_Brown_(fraudster)	['1966', '2025']
Henry John Burnett	/wiki/Henry_John_Burnett	['1942', '1963']
Francis Charteris	/wiki/Francis_Charteris_(rake)	['1675', '1732']
Minnie Dean	/wiki/Minnie_Dean	['1844', '1895']
William Duff	/wiki/William_Duff_(dentist)	['1962', '2025']
Paul Ferris	/wiki/Paul_Ferris_(Scottish_writer)	['1963', '2025']
Donald Forbes	/wiki/Donald_Forbes	['1935', '2008']
Arthur Furguson	/wiki/Arthur_Furguson	['1883', '1938']
Jimmy Gauld	/wiki/Jimmy_Gauld	['1931', '2025']
John Gow	/wiki/John_Gow	['1698', '1725']
Sir Robert Graham	/wiki/Sir_Robert_Graham	['1900', '1950']
Sir Archibald Grant, 2nd Baronet	/wiki/Sir_Archibald_Grant,_2nd_Baronet	['1696', '1778']
David Haggart	/wiki/David_Haggart	['1801', '1821']
Archibald Hall	/wiki/Archibald_Hall	['1924', '2002']
James Hamilton	/wiki/James_Hamilton_(assassin)	['1900', '1950']
Dunblane school massacre	/wiki/Dunblane_school_massacre	['1952', '1996']
John the Painter	/wiki/John_the_Painter	['1752', '1777']
William Kidd	/wiki/William_Kidd	['1645', '1701']
Sonny Leitch	/wiki/Sonny_Leitch	['1900', '1950']
James MacLaine	/wiki/James_MacLaine	['1724', '1750']
Jamie Macpherson	/wiki/Jamie_Macpherson	['1675', '1700']
Peter Manuel	/wiki/Peter_Manuel	['1927', '1958']
John Maxwell, 9th Lord Maxwell	/wiki/John_Maxwell,_9th_Lord_Maxwell	['1583', '1613']
Ian McAteer	/wiki/Ian_McAteer	['1961', '2025']
Thomas McGraw	/wiki/Thomas_McGraw	['1952', '2007']
Frank McPhee	/wiki/Frank_McPhee	['1948', '2000']
Patrick Meehan	/wiki/Patrick_Meehan	['1927', '1994']
Anthony Miller	/wiki/Anthony_Miller_(murderer)	['1941', '1960']
Robert Mone	/wiki/Robert_Mone	['1948', '2025']
Susan Newell	/wiki/Susan_Newell	['1893', '1923']
Dennis Nilsen	/wiki/Dennis_Nilsen	['1945', '2025']
Colin Norris	/wiki/Colin_Norris	['1976', '2025']
Dora Noyce	/wiki/Dora_Noyce	['1900', '1977']
Johnny Ramensky	/wiki/Johnny_Ramensky	['1905', '1972']
Robert Sempill, 3rd Lord Sempill	/wiki/Robert_Sempill,_3rd_Lord_Sempill	['1505', '1576']
Arthur Thompson	/wiki/Arthur_Thompson_(gangster)	['1931', '1993']
Peter Tobin	/wiki/Peter_Tobin	['1946', '2025']
Andrew Walker	/wiki/Andrew_Walker_(murderer)	['1900', '1950']
Kenneth Alexander	/wiki/Kenneth_Alexander_(economist)	['1922', '2001']
Adam Anderson	/wiki/Adam_Anderson_(economist)	['1900', '1950']
Duncan Black	/wiki/Duncan_Black	['1908', '1991']
Alexander Cairncross	/wiki/Alexander_Cairncross_(economist)	['1911', '1998']
Frances Cairncross	/wiki/Frances_Cairncross	['30', '2025']
John Marcus Fleming	/wiki/John_Marcus_Fleming	['1911', '1976']
David Greenaway	/wiki/David_Greenaway_(economist)	['1952', '2025']
John Law	/wiki/John_Law_(economist)	['1671', '1729']
James Loch	/wiki/James_Loch	['1780', '1855']
Joseph Lowe	/wiki/Joseph_Lowe_(economist)	['1900', '1950']
Ronald MacDonald	/wiki/Ronald_MacDonald_(economist)	['1955', '2025']
Henry Dunning Macleod	/wiki/Henry_Dunning_Macleod	['1821', '1902']
Ailsa McKay	/wiki/Ailsa_McKay	['1963', '2014']
Sir James Mirrlees	/wiki/Sir_James_Mirrlees	['1936', '2025']
Anton Muscatelli	/wiki/Anton_Muscatelli	['1962', '2025']
Brian Quinn	/wiki/Brian_Quinn_(economist)	['1936', '2025']
John Rae	/wiki/John_Rae_(economist)	['1796', '1872']
Gavin Clydesdale Reid	/wiki/Gavin_Clydesdale_Reid	['1946', '2025']
Adam Smith	/wiki/Adam_Smith	['1900', '1950']
James Abernethy	/wiki/James_Abernethy	['1814', '1896']
Neil Arnott	/wiki/Neil_Arnott	['1788', '1874']
William Arrol	/wiki/William_Arrol	['1839', '1913']
Alexander Bain	/wiki/Alexander_Bain_(inventor)	['1810', '1877']
Charles Baird	/wiki/Charles_Baird_(engineer)	['1766', '1843']
Francis Baird	/wiki/Francis_Baird	['1802', '1864']
Hugh Baird	/wiki/Hugh_Baird_(engineer)	['1770', '1827']
John Logie Baird	/wiki/John_Logie_Baird	['1888', '1946']
Nicol Hugh Baird	/wiki/Nicol_Hugh_Baird	['1796', '1849']
Alexander Graham Bell	/wiki/Alexander_Graham_Bell	['1847', '1922']
Henry Bell	/wiki/Henry_Bell_(engineer)	['1767', '1830']
Patrick Bell	/wiki/Patrick_Bell	['1799', '1869']
Bennie Railplane	/wiki/Bennie_Railplane	['1891', '1957']
Sir James Black	/wiki/Sir_James_Black	['1924', '2010']
Robert Blair	/wiki/Robert_Blair_(astronomer)	['1748', '1828']
Benjamin Blyth	/wiki/Benjamin_Blyth	['1819', '1866']
Benjamin Blyth II	/wiki/Benjamin_Blyth_II	['1849', '1917']
Thomas Bouch	/wiki/Thomas_Bouch	['1822', '1880']
Robert Henry Bow	/wiki/Robert_Henry_Bow	['1827', '1909']
James Braid	/wiki/James_Braid_(surgeon)	['1795', '1860']
James Bremner	/wiki/James_Bremner	['1784', '1856']
David Brewster	/wiki/David_Brewster	['1781', '1868']
George Brown	/wiki/George_Brown_(inventor)	['1650', '1730']
Walter Brown	/wiki/Walter_Brown_(mathematician)	['1886', '1957']
Richard Henry Brunton	/wiki/Richard_Henry_Brunton	['1841', '1901']
Dorothy Donaldson Buchanan	/wiki/Dorothy_Donaldson_Buchanan	['1899', '1985']
Duncan Cameron	/wiki/Duncan_Cameron_(Scottish_inventor)	['1825', '1901']
James Chalmers	/wiki/James_Chalmers_(inventor)	['1782', '1853']
Dugald Clark	/wiki/Dugald_Clark	['1854', '1932']
James C. Crow	/wiki/James_C._Crow	['1789', '1856']
Robert Davidson	/wiki/Robert_Davidson_(inventor)	['1804', '1894']
James Dewar	/wiki/James_Dewar	['1842', '1923']
William Dickson	/wiki/William_Dickson_(film_pioneer)	['1860', '1935']
Thomas Drummond	/wiki/Thomas_Drummond	['1797', '1840']
Victoria Drummond	/wiki/Victoria_Drummond	['1894', '1978']
John Boyd Dunlop	/wiki/John_Boyd_Dunlop	['1840', '1921']
Henry Dyer	/wiki/Henry_Dyer	['1848', '1918']
Peter Fairbairn	/wiki/Peter_Fairbairn	['1799', '1861']
William Fairbairn	/wiki/William_Fairbairn	['1789', '1874']
Patrick Ferguson	/wiki/Patrick_Ferguson	['1744', '1780']
Alexander Fleming	/wiki/Alexander_Fleming	['1881', '1955']
Sandford Fleming	/wiki/Sandford_Fleming	['1827', '1915']
Alexander John Forsyth	/wiki/Alexander_John_Forsyth	['1768', '1843']
William George Nicholson Geddes	/wiki/William_George_Nicholson_Geddes	['1913', '1993']
David Gow	/wiki/David_Gow	['1957', '2025']
Thomas Lomar Gray	/wiki/Thomas_Lomar_Gray	['1850', '1908']
James Gregory	/wiki/James_Gregory_(mathematician)	['1638', '1675']
Thomas Graeme Nelson Haldane	/wiki/Thomas_Graeme_Nelson_Haldane	['1897', '1981']
William Handyside	/wiki/William_Handyside	['1793', '1850']
James Harrison	/wiki/James_Harrison_(engineer)	['1816', '1893']
George Johnston	/wiki/George_Johnston_(engineer)	['1855', '1945']
James Kennedy	/wiki/James_Kennedy_(engineer)	['1797', '1886']
David Kirkaldy	/wiki/David_Kirkaldy	['1820', '1897']
James Bowman Lindsay	/wiki/James_Bowman_Lindsay	['1799', '1862']
Charles Macintosh	/wiki/Charles_Macintosh	['1766', '1843']
Alan MacMasters	/wiki/Alan_MacMasters	['1865', '1927']
Kirkpatrick MacMillan	/wiki/Kirkpatrick_MacMillan	['1813', '1878']
John Loudon McAdam	/wiki/John_Loudon_McAdam	['1756', '1836']
Sir Robert McAlpine, 1st Baronet	/wiki/Sir_Robert_McAlpine,_1st_Baronet	['1847', '1934']
Thomas McCall	/wiki/Thomas_McCall	['1834', '1904']
Andrew Meikle	/wiki/Andrew_Meikle	['1719', '1811']
Thomas Morton	/wiki/Thomas_Morton_(shipwright)	['1781', '1832']
William Murdoch	/wiki/William_Murdoch	['1754', '1839']
David Napier	/wiki/David_Napier_(marine_engineer)	['1790', '1869']
David Napier	/wiki/David_Napier_(precision_engineer)	['1785', '1873']
James Robert Napier	/wiki/James_Robert_Napier	['1821', '1879']
John Napier	/wiki/John_Napier	['1550', '1617']
Robert Napier	/wiki/Robert_Napier_(engineer)	['1791', '1876']
Robert D. Napier	/wiki/Robert_D._Napier	['1821', '1885']
James Nasmyth	/wiki/James_Nasmyth	['1808', '1890']
Robert Stirling Newall	/wiki/Robert_Stirling_Newall	['1812', '1889']
James Newlands	/wiki/James_Newlands	['1813', '1871']
Murdoch Paterson	/wiki/Murdoch_Paterson	['1826', '1898']
William Paterson	/wiki/William_Paterson_(banker)	['1658', '1719']
William John Macquorn Rankine	/wiki/William_John_Macquorn_Rankine	['1820', '1872']
John Rennie the Elder	/wiki/John_Rennie_the_Elder	['1761', '1821']
John Shepherd-Barron	/wiki/John_Shepherd-Barron	['1925', '2010']
Hugh Smellie	/wiki/Hugh_Smellie	['1840', '1891']
Thomas Smith	/wiki/Thomas_Smith_(engineer)	['1752', '1814']
Charles Spalding	/wiki/Charles_Spalding	['1738', '1783']
Alan Stevenson	/wiki/Alan_Stevenson	['1807', '1865']
Charles Alexander Stevenson	/wiki/Charles_Alexander_Stevenson	['1855', '1950']
David Stevenson	/wiki/David_Stevenson_(engineer)	['1815', '1886']
David Alan Stevenson	/wiki/David_Alan_Stevenson	['1854', '1938']
Robert Stevenson	/wiki/Robert_Stevenson_(civil_engineer)	['1772', '1850']
Thomas Stevenson	/wiki/Thomas_Stevenson	['1818', '1887']
Matthew Stirling	/wiki/Matthew_Stirling_(railway_engineer)	['1856', '1931']
Patrick Stirling	/wiki/Patrick_Stirling	['1820', '1895']
Robert Stirling	/wiki/Robert_Stirling	['1790', '1878']
William Symington	/wiki/William_Symington	['1764', '1831']
Thomas Telford	/wiki/Thomas_Telford	['1757', '1834']
Robert William Thomson	/wiki/Robert_William_Thomson	['1822', '1873']
Robert Watson-Watt	/wiki/Robert_Watson-Watt	['1893', '1973']
James Watt	/wiki/James_Watt	['1736', '1819']
James Young	/wiki/James_Young_(Scottish_chemist)	['1811', '1883']
Albert Armitage	/wiki/Albert_Armitage	['1864', '1943']
John Arthur	/wiki/John_Arthur	['1881', '1952']
William Balfour Baikie	/wiki/William_Balfour_Baikie	['1824', '1864']
Peter Belches	/wiki/Peter_Belches	['1796', '1890']
Alexander Berry	/wiki/Alexander_Berry	['1781', '1873']
Henry Robertson Bowers	/wiki/Henry_Robertson_Bowers	['1883', '1912']
Robert Brown	/wiki/Robert_Brown_(Scottish_botanist_from_Caithness)	['1842', '1895']
James Bruce	/wiki/James_Bruce	['1730', '1794']
William Speirs Bruce	/wiki/William_Speirs_Bruce	['1867', '1921']
David Buchan	/wiki/David_Buchan	['1780', '1838']
Colin Campbell	/wiki/Colin_Campbell_(Swedish_East_India_Company)	['1686', '1757']
Hugh Clapperton	/wiki/Hugh_Clapperton	['1788', '1827']
John Dundas Cochrane	/wiki/John_Dundas_Cochrane	['1793', '1825']
William Cormack	/wiki/William_Cormack	['1796', '1868']
Robert Bontine Cunninghame Graham	/wiki/Robert_Bontine_Cunninghame_Graham	['1852', '1936']
David Douglas	/wiki/David_Douglas_(botanist)	['1799', '1834']
Alexander Forbes	/wiki/Alexander_Forbes_(explorer)	['1778', '1862']
Henry Ogg Forbes	/wiki/Henry_Ogg_Forbes	['1851', '1932']
Simon Fraser	/wiki/Simon_Fraser_(explorer)	['1776', '1862']
George Glas	/wiki/George_Glas	['1725', '1765']
Sandy Glen	/wiki/Sandy_Glen	['1912', '2004']
James Augustus Grant	/wiki/James_Augustus_Grant	['1827', '1892']
James Hector	/wiki/James_Hector	['1834', '1907']
Alexander Keith Johnston	/wiki/Alexander_Keith_Johnston_(1844%E2%80%931879)	['1844', '1879']
John Kirk	/wiki/John_Kirk_(explorer)	['1832', '1922']
Alexander Gordon Laing	/wiki/Alexander_Gordon_Laing	['1793', '1826']
Macgregor Laird	/wiki/Macgregor_Laird	['1808', '1861']
William Lithgow	/wiki/William_Lithgow_(traveller_and_author)	['1582', '1645']
David Livingstone	/wiki/David_Livingstone	['1813', '1873']
Gregor MacGregor	/wiki/Gregor_MacGregor	['1786', '1845']
John MacGregor	/wiki/John_MacGregor_(sportsman)	['1825', '1892']
Alistair Mackay	/wiki/Alistair_Mackay	['1878', '1914']
Alexander Mackenzie	/wiki/Alexander_Mackenzie_(explorer)	['1764', '1820']
Harry McNish	/wiki/Harry_McNish	['1874', '1930']
Archibald Menzies	/wiki/Archibald_Menzies	['1754', '1852']
Thomas Mitchell	/wiki/Thomas_Mitchell_(explorer)	['1792', '1855']
John Muir	/wiki/John_Muir	['1838', '1914']
John Murray	/wiki/John_Murray_(oceanographer)	['1841', '1914']
W. H. Murray	/wiki/W._H._Murray	['1913', '1996']
Walter Oudney	/wiki/Walter_Oudney	['1790', '1824']
Mungo Park	/wiki/Mungo_Park_(explorer)	['1771', '1806']
William Paterson	/wiki/William_Paterson_(explorer)	['1755', '1810']
John Rae	/wiki/John_Rae_(explorer)	['1813', '1893']
John Richardson	/wiki/John_Richardson_(naturalist)	['1787', '1865']
James Clark Ross	/wiki/James_Clark_Ross	['1800', '1862']
John Ross	/wiki/John_Ross_(Arctic_explorer)	['1777', '1856']
John Ross	/wiki/John_Ross_(explorer)	['1817', '1903']
Alexander Selkirk	/wiki/Alexander_Selkirk	['1676', '1721']
James Stirling	/wiki/James_Stirling_(Royal_Navy_officer)	['1791', '1865']
John McDouall Stuart	/wiki/John_McDouall_Stuart	['1815', '1866']
Charles Wyville Thomson	/wiki/Charles_Wyville_Thomson	['1830', '1882']
Joseph Thomson	/wiki/Joseph_Thomson_(explorer)	['1858', '1895']
Tom Weir	/wiki/Tom_Weir	['1914', '2006']
Thomas Braidwood Wilson	/wiki/Thomas_Braidwood_Wilson	['1792', '1843']
John Wood	/wiki/John_Wood_(explorer)	['1812', '1871']
James Wordie	/wiki/James_Wordie	['1889', '1962']
Stanley Baxter	/wiki/Stanley_Baxter	['1926', '2025']
Danny Bhoy	/wiki/Danny_Bhoy	['1974', '2025']
Frankie Boyle	/wiki/Frankie_Boyle	['1972', '2025']
Rory Bremner	/wiki/Rory_Bremner	['1961', '2025']
Kevin Bridges	/wiki/Kevin_Bridges	['1986', '2025']
Janet Brown	/wiki/Janet_Brown	['1924', '2011']
Fred Cairns	/wiki/Fred_Cairns	['1857', '1896']
Susan Calman	/wiki/Susan_Calman	['1900', '1950']
Rhona Cameron	/wiki/Rhona_Cameron	['1965', '2025']
Stephen Carlin	/wiki/Stephen_Carlin	['1900', '1950']
Des Clarke	/wiki/Des_Clarke_(comedian)	['1900', '1950']
Alun Cochrane	/wiki/Alun_Cochrane	['1975', '2025']
Billy Connolly	/wiki/Billy_Connolly	['1942', '2025']
Ronald Balfour Corbett	/wiki/Ronald_Balfour_Corbett	['1930', '2025']
Ivor Cutler	/wiki/Ivor_Cutler	['1923', '2006']
Karen Dunbar	/wiki/Karen_Dunbar	['1900', '1950']
Craig Ferguson	/wiki/Craig_Ferguson	['1962', '2025']
Gregor Fisher	/wiki/Gregor_Fisher	['1953', '2025']
Rikki Fulton	/wiki/Rikki_Fulton	['1924', '2004']
George Gale	/wiki/George_Gale_(cartoonist)	['1929', '2003']
Graeme Garden	/wiki/Graeme_Garden	['1943', '2025']
Janey Godley	/wiki/Janey_Godley	['1961', '2025']
Greg Hemphill	/wiki/Greg_Hemphill	['1969', '2025']
Craig Hill	/wiki/Craig_Hill_(comedian)	['1900', '1950']
Armando Iannucci	/wiki/Armando_Iannucci	['1963', '2025']
Phil Kay	/wiki/Phil_Kay	['1900', '1950']
Ford Kiernan	/wiki/Ford_Kiernan	['1962', '2025']
Harry Lauder	/wiki/Harry_Lauder	['1870', '1950']
David Law	/wiki/David_Law_(cartoonist)	['1908', '1971']
Limmy	/wiki/Limmy	['1974', '2025']
Jimmy Logan	/wiki/Jimmy_Logan	['1928', '2001']
Fred MacAulay	/wiki/Fred_MacAulay	['1956', '2025']
Doon Mackichan	/wiki/Doon_Mackichan	['1962', '2025']
Chic Murray	/wiki/Chic_Murray	['1919', '1985']
Jerry Sadowitz	/wiki/Jerry_Sadowitz	['1961', '2025']
Iain Stirling	/wiki/Iain_Stirling	['1988', '2025']
Ian Tough	/wiki/Ian_Tough	['1947', '2025']
Janette Tough	/wiki/Janette_Tough	['1947', '2025']
Danny Wallace	/wiki/Danny_Wallace_(humorist)	['1976', '2025']
James Abercrombie	/wiki/James_Abercrombie_(British_Army_general)	['1706', '1781']
Sir James Abercrombie, 1st Baronet	/wiki/Sir_James_Abercrombie,_1st_Baronet	['1900', '1950']
Ralph Anstruther	/wiki/Ralph_Anstruther	['1921', '2002']
William Baillie	/wiki/William_Baillie_(soldier)	['1900', '1950']
Sir David Baird, 1st Baronet	/wiki/Sir_David_Baird,_1st_Baronet	['1757', '1829']
Gilbert Balfour	/wiki/Gilbert_Balfour	['1900', '1950']
Michael Andreas Barclay de Tolly	/wiki/Michael_Andreas_Barclay_de_Tolly	['1900', '1950']
Andrew Barton	/wiki/Andrew_Barton_(privateer)	['1466', '1511']
Robert the Bruce	/wiki/Robert_the_Bruce	['1274', '1329']
Calgacus	/wiki/Calgacus	['1900', '1950']
Richard Cameron	/wiki/Richard_Cameron_(religious_leader)	['1648', '1680']
Agnes Campbell	/wiki/Agnes_Campbell	['1526', '1601']
Colin Campbell, 1st Baron Clyde	/wiki/Colin_Campbell,_1st_Baron_Clyde	['1792', '1863']
Cailean Mór	/wiki/Cailean_M%C3%B3r	['1900', '1950']
Sandy Campbell	/wiki/Sandy_Campbell_(GC)	['1898', '1940']
Alexander Cochrane	/wiki/Alexander_Cochrane	['1758', '1832']
Archibald Cochrane	/wiki/Archibald_Cochrane_(Royal_Navy_officer)	['1783', '1829']
Hugh Stewart Cochrane	/wiki/Hugh_Stewart_Cochrane	['1829', '1884']
Ralph Cochrane	/wiki/Ralph_Cochrane	['1895', '1977']
Thomas John Cochrane	/wiki/Thomas_John_Cochrane	['1789', '1872']
Ninian Cockburn	/wiki/Ninian_Cockburn	['1900', '1950']
Samuel Cockburn	/wiki/Samuel_Cockburn_(mercenary_leader)	['1574', '1621']
James Henry Craig	/wiki/James_Henry_Craig	['1748', '1812']
General	/wiki/General_(United_Kingdom)	['1887', '1983']
James Currie	/wiki/James_Currie_(physician)	['1756', '1805']
Mark John Currie	/wiki/Mark_John_Currie	['1795', '1874']
Archibald Douglas	/wiki/Archibald_Douglas_(died_1333)	['1298', '1333']
Hugh Dowding	/wiki/Hugh_Dowding	['1882', '1970']
George Keith Elphinstone, 1st Viscount Keith	/wiki/George_Keith_Elphinstone,_1st_Viscount_Keith	['1746', '1823']
William George Keith Elphinstone	/wiki/William_George_Keith_Elphinstone	['1782', '1842']
Adam Ferguson	/wiki/Adam_Ferguson_(soldier)	['1771', '1855']
John Forbes	/wiki/John_Forbes_(General)	['1707', '1759']
Douglas Ford	/wiki/Douglas_Ford_(GC)	['1918', '1943']
Simon Fraser, 15th Lord Lovat	/wiki/Simon_Fraser,_15th_Lord_Lovat	['1911', '1995']
Matthew Frew	/wiki/Matthew_Frew	['1895', '1974']
James Gordon	/wiki/James_Gordon_(Royal_Navy_officer)	['1782', '1869']
Patrick Gordon	/wiki/Patrick_Gordon	['1635', '1699']
John Graham, Viscount Dundee	/wiki/John_Graham,_Viscount_Dundee	['1648', '1689']
Thomas Graham, Lord Lynedoch	/wiki/Thomas_Graham,_Lord_Lynedoch	['1748', '1843']
Aleksey Greig	/wiki/Aleksey_Greig	['1775', '1845']
Samuel Greig	/wiki/Samuel_Greig	['1736', '1788']
Douglas Haig	/wiki/Douglas_Haig	['1861', '1928']
Aylmer Haldane	/wiki/Aylmer_Haldane	['1862', '1950']
David Henderson	/wiki/David_Henderson_(British_Army_officer)	['1862', '1921']
Ian Henderson	/wiki/Ian_Henderson_(RAF_officer)	['1896', '1918']
Henry Horne, 1st Baron Horne	/wiki/Henry_Horne,_1st_Baron_Horne	['1861', '1929']
James Innes	/wiki/James_Innes_(North_Carolina)	['1700', '1759']
James John McLeod Innes	/wiki/James_John_McLeod_Innes	['1830', '1907']
John Paul Jones	/wiki/John_Paul_Jones	['1747', '1792']
David Leslie, 1st Lord Newark	/wiki/David_Leslie,_1st_Lord_Newark	['1600', '1682']
Edward Loch, 2nd Baron Loch	/wiki/Edward_Loch,_2nd_Baron_Loch	['1873', '1942']
Granville Gower Loch	/wiki/Granville_Gower_Loch	['1813', '1853']
Henry Loch, 1st Baron Loch	/wiki/Henry_Loch,_1st_Baron_Loch	['1827', '1900']
Alasdair Mac Colla	/wiki/Alasdair_Mac_Colla	['1610', '1647']
Rob Roy MacGregor	/wiki/Rob_Roy_MacGregor	['1671', '1734']
Hugh Mackay	/wiki/Hugh_Mackay_(general)	['1640', '1692']
Colin Mackenzie	/wiki/Colin_Mackenzie	['1754', '1821']
Alexander Slidell MacKenzie	/wiki/Alexander_Slidell_MacKenzie	['1900', '1950']
Ranald Slidell Mackenzie	/wiki/Ranald_Slidell_Mackenzie	['1900', '1950']
Harry Aubrey de Vere Maclean	/wiki/Harry_Aubrey_de_Vere_Maclean	['1848', '1920']
Sir Fitzroy Maclean, 1st Baronet	/wiki/Sir_Fitzroy_Maclean,_1st_Baronet	['1911', '1996']
Sam McDonald	/wiki/Sam_McDonald	['1762', '1802']
Archie McKellar	/wiki/Archie_McKellar	['1912', '1940']
Hugh Mercer	/wiki/Hugh_Mercer	['1726', '1777']
Bill Millin	/wiki/Bill_Millin	['1922', '2010']
Robert Monro	/wiki/Robert_Monro	['1900', '1950']
Richard Montgomery	/wiki/Richard_Montgomery	['1900', '1950']
Graham Moore	/wiki/Graham_Moore_(Royal_Navy_officer)	['1764', '1843']
John Moore	/wiki/John_Moore_(British_Army_officer)	['1761', '1809']
Andrew Moray	/wiki/Andrew_Moray	['1900', '1950']
Charles Napier	/wiki/Charles_Napier_(Royal_Navy_officer)	['1786', '1860']
Ian Napier	/wiki/Ian_Napier	['1895', '1977']
William Napier, 9th Lord Napier	/wiki/William_Napier,_9th_Lord_Napier	['1786', '1834']
John Pitcairn	/wiki/John_Pitcairn	['1722', '1775']
John Reid	/wiki/John_Reid_(British_Army_officer)	['1721', '1807']
John Rennie	/wiki/John_Rennie_(GC)	['1920', '1943']
James Shaw Kennedy	/wiki/James_Shaw_Kennedy	['1788', '1865']
John Small	/wiki/John_Small_(British_Army_officer)	['1900', '1950']
John Small	/wiki/John_Small_(British_Army_medical_officer)	['1823', '1879']
Somerled	/wiki/Somerled	['1900', '1950']
David Stirling	/wiki/David_Stirling	['1915', '1990']
James Stirling	/wiki/James_Stirling_(Australian_Governor)	['1791', '1865']
Lord Stirling	/wiki/Lord_Stirling	['1900', '1950']
Prince Charles Edward Stuart	/wiki/Prince_Charles_Edward_Stuart	['1720', '1788']
John Urry	/wiki/John_Urry_(soldier)	['1900', '1950']
William Wallace	/wiki/William_Wallace	['1270', '1305']
John Abercrombie	/wiki/John_Abercrombie_(physician)	['1780', '1844']
John Anderson	/wiki/John_Anderson_(natural_philosopher)	['1726', '1796']
John Anderson	/wiki/John_Anderson_(philosopher)	['1893', '1962']
Alexander Bain	/wiki/Alexander_Bain	['1818', '1903']
Hector Boece	/wiki/Hector_Boece	['1465', '1536']
Thomas Brown	/wiki/Thomas_Brown_(philosopher)	['1778', '1820']
William Cleghorn	/wiki/William_Cleghorn	['1718', '1754']
Adam Ferguson	/wiki/Adam_Ferguson	['1723', '1816']
Sir William Hamilton, 9th Baronet	/wiki/Sir_William_Hamilton,_9th_Baronet	['1788', '1888']
Henry Home, Lord Kames	/wiki/Henry_Home,_Lord_Kames	['1696', '1782']
David Hume	/wiki/David_Hume	['1711', '1776']
Alasdair MacIntyre	/wiki/Alasdair_MacIntyre	['1929', '2025']
John Macmurray	/wiki/John_Macmurray	['1891', '1976']
John Major	/wiki/John_Major_(philosopher)	['1467', '1550']
William Manderstown	/wiki/William_Manderstown	['1485', '1552']
James McCosh	/wiki/James_McCosh	['1811', '1894']
Thomas Reid	/wiki/Thomas_Reid	['1710', '1796']
William Small	/wiki/William_Small	['1734', '1775']
Adam Smith	/wiki/Adam_Smith	['1723', '1790']
Dugald Stewart	/wiki/Dugald_Stewart	['1753', '1828']
David Abercromby	/wiki/David_Abercromby	['1900', '1950']
Francis Adams	/wiki/Francis_Adams_(translator)	['1796', '1861']
John Adamson	/wiki/John_Adamson_(physician)	['1809', '1870']
Margaret F. Alexander	/wiki/Margaret_F._Alexander	['1900', '1950']
William Pulteney Alison	/wiki/William_Pulteney_Alison	['1790', '1859']
John Maxwell Anderson	/wiki/John_Maxwell_Anderson	['1928', '1982']
Thomas McCall Anderson	/wiki/Thomas_McCall_Anderson	['1836', '1908']
Archibald Arnott	/wiki/Archibald_Arnott	['1772', '1855']
Asher Asher	/wiki/Asher_Asher	['1837', '1889']
Matthew Baillie	/wiki/Matthew_Baillie	['1761', '1823']
Dugald Baird	/wiki/Dugald_Baird	['1899', '1986']
Andrew Balfour	/wiki/Andrew_Balfour	['1873', '1931']
Edward Balfour	/wiki/Edward_Balfour	['1813', '1889']
George William Balfour	/wiki/George_William_Balfour	['1823', '1903']
Thomas Graham Balfour	/wiki/Thomas_Graham_Balfour	['1813', '1891']
Sir George Ballingall	/wiki/Sir_George_Ballingall	['1780', '1855']
William Mitchell Banks	/wiki/William_Mitchell_Banks	['1842', '1904']
William Burney Bannerman	/wiki/William_Burney_Bannerman	['1858', '1924']
Andrew Whyte Barclay	/wiki/Andrew_Whyte_Barclay	['1817', '1884']
George Steward Beatson	/wiki/George_Steward_Beatson	['1900', '1950']
George Beatson	/wiki/George_Beatson	['1848', '1933']
William Beattie	/wiki/William_Beattie_(physician)	['1793', '1875']
James Begbie	/wiki/James_Begbie	['1798', '1869']
James Warburton Begbie	/wiki/James_Warburton_Begbie	['1826', '1876']
Benjamin Bell	/wiki/Benjamin_Bell	['1749', '1806']
Sir Charles Bell	/wiki/Sir_Charles_Bell	['1774', '1842']
John Bell	/wiki/John_Bell_(surgeon)	['1763', '1820']
James Black	/wiki/James_Black_(pharmacologist)	['1924', '2010']
Emily Blair	/wiki/Emily_Blair	['1892', '1963']
Gilbert Blane	/wiki/Gilbert_Blane	['1749', '1834']
James Borthwick	/wiki/James_Borthwick	['1615', '1675']
James Braid	/wiki/James_Braid_(surgeon)	['1795', '1860']
John Milne Bramwell	/wiki/John_Milne_Bramwell	['1852', '1925']
William A. F. Browne	/wiki/William_A._F._Browne	['1805', '1885']
Sir Thomas Lauder Brunton	/wiki/Sir_Thomas_Lauder_Brunton	['1844', '1916']
William Buchan	/wiki/William_Buchan_(physician)	['1729', '1805']
Maura Buchanan	/wiki/Maura_Buchanan	['1900', '1950']
Francis Buchanan-Hamilton	/wiki/Francis_Buchanan-Hamilton	['1762', '1829']
Thomas Burnet	/wiki/Thomas_Burnet_(physician)	['1638', '1704']
Ewan Cameron	/wiki/Ewan_Cameron	['1922', '1991']
Murdoch Cameron	/wiki/Murdoch_Cameron	['1847', '1930']
Robina Thomson Cameron	/wiki/Robina_Thomson_Cameron	['1892', '1971']
Dugald Campbell	/wiki/Dugald_Campbell	['1900', '1950']
James Cantlie	/wiki/James_Cantlie	['1851', '1926']
John Cheyne	/wiki/John_Cheyne_(physician)	['1777', '1836']
Colin Chisholm	/wiki/Colin_Chisholm_(medical_writer)	['1755', '1825']
Mairi Chisholm	/wiki/Mairi_Chisholm	['1896', '1981']
Sir Robert Christison, 1st Baronet	/wiki/Sir_Robert_Christison,_1st_Baronet	['1797', '1882']
Sir James Clark, 1st Baronet	/wiki/Sir_James_Clark,_1st_Baronet	['1788', '1870']
Hugh Cleghorn	/wiki/Hugh_Cleghorn_(forester)	['1820', '1895']
Thomas Clouston	/wiki/Thomas_Clouston	['1840', '1915']
Samuel Cockburn	/wiki/Samuel_Cockburn_(physician_and_homeopath)	['1823', '1915']
John Coldstream	/wiki/John_Coldstream	['1806', '1863']
James Copland	/wiki/James_Copland_(physician)	['1791', '1870']
John Craig	/wiki/John_Craig_(physician)	['1900', '1950']
David Craigie	/wiki/David_Craigie	['1793', '1866']
Alexander Crichton	/wiki/Alexander_Crichton	['1763', '1856']
James Crichton-Browne	/wiki/James_Crichton-Browne	['1840', '1938']
William Cumin	/wiki/William_Cumin_(obstetrician)	['1900', '1950']
David Douglas Cunningham	/wiki/David_Douglas_Cunningham	['1843', '1914']
Daniel John Cunningham	/wiki/Daniel_John_Cunningham	['1850', '1909']
David Deas	/wiki/David_Deas	['1807', '1876']
Ian Donald	/wiki/Ian_Donald	['1910', '1987']
David Dumbreck	/wiki/David_Dumbreck	['1805', '1876']
Andrew Duncan, the elder	/wiki/Andrew_Duncan,_the_elder	['1744', '1828']
Andrew Duncan, the younger	/wiki/Andrew_Duncan,_the_younger	['1773', '1832']
James Matthews Duncan	/wiki/James_Matthews_Duncan	['1826', '1890']
William Ronald Dodds Fairbairn	/wiki/William_Ronald_Dodds_Fairbairn	['1889', '1964']
Sir Walter Farquhar, 1st Baronet	/wiki/Sir_Walter_Farquhar,_1st_Baronet	['1738', '1819']
William Fergusson	/wiki/William_Fergusson_(physician)	['1773', '1846']
Charles Finnigan	/wiki/Charles_Finnigan	['1901', '1967']
James Forbes	/wiki/James_Forbes_(hospital_inspector)	['1779', '1837']
George Fordyce	/wiki/George_Fordyce	['1736', '1802']
William Fordyce	/wiki/William_Fordyce	['1724', '1792']
David Kennedy Fraser	/wiki/David_Kennedy_Fraser	['1888', '1962']
John Gairdner	/wiki/John_Gairdner	['1790', '1876']
Sir William Tennant Gairdner	/wiki/Sir_William_Tennant_Gairdner	['1824', '1907']
Maxwell Garthshore	/wiki/Maxwell_Garthshore	['1732', '1812']
Marion Gilchrist	/wiki/Marion_Gilchrist_(doctor)	['1864', '1952']
Theodore Gordon	/wiki/Theodore_Gordon_(British_Army_officer)	['1786', '1845']
Robert Edmond Grant	/wiki/Robert_Edmond_Grant	['1793', '1874']
James Gregory	/wiki/James_Gregory_(physician)	['1753', '1821']
Jane Stocks Greig	/wiki/Jane_Stocks_Greig	['1872', '1939']
Robert Marcus Gunn	/wiki/Robert_Marcus_Gunn	['1850', '1909']
Daniel Rutherford Haldane	/wiki/Daniel_Rutherford_Haldane	['1824', '1887']
Evelina Haverfield	/wiki/Evelina_Haverfield	['1867', '1920']
Alexander Henderson	/wiki/Alexander_Henderson_(physician)	['1780', '1863']
David Henderson	/wiki/David_Henderson_(psychiatrist)	['1884', '1965']
James Hodsdon	/wiki/James_Hodsdon	['1858', '1928']
Thomas Charles Hope	/wiki/Thomas_Charles_Hope	['1766', '1844']
Joseph Hume	/wiki/Joseph_Hume	['1777', '1855']
John Hunter	/wiki/John_Hunter_(surgeon)	['1728', '1793']
Elsie Inglis	/wiki/Elsie_Inglis	['1864', '1917']
Robert Jackson	/wiki/Robert_Jackson_(surgeon)	['1750', '1827']
James Keill	/wiki/James_Keill	['1673', '1719']
John Martin Munro Kerr	/wiki/John_Martin_Munro_Kerr	['1868', '1960']
R. D. Laing	/wiki/R._D._Laing	['1927', '1989']
Thomas Latta	/wiki/Thomas_Latta	['1796', '1833']
John Lauder	/wiki/John_Lauder_(surgeon)	['1683', '1737']
Robert Lee	/wiki/Robert_Lee_(obstetrician)	['1793', '1877']
John Liddell	/wiki/John_Liddell_(doctor)	['1794', '1868']
James Lind	/wiki/James_Lind	['1716', '1794']
Henry Littlejohn	/wiki/Henry_Littlejohn_(surgeon_born_1826)	['1826', '1914']
Robert Lumsden	/wiki/Robert_Lumsden	['1903', '1973']
William Macewen	/wiki/William_Macewen	['1848', '1924']
Jessie MacLaren MacGregor	/wiki/Jessie_MacLaren_MacGregor	['1863', '1906']
William Mackenzie	/wiki/William_Mackenzie_(ophthalmologist)	['1791', '1868']
William Alexander Mackinnon	/wiki/William_Alexander_Mackinnon_(1830%E2%80%931897)	['1830', '1897']
Thomas John MacLagan	/wiki/Thomas_John_MacLagan	['1838', '1903']
Mary Adamson Anderson Marshall	/wiki/Mary_Adamson_Anderson_Marshall	['1837', '1910']
Douglas Mary McKain	/wiki/Douglas_Mary_McKain	['1789', '1873']
Agnes McLaren	/wiki/Agnes_McLaren	['1837', '1913']
Gavin Milroy	/wiki/Gavin_Milroy	['1805', '1886']
Alexander Monteith	/wiki/Alexander_Monteith_(surgeon)	['1660', '1713']
Neil Gordon Munro	/wiki/Neil_Gordon_Munro	['1863', '1942']
Robin Murray	/wiki/Robin_Murray	['1944', '2025']
Duncan Napier	/wiki/Duncan_Napier	['1900', '1950']
Alexander Nisbet	/wiki/Alexander_Nisbet_(Royal_Navy_officer)	['1795', '1874']
William Nisbet	/wiki/William_Nisbet_(physician)	['1759', '1822']
Alexander Ogston	/wiki/Alexander_Ogston	['1844', '1929']
Alexander Pennycuik	/wiki/Alexander_Pennycuik	['1605', '1695']
David Pitcairn	/wiki/David_Pitcairn	['1749', '1809']
Archibald Pitcairne	/wiki/Archibald_Pitcairne	['1652', '1713']
Richard Poole	/wiki/Richard_Poole_(physician)	['1783', '1871']
George Hogarth Pringle	/wiki/George_Hogarth_Pringle	['1830', '1872']
John James Pringle	/wiki/John_James_Pringle	['1855', '1922']
Laidlaw Purves	/wiki/Laidlaw_Purves	['1842', '1917']
John Rattray	/wiki/John_Rattray_(surgeon)	['1707', '1771']
David Boswell Reid	/wiki/David_Boswell_Reid	['1805', '1863']
Agnes Reston	/wiki/Agnes_Reston	['1771', '1856']
John Roberton	/wiki/John_Roberton_(1776)	['1776', '1840']
John Roberton	/wiki/John_Roberton_(1797)	['1797', '1876']
Thomas Ferguson Rodger	/wiki/Thomas_Ferguson_Rodger	['1907', '1978']
Catherine Roy	/wiki/Catherine_Roy	['1900', '1950']
John Rutherford	/wiki/John_Rutherford_(physician)	['1695', '1779']
Thomas Shortt	/wiki/Thomas_Shortt	['1788', '1843']
James Young Simpson	/wiki/James_Young_Simpson	['1811', '1870']
David Skae	/wiki/David_Skae	['1814', '1873']
Alexander Small	/wiki/Alexander_Small	['1710', '1794']
John Smith	/wiki/John_Smith_(dentist)	['1825', '1910']
James Carmichael Smyth	/wiki/James_Carmichael_Smyth_(physician)	['1741', '1821']
William Somerville	/wiki/William_Somerville_(physician)	['1771', '1860']
James Syme	/wiki/James_Syme	['1799', '1870']
Michael Waistell Taylor	/wiki/Michael_Waistell_Taylor	['1824', '1892']
Thomas Stewart Traill	/wiki/Thomas_Stewart_Traill	['1781', '1862']
Gordon Turnbull	/wiki/Gordon_Turnbull	['1900', '1950']
Andrew Ure	/wiki/Andrew_Ure	['1778', '1857']
Charles Howard Usher	/wiki/Charles_Howard_Usher	['1865', '1942']
James Wardrop	/wiki/James_Wardrop	['1782', '1869']
Robert Watt	/wiki/Robert_Watt_(bibliographer)	['1774', '1819']
Alexander Allan Innes Wedderburn	/wiki/Alexander_Allan_Innes_Wedderburn	['1900', '1950']
David Wilkie	/wiki/David_Wilkie_(surgeon)	['1882', '1938']
Robert Willis	/wiki/Robert_Willis_(physician)	['1799', '1878']
James Wilson	/wiki/James_Wilson_(anatomist)	['1765', '1821']
Nairn Wilson	/wiki/Nairn_Wilson	['1950', '2025']
Alexander Wood	/wiki/Alexander_Wood_(surgeon)	['1725', '1807']
Alexander Wood	/wiki/Alexander_Wood_(physician)	['1817', '1884']
Sir William Arbuthnot, 1st Baronet	/wiki/Sir_William_Arbuthnot,_1st_Baronet	['1766', '1829']
James Abercromby, 1st Baron Dunfermline	/wiki/James_Abercromby,_1st_Baron_Dunfermline	['1776', '1858']
Sir Andrew Agnew, 7th Baronet	/wiki/Sir_Andrew_Agnew,_7th_Baronet	['1793', '1849']
James Alexander	/wiki/James_Alexander_(lawyer)	['1691', '1756']
John Baird	/wiki/John_Baird_(revolutionary)	['1790', '1820']
David Beaton	/wiki/David_Beaton	['1494', '1546']
James Beaton	/wiki/James_Beaton	['1473', '1539']
Robert Duncan Bell	/wiki/Robert_Duncan_Bell	['1878', '1953']
Tony Blair	/wiki/Tony_Blair	['1953', '2025']
Henry Brougham, 1st Baron Brougham and Vaux	/wiki/Henry_Brougham,_1st_Baron_Brougham_and_Vaux	['1778', '1868']
Gordon Brown	/wiki/Gordon_Brown	['1951', '2025']
James Bryce, 1st Viscount Bryce	/wiki/James_Bryce,_1st_Viscount_Bryce	['1838', '1922']
Sir Henry Campbell-Bannerman	/wiki/Sir_Henry_Campbell-Bannerman	['1836', '1908']
Alexander Chalmers	/wiki/Alexander_Chalmers_(mayor_of_Warsaw)	['1645', '1703']
Hugh Cleghorn	/wiki/Hugh_Cleghorn_(colonial_administrator)	['1752', '1837']
Adam Cockburn, Lord Ormiston	/wiki/Adam_Cockburn,_Lord_Ormiston	['1656', '1735']
Sir Alexander Cockburn, 12th Baronet	/wiki/Sir_Alexander_Cockburn,_12th_Baronet	['1802', '1880']
Archibald Cockburn	/wiki/Archibald_Cockburn	['1738', '1820']
John Cockburn	/wiki/John_Cockburn_(Scottish_politician)	['1900', '1950']
James Connolly	/wiki/James_Connolly	['1868', '1916']
John Crawfurd	/wiki/John_Crawfurd	['1783', '1868']
Robert Bontine Cunninghame Graham	/wiki/Robert_Bontine_Cunninghame_Graham	['1852', '1936']
Sir Frederick Currie, 1st Baronet	/wiki/Sir_Frederick_Currie,_1st_Baronet	['1799', '1875']
Tam Dalyell	/wiki/Tam_Dalyell	['1932', '2025']
Ian Davidson	/wiki/Ian_Davidson_(Scottish_politician)	['1950', '2025']
Ruth Davidson	/wiki/Ruth_Davidson	['1978', '2025']
Donald Dewar	/wiki/Donald_Dewar	['1937', '2000']
Robert Dinwiddie	/wiki/Robert_Dinwiddie	['1693', '1770']
Alec Douglas-Home	/wiki/Alec_Douglas-Home	['1903', '1995']
Iain Duncan Smith	/wiki/Iain_Duncan_Smith	['1954', '2025']
Henry Dundas, 1st Viscount Melville	/wiki/Henry_Dundas,_1st_Viscount_Melville	['1742', '1811']
Mountstuart Elphinstone	/wiki/Mountstuart_Elphinstone	['1779', '1859']
William Elphinstone	/wiki/William_Elphinstone	['1431', '1514']
Alex Fergusson	/wiki/Alex_Fergusson_(politician)	['1949', '2018']
Andrew Fletcher	/wiki/Andrew_Fletcher_(politician)	['1653', '1716']
Archibald Fletcher	/wiki/Archibald_Fletcher_(reformer)	['1746', '1828']
Liam Fox	/wiki/Liam_Fox	['1961', '2025']
George Galloway	/wiki/George_Galloway	['1954', '2025']
Annabel Goldie	/wiki/Annabel_Goldie	['1950', '2025']
Charles Grant, 1st Baron Glenelg	/wiki/Charles_Grant,_1st_Baron_Glenelg	['1778', '1866']
Robert Grant	/wiki/Robert_Grant_(MP)	['1779', '1838']
Iain Gray	/wiki/Iain_Gray	['1957', '2025']
Jo Grimond	/wiki/Jo_Grimond	['1913', '1993']
Andrew Hardie	/wiki/Andrew_Hardie_(radical)	['1900', '1950']
Keir Hardie	/wiki/Keir_Hardie	['1856', '1915']
Patrick Harvie	/wiki/Patrick_Harvie	['1973', '2025']
Alexander Henderson	/wiki/Alexander_Henderson_(theologian)	['1583', '1646']
David B. Henderson	/wiki/David_B._Henderson	['1840', '1906']
Hugh Henry	/wiki/Hugh_Henry	['1952', '2025']
Francis Horner	/wiki/Francis_Horner	['1778', '1817']
Archibald Johnston	/wiki/Archibald_Johnston	['1611', '1663']
James Johnston	/wiki/James_Johnston_(Secretary_of_State)	['1655', '1737']
Charles Kennedy	/wiki/Charles_Kennedy	['1959', '2015']
Johann Lamont	/wiki/Johann_Lamont	['1957', '2025']
John Loughton	/wiki/John_Loughton	['1987', '2025']
Arthur MacArthur, Sr.	/wiki/Arthur_MacArthur,_Sr.	['1900', '1950']
John MacCormick	/wiki/John_MacCormick	['1904', '1961']
John A. Macdonald	/wiki/John_A._Macdonald	['1815', '1891']
Malcolm MacDonald	/wiki/Malcolm_MacDonald	['1901', '1981']
Ramsay MacDonald	/wiki/Ramsay_MacDonald	['1866', '1937']
Ken Macintosh	/wiki/Ken_Macintosh	['1962', '2025']
Alexander Mackenzie	/wiki/Alexander_Mackenzie_(politician)	['1822', '1892']
John P Mackintosh	/wiki/John_P_Mackintosh	['1929', '1978']
John Maclean MA	/wiki/John_Maclean_MA	['1879', '1923']
Tricia Marwick	/wiki/Tricia_Marwick	['1953', '2025']
James Maxton	/wiki/James_Maxton	['1885', '1946']
Jack McConnell	/wiki/Jack_McConnell	['1960', '2025']
Christina McKelvie	/wiki/Christina_McKelvie	['1968', '2025']
William McKinley	/wiki/William_McKinley	['1900', '1950']
Henry McLeish	/wiki/Henry_McLeish	['1948', '2025']
Duncan McNeill, 1st Baron Colonsay	/wiki/Duncan_McNeill,_1st_Baron_Colonsay	['1793', '1874']
George Mealmaker	/wiki/George_Mealmaker	['1768', '1808']
John Murdoch	/wiki/John_Murdoch_(editor)	['1818', '1903']
Jim Murphy	/wiki/Jim_Murphy	['1967', '2025']
Robert Dale Owen	/wiki/Robert_Dale_Owen	['1801', '1877']
Jerry Rawlings	/wiki/Jerry_Rawlings	['1947', '2025']
George Reid	/wiki/George_Reid_(Scottish_politician)	['1939', '2025']
Jimmy Reid	/wiki/Jimmy_Reid	['1932', '2010']
Willie Rennie	/wiki/Willie_Rennie	['1967', '2025']
Alex Salmond	/wiki/Alex_Salmond	['1954', '2025']
Tommy Sheridan	/wiki/Tommy_Sheridan	['1964', '2025']
Jim Sillars	/wiki/Jim_Sillars	['1937', '2025']
Archibald Sinclair, 1st Viscount Thurso	/wiki/Archibald_Sinclair,_1st_Viscount_Thurso	['1890', '1970']
William Skirving	/wiki/William_Skirving	['1745', '1796']
John Smith	/wiki/John_Smith_(Labour_Party_leader)	['1938', '1994']
David Steel	/wiki/David_Steel	['1938', '2025']
Nicol Stephen	/wiki/Nicol_Stephen	['1960', '2025']
Nicola Sturgeon	/wiki/Nicola_Sturgeon	['1970', '2025']
John Swinney	/wiki/John_Swinney	['1964', '2025']
William Wedderburn	/wiki/William_Wedderburn	['1838', '1918']
Eliza Wigham	/wiki/Eliza_Wigham	['1820', '1899']
Jane Wigham	/wiki/Jane_Wigham	['1801', '1888']
James Wilson	/wiki/James_Wilson_(revolutionary)	['1760', '1820']
James Wilson	/wiki/James_Wilson_(justice)	['1742', '1798']
Robert Crichton Wyllie	/wiki/Robert_Crichton_Wyllie	['1798', '1865']
Gary Anderson	/wiki/Gary_Anderson_(darts_player)	['1970', '2025']
Robert Archibald	/wiki/Robert_Archibald	['1980', '2025']
John Baird	/wiki/John_Baird_(footballer_born_1870)	['1870', '1905']
Imogen Bankier	/wiki/Imogen_Bankier	['1987', '2025']
Alain Baxter	/wiki/Alain_Baxter	['1973', '2025']
Jim Baxter	/wiki/Jim_Baxter	['1939', '2001']
Andy Beattie	/wiki/Andy_Beattie	['1913', '1983']
Hamish Brown	/wiki/Hamish_Brown	['1934', '2025']
Ken Buchanan	/wiki/Ken_Buchanan	['1945', '2025']
Euan Burton	/wiki/Euan_Burton	['1979', '2025']
Matt Busby	/wiki/Matt_Busby	['1909', '1994']
Willie Carson	/wiki/Willie_Carson	['1942', '2025']
Jim Clark	/wiki/Jim_Clark_(racing_driver)	['1936', '1968']
John Cochrane	/wiki/John_Cochrane_(chess_player)	['1798', '1878']
Steph Cook	/wiki/Steph_Cook	['1972', '2025']
Gillian Cooke	/wiki/Gillian_Cooke	['1982', '2025']
Davie Cooper	/wiki/Davie_Cooper	['1956', '1995']
David Coulthard	/wiki/David_Coulthard	['1971', '2025']
Kenny Dalglish	/wiki/Kenny_Dalglish	['1951', '2025']
George Fairbairn	/wiki/George_Fairbairn_(rugby_league)	['1900', '1950']
Crawford Fairbrother	/wiki/Crawford_Fairbrother	['1936', '1986']
Alex Ferguson	/wiki/Alex_Ferguson	['1941', '2025']
Darren Fletcher	/wiki/Darren_Fletcher	['1984', '2025']
Ron Flockhart	/wiki/Ron_Flockhart_(racing_driver)	['1923', '1962']
David Florence	/wiki/David_Florence	['1982', '2025']
Dario Franchitti	/wiki/Dario_Franchitti	['1973', '2025']
Marino Franchitti	/wiki/Marino_Franchitti	['1978', '2025']
Steve Frew	/wiki/Steve_Frew	['1973', '2025']
Drew Galloway	/wiki/Drew_Galloway	['1985', '2025']
Richie Gray	/wiki/Richie_Gray_(rugby_union,_born_1989)	['1989', '2025']
Jack Grimmer	/wiki/Jack_Grimmer	['1994', '2025']
Wyndham Halswelle	/wiki/Wyndham_Halswelle	['1882', '1915']
Dougal Haston	/wiki/Dougal_Haston	['1940', '1977']
Joe Hendry	/wiki/Joe_Hendry	['1900', '1950']
Stephen Hendry	/wiki/Stephen_Hendry	['1969', '2025']
John Higgins	/wiki/John_Higgins_(snooker_player)	['1975', '2025']
Chris Hoy	/wiki/Chris_Hoy	['1976', '2025']
Gerry Hughes	/wiki/Gerry_Hughes_(sailor)	['1958', '2025']
Gary Jacobs	/wiki/Gary_Jacobs_(boxer)	['1900', '1950']
Jimmy Johnstone	/wiki/Jimmy_Johnstone	['1944', '2006']
George Kerr	/wiki/George_Kerr_(judoka)	['1937', '2025']
John Kerr	/wiki/John_Kerr_(figure_skater)	['1980', '2025']
Sinead Kerr	/wiki/Sinead_Kerr	['1978', '2025']
Dominic Kinnear	/wiki/Dominic_Kinnear	['1967', '2025']
Billy Kirkwood	/wiki/Billy_Kirkwood	['1958', '2025']
Martin Laird	/wiki/Martin_Laird	['1982', '2025']
Denis Law	/wiki/Denis_Law	['1940', '2025']
Paul Lawrie	/wiki/Paul_Lawrie	['1969', '2025']
Andrew Lemoncello	/wiki/Andrew_Lemoncello	['1982', '2025']
Eric Liddell	/wiki/Eric_Liddell	['1902', '1945']
Jackie Lockhart	/wiki/Jackie_Lockhart	['1965', '2025']
Sandy Lyle	/wiki/Sandy_Lyle	['1958', '2025']
Benny Lynch	/wiki/Benny_Lynch	['1913', '1946']
Hamish MacInnes	/wiki/Hamish_MacInnes	['1930', '2025']
Craig MacLean	/wiki/Craig_MacLean	['1971', '2025']
Rhona Martin	/wiki/Rhona_Martin	['1966', '2025']
Catriona Matthew	/wiki/Catriona_Matthew	['1969', '2025']
Ally McCoist	/wiki/Ally_McCoist	['1962', '2025']
Liz McColgan	/wiki/Liz_McColgan	['1964', '2025']
James McFadden	/wiki/James_McFadden	['1983', '2025']
William McGregor	/wiki/William_McGregor_(football)	['1846', '1911']
Neil McMenemy	/wiki/Neil_McMenemy	['1900', '1950']
Jackie McNamara	/wiki/Jackie_McNamara	['1973', '2025']
Billy McNeill	/wiki/Billy_McNeill	['1940', '2025']
Allan McNish	/wiki/Allan_McNish	['1969', '2025']
Colin McRae	/wiki/Colin_McRae	['1968', '2007']
Dick McTaggart	/wiki/Dick_McTaggart	['1935', '2025']
Micky Mellon	/wiki/Micky_Mellon	['1972', '2025']
David Millar	/wiki/David_Millar	['1977', '2025']
Robert Millar	/wiki/Robert_Millar	['1958', '2025']
Willie Miller	/wiki/Willie_Miller	['1955', '2025']
Colin Montgomerie	/wiki/Colin_Montgomerie	['1963', '2025']
Janice Moodie	/wiki/Janice_Moodie	['1973', '2025']
Sir Hugh Munro, 4th Baronet	/wiki/Sir_Hugh_Munro,_4th_Baronet	['1856', '1919']
Andy Murray	/wiki/Andy_Murray	['1987', '2025']
Jamie Murray	/wiki/Jamie_Murray	['1986', '2025']
Peter Niven	/wiki/Peter_Niven_(jockey)	['19', '2025']
Graeme Obree	/wiki/Graeme_Obree	['1965', '2025']
Stewart Pitt	/wiki/Stewart_Pitt	['1968', '2025']
Graeme Randall	/wiki/Graeme_Randall	['1975', '2025']
Shirley Robertson	/wiki/Shirley_Robertson	['1968', '2025']
Bill Shankly	/wiki/Bill_Shankly	['1913', '1981']
Ian Stark	/wiki/Ian_Stark	['1954', '2025']
Jock Stein	/wiki/Jock_Stein	['1922', '1985']
Jackie Stewart	/wiki/Jackie_Stewart	['1939', '2025']
Frederick Guthrie Tait	/wiki/Frederick_Guthrie_Tait	['1870', '1900']
Bobby Thomson	/wiki/Bobby_Thomson	['1923', '2010']
Sam Torrance	/wiki/Sam_Torrance	['1953', '2025']
Lawrence Tynes	/wiki/Lawrence_Tynes	['1978', '2025']
Steven Vidler	/wiki/Steven_Vidler_(judoka)	['1977', '2025']
Andrew Watson	/wiki/Andrew_Watson_(footballer,_born_1856)	['1857', '2025']
Jim Watt	/wiki/Jim_Watt_(boxer)	['1948', '2025']
David Wilkie	/wiki/David_Wilkie_(swimmer)	['1954', '2025']
Jocky Wilson	/wiki/Jocky_Wilson	['1950', '2012']
Mike Zagorski	/wiki/Mike_Zagorski	['1979', '2025']
Kaye Adams	/wiki/Kaye_Adams_(presenter)	['1962', '2025']
Ronni Ancona	/wiki/Ronni_Ancona	['1968', '2025']
Dougie Anderson	/wiki/Dougie_Anderson	['1976', '2025']
Fiona Armstrong	/wiki/Fiona_Armstrong	['1956', '2025']
Jackie Bird	/wiki/Jackie_Bird	['1962', '2025']
Edith Bowman	/wiki/Edith_Bowman	['1975', '2025']
Frankie Boyle	/wiki/Frankie_Boyle	['1972', '2025']
Gordon Buchanan	/wiki/Gordon_Buchanan	['1972', '2025']
Bryan Burnett	/wiki/Bryan_Burnett	['1900', '1950']
Nicky Campbell	/wiki/Nicky_Campbell	['1962', '2025']
Kelly Cates	/wiki/Kelly_Cates	['1975', '2025']
Kate Copstick	/wiki/Kate_Copstick	['1900', '1950']
Stuart Cosgrove	/wiki/Stuart_Cosgrove	['1952', '2025']
Tam Cowan	/wiki/Tam_Cowan	['1969', '2025']
Cat Cubie	/wiki/Cat_Cubie	['1981', '2025']
Romana D'Annunzio	/wiki/Romana_D%27Annunzio	['1972', '2025']
Jim Delahunt	/wiki/Jim_Delahunt	['1900', '1950']
Dominik Diamond	/wiki/Dominik_Diamond	['1969', '2025']
Jack Docherty	/wiki/Jack_Docherty	['1962', '2025']
John Dunn	/wiki/John_Dunn_(radio_presenter)	['1934', '2004']
Kieron Elliot	/wiki/Kieron_Elliot	['1900', '1950']
Jenni Falconer	/wiki/Jenni_Falconer	['1976', '2025']
Craig Ferguson	/wiki/Craig_Ferguson	['1962', '2025']
Tommy Flanagan	/wiki/Tommy_Flanagan	['1965', '2025']
Sandy Gall	/wiki/Sandy_Gall	['1927', '2025']
Kirsty Gallacher	/wiki/Kirsty_Gallacher	['1976', '2025']
George Galloway	/wiki/George_Galloway	['1954', '2025']
Graeme Garden	/wiki/Graeme_Garden	['1943', '2025']
Muriel Gray	/wiki/Muriel_Gray	['1959', '2025']
Amanda Hamilton	/wiki/Amanda_Hamilton	['1974', '2025']
Sarah Heaney	/wiki/Sarah_Heaney	['1971', '2025']
Stuart Henry	/wiki/Stuart_Henry_(DJ)	['1942', '1995']
Mikey Hughes	/wiki/Mikey_Hughes	['1974', '2025']
Hazel Irvine	/wiki/Hazel_Irvine	['1965', '2025']
Stephen Jardine	/wiki/Stephen_Jardine	['1963', '2025']
Alan Johnston	/wiki/Alan_Johnston	['1962', '2025']
Nicci Jolly	/wiki/Nicci_Jolly	['1981', '2025']
Lorraine Kelly	/wiki/Lorraine_Kelly	['1959', '2025']
Fiona Kennedy	/wiki/Fiona_Kennedy	['1900', '1950']
Ross King	/wiki/Ross_King_(presenter)	['1961', '2025']
John Leslie	/wiki/John_Leslie_(television_presenter)	['1965', '2025']
Viv Lumsden	/wiki/Viv_Lumsden	['1952', '2025']
Fred MacAulay	/wiki/Fred_MacAulay	['1956', '2025']
Cathy MacDonald	/wiki/Cathy_MacDonald	['1900', '1950']
Phil MacHugh	/wiki/Phil_MacHugh	['1985', '2025']
Sarah Mack	/wiki/Sarah_Mack	['1973', '2025']
John MacKay	/wiki/John_MacKay_(journalist)	['1900', '1950']
Aggie MacKenzie	/wiki/Aggie_MacKenzie	['1955', '2025']
Sally Magnusson	/wiki/Sally_Magnusson	['1955', '2025']
Eddie Mair	/wiki/Eddie_Mair	['1965', '2025']
Andrew Marr	/wiki/Andrew_Marr	['1959', '2025']
Colin McAllister	/wiki/Colin_McAllister	['1968', '2025']
Ian McCaskill	/wiki/Ian_McCaskill	['1938', '2016']
Sheena McDonald	/wiki/Sheena_McDonald	['1954', '2025']
Gail McGrane	/wiki/Gail_McGrane	['1975', '2025']
Paul McGuire	/wiki/Paul_McGuire_(television_host)	['1900', '1950']
Gillian McKeith	/wiki/Gillian_McKeith	['1959', '2025']
Andrea McLean	/wiki/Andrea_McLean	['1969', '2025']
Rhona McLeod	/wiki/Rhona_McLeod	['1900', '1950']
Michelle McManus	/wiki/Michelle_McManus	['1980', '2025']
Cameron McNeish	/wiki/Cameron_McNeish	['1900', '1950']
Aasmah Mir	/wiki/Aasmah_Mir	['1971', '2025']
Paul Mitchell	/wiki/Paul_Mitchell_(broadcaster)	['1968', '2025']
Arthur Montford	/wiki/Arthur_Montford	['1929', '2014']
Nick Nairn	/wiki/Nick_Nairn	['1959', '2025']
Shereen Nanjiani	/wiki/Shereen_Nanjiani	['1961', '2025']
Neil Oliver	/wiki/Neil_Oliver	['1967', '2025']
Dawn O'Porter	/wiki/Dawn_O%27Porter	['1979', '2025']
Gail Porter	/wiki/Gail_Porter	['1971', '2025']
Angus Purden	/wiki/Angus_Purden	['1974', '2025']
Judith Ralston	/wiki/Judith_Ralston	['1900', '1950']
Gordon Ramsay	/wiki/Gordon_Ramsay	['1966', '2025']
Heather Reid	/wiki/Heather_Reid	['1969', '2025']
Fyfe Robertson	/wiki/Fyfe_Robertson	['1902', '1987']
Tom Russell	/wiki/Tom_Russell	['1948', '2025']
Justin Ryan	/wiki/Justin_Ryan	['1967', '2025']
Isla St Clair	/wiki/Isla_St_Clair	['1952', '2025']
Catriona Shearer	/wiki/Catriona_Shearer	['1981', '2025']
Angus Simpson	/wiki/Angus_Simpson	['1900', '1950']
Carol Smillie	/wiki/Carol_Smillie	['1961', '2025']
Sarah Smith	/wiki/Sarah_Smith_(news_reporter)	['1968', '2025']
Iain Stirling	/wiki/Iain_Stirling	['1988', '2025']
Grant Stott	/wiki/Grant_Stott	['1900', '1950']
Cameron Stout	/wiki/Cameron_Stout	['1971', '2025']
Heather Suttie	/wiki/Heather_Suttie	['1900', '1950']
Brian Taylor	/wiki/Brian_Taylor_(journalist)	['1955', '2025']
Bill Torrance	/wiki/Bill_Torrance	['1900', '1950']
Alison Walker	/wiki/Alison_Walker	['1963', '2025']
Kirsty Wark	/wiki/Kirsty_Wark	['1955', '2025']
Tom Weir	/wiki/Tom_Weir	['1914', '2006']
Jim White	/wiki/Jim_White_(presenter)	['1900', '1950']
Kirsty Young	/wiki/Kirsty_Young	['1968', '2025']
David Laird Adams	/wiki/David_Laird_Adams	['1837', '1892']
Patrick Adamson	/wiki/Patrick_Adamson	['1900', '1950']
William Menzies Alexander	/wiki/William_Menzies_Alexander	['1858', '1929']
Tom Allan	/wiki/Tom_Allan_(minister)	['1900', '1950']
Charles Arbuthnot	/wiki/Charles_Arbuthnot_(abbot)	['1737', '1820']
George Baird	/wiki/George_Baird_(minister)	['1761', '1840']
Donald Macpherson Baillie	/wiki/Donald_Macpherson_Baillie	['1887', '1954']
John Baillie	/wiki/John_Baillie_(theologian)	['1886', '1960']
James Bannerman	/wiki/James_Bannerman_(theologian)	['1807', '1868']
William Barclay	/wiki/William_Barclay_(theologian)	['1907', '1978']
James Barr	/wiki/James_Barr_(biblical_scholar)	['1924', '2006']
John Blackadder	/wiki/John_Blackadder_(preacher)	['1622', '1685']
Robert Blackadder	/wiki/Robert_Blackadder	['1900', '1950']
Hugh Blair	/wiki/Hugh_Blair	['1718', '1800']
James Blair	/wiki/James_Blair_(Virginia)	['1656', '1743']
Robert Blair	/wiki/Robert_Blair_(minister)	['1837', '1907']
David Bogue	/wiki/David_Bogue	['1750', '1825']
Thomas Boston	/wiki/Thomas_Boston	['1676', '1732']
Claudius Buchanan	/wiki/Claudius_Buchanan	['1766', '1815']
William Chalmers Burns	/wiki/William_Chalmers_Burns	['1815', '1868']
Richard Cameron	/wiki/Richard_Cameron_(Covenanter)	['1648', '1680']
Andrew Cant	/wiki/Andrew_Cant_(minister)	['1590', '1663']
Alexander Carlyle	/wiki/Alexander_Carlyle	['1722', '1805']
James Chalmers	/wiki/James_Chalmers_(missionary)	['1841', '1901']
Dugald Christie	/wiki/Dugald_Christie_(missionary)	['1855', '1936']
William Robinson Clark	/wiki/William_Robinson_Clark	['1829', '1912']
Thomas Richardson Colledge	/wiki/Thomas_Richardson_Colledge	['1796', '1879']
Dan Crawford	/wiki/Dan_Crawford_(missionary)	['1870', '1926']
William Cunningham	/wiki/William_Cunningham_(theologian)	['1805', '1861']
David Dickson	/wiki/David_Dickson_(minister)	['1583', '1663']
David Dickson the Younger	/wiki/David_Dickson_the_Younger	['1780', '1842']
John Dudgeon	/wiki/John_Dudgeon	['1837', '1901']
Alexander Duff	/wiki/Alexander_Duff_(missionary)	['1806', '1878']
Ebenezer Erskine	/wiki/Ebenezer_Erskine	['1680', '1754']
Ralph Erskine	/wiki/Ralph_Erskine_(preacher)	['1685', '1752']
Andrew Martin Fairbairn	/wiki/Andrew_Martin_Fairbairn	['1838', '1912']
Patrick Fairbairn	/wiki/Patrick_Fairbairn	['1805', '1874']
Henry Faulds	/wiki/Henry_Faulds	['1843', '1930']
Alexander Penrose Forbes	/wiki/Alexander_Penrose_Forbes	['1817', '1875']
John Forbes	/wiki/John_Forbes_(friar)	['1571', '1606']
Peter Taylor Forsyth	/wiki/Peter_Taylor_Forsyth	['1848', '1921']
James Frazer	/wiki/James_Frazer	['1854', '1941']
Alexander Geddes	/wiki/Alexander_Geddes	['1737', '1802']
Alexander Gerard	/wiki/Alexander_Gerard	['1728', '1795']
John George Govan	/wiki/John_George_Govan	['1861', '1927']
Daniel Gunn	/wiki/Daniel_Gunn_(minister)	['1774', '1848']
Thomas Guthrie	/wiki/Thomas_Guthrie	['1803', '1873']
William Guthrie	/wiki/William_Guthrie	['1620', '1665']
James Alexander Haldane	/wiki/James_Alexander_Haldane	['1768', '1851']
Robert Haldane	/wiki/Robert_Haldane	['1764', '1842']
Patrick Hamilton	/wiki/Patrick_Hamilton_(martyr)	['1504', '1528']
William Hastie	/wiki/William_Hastie	['1842', '1903']
Alexander Henderson	/wiki/Alexander_Henderson_(theologian)	['1583', '1646']
James Hog	/wiki/James_Hog	['1658', '1734']
Richard Holloway	/wiki/Richard_Holloway	['1933', '2025']
William Irvine	/wiki/William_Irvine_(Scottish_evangelist)	['1863', '1947']
Robert Reid Kalley	/wiki/Robert_Reid_Kalley	['1809', '1888']
John Knox	/wiki/John_Knox	['1513', '1572']
Thomas Leishman	/wiki/Thomas_Leishman	['1825', '1904']
David Livingstone	/wiki/David_Livingstone	['1813', '1873']
Alexander Murdoch Mackay	/wiki/Alexander_Murdoch_Mackay	['1849', '1890']
Hugh Martin	/wiki/Hugh_Martin	['1821', '1885']
Robert Murray M'Cheyne	/wiki/Robert_Murray_M%27Cheyne	['1813', '1843']
Thomas M'Crie the Elder	/wiki/Thomas_M%27Crie_the_Elder	['1772', '1835']
William Milligan	/wiki/William_Milligan	['1821', '1892']
Robert Moffat	/wiki/Robert_Moffat_(missionary)	['1795', '1883']
Saint Mungo	/wiki/Saint_Mungo	['1900', '1950']
John Murray	/wiki/John_Murray_(theologian)	['1898', '1975']
George Newlands	/wiki/George_Newlands	['1900', '1950']
John Gibson Paton	/wiki/John_Gibson_Paton	['1824', '1907']
Alexander Peden	/wiki/Alexander_Peden	['1626', '1686']
John Philip	/wiki/John_Philip_(missionary)	['1775', '1851']
Robert Pont	/wiki/Robert_Pont	['1524', '1606']
Norman Walker Porteous	/wiki/Norman_Walker_Porteous	['1898', '2003']
Andrew Purves	/wiki/Andrew_Purves	['1900', '1950']
James Renwick	/wiki/James_Renwick_(Covenanter)	['1662', '1688']
Samuel Rutherford	/wiki/Samuel_Rutherford	['1600', '1661']
James Sharp	/wiki/James_Sharp_(bishop)	['1613', '1679']
John Simson	/wiki/John_Simson	['1668', '1740']
Mary Slessor	/wiki/Mary_Slessor	['1848', '1915']
George Washington Sprott	/wiki/George_Washington_Sprott	['1829', '1909']
George Thomson	/wiki/George_Thomson_(botanist)	['1819', '1878']
Thomas Torrance	/wiki/Thomas_Torrance	['1871', '1959']
Thomas F. Torrance	/wiki/Thomas_F._Torrance	['1913', '2007']
James Wedderburn	/wiki/James_Wedderburn_(bishop)	['1585', '1639']
John Willock	/wiki/John_Willock	['1515', '1585']
George Wishart	/wiki/George_Wishart	['1513', '1546']
John Adair	/wiki/John_Adair_(surveyor)	['1655', '1722']
Hely Hutchinson Almond	/wiki/Hely_Hutchinson_Almond	['1832', '1903']
Jane Arthur	/wiki/Jane_Arthur	['1827', '1907']
David Barclay	/wiki/David_Barclay_(Quaker)	['1610', '1686']
Robert Barclay	/wiki/Robert_Barclay	['1648', '1690']
Andrew Bell	/wiki/Andrew_Bell_(educationalist)	['1753', '1832']
Harry Benson	/wiki/Harry_Benson	['1900', '1950']
James Braidwood	/wiki/James_Braidwood_(firefighter)	['1800', '1861']
Thomas Braidwood	/wiki/Thomas_Braidwood	['1715', '1806']
John Brown	/wiki/John_Brown_(servant)	['1826', '1883']
John Brown	/wiki/John_Brown_(Covenanter)	['1627', '1685']
Kenn Burke	/wiki/Kenn_Burke	['1900', '1950']
Charles Cameron	/wiki/Charles_Cameron_(magician)	['1927', '2001']
Michael Caton-Jones	/wiki/Michael_Caton-Jones	['1900', '1950']
William Chambers	/wiki/William_Chambers_(milliner)	['1900', '1950']
Walter Chepman	/wiki/Walter_Chepman	['1900', '1950']
Mary Crudelius	/wiki/Mary_Crudelius	['1900', '1950']
Alexander Cruden	/wiki/Alexander_Cruden	['1699', '1770']
Alexander Dalrymple	/wiki/Alexander_Dalrymple	['1737', '1808']
James Dawson	/wiki/James_Dawson_(activist)	['1806', '1900']
Alexander Donaldson	/wiki/Alexander_Donaldson_(bookseller)	['1900', '1950']
James Donaldson	/wiki/James_Donaldson_(publisher)	['1751', '1830']
Bill Douglas	/wiki/Bill_Douglas	['1934', '1991']
J. A. Dunbar-Dunbar	/wiki/J._A._Dunbar-Dunbar	['1849', '1905']
Helen Duncan	/wiki/Helen_Duncan	['1897', '1956']
William Dunlop	/wiki/William_Dunlop_(principal)	['1654', '1700']
John Fairbairn	/wiki/John_Fairbairn_(educator)	['1794', '1864']
David Ferrier	/wiki/David_Ferrier	['1843', '1928']
Donald Findlay	/wiki/Donald_Findlay	['1951', '2025']
John Finlaison	/wiki/John_Finlaison	['1783', '1860']
Alexander Kinloch Forbes	/wiki/Alexander_Kinloch_Forbes	['1821', '1865']
William Forsyth	/wiki/William_Forsyth_(horticulturist)	['1737', '1804']
John Lauder, Lord Fountainhall	/wiki/John_Lauder,_Lord_Fountainhall	['1646', '1722']
Alexander Yule Fraser	/wiki/Alexander_Yule_Fraser	['1857', '1890']
Jenny Geddes	/wiki/Jenny_Geddes	['1900', '1950']
Sir Patrick Geddes	/wiki/Sir_Patrick_Geddes	['1854', '1932']
Andrew Gilchrist	/wiki/Andrew_Gilchrist	['1910', '1993']
Janet Gourlay	/wiki/Janet_Gourlay	['1863', '1912']
Angelica Gray	/wiki/Angelica_Gray	['1990', '2025']
Alasdair Hay	/wiki/Alasdair_Hay	['1900', '1950']
Robert Hay	/wiki/Robert_Hay_(Egyptologist)	['1799', '1863']
Amanda Hendrick	/wiki/Amanda_Hendrick	['1990', '2025']
William Vallance Douglas Hodge	/wiki/William_Vallance_Douglas_Hodge	['1903', '1975']
Isobel Hoppar	/wiki/Isobel_Hoppar	['1900', '1950']
John Horrocks	/wiki/John_Horrocks_(fisherman)	['1816', '1881']
Kirsty Hume	/wiki/Kirsty_Hume	['1976', '2025']
John Inch	/wiki/John_Inch	['1911', '1993']
David Jones	/wiki/David_Jones_(video_game_developer)	['1966', '2025']
Christopher Kane	/wiki/Christopher_Kane	['1900', '1950']
James Kennedy	/wiki/James_Kennedy_(GC)	['1930', '1973']
Simon Somerville Laurie	/wiki/Simon_Somerville_Laurie	['1829', '1909']
Mikhail Lermontov	/wiki/Mikhail_Lermontov	['1900', '1950']
Hercules Linton	/wiki/Hercules_Linton	['1837', '1900']
James Loch	/wiki/James_Loch	['1780', '1855']
R. H. Bruce Lockhart	/wiki/R._H._Bruce_Lockhart	['1887', '1970']
Mary Lyon	/wiki/Mary_Lyon	['1797', '1849']
Flora Macaulay	/wiki/Flora_Macaulay	['1859', '1958']
Flora MacDonald	/wiki/Flora_MacDonald_(Scottish_Jacobite)	['1722', '1790']
Gillies MacKinnon	/wiki/Gillies_MacKinnon	['1900', '1950']
Iain Macmillan	/wiki/Iain_Macmillan	['1938', '2006']
Jamie Macpherson	/wiki/Jamie_Macpherson	['1675', '1700']
Sarah Mair	/wiki/Sarah_Mair	['1846', '1941']
Gary McKinnon	/wiki/Gary_McKinnon	['1966', '2025']
Robert McQueen, Lord Braxfield	/wiki/Robert_McQueen,_Lord_Braxfield	['1722', '1799']
James Murdoch	/wiki/James_Murdoch_(born_1856)	['1856', '1921']
William McMaster Murdoch	/wiki/William_McMaster_Murdoch	['1873', '1912']
Androw Myllar	/wiki/Androw_Myllar	['1900', '1950']
Eunice Olumide	/wiki/Eunice_Olumide	['1987', '2025']
James Orrock	/wiki/James_Orrock	['1829', '1913']
Robert Paterson	/wiki/Robert_Paterson_(stonemason)	['1715', '1801']
Duncan Phyfe	/wiki/Duncan_Phyfe	['1768', '1854']
Natalie Pike	/wiki/Natalie_Pike	['1983', '2025']
James Pillans	/wiki/James_Pillans	['1778', '1864']
Allan Pinkerton	/wiki/Allan_Pinkerton	['1819', '1884']
Timothy Pont	/wiki/Timothy_Pont	['1565', '1614']
John Charles Walsham Reith	/wiki/John_Charles_Walsham_Reith	['1889', '1971']
John Rennie	/wiki/John_Rennie_(naval_architect)	['1842', '1918']
Jonathan Saunders	/wiki/Jonathan_Saunders	['1900', '1950']
James Small	/wiki/James_Small_(Scottish_laird)	['1835', '1900']
Archibald Smith	/wiki/Archibald_Smith	['1813', '1872']
W. S. E. Stephen	/wiki/W._S._E._Stephen	['1903', '1975']
Flora Stevenson	/wiki/Flora_Stevenson	['1839', '1905']
Louisa Stevenson	/wiki/Louisa_Stevenson	['1835', '1908']
Robert Leslie Stewart	/wiki/Robert_Leslie_Stewart	['1918', '1989']
Charlotte Carmichael Stopes	/wiki/Charlotte_Carmichael_Stopes	['1840', '1929']
Marie Stopes	/wiki/Marie_Stopes	['1880', '1958']
John Guthrie Tait	/wiki/John_Guthrie_Tait	['1861', '1945']
Stella Tennant	/wiki/Stella_Tennant	['1970', '2025']
Mary Anne MacLeod Trump	/wiki/Mary_Anne_MacLeod_Trump	['1912', '2025']
John Thomson	/wiki/John_Thomson_(photographer)	['1837', '1921']
James Tytler	/wiki/James_Tytler	['1745', '1804']
John Walker	/wiki/John_Walker_(natural_historian)	['1731', '1803']
Albert Watson	/wiki/Albert_Watson_(photographer)	['1942', '2025']
Alexander Wilson	/wiki/Alexander_Wilson_(photographer)	['1900', '1950']
Margaret Wilson	/wiki/Margaret_Wilson_(Scottish_martyr)	['1667', '1685']
Roderick Wright	/wiki/Roderick_Wright	['1940', '2005']
Thomas Napier Thomson	/wiki/Thomas_Napier_Thomson#The_biographies_and_their_sources_in_Biographical_Dictionary_of_Eminent_Scotsmen_(2nd_edition)_from_Volume_9	['1900', '1950']
Davidian Revolution	/wiki/Davidian_Revolution	['1900', '1950']
Jacobitism	/wiki/Jacobitism	['1900', '1950']
Lowland Clearances	/wiki/Lowland_Clearances	['1900', '1950']
Highland Clearances	/wiki/Highland_Clearances	['1900', '1950']
Central Belt	/wiki/Central_Belt	['1900', '1950']
Crown Office and Procurator Fiscal Service	/wiki/Crown_Office_and_Procurator_Fiscal_Service	['1900', '1950']
Lord Advocate	/wiki/Lord_Advocate	['1900', '1950']
Procurator fiscal	/wiki/Procurator_fiscal	['1900', '1950']
Sheriff principal	/wiki/Sheriff_principal	['1900', '1950']
Udal law	/wiki/Udal_law	['1900', '1950']
Harris Tweed	/wiki/Harris_Tweed	['1900', '1950']
North Sea oil	/wiki/North_Sea_oil	['1900', '1950']
Silicon Glen	/wiki/Silicon_Glen	['1900', '1950']
Hogmanay	/wiki/Hogmanay	['1900', '1950']
Royal National Mòd	/wiki/Royal_National_M%C3%B2d	['1900', '1950']
Tartan	/wiki/Tartan	['1900', '1950']
Unicorn	/wiki/Unicorn#Scotland	['1900', '1950']
Highland English	/wiki/Highland_English	['1900', '1950']
British Sign Language	/wiki/British_Sign_Language	['1900', '1950']
