text	link	year
Israel Finkelstein	/wiki/Israel_Finkelstein	['1900', '1950']
Amihai Mazar	/wiki/Amihai_Mazar	['1900', '1950']
Benjamin Mazar	/wiki/Benjamin_Mazar	['1900', '1950']
Eilat Mazar	/wiki/Eilat_Mazar	['1900', '1950']
Yigael Yadin	/wiki/Yigael_Yadin	['1900', '1950']
Aaron Valero	/wiki/Aaron_Valero	['1900', '1950']
Aaron Ciechanover	/wiki/Aaron_Ciechanover	['1900', '1950']
Moshe Feldenkrais	/wiki/Moshe_Feldenkrais	['1900', '1950']
Hossam Haick	/wiki/Hossam_Haick	['1900', '1950']
Israel Hanukoglu	/wiki/Israel_Hanukoglu	['1900', '1950']
Gavriel Iddan	/wiki/Gavriel_Iddan	['1900', '1950']
Benjamin Kahn	/wiki/Benjamin_Kahn	['1900', '1950']
Alexander Levitzki	/wiki/Alexander_Levitzki	['1900', '1950']
Yadin Dudai	/wiki/Yadin_Dudai	['1900', '1950']
Gideon Mer	/wiki/Gideon_Mer	['1900', '1950']
Saul Merin	/wiki/Saul_Merin	['1900', '1950']
Raphael Mechoulam	/wiki/Raphael_Mechoulam	['1900', '1950']
Leo Sachs	/wiki/Leo_Sachs	['1900', '1950']
Michael Sela	/wiki/Michael_Sela	['1900', '1950']
Joel Sussman	/wiki/Joel_Sussman	['1900', '1950']
Meir Wilchek	/wiki/Meir_Wilchek	['1900', '1950']
Ada Yonath	/wiki/Ada_Yonath	['1900', '1950']
Amotz Zahavi	/wiki/Amotz_Zahavi	['1900', '1950']
Abraham Zangen	/wiki/Abraham_Zangen	['1900', '1950']
Ron Aharoni	/wiki/Ron_Aharoni	['1900', '1950']
Noga Alon	/wiki/Noga_Alon	['1900', '1950']
Shimshon Amitsur	/wiki/Shimshon_Amitsur	['1900', '1950']
Robert Aumann	/wiki/Robert_Aumann	['1900', '1950']
Amir Ban	/wiki/Amir_Ban	['1900', '1950']
Yehoshua Bar-Hillel	/wiki/Yehoshua_Bar-Hillel	['1900', '1950']
Joseph Bernstein	/wiki/Joseph_Bernstein	['1900', '1950']
Eli Biham	/wiki/Eli_Biham	['1900', '1950']
Yair Censor	/wiki/Yair_Censor	['1900', '1950']
Aryeh Dvoretzky	/wiki/Aryeh_Dvoretzky	['1900', '1950']
Uriel Feige	/wiki/Uriel_Feige	['1900', '1950']
Abraham Fraenkel	/wiki/Abraham_Fraenkel	['1900', '1950']
Hillel Furstenberg	/wiki/Hillel_Furstenberg	['1900', '1950']
Shafi Goldwasser	/wiki/Shafi_Goldwasser	['1900', '1950']
David Harel	/wiki/David_Harel	['1900', '1950']
Abraham Lempel	/wiki/Abraham_Lempel	['1900', '1950']
Joram Lindenstrauss	/wiki/Joram_Lindenstrauss	['1900', '1950']
Elon Lindenstrauss	/wiki/Elon_Lindenstrauss	['1900', '1950']
Michel Loève	/wiki/Michel_Lo%C3%A8ve	['1900', '1950']
Joel Moses	/wiki/Joel_Moses	['1900', '1950']
Yoram Moses	/wiki/Yoram_Moses	['1900', '1950']
Judea Pearl	/wiki/Judea_Pearl	['1900', '1950']
Ilya Piatetski-Shapiro	/wiki/Ilya_Piatetski-Shapiro	['1900', '1950']
Amir Pnueli	/wiki/Amir_Pnueli	['1900', '1950']
Michael O. Rabin	/wiki/Michael_O._Rabin	['1900', '1950']
Shmuel Safra	/wiki/Shmuel_Safra	['1900', '1950']
Nir Shavit	/wiki/Nir_Shavit	['1900', '1950']
Adi Shamir	/wiki/Adi_Shamir	['1900', '1950']
Saharon Shelah	/wiki/Saharon_Shelah	['1900', '1950']
Ehud Shapiro	/wiki/Ehud_Shapiro	['1900', '1950']
Moshe Y. Vardi	/wiki/Moshe_Y._Vardi	['1900', '1950']
Avi Wigderson	/wiki/Avi_Wigderson	['1900', '1950']
Doron Zeilberger	/wiki/Doron_Zeilberger	['1900', '1950']
David Faiman	/wiki/David_Faiman	['1900', '1950']
Liviu Librescu	/wiki/Liviu_Librescu	['1900', '1950']
Hagit Messer Yaron	/wiki/Hagit_Messer_Yaron	['1900', '1950']
Moshe Zakai	/wiki/Moshe_Zakai	['1900', '1950']
Jacob Ziv	/wiki/Jacob_Ziv	['1900', '1950']
Aharon Dolgopolsky	/wiki/Aharon_Dolgopolsky	['1900', '1950']
Moshe Goshen-Gottstein	/wiki/Moshe_Goshen-Gottstein	['1900', '1950']
Elias Khoury	/wiki/Elias_Khoury_(lawyer)	['1900', '1950']
Hans Jakob Polotsky	/wiki/Hans_Jakob_Polotsky	['1900', '1950']
Chaim Rabin	/wiki/Chaim_Rabin	['1900', '1950']
Alice Shalvi	/wiki/Alice_Shalvi	['1900', '1950']
Gershon Shaked	/wiki/Gershon_Shaked	['1900', '1950']
Shemaryahu Talmon	/wiki/Shemaryahu_Talmon	['1900', '1950']
Emanuel Tov	/wiki/Emanuel_Tov	['1900', '1950']
Ghil'ad Zuckermann	/wiki/Ghil%27ad_Zuckermann	['1900', '1950']
Martin Buber	/wiki/Martin_Buber	['1900', '1950']
Berl Katznelson	/wiki/Berl_Katznelson	['1900', '1950']
Yeshayahu Leibowitz	/wiki/Yeshayahu_Leibowitz	['1900', '1950']
Avishai Margalit	/wiki/Avishai_Margalit	['1900', '1950']
Joseph Raz	/wiki/Joseph_Raz	['1900', '1950']
Gershom Scholem	/wiki/Gershom_Scholem	['1900', '1950']
Yakir Aharonov	/wiki/Yakir_Aharonov	['1900', '1950']
Amiram Barkai	/wiki/Amiram_Barkai	['1900', '1950']
Jacob Bekenstein	/wiki/Jacob_Bekenstein	['1900', '1950']
David Deutsch	/wiki/David_Deutsch	['1900', '1950']
Joshua Jortner	/wiki/Joshua_Jortner	['1900', '1950']
Josef Imry	/wiki/Josef_Imry	['1900', '1950']
Aaron Katzir	/wiki/Aaron_Katzir	['1900', '1950']
Ephraim Katzir	/wiki/Ephraim_Katzir	['1900', '1950']
Michael Levitt	/wiki/Michael_Levitt	['1900', '1950']
Zvi Lipkin	/wiki/Zvi_Lipkin	['1900', '1950']
Dan T. Major	/wiki/Dan_T._Major	['1900', '1950']
Boris Mavashev	/wiki/Boris_Mavashev	['1900', '1950']
Mordehai Milgrom	/wiki/Mordehai_Milgrom	['1900', '1950']
Yuval Ne'eman	/wiki/Yuval_Ne%27eman	['1900', '1950']
Asher Peres	/wiki/Asher_Peres	['1900', '1950']
Giulio Racah	/wiki/Giulio_Racah	['1900', '1950']
Nathan Rosen	/wiki/Nathan_Rosen	['1900', '1950']
Nathan Seiberg	/wiki/Nathan_Seiberg	['1900', '1950']
Dan Shechtman	/wiki/Dan_Shechtman	['1900', '1950']
Igal Talmi	/wiki/Igal_Talmi	['1900', '1950']
Reshef Tenne	/wiki/Reshef_Tenne	['1900', '1950']
Arieh Warshel	/wiki/Arieh_Warshel	['1900', '1950']
Chaim Weizmann	/wiki/Chaim_Weizmann	['1900', '1950']
Uri Banin	/wiki/Uri_Banin	['1900', '1950']
Yehuda Bauer	/wiki/Yehuda_Bauer	['1900', '1950']
Daniel Elazar	/wiki/Daniel_Elazar	['1900', '1950']
Esther Farbstein	/wiki/Esther_Farbstein	['1900', '1950']
Haim Ginott	/wiki/Haim_Ginott	['1900', '1950']
Eliyahu Goldratt	/wiki/Eliyahu_Goldratt	['1900', '1950']
Louis Guttman	/wiki/Louis_Guttman	['1900', '1950']
Michael Harris	/wiki/Michael_Harris_(academic)	['1900', '1950']
Elhanan Helpman	/wiki/Elhanan_Helpman	['1900', '1950']
Daniel Kahneman	/wiki/Daniel_Kahneman	['1900', '1950']
Smadar Lavie	/wiki/Smadar_Lavie	['1900', '1950']
Benny Morris	/wiki/Benny_Morris	['1900', '1950']
Erich Neumann	/wiki/Erich_Neumann_(psychologist)	['1900', '1950']
Nurit Peled-Elhanan	/wiki/Nurit_Peled-Elhanan	['1900', '1950']
Renee Rabinowitz	/wiki/Renee_Rabinowitz	['1900', '1950']
Sheizaf Rafaeli	/wiki/Sheizaf_Rafaeli	['1900', '1950']
Anat Rafaeli	/wiki/Anat_Rafaeli	['1900', '1950']
Ariel Rubinstein	/wiki/Ariel_Rubinstein	['1900', '1950']
Moshe Sharon	/wiki/Moshe_Sharon	['1900', '1950']
Avi Shlaim	/wiki/Avi_Shlaim	['1900', '1950']
Amos Tversky	/wiki/Amos_Tversky	['1900', '1950']
Uri Avnery	/wiki/Uri_Avnery	['1900', '1950']
Yael Dayan	/wiki/Yael_Dayan	['1900', '1950']
Esther Eillam	/wiki/Esther_Eillam	['1900', '1950']
Uzi Even	/wiki/Uzi_Even	['1900', '1950']
Yehuda Glick	/wiki/Yehuda_Glick	['1900', '1950']
Shula Keshet	/wiki/Shula_Keshet	['1900', '1950']
Uri Savir	/wiki/Uri_Savir	['1900', '1950']
Israel Shahak	/wiki/Israel_Shahak	['1900', '1950']
Natan Sharansky	/wiki/Natan_Sharansky	['1900', '1950']
Israel Loves Iran	/wiki/Israel_Loves_Iran	['1900', '1950']
Michael Arad	/wiki/Michael_Arad	['1900', '1950']
Ram Karmi	/wiki/Ram_Karmi	['1900', '1950']
Richard Kaufmann	/wiki/Richard_Kaufmann	['1900', '1950']
David Kroyanker	/wiki/David_Kroyanker	['1900', '1950']
David Resnick	/wiki/David_Resnick	['1900', '1950']
Moshe Safdie	/wiki/Moshe_Safdie	['1900', '1950']
Arieh Sharon	/wiki/Arieh_Sharon	['1900', '1950']
Ryan Adeleye	/wiki/Ryan_Adeleye	['1900', '1950']
Eyal Ben Ami	/wiki/Eyal_Ben_Ami	['1900', '1950']
Yaniv Ben-Nissan	/wiki/Yaniv_Ben-Nissan	['1900', '1950']
Dudu Aouate	/wiki/Dudu_Aouate	['1900', '1950']
Jonathan Assous	/wiki/Jonathan_Assous	['1900', '1950']
Gai Assulin	/wiki/Gai_Assulin	['1900', '1950']
Pini Balili	/wiki/Pini_Balili	['1900', '1950']
Yossi Benayoun	/wiki/Yossi_Benayoun	['1900', '1950']
Gil Cain	/wiki/Gil_Cain	['1900', '1950']
David Ben Dayan	/wiki/David_Ben_Dayan	['1900', '1950']
Tal Ben Haim	/wiki/Tal_Ben_Haim	['1900', '1950']
Eyal Berkovic	/wiki/Eyal_Berkovic	['1900', '1950']
Daniel Brailovski	/wiki/Daniel_Brailovski	['1900', '1950']
Roberto Colautti	/wiki/Roberto_Colautti	['1900', '1950']
Tomer Chencinski	/wiki/Tomer_Chencinski	['1900', '1950']
Avi Cohen	/wiki/Avi_Cohen	['1900', '1950']
Tamir Cohen	/wiki/Tamir_Cohen	['1900', '1950']
Rami Gershon	/wiki/Rami_Gershon	['1900', '1950']
Tvrtko Kale	/wiki/Tvrtko_Kale	['1900', '1950']
Yaniv Katan	/wiki/Yaniv_Katan	['1900', '1950']
Eli Ohana	/wiki/Eli_Ohana	['1900', '1950']
Haim Revivo	/wiki/Haim_Revivo	['1900', '1950']
Ronnie Rosenthal	/wiki/Ronnie_Rosenthal	['1900', '1950']
Ben Sahar	/wiki/Ben_Sahar	['1900', '1950']
Mordechai Spiegler	/wiki/Mordechai_Spiegler	['1900', '1950']
Idan Tal	/wiki/Idan_Tal	['1900', '1950']
Toto Tammuz	/wiki/Toto_Tammuz	['1900', '1950']
Nicolás Tauber	/wiki/Nicol%C3%A1s_Tauber	['1900', '1950']
Salim Tuama	/wiki/Salim_Tuama	['1900', '1950']
Yochanan Vollach	/wiki/Yochanan_Vollach	['1900', '1950']
Pini Zahavi	/wiki/Pini_Zahavi	['1900', '1950']
Itzik Zohar	/wiki/Itzik_Zohar	['1900', '1950']
Miki Berkovich	/wiki/Miki_Berkovich	['1900', '1950']
David Blu	/wiki/David_Blu	['1900', '1950']
Tal Brody	/wiki/Tal_Brody	['1900', '1950']
Tal Burstein	/wiki/Tal_Burstein	['1900', '1950']
Omri Casspi	/wiki/Omri_Casspi	['1900', '1950']
Tanhum Cohen-Mintz	/wiki/Tanhum_Cohen-Mintz	['1900', '1950']
Shay Doron	/wiki/Shay_Doron	['1900', '1950']
Lior Eliyahu	/wiki/Lior_Eliyahu	['1900', '1950']
Tamir Goodman	/wiki/Tamir_Goodman	['1900', '1950']
Yotam Halperin	/wiki/Yotam_Halperin	['1900', '1950']
Gal Mekel	/wiki/Gal_Mekel	['1900', '1950']
Yehoshua Rozin	/wiki/Yehoshua_Rozin	['1900', '1950']
Derrick Sharp	/wiki/Derrick_Sharp	['1900', '1950']
Amit Tamir	/wiki/Amit_Tamir	['1900', '1950']
Alana Shipp	/wiki/Alana_Shipp	['1900', '1950']
Salamo Arouch	/wiki/Salamo_Arouch	['1900', '1950']
Sarah Avraham	/wiki/Sarah_Avraham	['1900', '1950']
Hagar Finer	/wiki/Hagar_Finer	['1900', '1950']
Yuri Foreman	/wiki/Yuri_Foreman	['1900', '1950']
Roman Greenberg	/wiki/Roman_Greenberg	['1900', '1950']
Pavlo Ishchenko	/wiki/Pavlo_Ishchenko	['1900', '1950']
Yulia Sachkov	/wiki/Yulia_Sachkov	['1900', '1950']
Boaz Ellis	/wiki/Boaz_Ellis	['1981', '2025']
Yuval Freilich	/wiki/Yuval_Freilich	['1995', '2025']
Lydia Hatoel-Zuckerman	/wiki/Lydia_Hatoel-Zuckerman	['1963', '2025']
Delila Hatuel	/wiki/Delila_Hatuel	['1980', '2025']
Noam Mills	/wiki/Noam_Mills	['1986', '2025']
Ayelet Ohayon	/wiki/Ayelet_Ohayon	['1974', '2025']
Tomer Or	/wiki/Tomer_Or	['1978', '2025']
Andre Spitzer	/wiki/Andre_Spitzer	['1945', '1972']
Alexei Beletski	/wiki/Alexei_Beletski	['1900', '1950']
Oleksii Bychenko	/wiki/Oleksii_Bychenko	['1900', '1950']
Galit Chait	/wiki/Galit_Chait	['1900', '1950']
Natalia Gudina	/wiki/Natalia_Gudina	['1900', '1950']
Tamar Katz	/wiki/Tamar_Katz	['1900', '1950']
Lionel Rumi	/wiki/Lionel_Rumi	['1900', '1950']
Sergei Sakhnovsky	/wiki/Sergei_Sakhnovsky	['1900', '1950']
Daniel Samohin	/wiki/Daniel_Samohin	['1900', '1950']
Michael Shmerkin	/wiki/Michael_Shmerkin	['1900', '1950']
Alexandra Zaretski	/wiki/Alexandra_Zaretski	['1900', '1950']
Roman Zaretski	/wiki/Roman_Zaretski	['1900', '1950']
Laetitia Beck	/wiki/Laetitia_Beck	['1900', '1950']
Artem Dolgopyat	/wiki/Artem_Dolgopyat	['1997', '2025']
Alexander Shatilov	/wiki/Alexander_Shatilov	['1900', '1950']
Veronika Vitenberg	/wiki/Veronika_Vitenberg	['1900', '1950']
Yael Arad	/wiki/Yael_Arad	['1900', '1950']
Yarden Gerbi	/wiki/Yarden_Gerbi	['1900', '1950']
Andrian Kordon	/wiki/Andrian_Kordon	['1900', '1950']
Daniela Krukower	/wiki/Daniela_Krukower	['1900', '1950']
Yoel Razvozov	/wiki/Yoel_Razvozov	['1900', '1950']
Or Sasson	/wiki/Or_Sasson	['1900', '1950']
Oren Smadja	/wiki/Oren_Smadja	['1900', '1950']
Ehud Vaks	/wiki/Ehud_Vaks	['1900', '1950']
Gal Yekutiel	/wiki/Gal_Yekutiel	['1900', '1950']
Ariel Zeevi	/wiki/Ariel_Zeevi	['1900', '1950']
Alon Day	/wiki/Alon_Day	['1900', '1950']
Chanoch Nissany	/wiki/Chanoch_Nissany	['1900', '1950']
Roy Nissany	/wiki/Roy_Nissany	['1900', '1950']
Zefania Carmel	/wiki/Zefania_Carmel	['1900', '1950']
Gal Fridman	/wiki/Gal_Fridman	['1900', '1950']
Lee Korzits	/wiki/Lee_Korzits	['1900', '1950']
Lydia Lazarov	/wiki/Lydia_Lazarov	['1900', '1950']
Nimrod Mashiah	/wiki/Nimrod_Mashiah	['1900', '1950']
Katy Spychakov	/wiki/Katy_Spychakov	['1900', '1950']
Shahar Tzuberi	/wiki/Shahar_Tzuberi	['1900', '1950']
Vadim Alexeev	/wiki/Vadim_Alexeev	['1900', '1950']
Adi Bichman	/wiki/Adi_Bichman	['1900', '1950']
Yoav Bruck	/wiki/Yoav_Bruck	['1900', '1950']
Anastasia Gorbenko	/wiki/Anastasia_Gorbenko	['2003', '2025']
Eran Groumi	/wiki/Eran_Groumi	['1900', '1950']
Michael Halika	/wiki/Michael_Halika	['1900', '1950']
Judith Haspel	/wiki/Judith_Haspel	['1900', '1950']
Marc Hinawi	/wiki/Marc_Hinawi	['1900', '1950']
Amit Ivry	/wiki/Amit_Ivry	['1900', '1950']
Dan Kutler	/wiki/Dan_Kutler	['1900', '1950']
Keren Leibovitch	/wiki/Keren_Leibovitch	['1900', '1950']
Tal Stricker	/wiki/Tal_Stricker	['1900', '1950']
Eithan Urbach	/wiki/Eithan_Urbach	['1900', '1950']
Marina Kravchenko	/wiki/Marina_Kravchenko	['1900', '1950']
Angelica Rozeanu	/wiki/Angelica_Rozeanu	['1900', '1950']
Alex Averbukh	/wiki/Alex_Averbukh	['1900', '1950']
Ayele Seteng	/wiki/Ayele_Seteng	['1900', '1950']
Danielle Frenkel	/wiki/Danielle_Frenkel	['1900', '1950']
Hanna Knyazyeva-Minenko	/wiki/Hanna_Knyazyeva-Minenko	['1900', '1950']
Shaul Ladany	/wiki/Shaul_Ladany	['1900', '1950']
Lonah Chemtai Salpeter	/wiki/Lonah_Chemtai_Salpeter	['1900', '1950']
Esther Roth-Shachamarov	/wiki/Esther_Roth-Shachamarov	['1900', '1950']
Noam Behr	/wiki/Noam_Behr	['1900', '1950']
Ilana Berger	/wiki/Ilana_Berger	['1900', '1950']
Gilad Bloom	/wiki/Gilad_Bloom	['1900', '1950']
Jonathan Erlich	/wiki/Jonathan_Erlich	['1900', '1950']
Shlomo Glickstein	/wiki/Shlomo_Glickstein	['1900', '1950']
Julia Glushko	/wiki/Julia_Glushko	['1900', '1950']
Amir Hadad	/wiki/Amir_Hadad	['1900', '1950']
Harel Levy	/wiki/Harel_Levy	['1900', '1950']
Evgenia Linetskaya	/wiki/Evgenia_Linetskaya	['1900', '1950']
Amos Mansdorf	/wiki/Amos_Mansdorf	['1900', '1950']
Tzipora Obziler	/wiki/Tzipora_Obziler	['1900', '1950']
Noam Okun	/wiki/Noam_Okun	['1900', '1950']
Yshai Oliel	/wiki/Yshai_Oliel	['1900', '1950']
Shahar Pe'er	/wiki/Shahar_Pe%27er	['1900', '1950']
Shahar Perkiss	/wiki/Shahar_Perkiss	['1900', '1950']
Andy Ram	/wiki/Andy_Ram	['1900', '1950']
Eyal Ran	/wiki/Eyal_Ran	['1900', '1950']
Dudi Sela	/wiki/Dudi_Sela	['1900', '1950']
Denis Shapovalov	/wiki/Denis_Shapovalov	['1999', '2025']
Anna Smashnova	/wiki/Anna_Smashnova	['1900', '1950']
Israel at the 1972 Summer Olympics	/wiki/Israel_at_the_1972_Summer_Olympics	['1900', '1950']
David Mark Berger	/wiki/David_Mark_Berger	['1900', '1950']
Max Birbraer	/wiki/Max_Birbraer	['1900', '1950']
Nili Block	/wiki/Nili_Block	['1995', '2025']
Noam Dar	/wiki/Noam_Dar	['1900', '1950']
Oren Eizenman	/wiki/Oren_Eizenman	['1900', '1950']
Eli Elezra	/wiki/Eli_Elezra	['1900', '1950']
Boris Gelfand	/wiki/Boris_Gelfand	['1900', '1950']
Baruch Hagai	/wiki/Baruch_Hagai	['1900', '1950']
Michael Kolganov	/wiki/Michael_Kolganov	['1900', '1950']
Dean Kremer	/wiki/Dean_Kremer	['1900', '1950']
Ido Pariente	/wiki/Ido_Pariente	['1900', '1950']
Eliezer Sherbatov	/wiki/Eliezer_Sherbatov	['1991', '2025']
Chagai Zamir	/wiki/Chagai_Zamir	['1900', '1950']
Yisrael Aharoni	/wiki/Yisrael_Aharoni	['1900', '1950']
Jamie Geller	/wiki/Jamie_Geller	['1900', '1950']
Erez Komarovsky	/wiki/Erez_Komarovsky	['1900', '1950']
Yotam Ottolenghi	/wiki/Yotam_Ottolenghi	['1900', '1950']
Yaacov Agam	/wiki/Yaacov_Agam	['1900', '1950']
Ron Arad	/wiki/Ron_Arad_(industrial_designer)	['1900', '1950']
Mordecai Ardon	/wiki/Mordecai_Ardon	['1900', '1950']
David Ascalon	/wiki/David_Ascalon	['1900', '1950']
Maurice Ascalon	/wiki/Maurice_Ascalon	['1900', '1950']
Isidor Ascheim	/wiki/Isidor_Ascheim	['1900', '1950']
Mordechai Avniel	/wiki/Mordechai_Avniel	['1900', '1950']
Yigal Azrouel	/wiki/Yigal_Azrouel	['1900', '1950']
Ralph Bakshi	/wiki/Ralph_Bakshi	['1900', '1950']
Eyal ben-Moshe	/wiki/Eyal_ben-Moshe_(Eyal_B)	['1900', '1950']
Tuvia Beeri	/wiki/Tuvia_Beeri	['1900', '1950']
Alexander Bogen	/wiki/Alexander_Bogen	['1900', '1950']
Rhea Carmi	/wiki/Rhea_Carmi	['1900', '1950']
Yitzhak Danziger	/wiki/Yitzhak_Danziger	['1900', '1950']
Alber Elbaz	/wiki/Alber_Elbaz	['1900', '1950']
Ohad Elimelech	/wiki/Ohad_Elimelech	['1900', '1950']
Osnat Elkabir	/wiki/Osnat_Elkabir	['1900', '1950']
Yitzhak Frenkel	/wiki/Yitzhak_Frenkel	['1900', '1950']
Gideon Gechtman	/wiki/Gideon_Gechtman	['1900', '1950']
Moshe Gershuni	/wiki/Moshe_Gershuni	['1900', '1950']
Dudu Geva	/wiki/Dudu_Geva	['1900', '1950']
Pinhas Golan	/wiki/Pinhas_Golan	['1900', '1950']
Nachum Gutman	/wiki/Nachum_Gutman	['1900', '1950']
Israel Hershberg	/wiki/Israel_Hershberg	['1900', '1950']
Shimshon Holzman	/wiki/Shimshon_Holzman	['1900', '1950']
Leo Kahn	/wiki/Leo_Kahn	['1900', '1950']
Shemuel Katz	/wiki/Shemuel_Katz	['1900', '1950']
Uri Katzenstein	/wiki/Uri_Katzenstein	['1900', '1950']
Dani Karavan	/wiki/Dani_Karavan	['1900', '1950']
Joseph Kossonogi	/wiki/Joseph_Kossonogi	['1900', '1950']
Elyasaf Kowner	/wiki/Elyasaf_Kowner	['1900', '1950']
Sigalit Landau	/wiki/Sigalit_Landau	['1900', '1950']
Alex Levac	/wiki/Alex_Levac	['1900', '1950']
Ranan Lurie	/wiki/Ranan_Lurie	['1900', '1950']
Lea Nikel	/wiki/Lea_Nikel	['1900', '1950']
Zvi Malnovitzer	/wiki/Zvi_Malnovitzer	['1900', '1950']
Tamara Musakhanova	/wiki/Tamara_Musakhanova	['1900', '1950']
Mushail Mushailov	/wiki/Mushail_Mushailov	['1900', '1950']
Ilana Raviv	/wiki/Ilana_Raviv	['1900', '1950']
Leo Roth	/wiki/Leo_Roth	['1900', '1950']
Reuven Rubin	/wiki/Reuven_Rubin	['1900', '1950']
Hagit Shahal	/wiki/Hagit_Shahal	['1900', '1950']
David Tartakover	/wiki/David_Tartakover	['1900', '1950']
Anna Ticho	/wiki/Anna_Ticho	['1900', '1950']
Igael Tumarkin	/wiki/Igael_Tumarkin	['1900', '1950']
Sergey Zagraevsky	/wiki/Sergey_Zagraevsky	['1900', '1950']
Moshe Ziffer	/wiki/Moshe_Ziffer	['1900', '1950']
Hiam Abbas	/wiki/Hiam_Abbas	['1900', '1950']
Avital Abergel	/wiki/Avital_Abergel	['1900', '1950']
Gila Almagor	/wiki/Gila_Almagor	['1900', '1950']
Aviv Alush	/wiki/Aviv_Alush	['1900', '1950']
Lior Ashkenazi	/wiki/Lior_Ashkenazi	['1900', '1950']
Yvan Attal	/wiki/Yvan_Attal	['1900', '1950']
Mili Avital	/wiki/Mili_Avital	['1900', '1950']
Aki Avni	/wiki/Aki_Avni	['1900', '1950']
Orna Banai	/wiki/Orna_Banai	['1900', '1950']
Theodore Bikel	/wiki/Theodore_Bikel	['1900', '1950']
Jason Danino-Holt	/wiki/Jason_Danino-Holt	['1900', '1950']
Ronit Elkabetz	/wiki/Ronit_Elkabetz	['1900', '1950']
David Faitelson	/wiki/David_Faitelson	['1900', '1950']
Oded Fehr	/wiki/Oded_Fehr	['1900', '1950']
Eytan Fox	/wiki/Eytan_Fox	['1900', '1950']
Tal Friedman	/wiki/Tal_Friedman	['1900', '1950']
Gal Gadot	/wiki/Gal_Gadot	['1900', '1950']
Uri Geller	/wiki/Uri_Geller	['1900', '1950']
Amos Gitai	/wiki/Amos_Gitai	['1900', '1950']
Yasmeen Godder	/wiki/Yasmeen_Godder	['1900', '1950']
Arnon Goldfinger	/wiki/Arnon_Goldfinger	['1900', '1950']
Yael Grobglas	/wiki/Yael_Grobglas	['1900', '1950']
Tzachi Halevy	/wiki/Tzachi_Halevy	['1900', '1950']
Moshe Ivgi	/wiki/Moshe_Ivgi	['1900', '1950']
Dana Ivgy	/wiki/Dana_Ivgy	['1900', '1950']
Michael Karpin	/wiki/Michael_Karpin	['1900', '1950']
Daphna Kastner	/wiki/Daphna_Kastner	['1900', '1950']
Juliano Mer-Khamis	/wiki/Juliano_Mer-Khamis	['1900', '1950']
Hila Klein	/wiki/Hila_Klein	['1900', '1950']
Amos Kollek	/wiki/Amos_Kollek	['1900', '1950']
Dover Kosashvili	/wiki/Dover_Kosashvili	['1900', '1950']
Hanna Laslo	/wiki/Hanna_Laslo	['1900', '1950']
Daliah Lavi	/wiki/Daliah_Lavi	['1900', '1950']
Inbar Lavi	/wiki/Inbar_Lavi	['1900', '1950']
Jonah Lotan	/wiki/Jonah_Lotan	['1900', '1950']
Rod Lurie	/wiki/Rod_Lurie	['1900', '1950']
Gad Lerner	/wiki/Gad_Lerner	['1900', '1950']
Arnon Milchan	/wiki/Arnon_Milchan	['1900', '1950']
Samuel Maoz	/wiki/Samuel_Maoz	['1900', '1950']
Ohad Naharin	/wiki/Ohad_Naharin	['1900', '1950']
Eyal Podell	/wiki/Eyal_Podell	['1900', '1950']
Orna Porat	/wiki/Orna_Porat	['1900', '1950']
Natalie Portman	/wiki/Natalie_Portman	['1900', '1950']
Lior Raz	/wiki/Lior_Raz	['1900', '1950']
Ze'ev Revach	/wiki/Ze%27ev_Revach	['1900', '1950']
Agam Rodberg	/wiki/Agam_Rodberg	['1900', '1950']
Avner Strauss	/wiki/Avner_Strauss	['1900', '1950']
Haim Saban	/wiki/Haim_Saban	['1900', '1950']
Elia Suleiman	/wiki/Elia_Suleiman	['1900', '1950']
Alona Tal	/wiki/Alona_Tal	['1900', '1950']
Noa Tishby	/wiki/Noa_Tishby	['1900', '1950']
Chaim Topol	/wiki/Chaim_Topol	['1900', '1950']
Yon Tumarkin	/wiki/Yon_Tumarkin	['1900', '1950']
Raviv Ullman	/wiki/Raviv_Ullman	['1900', '1950']
Yaron London	/wiki/Yaron_London	['1900', '1950']
Keren Yedaya	/wiki/Keren_Yedaya	['1900', '1950']
Ayelet Zurer	/wiki/Ayelet_Zurer	['1900', '1950']
Naor Zion	/wiki/Naor_Zion	['1900', '1950']
Rami Bar-Niv	/wiki/Rami_Bar-Niv	['1900', '1950']
Ofer Ben-Amots	/wiki/Ofer_Ben-Amots	['1900', '1950']
Paul Ben-Haim	/wiki/Paul_Ben-Haim	['1900', '1950']
Avner Dorman	/wiki/Avner_Dorman	['1900', '1950']
Dror Elimelech	/wiki/Dror_Elimelech	['1900', '1950']
Andre Hajdu	/wiki/Andre_Hajdu	['1900', '1950']
Gilad Hochman	/wiki/Gilad_Hochman	['1900', '1950']
Mark Kopytman	/wiki/Mark_Kopytman	['1900', '1950']
Matti Kovler	/wiki/Matti_Kovler	['1900', '1950']
Betty Olivero	/wiki/Betty_Olivero	['1900', '1950']
Shulamit Ran	/wiki/Shulamit_Ran	['1900', '1950']
Leon Schidlowsky	/wiki/Leon_Schidlowsky	['1900', '1950']
Noam Sheriff	/wiki/Noam_Sheriff	['1900', '1950']
Gil Shohat	/wiki/Gil_Shohat	['1900', '1950']
Josef Tal	/wiki/Josef_Tal	['1900', '1950']
Yitzhak Yedid	/wiki/Yitzhak_Yedid	['1900', '1950']
Moshe Atzmon	/wiki/Moshe_Atzmon	['1900', '1950']
Daniel Barenboim	/wiki/Daniel_Barenboim	['1900', '1950']
Rami Bar-Niv	/wiki/Rami_Bar-Niv	['1900', '1950']
Bart Berman	/wiki/Bart_Berman	['1900', '1950']
Gary Bertini	/wiki/Gary_Bertini	['1900', '1950']
Natan Brand	/wiki/Natan_Brand	['1900', '1950']
Yefim Bronfman	/wiki/Yefim_Bronfman	['1900', '1950']
Giora Feidman	/wiki/Giora_Feidman	['1900', '1950']
Ivry Gitlis	/wiki/Ivry_Gitlis	['1900', '1950']
Matt Haimovitz	/wiki/Matt_Haimovitz	['1900', '1950']
Alice Herz-Sommer	/wiki/Alice_Herz-Sommer	['1900', '1950']
Ofra Harnoy	/wiki/Ofra_Harnoy	['1900', '1950']
Eliahu Inbal	/wiki/Eliahu_Inbal	['1900', '1950']
Sharon Kam	/wiki/Sharon_Kam	['1900', '1950']
Amir Katz	/wiki/Amir_Katz	['1900', '1950']
Yoel Levi	/wiki/Yoel_Levi	['1900', '1950']
Mischa Maisky	/wiki/Mischa_Maisky	['1900', '1950']
Shlomo Mintz	/wiki/Shlomo_Mintz	['1900', '1950']
Itzhak Perlman	/wiki/Itzhak_Perlman	['1900', '1950']
Inbal Segev	/wiki/Inbal_Segev	['1900', '1950']
Gil Shaham	/wiki/Gil_Shaham	['1900', '1950']
Hagai Shaham	/wiki/Hagai_Shaham	['1900', '1950']
Michael Shani	/wiki/Michael_Shani	['1900', '1950']
Edna Stern	/wiki/Edna_Stern	['1900', '1950']
Yoav Talmi	/wiki/Yoav_Talmi	['1900', '1950']
Arie Vardi	/wiki/Arie_Vardi	['1900', '1950']
Ilana Vered	/wiki/Ilana_Vered	['1900', '1950']
Pinchas Zukerman	/wiki/Pinchas_Zukerman	['1900', '1950']
Chava Alberstein	/wiki/Chava_Alberstein	['1900', '1950']
Etti Ankri	/wiki/Etti_Ankri	['1900', '1950']
Yardena Arazi	/wiki/Yardena_Arazi	['1900', '1950']
Shlomo Artzi	/wiki/Shlomo_Artzi	['1900', '1950']
Ehud Banai	/wiki/Ehud_Banai	['1900', '1950']
Abatte Barihun	/wiki/Abatte_Barihun	['1900', '1950']
Eef Barzelay	/wiki/Eef_Barzelay	['1900', '1950']
Netta Barzilai	/wiki/Netta_Barzilai	['1900', '1950']
Miri Ben-Ari	/wiki/Miri_Ben-Ari	['1900', '1950']
Mosh Ben-Ari	/wiki/Mosh_Ben-Ari	['1900', '1950']
Borgore	/wiki/Borgore	['1900', '1950']
Mike Brant	/wiki/Mike_Brant	['1900', '1950']
David Broza	/wiki/David_Broza	['1900', '1950']
Matti Caspi	/wiki/Matti_Caspi	['1900', '1950']
Avishai Cohen	/wiki/Avishai_Cohen_(bassist)	['1900', '1950']
David D'Or	/wiki/David_D%27Or	['1900', '1950']
Arkadi Duchin	/wiki/Arkadi_Duchin	['1900', '1950']
Arik Einstein	/wiki/Arik_Einstein	['1900', '1950']
Gad Elbaz	/wiki/Gad_Elbaz	['1900', '1950']
Ethnix	/wiki/Ethnix	['1900', '1950']
Rita Yahan-Farouz	/wiki/Rita_Yahan-Farouz	['1900', '1950']
Uri Frost	/wiki/Uri_Frost	['1900', '1950']
Aviv Geffen	/wiki/Aviv_Geffen	['1900', '1950']
Eyal Golan	/wiki/Eyal_Golan	['1900', '1950']
Gidi Gov	/wiki/Gidi_Gov	['1900', '1950']
Dedi Graucher	/wiki/Dedi_Graucher	['1900', '1950']
Shlomo Gronich	/wiki/Shlomo_Gronich	['1900', '1950']
Nadav Guedj	/wiki/Nadav_Guedj	['1900', '1950']
Sarit Hadad	/wiki/Sarit_Hadad	['1900', '1950']
Victoria Hanna	/wiki/Victoria_Hanna	['1900', '1950']
Ofra Haza	/wiki/Ofra_Haza	['1900', '1950']
Dana International	/wiki/Dana_International	['1900', '1950']
Ishtar	/wiki/Ishtar_(singer)	['1900', '1950']
Pierre Khazen	/wiki/Pierre_Khazen	['1900', '1950']
Rami Kleinstein	/wiki/Rami_Kleinstein	['1900', '1950']
Ehud Manor	/wiki/Ehud_Manor	['1900', '1950']
Amal Murkus	/wiki/Amal_Murkus	['1900', '1950']
Infected Mushroom	/wiki/Infected_Mushroom	['1900', '1950']
Yael Naim	/wiki/Yael_Naim	['1900', '1950']
Ahinoam Nini	/wiki/Ahinoam_Nini	['1900', '1950']
Esther Ofarim	/wiki/Esther_Ofarim	['1900', '1950']
Yehuda Poliker	/wiki/Yehuda_Poliker	['1900', '1950']
Ester Rada	/wiki/Ester_Rada	['1900', '1950']
Idan Raichel	/wiki/Idan_Raichel	['1900', '1950']
Yoni Rechter	/wiki/Yoni_Rechter	['1900', '1950']
Berry Sakharof	/wiki/Berry_Sakharof	['1900', '1950']
Naomi Shemer	/wiki/Naomi_Shemer	['1900', '1950']
Gene Simmons	/wiki/Gene_Simmons	['1900', '1950']
Hillel Slovak	/wiki/Hillel_Slovak	['1900', '1950']
Pe'er Tasi	/wiki/Pe%27er_Tasi	['1900', '1950']
Ninet Tayeb	/wiki/Ninet_Tayeb	['1900', '1950']
Hagit Yaso	/wiki/Hagit_Yaso	['1900', '1950']
Rika Zaraï	/wiki/Rika_Zara%C3%AF	['1900', '1950']
Nir Zidkyahu	/wiki/Nir_Zidkyahu	['1900', '1950']
Zino and Tommy	/wiki/Zino_and_Tommy	['1900', '1950']
Yonit Levi	/wiki/Yonit_Levi	['1900', '1950']
Haim Yavin	/wiki/Haim_Yavin	['1900', '1950']
Miki Haimovich	/wiki/Miki_Haimovich	['1900', '1950']
Ya'akov Eilon	/wiki/Ya%27akov_Eilon	['1900', '1950']
Yigal Ravid	/wiki/Yigal_Ravid	['1900', '1950']
Ya'akov Ahimeir	/wiki/Ya%27akov_Ahimeir	['1900', '1950']
Nathan Alterman	/wiki/Nathan_Alterman	['1900', '1950']
Yehuda Amichai	/wiki/Yehuda_Amichai	['1900', '1950']
Sivan Beskin	/wiki/Sivan_Beskin	['1900', '1950']
Erez Biton	/wiki/Erez_Biton	['1900', '1950']
Leah Goldberg	/wiki/Leah_Goldberg	['1900', '1950']
Uri Zvi Greenberg	/wiki/Uri_Zvi_Greenberg	['1900', '1950']
Vaan Nguyen	/wiki/Vaan_Nguyen	['1900', '1950']
Dahlia Ravikovich	/wiki/Dahlia_Ravikovich	['1900', '1950']
Naomi Shemer	/wiki/Naomi_Shemer	['1900', '1950']
Avraham Shlonsky	/wiki/Avraham_Shlonsky	['1900', '1950']
Avraham Stern	/wiki/Avraham_Stern	['1900', '1950']
Abraham Sutzkever	/wiki/Abraham_Sutzkever	['1900', '1950']
Yona Wallach	/wiki/Yona_Wallach	['1900', '1950']
Nathan Zach	/wiki/Nathan_Zach	['1900', '1950']
Zelda Schneersohn Mishkovsky	/wiki/Zelda_Schneersohn_Mishkovsky	['1900', '1950']
Shmuel Yosef Agnon	/wiki/Shmuel_Yosef_Agnon	['1900', '1950']
Aharon Appelfeld	/wiki/Aharon_Appelfeld	['1900', '1950']
Yoni Ben-Menachem	/wiki/Yoni_Ben-Menachem	['1900', '1950']
Ron Ben-Yishai	/wiki/Ron_Ben-Yishai	['1900', '1950']
Nahum Benari	/wiki/Nahum_Benari	['1900', '1950']
Max Brod	/wiki/Max_Brod	['1900', '1950']
Orly Castel-Bloom	/wiki/Orly_Castel-Bloom	['1900', '1950']
Yehonatan Geffen	/wiki/Yehonatan_Geffen	['1900', '1950']
David Grossman	/wiki/David_Grossman	['1900', '1950']
Batya Gur	/wiki/Batya_Gur	['1900', '1950']
Emile Habibi	/wiki/Emile_Habibi	['1900', '1950']
Amira Hass	/wiki/Amira_Hass	['1900', '1950']
Sayed Kashua	/wiki/Sayed_Kashua	['1900', '1950']
Shmuel Katz	/wiki/Shmuel_Katz_(politician)	['1900', '1950']
Etgar Keret	/wiki/Etgar_Keret	['1900', '1950']
Adi Keissar	/wiki/Adi_Keissar	['1900', '1950']
Ephraim Kishon	/wiki/Ephraim_Kishon	['1900', '1950']
Hanoch Levin	/wiki/Hanoch_Levin	['1900', '1950']
Julius Margolin	/wiki/Julius_Margolin	['1900', '1950']
Aharon Megged	/wiki/Aharon_Megged	['1900', '1950']
Sami Michael	/wiki/Sami_Michael	['1900', '1950']
Samir Naqqash	/wiki/Samir_Naqqash	['1900', '1950']
Uri Orlev	/wiki/Uri_Orlev	['1900', '1950']
Amos Oz	/wiki/Amos_Oz	['1900', '1950']
Ruchoma Shain	/wiki/Ruchoma_Shain	['1900', '1950']
Meir Shalev	/wiki/Meir_Shalev	['1900', '1950']
Zeruya Shalev	/wiki/Zeruya_Shalev	['1900', '1950']
Moshe Shamir	/wiki/Moshe_Shamir	['1900', '1950']
Mati Shemoelof	/wiki/Mati_Shemoelof	['1900', '1950']
Chaim Walder	/wiki/Chaim_Walder	['1900', '1950']
A.B. Yehoshua	/wiki/A.B._Yehoshua	['1900', '1950']
Benny Ziffer	/wiki/Benny_Ziffer	['1900', '1950']
Beny Alagem	/wiki/Beny_Alagem	['1900', '1950']
Moshe Bar	/wiki/Moshe_Bar_(investor)	['1900', '1950']
Safra Catz	/wiki/Safra_Catz	['1900', '1950']
Yossi Gross	/wiki/Yossi_Gross	['1900', '1950']
Itzik Kotler	/wiki/Itzik_Kotler	['1900', '1950']
Daniel M. Lewin	/wiki/Daniel_M._Lewin	['1900', '1950']
Shai Reshef	/wiki/Shai_Reshef	['1900', '1950']
Bob Rosenschein	/wiki/Bob_Rosenschein	['1900', '1950']
Gil Schwed	/wiki/Gil_Schwed	['1900', '1950']
Zeev Suraski	/wiki/Zeev_Suraski	['1900', '1950']
Arik Vardi	/wiki/Arik_Vardi	['1900', '1950']
Zohar Zisapel	/wiki/Zohar_Zisapel	['1900', '1950']
Iftach Ian Amit	/wiki/Iftach_Ian_Amit	['1900', '1950']
Avi Arad	/wiki/Avi_Arad	['1900', '1950']
Ted Arison	/wiki/Ted_Arison	['1900', '1950']
Yossi Dina	/wiki/Yossi_Dina	['1900', '1950']
Dan Gertler	/wiki/Dan_Gertler	['1900', '1950']
Alec Gores	/wiki/Alec_Gores	['1900', '1950']
Eli Hurvitz	/wiki/Eli_Hurvitz	['1900', '1950']
Lev Avnerovich Leviev	/wiki/Lev_Avnerovich_Leviev	['1900', '1950']
Mordecai Meirowitz	/wiki/Mordecai_Meirowitz	['1900', '1950']
Dorrit Moussaieff	/wiki/Dorrit_Moussaieff	['1900', '1950']
Sammy Ofer	/wiki/Sammy_Ofer	['1900', '1950']
Guy Oseary	/wiki/Guy_Oseary	['1900', '1950']
Beny Steinmetz	/wiki/Beny_Steinmetz	['1900', '1950']
Stef Wertheimer	/wiki/Stef_Wertheimer	['1900', '1950']
Neta Alchimister	/wiki/Neta_Alchimister	['1900', '1950']
Moran Atias	/wiki/Moran_Atias	['1900', '1950']
Sendi Bar	/wiki/Sendi_Bar	['1900', '1950']
Nina Brosh	/wiki/Nina_Brosh	['1900', '1950']
Esti Ginzburg	/wiki/Esti_Ginzburg	['1900', '1950']
Becky Griffin	/wiki/Becky_Griffin	['1900', '1950']
Shlomit Malka	/wiki/Shlomit_Malka	['1900', '1950']
Esti Mamo	/wiki/Esti_Mamo	['1900', '1950']
Yael Markovich	/wiki/Yael_Markovich	['1900', '1950']
Raz Meirman	/wiki/Raz_Meirman	['1900', '1950']
Michael Lewis	/wiki/Michael_Lewis_(model)	['1900', '1950']
Bar Paly	/wiki/Bar_Paly	['1900', '1950']
Rana Raslan	/wiki/Rana_Raslan	['1900', '1950']
Bar Refaeli	/wiki/Bar_Refaeli	['1900', '1950']
Pnina Rosenblum	/wiki/Pnina_Rosenblum	['1900', '1950']
Odeya Rush	/wiki/Odeya_Rush	['1900', '1950']
Ron Arad	/wiki/Ron_Arad_(pilot)	['1900', '1950']
Gabi Ashkenazi	/wiki/Gabi_Ashkenazi	['1900', '1950']
Yohai Ben-Nun	/wiki/Yohai_Ben-Nun	['1900', '1950']
Eli Cohen	/wiki/Eli_Cohen	['1900', '1950']
Moshe Dayan	/wiki/Moshe_Dayan	['1900', '1950']
Rafael Eitan	/wiki/Rafael_Eitan	['1900', '1950']
Gadi Eizenkot	/wiki/Gadi_Eizenkot	['1900', '1950']
David Elazar	/wiki/David_Elazar	['1900', '1950']
Giora Epstein	/wiki/Giora_Epstein	['1900', '1950']
Hoshea Friedman	/wiki/Hoshea_Friedman	['1900', '1950']
Uziel Gal	/wiki/Uziel_Gal	['1900', '1950']
Benny Gantz	/wiki/Benny_Gantz	['1900', '1950']
Dan Halutz	/wiki/Dan_Halutz	['1900', '1950']
Wolfgang Lotz	/wiki/Wolfgang_Lotz	['1900', '1950']
Peter Malkin	/wiki/Peter_Malkin	['1900', '1950']
Eli Marom	/wiki/Eli_Marom	['1900', '1950']
Yonatan Netanyahu	/wiki/Yonatan_Netanyahu	['1900', '1950']
Ilan Ramon	/wiki/Ilan_Ramon	['1900', '1950']
Gilad Shalit	/wiki/Gilad_Shalit	['1900', '1950']
Avraham Stern	/wiki/Avraham_Stern	['1900', '1950']
Yoel Strick	/wiki/Yoel_Strick	['1900', '1950']
Israel Tal	/wiki/Israel_Tal	['1900', '1950']
Moshe Ya'alon	/wiki/Moshe_Ya%27alon	['1900', '1950']
Yigael Yadin	/wiki/Yigael_Yadin	['1900', '1950']
Amos Yarkoni	/wiki/Amos_Yarkoni	['1900', '1950']
Ehud Barak	/wiki/Ehud_Barak	['1999', '2001']
Menachem Begin	/wiki/Menachem_Begin	['83', '1977']
Yossi Beilin	/wiki/Yossi_Beilin	['1900', '1950']
David Ben-Gurion	/wiki/David_Ben-Gurion	['1900', '1950']
Yitzhak Ben-Zvi	/wiki/Yitzhak_Ben-Zvi	['63', '1952']
Naftali Bennett	/wiki/Naftali_Bennett	['1900', '1950']
Geula Cohen	/wiki/Geula_Cohen	['1900', '1950']
Abba Eban	/wiki/Abba_Eban	['74', '1966']
Yuli-Yoel Edelstein	/wiki/Yuli-Yoel_Edelstein	['1900', '1950']
Uzi Eilam	/wiki/Uzi_Eilam	['1900', '1950']
Effie Eitam	/wiki/Effie_Eitam	['1900', '1950']
Levi Eshkol	/wiki/Levi_Eshkol	['69', '1963']
Chaim Herzog	/wiki/Chaim_Herzog	['1900', '1950']
Moshe Katsav	/wiki/Moshe_Katsav	['07', '2000']
Teddy Kollek	/wiki/Teddy_Kollek	['1900', '1950']
Yair Lapid	/wiki/Yair_Lapid	['1900', '1950']
Yosef Lapid	/wiki/Yosef_Lapid	['1900', '1950']
Raleb Majadele	/wiki/Raleb_Majadele	['1900', '1950']
Golda Meir	/wiki/Golda_Meir	['74', '1969']
Benjamin Netanyahu	/wiki/Benjamin_Netanyahu	['99', '1996']
Amir Ohana	/wiki/Amir_Ohana	['1900', '1950']
Ehud Olmert	/wiki/Ehud_Olmert	['09', '2006']
Shimon Peres	/wiki/Shimon_Peres	['2007', '2014']
Yitzhak Rabin	/wiki/Yitzhak_Rabin	['1900', '1950']
Josh Reinstein	/wiki/Josh_Reinstein	['1900', '1950']
Reuven Rivlin	/wiki/Reuven_Rivlin	['1900', '1950']
Ayelet Shaked	/wiki/Ayelet_Shaked	['1900', '1950']
Yitzhak Shamir	/wiki/Yitzhak_Shamir	['1900', '1950']
Yisrael Yeshayahu Sharabi	/wiki/Yisrael_Yeshayahu_Sharabi	['1900', '1950']
Moshe Sharett	/wiki/Moshe_Sharett	['55', '1954']
Ariel Sharon	/wiki/Ariel_Sharon	['06', '2001']
Chaim Weizmann	/wiki/Chaim_Weizmann	['52', '1949']
Ovadia Yosef	/wiki/Ovadia_Yosef	['1900', '1950']
Rehavam Zeevi	/wiki/Rehavam_Zeevi	['1900', '1950']
Yigal Amir	/wiki/Yigal_Amir	['1900', '1950']
Baruch Goldstein	/wiki/Baruch_Goldstein	['1900', '1950']
Ami Popper	/wiki/Ami_Popper	['1900', '1950']
Benny Sela	/wiki/Benny_Sela	['1900', '1950']
Eden-Nathan Zada	/wiki/Eden-Nathan_Zada	['1900', '1950']
Father Gabriel Naddaf	/wiki/Father_Gabriel_Naddaf	['1900', '1950']
Munib Younan	/wiki/Munib_Younan	['1900', '1950']
Archbishop Theodosios	/wiki/Archbishop_Theodosios_(Hanna)_of_Sebastia	['1900', '1950']
Elias Chacour	/wiki/Elias_Chacour	['1900', '1950']
Riah Hanna Abu El-Assal	/wiki/Riah_Hanna_Abu_El-Assal	['1900', '1950']
Yaakov Aryeh Alter	/wiki/Yaakov_Aryeh_Alter	['1900', '1950']
Shlomo Zalman Auerbach	/wiki/Shlomo_Zalman_Auerbach	['1900', '1950']
Yaakov Blau	/wiki/Yaakov_Blau	['1900', '1950']
Yisroel Moshe Dushinsky	/wiki/Yisroel_Moshe_Dushinsky	['1900', '1950']
Yosef Tzvi Dushinsky	/wiki/Yosef_Tzvi_Dushinsky_(first_Dushinsky_rebbe)	['1900', '1950']
Yosef Sholom Eliashiv	/wiki/Yosef_Sholom_Eliashiv	['1900', '1950']
Mordechai Eliyahu	/wiki/Mordechai_Eliyahu	['1929', '2010']
Chaim Kanievsky	/wiki/Chaim_Kanievsky	['1900', '1950']
Avraham Yeshayeh Karelitz	/wiki/Avraham_Yeshayeh_Karelitz	['1878', '1953']
Nissim Karelitz	/wiki/Nissim_Karelitz	['1900', '1950']
Meir Kessler	/wiki/Meir_Kessler	['1900', '1950']
Zundel Kroizer	/wiki/Zundel_Kroizer	['1900', '1950']
Dov Landau	/wiki/Dov_Landau	['1900', '1950']
Yissachar Dov Rokeach	/wiki/Yissachar_Dov_Rokeach_(fifth_Belzer_rebbe)	['1900', '1950']
Yitzchok Scheiner	/wiki/Yitzchok_Scheiner	['1900', '1950']
Elazar Menachem Shach	/wiki/Elazar_Menachem_Shach	['1899', '2001']
Moshe Shmuel Shapira	/wiki/Moshe_Shmuel_Shapira	['1900', '1950']
Dovid Shmidel	/wiki/Dovid_Shmidel	['1900', '1950']
Yosef Chaim Sonnenfeld	/wiki/Yosef_Chaim_Sonnenfeld	['1900', '1950']
Yitzchok Tuvia Weiss	/wiki/Yitzchok_Tuvia_Weiss	['1900', '1950']
Ovadia Yosef	/wiki/Ovadia_Yosef	['1900', '1950']
Amram Zaks	/wiki/Amram_Zaks	['1900', '1950']
Gilad Kariv	/wiki/Gilad_Kariv	['1900', '1950']
Shlomo Amar	/wiki/Shlomo_Amar	['1900', '1950']
David Hartman	/wiki/David_Hartman_(rabbi)	['1900', '1950']
Avraham Yitzchak Kook	/wiki/Avraham_Yitzchak_Kook	['1865', '1935']
Israel Meir Lau	/wiki/Israel_Meir_Lau	['1993', '2003']
Aharon Lichtenstein	/wiki/Aharon_Lichtenstein	['1900', '1950']
Yona Metzger	/wiki/Yona_Metzger	['1900', '1950']
Shlomo Riskin	/wiki/Shlomo_Riskin	['1900', '1950']
