text	link	year
Donny George Youkhanna	/wiki/Donny_George_Youkhanna	['1900', '1950']
Taha Baqir	/wiki/Taha_Baqir	['1900', '1950']
Zainab Bahrani	/wiki/Zainab_Bahrani	['1962', '2025']
Hormuzd Rassam	/wiki/Hormuzd_Rassam	['1900', '1950']
Wijdan Ali	/wiki/Wijdan_Ali	['1900', '1950']
Mohammed Ghani Hikmat	/wiki/Mohammed_Ghani_Hikmat	['1900', '1950']
Jananne Al-Ani	/wiki/Jananne_Al-Ani	['1900', '1950']
Layla Al-Attar	/wiki/Layla_Al-Attar	['1900', '1950']
Yitzhak Yamin	/wiki/Yitzhak_Yamin	['1900', '1950']
Suad al-Attar	/wiki/Suad_al-Attar	['1900', '1950']
Jawad Saleem	/wiki/Jawad_Saleem	['1900', '1950']
Omran Al-Kaysi	/wiki/Omran_Al-Kaysi	['1900', '1950']
Sama Raena Alshaibi	/wiki/Sama_Raena_Alshaibi	['1900', '1950']
Jaber Alwan	/wiki/Jaber_Alwan	['1900', '1950']
Khalil al-Zahawi	/wiki/Khalil_al-Zahawi	['1900', '1950']
Halla Ayla	/wiki/Halla_Ayla	['1900', '1950']
Raad Ghantous	/wiki/Raad_Ghantous	['1900', '1950']
Hayv Kahraman	/wiki/Hayv_Kahraman	['1900', '1950']
Farouk Kaspaules	/wiki/Farouk_Kaspaules	['1900', '1950']
Toba Khedoori	/wiki/Toba_Khedoori	['1900', '1950']
Nedim Kufi	/wiki/Nedim_Kufi	['1900', '1950']
Hassan Massoudy	/wiki/Hassan_Massoudy	['1900', '1950']
Rashad Salim	/wiki/Rashad_Salim	['1900', '1950']
Tamara Salman	/wiki/Tamara_Salman	['1900', '1950']
Wafaa Bilal	/wiki/Wafaa_Bilal	['1900', '1950']
Anish Kapoor	/wiki/Anish_Kapoor	['12', '2025']
Gerry Judah	/wiki/Gerry_Judah	['30', '2025']
Hisham N. Ashkouri	/wiki/Hisham_N._Ashkouri	['1900', '1950']
Rifat Chadirji	/wiki/Rifat_Chadirji	['1900', '1950']
Zaha Hadid	/wiki/Zaha_Hadid	['1900', '1950']
Hussain Ali Abbass Harba	/wiki/Hussain_Ali_Abbass_Harba	['1900', '1950']
Kanan Makiya	/wiki/Kanan_Makiya	['1900', '1950']
Mohamed Makiya	/wiki/Mohamed_Makiya	['1914', '2015']
Misha Nonoo	/wiki/Misha_Nonoo	['1900', '1950']
Reem Alasadi	/wiki/Reem_Alasadi	['1900', '1950']
Salim al-Shimiri	/wiki/Salim_al-Shimiri	['1900', '1950']
Hana Sadiq	/wiki/Hana_Sadiq	['1900', '1950']
Amir Slama	/wiki/Amir_Slama	['1900', '1950']
Zeena Zaki	/wiki/Zeena_Zaki	['1900', '1950']
Nadhmi Auchi	/wiki/Nadhmi_Auchi	['1900', '1950']
Zadik Bino	/wiki/Zadik_Bino	['1900', '1950']
Shlomo Eliahu	/wiki/Shlomo_Eliahu	['1936', '2025']
Calouste Gulbenkian	/wiki/Calouste_Gulbenkian	['1900', '1950']
Huda Kattan	/wiki/Huda_Kattan	['1900', '1950']
Nemir Kirdar	/wiki/Nemir_Kirdar	['1900', '1950']
Khalid Muhmood	/wiki/Khalid_Muhmood	['1900', '1950']
Sharif Hikmat Nashashibi	/wiki/Sharif_Hikmat_Nashashibi	['1900', '1950']
Samuel Nalo	/wiki/Samuel_Nalo	['1900', '1950']
Selim Zilkha	/wiki/Selim_Zilkha	['1900', '1950']
Awn Hussain Al Khashlok	/wiki/Awn_Hussain_Al_Khashlok	['1900', '1950']
Marcus Samuel, 1st Viscount Bearsted	/wiki/Marcus_Samuel,_1st_Viscount_Bearsted	['1900', '1950']
Samuel Samuel	/wiki/Samuel_Samuel	['1900', '1950']
Walter Samuel, 2nd Viscount Bearsted	/wiki/Walter_Samuel,_2nd_Viscount_Bearsted	['1900', '1950']
Marcus Samuel, 3rd Viscount Bearsted	/wiki/Marcus_Samuel,_3rd_Viscount_Bearsted	['1900', '1950']
Peter Samuel, 4th Viscount Bearsted	/wiki/Peter_Samuel,_4th_Viscount_Bearsted	['1900', '1950']
Sassoon David Sassoon	/wiki/Sassoon_David_Sassoon	['1832', '1867']
Sir Sassoon David, 1st Baronet	/wiki/Sir_Sassoon_David,_1st_Baronet	['1900', '1950']
Sir Percival David, 2nd Baronet	/wiki/Sir_Percival_David,_2nd_Baronet	['1900', '1950']
Naim Dangoor	/wiki/Naim_Dangoor	['1900', '1950']
Jack Dellal	/wiki/Jack_Dellal	['1900', '1950']
Zadik Bino	/wiki/Zadik_Bino	['1900', '1950']
Albert Abdullah David Sassoon	/wiki/Albert_Abdullah_David_Sassoon	['1900', '1950']
Shai Agassi	/wiki/Shai_Agassi	['1900', '1950']
Nemir A. Kirdar	/wiki/Nemir_A._Kirdar	['1900', '1950']
Shlomo Eliahu	/wiki/Shlomo_Eliahu	['18', '2025']
Selim Zilkha	/wiki/Selim_Zilkha	['1927', '2025']
Bahaa Hariri	/wiki/Bahaa_Hariri	['1900', '1950']
Samuel Hayek	/wiki/Samuel_Hayek	['1900', '1950']
Badr Jafar	/wiki/Badr_Jafar	['1900', '1950']
Victor Nacif	/wiki/Victor_Nacif	['1900', '1950']
Vincent Tchenguiz	/wiki/Vincent_Tchenguiz	['1900', '1950']
Robert Tchenguiz	/wiki/Robert_Tchenguiz	['1900', '1950']
Ghadir Razuki	/wiki/Ghadir_Razuki	['1900', '1950']
Pnina Rosenblum	/wiki/Pnina_Rosenblum	['1900', '1950']
Kevork Hovnanian	/wiki/Kevork_Hovnanian	['1900', '1950']
Charles Saatchi	/wiki/Charles_Saatchi	['1900', '1950']
Michael Kadoorie	/wiki/Michael_Kadoorie	['1941', '2025']
Sir Albert Abdullah David Sassoon, 1st Baronet	/wiki/Sir_Albert_Abdullah_David_Sassoon,_1st_Baronet	['1900', '1950']
David and Simon Reuben	/wiki/David_and_Simon_Reuben	['1900', '1950']
David Sassoon	/wiki/David_Sassoon	['1900', '1950']
Majid Jafar	/wiki/Majid_Jafar	['1900', '1950']
Edward Isaac Ezra	/wiki/Edward_Isaac_Ezra	['1900', '1950']
Lawrence Kadoorie, Baron Kadoorie	/wiki/Lawrence_Kadoorie,_Baron_Kadoorie	['1900', '1950']
Elly Kadoorie	/wiki/Elly_Kadoorie	['1900', '1950']
Ellis Kadoorie	/wiki/Ellis_Kadoorie	['1865', '1922']
Silas Aaron Hardoon	/wiki/Silas_Aaron_Hardoon	['1851', '1931']
Remy Munasifi	/wiki/Remy_Munasifi	['1900', '1950']
Serapion the Younger	/wiki/Serapion_the_Younger	['1900', '1950']
Salmawaih ibn Bunan	/wiki/Salmawaih_ibn_Bunan	['1900', '1950']
Yahya ibn Sarafyun	/wiki/Yahya_ibn_Sarafyun	['1900', '1950']
John bar Penkaye	/wiki/John_bar_Penkaye	['1900', '1950']
Yahya Ibn Adi	/wiki/Yahya_Ibn_Adi	['893', '974']
Abu Bishr Matta ibn Yunus	/wiki/Abu_Bishr_Matta_ibn_Yunus	['1900', '1950']
Sami Saeed Al Ahmed	/wiki/Sami_Saeed_Al_Ahmed	['1930', '2006']
Abdul Jerri	/wiki/Abdul_Jerri	['1900', '1950']
Omar Fakhri	/wiki/Omar_Fakhri	['1900', '1950']
Adil E. Shamoo	/wiki/Adil_E._Shamoo	['1900', '1950']
Ali Al-Wardi	/wiki/Ali_Al-Wardi	['1900', '1950']
Hirmis Aboona	/wiki/Hirmis_Aboona	['1900', '1950']
Thomas L. Saaty	/wiki/Thomas_L._Saaty	['1926', '2025']
Emanuel Kamber	/wiki/Emanuel_Kamber	['1900', '1950']
Majid Khadduri	/wiki/Majid_Khadduri	['1900', '1950']
Nadje Sadig Al-Ali	/wiki/Nadje_Sadig_Al-Ali	['1900', '1950']
Shmuel Moreh	/wiki/Shmuel_Moreh	['1900', '1950']
Abd al-Latif al-Baghdadi	/wiki/Abd_al-Latif_al-Baghdadi_(medieval_writer)	['1900', '1950']
Behnam Afas	/wiki/Behnam_Afas	['17', '2025']
Azad Bonni	/wiki/Azad_Bonni	['1900', '1950']
Amal Al Khedairy	/wiki/Amal_Al_Khedairy	['1900', '1950']
Alphonse Mingana	/wiki/Alphonse_Mingana	['1900', '1950']
Hind Rassam Culhane	/wiki/Hind_Rassam_Culhane	['1900', '1950']
Kanan Makiya	/wiki/Kanan_Makiya	['1949', '2025']
Nada Shabout	/wiki/Nada_Shabout	['1900', '1950']
Avi Shlaim	/wiki/Avi_Shlaim	['1900', '1950']
Isa Kelemechi	/wiki/Isa_Kelemechi	['1900', '1950']
Abd al-Latif al-Baghdadi	/wiki/Abd_al-Latif_al-Baghdadi_(medieval_writer)	['1900', '1950']
Abu'l-Barakāt al-Baghdādī	/wiki/Abu%27l-Barak%C4%81t_al-Baghd%C4%81d%C4%AB	['1900', '1950']
Abu'l-Hasan al-Uqlidisi	/wiki/Abu%27l-Hasan_al-Uqlidisi	['1900', '1950']
Abdul Jabbar Abdullah	/wiki/Abdul_Jabbar_Abdullah	['1900', '1950']
Ahmed ibn Yusuf	/wiki/Ahmed_ibn_Yusuf	['1900', '1950']
Al-Abbās ibn Said al-Jawharī	/wiki/Al-Abb%C4%81s_ibn_Said_al-Jawhar%C4%AB	['1900', '1950']
Al-Karaji	/wiki/Al-Karaji	['1900', '1950']
Al-Kindi	/wiki/Al-Kindi	['1900', '1950']
Al-Samawal al-Maghribi	/wiki/Al-Samawal_al-Maghribi	['1900', '1950']
Azzam Alwash	/wiki/Azzam_Alwash	['1900', '1950']
Berossus	/wiki/Berossus	['1900', '1950']
Dlawer Ala'Aldeen	/wiki/Dlawer_Ala%27Aldeen	['2009', '2012']
Fakhri A. Bazzaz	/wiki/Fakhri_A._Bazzaz	['1900', '1950']
Lihadh Al-Gazali	/wiki/Lihadh_Al-Gazali	['1900', '1950']
Grigor Gurzadyan	/wiki/Grigor_Gurzadyan	['1900', '1950']
Hunayn ibn Ishaq	/wiki/Hunayn_ibn_Ishaq	['1900', '1950']
Ibn al-Haytham	/wiki/Ibn_al-Haytham	['1900', '1950']
Ibn Sa'd al-Baghdadi	/wiki/Ibn_Sa%27d_al-Baghdadi	['1900', '1950']
Ibn Tahir al-Baghdadi	/wiki/Ibn_Tahir_al-Baghdadi	['1900', '1950']
Ibrahim ibn Sinan	/wiki/Ibrahim_ibn_Sinan	['1900', '1950']
Jafar Dhia Jafar	/wiki/Jafar_Dhia_Jafar	['1900', '1950']
Jim Al-Khalili	/wiki/Jim_Al-Khalili	['1900', '1950']
Khidir Hamza	/wiki/Khidir_Hamza	['1900', '1950']
Kidinnu	/wiki/Kidinnu	['1900', '1950']
Naburimannu	/wiki/Naburimannu	['1900', '1950']
Sinan ibn Thabit	/wiki/Sinan_ibn_Thabit	['1900', '1950']
Sind ibn Ali	/wiki/Sind_ibn_Ali	['1900', '1950']
Souad Naji Al-Azzawi	/wiki/Souad_Naji_Al-Azzawi	['1900', '1950']
Sudines	/wiki/Sudines	['1900', '1950']
Thābit ibn Qurra	/wiki/Th%C4%81bit_ibn_Qurra	['1900', '1950']
Amel Senan	/wiki/Amel_Senan	['1900', '1950']
Kasim Abid	/wiki/Kasim_Abid	['1900', '1950']
Mohamed Al-Daradji	/wiki/Mohamed_Al-Daradji	['1900', '1950']
Nazem Al-Ghazali	/wiki/Nazem_Al-Ghazali	['1900', '1950']
Koutaiba Al Janabi	/wiki/Koutaiba_Al_Janabi	['1900', '1950']
Namaa Alward	/wiki/Namaa_Alward	['1900', '1950']
Naguib el-Rihani	/wiki/Naguib_el-Rihani	['1900', '1950']
Abbas Fahdel	/wiki/Abbas_Fahdel	['1900', '1950']
Tariq Hashim	/wiki/Tariq_Hashim	['1900', '1950']
Sophia Jawad	/wiki/Sophia_Jawad	['1900', '1950']
Hind Kamel	/wiki/Hind_Kamel	['1900', '1950']
Saaed Khalifa	/wiki/Saaed_Khalifa	['1900', '1950']
Farid Majari	/wiki/Farid_Majari	['1900', '1950']
Dina Mousawi	/wiki/Dina_Mousawi	['1900', '1950']
Maysoon Pachachi	/wiki/Maysoon_Pachachi	['1900', '1950']
Basam Ridha	/wiki/Basam_Ridha	['1900', '1950']
Hiner Saleem	/wiki/Hiner_Saleem	['1900', '1950']
Saad Salman	/wiki/Saad_Salman	['1900', '1950']
Samir	/wiki/Samir	['1900', '1950']
Andy Serkis	/wiki/Andy_Serkis	['20', '2025']
David Chokachi	/wiki/David_Chokachi	['1900', '1950']
Michael Nouri	/wiki/Michael_Nouri	['1900', '1950']
Ruby Myers	/wiki/Ruby_Myers	['1907', '1983']
Layth Abdulamir	/wiki/Layth_Abdulamir	['1900', '1950']
Sasson Gabai	/wiki/Sasson_Gabai	['24', '2025']
Uri Gavriel	/wiki/Uri_Gavriel	['1900', '1950']
Joe Balass	/wiki/Joe_Balass	['1966', '2025']
Dina Mousawi	/wiki/Dina_Mousawi	['1900', '1950']
Maysoon Pachachi	/wiki/Maysoon_Pachachi	['1900', '1950']
Anja Al-Erhayem	/wiki/Anja_Al-Erhayem	['1900', '1950']
Ja'far 'Abd Al-Hamid	/wiki/Ja%27far_%27Abd_Al-Hamid	['1900', '1950']
Fajer Al-Kaisi	/wiki/Fajer_Al-Kaisi	['1900', '1950']
Dar Salim	/wiki/Dar_Salim	['1900', '1950']
Lewis Alsamari	/wiki/Lewis_Alsamari	['1900', '1950']
Usama Alshaibi	/wiki/Usama_Alshaibi	['1900', '1950']
Amer Alwan	/wiki/Amer_Alwan	['1900', '1950']
Joe Balass	/wiki/Joe_Balass	['1900', '1950']
Claudia Basrawi	/wiki/Claudia_Basrawi	['1900', '1950']
Carole Basri	/wiki/Carole_Basri	['1900', '1950']
Zana Briski	/wiki/Zana_Briski	['1900', '1950']
Selma Chalabi	/wiki/Selma_Chalabi	['1900', '1950']
Brian George	/wiki/Brian_George	['1900', '1950']
Shosha Goren	/wiki/Shosha_Goren	['1900', '1950']
Ishtar Yasin Gutierrez	/wiki/Ishtar_Yasin_Gutierrez	['1900', '1950']
Yasmine Hanani	/wiki/Yasmine_Hanani	['1900', '1950']
Don Hany	/wiki/Don_Hany	['1900', '1950']
Parine Jaddo	/wiki/Parine_Jaddo	['1900', '1950']
Nicholas Kadi	/wiki/Nicholas_Kadi	['1900', '1950']
Chris Kattan	/wiki/Chris_Kattan	['1900', '1950']
Charlotte Lewis	/wiki/Charlotte_Lewis	['1900', '1950']
Anisa Mehdi	/wiki/Anisa_Mehdi	['1900', '1950']
Safia Monney	/wiki/Safia_Monney	['1900', '1950']
Yigal Naor	/wiki/Yigal_Naor	['1900', '1950']
Rashed Radwan	/wiki/Rashed_Radwan	['1900', '1950']
Heather Raffo	/wiki/Heather_Raffo	['1900', '1950']
Liat Ron	/wiki/Liat_Ron	['1900', '1950']
Mohamed Said	/wiki/Mohamed_Said_(actor)	['1900', '1950']
Osamah Sami	/wiki/Osamah_Sami	['1900', '1950']
Alia Shawkat	/wiki/Alia_Shawkat	['1900', '1950']
Zina Zaflow	/wiki/Zina_Zaflow	['1900', '1950']
Nadira	/wiki/Nadira	['1900', '1950']
Amy Fadhli	/wiki/Amy_Fadhli	['1900', '1950']
Randa Chahal Sabag	/wiki/Randa_Chahal_Sabag	['1900', '1950']
Abraham Sofaer	/wiki/Abraham_Sofaer	['1900', '1950']
Salim Al-Basri	/wiki/Salim_Al-Basri	['1900', '1950']
Naziha al-Dulaimi	/wiki/Naziha_al-Dulaimi	['1900', '1950']
Widad Akrawi	/wiki/Widad_Akrawi	['1900', '1950']
Zainab Salbi	/wiki/Zainab_Salbi	['1969', '2025']
Munjed Al Muderis	/wiki/Munjed_Al_Muderis	['1972', '2025']
Dalal Khario	/wiki/Dalal_Khario	['1900', '1950']
Safa Khulusi	/wiki/Safa_Khulusi	['1900', '1950']
Talal Al-Haj	/wiki/Talal_Al-Haj	['1900', '1950']
Fadhil Al Azzawi	/wiki/Fadhil_Al_Azzawi	['1900', '1950']
Zuhair Al-Jezairy	/wiki/Zuhair_Al-Jezairy	['1900', '1950']
Atwar Bahjat	/wiki/Atwar_Bahjat	['1900', '1950']
Rauf Hassan	/wiki/Rauf_Hassan	['1900', '1950']
Bilal Hussein	/wiki/Bilal_Hussein	['1900', '1950']
Salam Pax	/wiki/Salam_Pax	['1900', '1950']
Taher Thabet	/wiki/Taher_Thabet	['1900', '1950']
Ghaith Abdul-Ahad	/wiki/Ghaith_Abdul-Ahad	['1900', '1950']
Lorraine Ali	/wiki/Lorraine_Ali	['1900', '1950']
Leila Barclay	/wiki/Leila_Barclay	['1900', '1950']
Nina Burleigh	/wiki/Nina_Burleigh	['1900', '1950']
Dunja Hayali	/wiki/Dunja_Hayali	['1900', '1950']
Salam Karam	/wiki/Salam_Karam	['1900', '1950']
Farah Nosh	/wiki/Farah_Nosh	['1900', '1950']
Michelle Nouri	/wiki/Michelle_Nouri	['1900', '1950']
Daniel Pearl	/wiki/Daniel_Pearl	['1963', '2002']
Tim Judah	/wiki/Tim_Judah	['1900', '1950']
Sharif Hikmat Nashashibi	/wiki/Sharif_Hikmat_Nashashibi	['1900', '1950']
Abdul Karim Qasim	/wiki/Abdul_Karim_Qasim	['1900', '1950']
Ashur-nasir-pal II	/wiki/Ashur-nasir-pal_II	['1900', '1950']
Hamid Raja Shalah	/wiki/Hamid_Raja_Shalah	['1900', '1950']
Sayf al-Dawla	/wiki/Sayf_al-Dawla	['1900', '1950']
Nebuchadrezzar II	/wiki/Nebuchadrezzar_II	['1900', '1950']
Salah al-Din al-Sabbagh	/wiki/Salah_al-Din_al-Sabbagh	['1889', '1945']
Hagop Hagopian	/wiki/Hagop_Hagopian_(guerilla)	['1900', '1950']
Toma Tomas	/wiki/Toma_Tomas	['1900', '1950']
J. F. R. Jacob	/wiki/J._F._R._Jacob	['1923', '2025']
Maria Theresa Asmar	/wiki/Maria_Theresa_Asmar	['1900', '1950']
Dan Halutz	/wiki/Dan_Halutz	['1900', '1950']
Ibrahim Mohammed Khalil	/wiki/Ibrahim_Mohammed_Khalil	['1900', '1950']
Manisa Tarzanı	/wiki/Manisa_Tarzan%C4%B1	['1900', '1950']
Moshe Levi	/wiki/Moshe_Levi	['1900', '1950']
Moshe Barazani	/wiki/Moshe_Barazani	['1900', '1950']
Yitzhak Mordechai	/wiki/Yitzhak_Mordechai	['1900', '1950']
Muayyed Nureddin	/wiki/Muayyed_Nureddin	['1900', '1950']
Ibn Rajab	/wiki/Ibn_Rajab	['1900', '1950']
Taban Shoresh	/wiki/Taban_Shoresh	['1900', '1950']
Curtis Sliwa	/wiki/Curtis_Sliwa	['1900', '1950']
Nadya Suleman	/wiki/Nadya_Suleman	['1900', '1950']
Klodia Hanna	/wiki/Klodia_Hanna	['1900', '1950']
Shimaa Qasim	/wiki/Shimaa_Qasim	['1900', '1950']
Tara Fares	/wiki/Tara_Fares	['1900', '1950']
Pramila	/wiki/Pramila_(Esther_Victoria_Abraham)	['1900', '1950']
Somy Ali	/wiki/Somy_Ali	['1900', '1950']
Amy Fadhli	/wiki/Amy_Fadhli	['1900', '1950']
Viola Haqi	/wiki/Viola_Haqi	['1900', '1950']
Hashemite	/wiki/Hashemite	['1900', '1950']
Sumerian king list	/wiki/Sumerian_king_list	['1900', '1950']
Ilham al-Madfai	/wiki/Ilham_al-Madfai	['1900', '1950']
Rida Al Abdullah	/wiki/Rida_Al_Abdullah	['1900', '1950']
Acrassicauda	/wiki/Acrassicauda	['1900', '1950']
Nazem Al-Ghazali	/wiki/Nazem_Al-Ghazali	['1900', '1950']
Rahim AlHaj	/wiki/Rahim_AlHaj	['1900', '1950']
Basim al-karbalaie	/wiki/Basim_al-karbalaie	['1900', '1950']
Hussam Al-Rassam	/wiki/Hussam_Al-Rassam	['1900', '1950']
Kathem Al Saher	/wiki/Kathem_Al_Saher	['1900', '1950']
Ashur Bet Sargis	/wiki/Ashur_Bet_Sargis	['1900', '1950']
Jamil Bachir	/wiki/Jamil_Bachir	['1900', '1950']
Munir Bashir	/wiki/Munir_Bashir	['1900', '1950']
Zakaria Abdulla	/wiki/Zakaria_Abdulla	['1900', '1950']
Seta Hagopian	/wiki/Seta_Hagopian	['1900', '1950']
Klodia Hanna	/wiki/Klodia_Hanna	['1900', '1950']
Shatha Hassoun	/wiki/Shatha_Hassoun	['1900', '1950']
Bashar Lulua	/wiki/Bashar_Lulua	['1900', '1950']
Majid Al Muhandis	/wiki/Majid_Al_Muhandis	['1900', '1950']
Ahmed Mukhtar	/wiki/Ahmed_Mukhtar	['1900', '1950']
Beatrice Ohanessian	/wiki/Beatrice_Ohanessian	['1927', '2008']
Salima Pasha	/wiki/Salima_Pasha	['1900', '1950']
Hanna Petros	/wiki/Hanna_Petros	['1896', '1958']
Janan Sawa	/wiki/Janan_Sawa	['1900', '1950']
Linda George	/wiki/Linda_George_(Assyrian_singer)	['1900', '1950']
Juliana Jendo	/wiki/Juliana_Jendo	['1900', '1950']
Naseer Shamma	/wiki/Naseer_Shamma	['1900', '1950']
Nawfal Shamoun	/wiki/Nawfal_Shamoun	['1900', '1950']
Salman Shukur	/wiki/Salman_Shukur	['1900', '1950']
Sahar Taha	/wiki/Sahar_Taha	['1900', '1950']
Unknown to No One	/wiki/Unknown_to_No_One	['1900', '1950']
Haitham Yousif	/wiki/Haitham_Yousif	['1900', '1950']
Mansour Zalzal	/wiki/Mansour_Zalzal	['1900', '1950']
Ziryab	/wiki/Ziryab	['1900', '1950']
Tara Jaff	/wiki/Tara_Jaff	['1900', '1950']
Moshe Peretz	/wiki/Moshe_Peretz	['10', '2025']
Rami Fortis	/wiki/Rami_Fortis	['1900', '1950']
Lior Narkis	/wiki/Lior_Narkis	['1900', '1950']
Yair Dalal	/wiki/Yair_Dalal	['1900', '1950']
Elliott Yamin	/wiki/Elliott_Yamin	['1900', '1950']
Stacey Solomon	/wiki/Stacey_Solomon	['1900', '1950']
Omar Bashir	/wiki/Omar_Bashir_(musician)	['1900', '1950']
Robin Ghosh	/wiki/Robin_Ghosh	['1939', '2025']
Brian Elias	/wiki/Brian_Elias	['30', '2025']
Hanan Alattar	/wiki/Hanan_Alattar	['1900', '1950']
Laith Al-Deen	/wiki/Laith_Al-Deen	['1900', '1950']
Farida Mohammad Ali	/wiki/Farida_Mohammad_Ali	['1900', '1950']
Nora Foss al-Jabri	/wiki/Nora_Foss_al-Jabri	['1900', '1950']
Saleh and Daoud Al-Kuwaity	/wiki/Saleh_and_Daoud_Al-Kuwaity	['1900', '1950']
Inbar Bakal	/wiki/Inbar_Bakal	['1900', '1950']
Bruno Coulais	/wiki/Bruno_Coulais	['1900', '1950']
Yair Dalal	/wiki/Yair_Dalal	['1900', '1950']
Amir ElSaffar	/wiki/Amir_ElSaffar	['1900', '1950']
Rami Fortis	/wiki/Rami_Fortis	['1900', '1950']
Munir Bashir	/wiki/Munir_Bashir	['1900', '1950']
Juliana Jendo	/wiki/Juliana_Jendo	['1900', '1950']
Klodia Hanna	/wiki/Klodia_Hanna	['1900', '1950']
Ashur Bet Sargis	/wiki/Ashur_Bet_Sargis	['1900', '1950']
Lowkey	/wiki/Lowkey	['1900', '1950']
Narcy	/wiki/Narcy_(rapper)	['1900', '1950']
Aida Nadeem	/wiki/Aida_Nadeem	['1900', '1950']
Esma Redžepova	/wiki/Esma_Red%C5%BEepova	['1900', '1950']
Shlomo	/wiki/Shlomo_(human_beatbox)	['1900', '1950']
TIMZ	/wiki/TIMZ	['1900', '1950']
Elliott Yamin	/wiki/Elliott_Yamin	['1900', '1950']
Daron Malakian	/wiki/Daron_Malakian	['1900', '1950']
Roni Dalumi	/wiki/Roni_Dalumi	['1900', '1950']
Darin	/wiki/Darin_(singer)	['1900', '1950']
Loris Ohannes Chobanian	/wiki/Loris_Ohannes_Chobanian	['1900', '1950']
Khyam Allami	/wiki/Khyam_Allami	['1900', '1950']
Abd al-Latif al-Baghdadi	/wiki/Abd_al-Latif_al-Baghdadi_(medieval_writer)	['1900', '1950']
Munjed Al Muderis	/wiki/Munjed_Al_Muderis	['1900', '1950']
Bukhtishu	/wiki/Bukhtishu	['1900', '1950']
Esagil-kin-apli	/wiki/Esagil-kin-apli	['1900', '1950']
Ibn Hubal	/wiki/Ibn_Hubal	['1900', '1950']
Hunayn ibn Ishaq	/wiki/Hunayn_ibn_Ishaq	['1900', '1950']
Al-Kindi	/wiki/Al-Kindi	['1900', '1950']
Sinan ibn Thabit	/wiki/Sinan_ibn_Thabit	['1900', '1950']
Yuhanna Ibn Masawaih	/wiki/Yuhanna_Ibn_Masawaih	['1900', '1950']
Ibn Kammuna	/wiki/Ibn_Kammuna	['1900', '1950']
Sinan Al Shabibi	/wiki/Sinan_Al_Shabibi	['1900', '1950']
Nuri al-Said	/wiki/Nuri_al-Said	['1900', '1950']
Sharif Ali bin al-Hussein	/wiki/Sharif_Ali_bin_al-Hussein	['1900', '1950']
'Abd al-Ilah	/wiki/%27Abd_al-Ilah	['1900', '1950']
Huzaima bint Nasser	/wiki/Huzaima_bint_Nasser	['1884', '1935']
Aliya bint Ali	/wiki/Aliya_bint_Ali	['1900', '1950']
Abd al-Rahman al-Bazzaz	/wiki/Abd_al-Rahman_al-Bazzaz	['1913', '1973']
Arshad al-Umari	/wiki/Arshad_al-Umari	['1900', '1950']
Naji al-Suwaydi	/wiki/Naji_al-Suwaydi	['1882', '1942']
Talib al-Naqib	/wiki/Talib_al-Naqib	['1900', '1950']
Khudayer Abbas	/wiki/Khudayer_Abbas	['1900', '1950']
Izzat Ibrahim ad-Douri	/wiki/Izzat_Ibrahim_ad-Douri	['1900', '1950']
Haidar al-Abbadi	/wiki/Haidar_al-Abbadi	['1900', '1950']
Ali Jawdat al-Aiyubi	/wiki/Ali_Jawdat_al-Aiyubi	['1900', '1950']
Mohammed A. Aldouri	/wiki/Mohammed_A._Aldouri	['1900', '1950']
Iyad Allawi	/wiki/Iyad_Allawi	['1900', '1950']
Alaudin Abdul-Saheb al-Alwan	/wiki/Alaudin_Abdul-Saheb_al-Alwan	['1900', '1950']
Jafar al-Askari	/wiki/Jafar_al-Askari	['1900', '1950']
Nori al-Badran	/wiki/Nori_al-Badran	['1900', '1950']
Ahmed Hassan al-Bakr	/wiki/Ahmed_Hassan_al-Bakr	['1900', '1950']
Ahmed al-Barak	/wiki/Ahmed_al-Barak	['1900', '1950']
Abd ar-Rahman al-Bazzaz	/wiki/Abd_ar-Rahman_al-Bazzaz	['1900', '1950']
Naseer al-Chaderchi	/wiki/Naseer_al-Chaderchi	['1900', '1950']
Kamil Mubdir al-Gailani	/wiki/Kamil_Mubdir_al-Gailani	['1900', '1950']
Ali Faik al-Ghadban	/wiki/Ali_Faik_al-Ghadban	['1900', '1950']
Mohammed Shakir al-Ghanam	/wiki/Mohammed_Shakir_al-Ghanam	['1900', '1950']
Mahdi al-Hafidh	/wiki/Mahdi_al-Hafidh	['1900', '1950']
Ali Al-Haidri	/wiki/Ali_Al-Haidri	['1900', '1950']
Abdul Aziz al-Hakim	/wiki/Abdul_Aziz_al-Hakim	['1900', '1950']
Abdul Razak al-Hashimi	/wiki/Abdul_Razak_al-Hashimi	['1900', '1950']
Aqila al-Hashimi	/wiki/Aqila_al-Hashimi	['1900', '1950']
Yasin al-Hashimi	/wiki/Yasin_al-Hashimi	['1900', '1950']
Taha al-Hashimi	/wiki/Taha_al-Hashimi	['1900', '1950']
Hajim al-Hassani	/wiki/Hajim_al-Hassani	['1900', '1950']
Ibrahim al-Jaafari	/wiki/Ibrahim_al-Jaafari	['1900', '1950']
Mofeed Mohammed Jawad al-Jazaeri	/wiki/Mofeed_Mohammed_Jawad_al-Jazaeri	['1900', '1950']
Rashid Ali al-Kaylani	/wiki/Rashid_Ali_al-Kaylani	['1900', '1950']
Abd ar-Rahman al-Haydari al-Kaylani	/wiki/Abd_ar-Rahman_al-Haydari_al-Kaylani	['1900', '1950']
Salama al-Khufaji	/wiki/Salama_al-Khufaji	['1900', '1950']
Raja Habib al-Khuzaai	/wiki/Raja_Habib_al-Khuzaai	['1900', '1950']
Pascal Esho Warda	/wiki/Pascal_Esho_Warda	['1900', '1950']
Ali Abdul-Amir Allawi	/wiki/Ali_Abdul-Amir_Allawi	['1900', '1950']
Ali Hassan al-Majid	/wiki/Ali_Hassan_al-Majid	['1900', '1950']
Sami Izara al-Majoun	/wiki/Sami_Izara_al-Majoun	['1900', '1950']
Nouri al-Maliki	/wiki/Nouri_al-Maliki	['1900', '1950']
Naziha al-Dulaimi	/wiki/Naziha_al-Dulaimi	['1900', '1950']
Jamil al-Midfai	/wiki/Jamil_al-Midfai	['1900', '1950']
Abdel-Karim Mahoud al-Mohammedawi	/wiki/Abdel-Karim_Mahoud_al-Mohammedawi	['1900', '1950']
Rashid al-Rifai	/wiki/Rashid_al-Rifai	['1900', '1950']
Mowaffak al-Rubaie	/wiki/Mowaffak_al-Rubaie	['1900', '1950']
Muqtada al-Sadr	/wiki/Muqtada_al-Sadr	['1900', '1950']
Muhammad Saeed al-Sahhaf	/wiki/Muhammad_Saeed_al-Sahhaf	['1900', '1950']
Ayham al-Samaraie	/wiki/Ayham_al-Samaraie	['1900', '1950']
Hussain al-Shahristani	/wiki/Hussain_al-Shahristani	['1900', '1950']
Hashim Abdul-Rahman al-Shibli	/wiki/Hashim_Abdul-Rahman_al-Shibli	['1900', '1950']
Tawfiq al-Suwaidi	/wiki/Tawfiq_al-Suwaidi	['1900', '1950']
Abd al-Muhsin as-Sa'dun	/wiki/Abd_al-Muhsin_as-Sa%27dun	['1900', '1950']
Sultan Hashim Ahmad al-Tai	/wiki/Sultan_Hashim_Ahmad_al-Tai	['1900', '1950']
Rafi' Dahham Al-Tikriti	/wiki/Rafi%27_Dahham_Al-Tikriti	['1900', '1950']
Barzan Ibrahim al-Tikriti	/wiki/Barzan_Ibrahim_al-Tikriti	['1900', '1950']
Sabawi Ibrahim al-Tikriti	/wiki/Sabawi_Ibrahim_al-Tikriti	['1900', '1950']
Watban Ibrahim al-Tikriti	/wiki/Watban_Ibrahim_al-Tikriti	['1900', '1950']
Mohammed Bahr al-Uloum	/wiki/Mohammed_Bahr_al-Uloum	['1900', '1950']
Ibrahim Mohamed Bahr al-Uloum	/wiki/Ibrahim_Mohamed_Bahr_al-Uloum	['1900', '1950']
Ghazi Mashal Ajil al-Yawer	/wiki/Ghazi_Mashal_Ajil_al-Yawer	['1900', '1950']
Dara Noor Alzin	/wiki/Dara_Noor_Alzin	['1900', '1950']
Abdul Rahman Arif	/wiki/Abdul_Rahman_Arif	['1900', '1950']
Abdul Salam Arif	/wiki/Abdul_Salam_Arif	['1900', '1950']
Muhammad Najib ar-Ruba'i	/wiki/Muhammad_Najib_ar-Ruba%27i	['1900', '1950']
Abd al-Muhsin as-Sa'dun	/wiki/Abd_al-Muhsin_as-Sa%27dun	['1900', '1950']
Nuri as-Said	/wiki/Nuri_as-Said	['1900', '1950']
Zeyad Abdul-Razzaq Mohammed Aswad	/wiki/Zeyad_Abdul-Razzaq_Mohammed_Aswad	['1900', '1950']
Tariq Aziz	/wiki/Tariq_Aziz	['28', '2025']
Salaheddine Bahaaeddin	/wiki/Salaheddine_Bahaaeddin	['1900', '1950']
Massoud Barzani	/wiki/Massoud_Barzani	['1900', '1950']
Nesreen Mustafa Sidiq Berwari	/wiki/Nesreen_Mustafa_Sidiq_Berwari	['1900', '1950']
Ahmed Chalabi	/wiki/Ahmed_Chalabi	['30', '2025']
Sondul Chapouk	/wiki/Sondul_Chapouk	['1900', '1950']
Sassoon Eskell	/wiki/Sassoon_Eskell	['1900', '1950']
Ali Fadel	/wiki/Ali_Fadel	['1900', '1950']
Aras Habib	/wiki/Aras_Habib	['1900', '1950']
Mohsen Abdel Hamid	/wiki/Mohsen_Abdel_Hamid	['1900', '1950']
Saddam Hussein	/wiki/Saddam_Hussein	['1900', '1950']
Hussein Kamel al-Majid	/wiki/Hussein_Kamel_al-Majid	['1900', '1950']
Hatem Kamil	/wiki/Hatem_Kamil	['1900', '1950']
Abdul-Rahman Sidiq Kareem	/wiki/Abdul-Rahman_Sidiq_Kareem	['1900', '1950']
Lamiya Abed Khadawi	/wiki/Lamiya_Abed_Khadawi	['1900', '1950']
Mohammed Jassem Khudair	/wiki/Mohammed_Jassem_Khudair	['1900', '1950']
Wael Abdul Latif	/wiki/Wael_Abdul_Latif	['1900', '1950']
Samir Shakir Mahmoud	/wiki/Samir_Shakir_Mahmoud	['1900', '1950']
Abdul-Wahab Mirjan	/wiki/Abdul-Wahab_Mirjan	['1900', '1950']
Hamid Majid Mousa	/wiki/Hamid_Majid_Mousa	['1900', '1950']
Rashad Mandan Omar	/wiki/Rashad_Mandan_Omar	['1900', '1950']
Mahmoud Othman	/wiki/Mahmoud_Othman	['1900', '1950']
Adnan Pachachi	/wiki/Adnan_Pachachi	['1900', '1950']
Behnam Zayya Polis	/wiki/Behnam_Zayya_Polis	['1900', '1950']
Abdul Karim Qassim	/wiki/Abdul_Karim_Qassim	['1900', '1950']
Mohammed Tawfik Raheem	/wiki/Mohammed_Tawfik_Raheem	['1900', '1950']
Abdul-Ameer Abboud Rahima	/wiki/Abdul-Ameer_Abboud_Rahima	['1900', '1950']
Taha Yassin Ramadan	/wiki/Taha_Yassin_Ramadan	['1900', '1950']
Abdul-Latif Rashid	/wiki/Abdul-Latif_Rashid	['1900', '1950']
Naji Sabri	/wiki/Naji_Sabri	['1900', '1950']
Barham Salih	/wiki/Barham_Salih	['1900', '1950']
Ezzedine Salim	/wiki/Ezzedine_Salim	['1900', '1950']
David Sassoon	/wiki/David_Sassoon	['1900', '1950']
Talib Shabib	/wiki/Talib_Shabib	['1900', '1950']
Naji Shawkat	/wiki/Naji_Shawkat	['1900', '1950']
Bakr Sidqi	/wiki/Bakr_Sidqi	['1900', '1950']
Bayan Baqir Solagh	/wiki/Bayan_Baqir_Solagh	['1900', '1950']
Hikmat Sulayman	/wiki/Hikmat_Sulayman	['1900', '1950']
Jalal Talabani	/wiki/Jalal_Talabani	['1900', '1950']
Abdul-Basit Turki	/wiki/Abdul-Basit_Turki	['1900', '1950']
Haitham Rashid Wihaib	/wiki/Haitham_Rashid_Wihaib	['1900', '1950']
Hoshyar Zebari	/wiki/Hoshyar_Zebari	['1900', '1950']
Mohammed Amza Zubeidi	/wiki/Mohammed_Amza_Zubeidi	['1900', '1950']
Jalal Dabagh	/wiki/Jalal_Dabagh	['1900', '1950']
Aiham Alsammarae	/wiki/Aiham_Alsammarae	['1900', '1950']
Rend al-Rahim Francke	/wiki/Rend_al-Rahim_Francke	['1949', '2025']
Sir Philip Sassoon, 3rd Baronet	/wiki/Sir_Philip_Sassoon,_3rd_Baronet	['1900', '1950']
Maurice Saatchi, Baron Saatchi	/wiki/Maurice_Saatchi,_Baron_Saatchi	['21', '2025']
Andrew Rohan	/wiki/Andrew_Rohan	['1948', '2025']
Nadhim Zahawi	/wiki/Nadhim_Zahawi	['1900', '1950']
Aryeh Bibi	/wiki/Aryeh_Bibi	['28', '2025']
Anood Al-Samerai	/wiki/Anood_Al-Samerai	['1900', '1950']
Binyamin Ben-Eliezer	/wiki/Binyamin_Ben-Eliezer	['1900', '1950']
José Murat Casab	/wiki/Jos%C3%A9_Murat_Casab	['1900', '1950']
Ra'anan Cohen	/wiki/Ra%27anan_Cohen	['1900', '1950']
Ran Cohen	/wiki/Ran_Cohen	['1900', '1950']
Saad Hariri	/wiki/Saad_Hariri	['1900', '1950']
Dalia Itzik	/wiki/Dalia_Itzik	['1900', '1950']
David Marshall	/wiki/David_Marshall_(Singaporean_politician)	['1900', '1950']
Eliyahu Navi	/wiki/Eliyahu_Navi	['1900', '1950']
Ebrahim Daoud Nonoo	/wiki/Ebrahim_Daoud_Nonoo	['1900', '1950']
Houda Nonoo	/wiki/Houda_Nonoo	['1900', '1950']
Anna Eshoo	/wiki/Anna_Eshoo	['1900', '1950']
Esabelle Dingizian	/wiki/Esabelle_Dingizian	['1900', '1950']
Murad Artin	/wiki/Murad_Artin	['1900', '1950']
Les Gara	/wiki/Les_Gara	['1900', '1950']
Franso Hariri	/wiki/Franso_Hariri	['1900', '1950']
Fawzi Hariri	/wiki/Fawzi_Hariri	['1900', '1950']
David Marshall	/wiki/David_Marshall_(Singaporean_politician)	['1900', '1950']
Andraos Abouna	/wiki/Andraos_Abouna	['1900', '1950']
Shimon Agassi	/wiki/Shimon_Agassi	['1852', '1914']
Asenath Barzani	/wiki/Asenath_Barzani	['1590', '1670']
Raphael I Bidawid	/wiki/Raphael_I_Bidawid	['1900', '1950']
Basile Georges Casmoussa	/wiki/Basile_Georges_Casmoussa	['1900', '1950']
Louis Cheikhô	/wiki/Louis_Cheikh%C3%B4	['1900', '1950']
Paul II Cheikho	/wiki/Paul_II_Cheikho	['1900', '1950']
Emmanuel III Delly	/wiki/Emmanuel_III_Delly	['1900', '1950']
Mar Dinkha IV	/wiki/Mar_Dinkha_IV	['1900', '1950']
Mordechai Eliyahu	/wiki/Mordechai_Eliyahu	['1900', '1950']
Muhsin al-Hakim	/wiki/Muhsin_al-Hakim	['1900', '1950']
Yosef Hayyim	/wiki/Yosef_Hayyim	['1900', '1950']
Abraham Hillel	/wiki/Abraham_Hillel	['1900', '1950']
Jules Mikhael Al-Jamil	/wiki/Jules_Mikhael_Al-Jamil	['1900', '1950']
Yitzchak Kaduri	/wiki/Yitzchak_Kaduri	['1900', '1950']
Anastas Al-Karmali	/wiki/Anastas_Al-Karmali	['1900', '1950']
Mani	/wiki/Mani_(prophet)	['1900', '1950']
Torkom Manoogian	/wiki/Torkom_Manoogian	['1900', '1950']
Yitzhak Nissim	/wiki/Yitzhak_Nissim	['1896', '1981']
Muhammad Baqir al-Sadr	/wiki/Muhammad_Baqir_al-Sadr	['1900', '1950']
Rabban Bar Sauma	/wiki/Rabban_Bar_Sauma	['1220', '1294']
Shah Mustafa	/wiki/Shah_Mustafa	['1900', '1950']
Yahballaha III	/wiki/Yahballaha_III	['1900', '1950']
Ovadia Yosef	/wiki/Ovadia_Yosef	['1900', '1950']
Bassim Abbas	/wiki/Bassim_Abbas	['1900', '1950']
Gezi Cohen	/wiki/Gezi_Cohen	['1938', '2025']
Fareed Lafta	/wiki/Fareed_Lafta	['1900', '1950']
Ali Adnan Kadhim	/wiki/Ali_Adnan_Kadhim	['1900', '1950']
Haidar Abdul-Razzaq	/wiki/Haidar_Abdul-Razzaq	['1900', '1950']
Yaser Kasim	/wiki/Yaser_Kasim	['10', '2025']
Ahmed Yasin Ghani	/wiki/Ahmed_Yasin_Ghani	['1900', '1950']
Haidar Aboodi	/wiki/Haidar_Aboodi	['1900', '1950']
Nashat Akram	/wiki/Nashat_Akram	['12', '2025']
Najah Ali	/wiki/Najah_Ali	['1900', '1950']
Adnan Al-Kaissie	/wiki/Adnan_Al-Kaissie	['1900', '1950']
Abdul Wahid Aziz	/wiki/Abdul_Wahid_Aziz	['1900', '1950']
Ammo Baba	/wiki/Ammo_Baba	['1900', '1950']
Youra Eshaya	/wiki/Youra_Eshaya	['1900', '1950']
Faisal Faisal	/wiki/Faisal_Faisal	['1900', '1950']
Ghanim Ghudayer	/wiki/Ghanim_Ghudayer	['1900', '1950']
Basil Gorgis	/wiki/Basil_Gorgis	['1900', '1950']
Jassim Muhammad Haji	/wiki/Jassim_Muhammad_Haji	['1900', '1950']
Humam Tariq	/wiki/Humam_Tariq	['1900', '1950']
Falah Hassan	/wiki/Falah_Hassan	['1900', '1950']
Louay Salah Hassan	/wiki/Louay_Salah_Hassan	['1900', '1950']
Khaldoun Ibrahim	/wiki/Khaldoun_Ibrahim	['1900', '1950']
Salih Jaber	/wiki/Salih_Jaber	['1900', '1950']
Abbas Obeid Jassim	/wiki/Abbas_Obeid_Jassim	['1900', '1950']
Mahdi Karim	/wiki/Mahdi_Karim	['1900', '1950']
Younis Mahmoud	/wiki/Younis_Mahmoud	['1900', '1950']
Ahmad Mnajed	/wiki/Ahmad_Mnajed	['1900', '1950']
Emad Mohammed	/wiki/Emad_Mohammed	['1900', '1950']
Karrar Jassim Mohammed	/wiki/Karrar_Jassim_Mohammed	['1900', '1950']
Hawar Mulla Mohammed	/wiki/Hawar_Mulla_Mohammed	['1900', '1950']
Sarhang Muhsin	/wiki/Sarhang_Muhsin	['1900', '1950']
Samal Saeed Mujbel	/wiki/Samal_Saeed_Mujbel	['1900', '1950']
Qusay Munir	/wiki/Qusay_Munir	['1900', '1950']
Mohammad Nasser	/wiki/Mohammad_Nasser	['1900', '1950']
Yassir Raad	/wiki/Yassir_Raad	['1900', '1950']
Ahmed Radhi	/wiki/Ahmed_Radhi	['1900', '1950']
Ali Rehema	/wiki/Ali_Rehema	['1900', '1950']
Noor Sabri	/wiki/Noor_Sabri	['1900', '1950']
Salih Sadir	/wiki/Salih_Sadir	['1900', '1950']
Hussein Saeed	/wiki/Hussein_Saeed	['1900', '1950']
Edison David	/wiki/Edison_David	['1900', '1950']
Kadhem Sharif	/wiki/Kadhem_Sharif	['1900', '1950']
Hana Shezifi	/wiki/Hana_Shezifi	['1943', '2025']
Abdul-Razzaq Ahmed Taha	/wiki/Abdul-Razzaq_Ahmed_Taha	['1900', '1950']
Thamer Yousif	/wiki/Thamer_Yousif	['1900', '1950']
Saadi Toma	/wiki/Saadi_Toma	['25', '2025']
Peter Murad	/wiki/Peter_Murad	['1900', '1950']
Humam Tariq	/wiki/Humam_Tariq	['1900', '1950']
Justin Meram	/wiki/Justin_Meram	['1988', '2025']
Frans Dhia Putros	/wiki/Frans_Dhia_Putros	['1900', '1950']
Moshe Agami	/wiki/Moshe_Agami	['1900', '1950']
Andreas Haddad	/wiki/Andreas_Haddad	['1900', '1950']
Frans Dhia Putros	/wiki/Frans_Dhia_Putros	['1900', '1950']
Riyadh Al-Azzawi	/wiki/Riyadh_Al-Azzawi	['1900', '1950']
Rabeh Al-Hussaini	/wiki/Rabeh_Al-Hussaini	['1900', '1950']
Faris Al-Sultan	/wiki/Faris_Al-Sultan	['1900', '1950']
Avram Grant	/wiki/Avram_Grant	['1900', '1950']
Shwan Jalal	/wiki/Shwan_Jalal	['1900', '1950']
Bovar Karim	/wiki/Bovar_Karim	['1900', '1950']
Karo Murat	/wiki/Karo_Murat	['1900', '1950']
Christer Youssef	/wiki/Christer_Youssef	['1987', '2025']
Joseph Judah	/wiki/Joseph_Judah	['1900', '1950']
Daniel Judah	/wiki/Daniel_Judah	['1900', '1950']
Zab Judah	/wiki/Zab_Judah	['1900', '1950']
Josiah Judah	/wiki/Josiah_Judah	['1900', '1950']
Yoel Judah	/wiki/Yoel_Judah	['1956', '2025']
Rosil Al Azawi	/wiki/Rosil_Al_Azawi	['1900', '1950']
Jasim Al-Azzawi	/wiki/Jasim_Al-Azzawi	['1900', '1950']
Suhair al-Qaisi	/wiki/Suhair_al-Qaisi	['1985', '2025']
Laila Al Shaikhli	/wiki/Laila_Al_Shaikhli	['1900', '1950']
Anwar Al-Hamadani	/wiki/Anwar_Al-Hamadani	['1900', '1950']
Rola Bahnam	/wiki/Rola_Bahnam	['1900', '1950']
Shaima Zubeir	/wiki/Shaima_Zubeir	['1900', '1950']
Sama Dizayee	/wiki/Sama_Dizayee	['1900', '1950']
Alan Yentob	/wiki/Alan_Yentob	['11', '2025']
Kenza Braiga	/wiki/Kenza_Braiga	['1900', '1950']
Péri Cochin	/wiki/P%C3%A9ri_Cochin	['1900', '1950']
Eli Yatzpan	/wiki/Eli_Yatzpan	['1900', '1950']
Bahira Abdulatif	/wiki/Bahira_Abdulatif	['1900', '1950']
Nazik Al-Malaika	/wiki/Nazik_Al-Malaika	['1900', '1950']
Abd al-Wahhab Al-Bayati	/wiki/Abd_al-Wahhab_Al-Bayati	['1900', '1950']
Saadi Yousef	/wiki/Saadi_Yousef	['1934', '2025']
Abd al-Wahhab Al-Bayati	/wiki/Abd_al-Wahhab_Al-Bayati	['1900', '1950']
Ferhad Shakely	/wiki/Ferhad_Shakely	['1951', '2025']
Muhammad Mahdi al-Jawahiri	/wiki/Muhammad_Mahdi_al-Jawahiri	['1900', '1950']
Badr Shakir al-Sayyab	/wiki/Badr_Shakir_al-Sayyab	['1900', '1950']
Rabia Basri	/wiki/Rabia_Basri	['1900', '1950']
Enheduanna	/wiki/Enheduanna	['1900', '1950']
Amira Hess	/wiki/Amira_Hess	['1900', '1950']
Haifa Zangana	/wiki/Haifa_Zangana	['1950', '2025']
Daisy Al-Amir	/wiki/Daisy_Al-Amir	['1900', '1950']
Sargon Boulus	/wiki/Sargon_Boulus	['1900', '1950']
Walid al-Kubaisi	/wiki/Walid_al-Kubaisi	['1900', '1950']
Thura Al Windawi	/wiki/Thura_Al_Windawi	['1900', '1950']
Jamil Sidqi al-Zahawi	/wiki/Jamil_Sidqi_al-Zahawi	['1900', '1950']
Inaam Kachachi	/wiki/Inaam_Kachachi	['1942', '2025']
Hafsa Bikri	/wiki/Hafsa_Bikri	['1900', '1950']
Ya'qub Bilbul	/wiki/Ya%27qub_Bilbul	['1900', '1950']
Naeim Giladi	/wiki/Naeim_Giladi	['1900', '1950']
Jamal Jumá	/wiki/Jamal_Jum%C3%A1	['1900', '1950']
Betool Khedairi	/wiki/Betool_Khedairi	['1900', '1950']
User:RTBKH	/wiki/User:RTBKH	['1900', '1950']
Farida Khalaf	/wiki/Farida_Khalaf	['1900', '1950']
Moshe Levy	/wiki/Moshe_Levy_(author)	['1900', '1950']
Alia Mamdouh	/wiki/Alia_Mamdouh	['1900', '1950']
Sami Michael	/wiki/Sami_Michael	['1900', '1950']
Dunya Mikhail	/wiki/Dunya_Mikhail	['1900', '1950']
Samir Naqqash	/wiki/Samir_Naqqash	['1900', '1950']
Abu Nuwas	/wiki/Abu_Nuwas	['750', '810']
David Rabeeya	/wiki/David_Rabeeya	['1938', '2025']
Mahmoud Saeed	/wiki/Mahmoud_Saeed	['1900', '1950']
Samuel Shimon	/wiki/Samuel_Shimon	['1900', '1950']
Rena Kirdar Sindi	/wiki/Rena_Kirdar_Sindi	['1900', '1950']
Reuven Snir	/wiki/Reuven_Snir	['1900', '1950']
Haifa Zangana	/wiki/Haifa_Zangana	['1900', '1950']
'Atika Wahbi al-Khazraji	/wiki/%27Atika_Wahbi_al-Khazraji	['1924', '1997']
Abdul Rahman Munif	/wiki/Abdul_Rahman_Munif	['1933', '2004']
Abraham Yahuda	/wiki/Abraham_Yahuda	['1877', '1951']
Achmed Khammas	/wiki/Achmed_Khammas	['1900', '1950']
Alia Mamdouh	/wiki/Alia_Mamdouh	['1944', '2025']
Alise Alousi	/wiki/Alise_Alousi	['1900', '1950']
Alon Ben-Meir	/wiki/Alon_Ben-Meir	['1900', '1950']
Amira Hess	/wiki/Amira_Hess	['1900', '1950']
Ari Ben-Menashe	/wiki/Ari_Ben-Menashe	['1900', '1950']
Armand Nassery	/wiki/Armand_Nassery	['1900', '1950']
Eli Amir	/wiki/Eli_Amir	['1900', '1950']
Ella Habiba Shohat	/wiki/Ella_Habiba_Shohat	['1900', '1950']
Greg Patent	/wiki/Greg_Patent	['1900', '1950']
Jack Marshall	/wiki/Jack_Marshall_(author)	['1900', '1950']
Khalid al-Maaly	/wiki/Khalid_al-Maaly	['1900', '1950']
Hassan Abdulrazzak	/wiki/Hassan_Abdulrazzak	['1900', '1950']
Leilah Nadir	/wiki/Leilah_Nadir	['1900', '1950']
Loolwa Khazzoom	/wiki/Loolwa_Khazzoom	['1900', '1950']
Lorraine Ali	/wiki/Lorraine_Ali	['1900', '1950']
M.T. Mehdi	/wiki/M.T._Mehdi	['1900', '1950']
Michelle Nouri	/wiki/Michelle_Nouri	['1900', '1950']
Naïm Kattan	/wiki/Na%C3%AFm_Kattan	['1900', '1950']
Rachel Shabi	/wiki/Rachel_Shabi	['1900', '1950']
Rachel Wahba	/wiki/Rachel_Wahba	['1900', '1950']
Raed Jarrar	/wiki/Raed_Jarrar	['1900', '1950']
Ronny Someck	/wiki/Ronny_Someck	['1900', '1950']
Sami Michael	/wiki/Sami_Michael	['1900', '1950']
Shant Kenderian	/wiki/Shant_Kenderian	['1900', '1950']
Siegfried Loraine Sassoon	/wiki/Siegfried_Loraine_Sassoon	['1861', '1895']
Sinan Antoon	/wiki/Sinan_Antoon	['1967', '2025']
Suzanne Alaywan	/wiki/Suzanne_Alaywan	['1900', '1950']
Zainab Salbi	/wiki/Zainab_Salbi	['1900', '1950']
Zuhur Dixon	/wiki/Zuhur_Dixon	['1933', '2025']
