text	link	year
French migration to the United Kingdom	/wiki/French_migration_to_the_United_Kingdom	['1900', '1950']
Irish migration to Great Britain	/wiki/Irish_migration_to_Great_Britain	['1900', '1950']
Scandinavian migration to Britain	/wiki/Scandinavian_migration_to_Britain	['1900', '1950']
British Nigerian	/wiki/British_Nigerian	['1900', '1950']
Boyd Clack	/wiki/Boyd_Clack	['1951', '2025']
Keith Allen	/wiki/Keith_Allen_(actor)	['1953', '2025']
Bennett Arron	/wiki/Bennett_Arron	['1973', '2025']
Stanley Baker	/wiki/Stanley_Baker	['1927', '1976']
Aneurin Barnard	/wiki/Aneurin_Barnard	['1987', '2025']
Hywel Bennett	/wiki/Hywel_Bennett	['1944', '2017']
David Bower	/wiki/David_Bower	['1969', '2025']
Rob Brydon	/wiki/Rob_Brydon	['1965', '2025']
Richard Burton	/wiki/Richard_Burton	['1925', '1984']
Richard Ian Cox	/wiki/Richard_Ian_Cox	['1973', '2025']
Timothy Dalton	/wiki/Timothy_Dalton	['1946', '2025']
Josie d'Arby	/wiki/Josie_d%27Arby	['1973', '2025']
Gareth David-Lloyd	/wiki/Gareth_David-Lloyd	['1981', '2025']
Garnon Davies	/wiki/Garnon_Davies	['1982', '2025']
Phoebe Davies	/wiki/Phoebe_Davies	['1864', '1912']
Richard Davies	/wiki/Richard_Davies_(actor)	['1926', '2015']
Ryan Davies	/wiki/Ryan_Davies	['1937', '1977']
Windsor Davies	/wiki/Windsor_Davies	['1930', '2019']
Robert East	/wiki/Robert_East_(actor)	['1943', '2025']
Aimee-Ffion Edwards	/wiki/Aimee-Ffion_Edwards	['1987', '2025']
Maudie Edwards	/wiki/Maudie_Edwards	['1906', '1991']
Taron Egerton	/wiki/Taron_Egerton	['1989', '2025']
Tom Ellis	/wiki/Tom_Ellis_(actor)	['1978', '2025']
Peg Entwistle	/wiki/Peg_Entwistle	['1908', '1932']
Clifford Evans	/wiki/Clifford_Evans_(actor)	['1912', '1985']
Luke Evans	/wiki/Luke_Evans_(actor)	['1979', '2025']
Pam Ferris	/wiki/Pam_Ferris	['1948', '2025']
Huw Garmon	/wiki/Huw_Garmon	['1966', '2025']
Colin George	/wiki/Colin_George	['1929', '2025']
Matthew Gravelle	/wiki/Matthew_Gravelle	['1976', '2025']
Hugh Griffith	/wiki/Hugh_Griffith	['1912', '1980']
Kenneth Griffith	/wiki/Kenneth_Griffith	['1921', '2006']
Ioan Gruffudd	/wiki/Ioan_Gruffudd	['1973', '2025']
Edmund Gwenn	/wiki/Edmund_Gwenn	['1875', '1958']
Mike Gwilym	/wiki/Mike_Gwilym	['1949', '2025']
Robert Gwilym	/wiki/Robert_Gwilym	['1956', '2025']
Lyn Harding	/wiki/Lyn_Harding	['1867', '1952']
Doris Hare	/wiki/Doris_Hare	['1905', '2000']
Richard Harrington	/wiki/Richard_Harrington_(actor)	['1975', '2025']
Georgia Henshaw	/wiki/Georgia_Henshaw	['1993', '2025']
Anthony Hopkins	/wiki/Anthony_Hopkins	['1937', '2025']
Donald Houston	/wiki/Donald_Houston	['1923', '1991']
Glyn Houston	/wiki/Glyn_Houston	['1926', '2025']
Aneirin Hughes	/wiki/Aneirin_Hughes	['1958', '2025']
Gareth Hughes	/wiki/Gareth_Hughes	['1894', '1965']
Nerys Hughes	/wiki/Nerys_Hughes	['1941', '2025']
Rhys Ifans	/wiki/Rhys_Ifans	['1968', '2025']
Emrys James	/wiki/Emrys_James	['1928', '1989']
Hywel John	/wiki/Hywel_John	['1900', '1950']
Margaret John	/wiki/Margaret_John	['1926', '2011']
Glynis Johns	/wiki/Glynis_Johns	['1923', '2025']
Mervyn Johns	/wiki/Mervyn_Johns	['1899', '1992']
Gary Jones	/wiki/Gary_Jones_(actor)	['1958', '2025']
Ruth Jones	/wiki/Ruth_Jones_(actress)	['1967', '2025']
Terry Jones	/wiki/Terry_Jones	['1942', '2020']
Eddie Ladd	/wiki/Eddie_Ladd	['1900', '1950']
Kate Lamb	/wiki/Kate_Lamb	['1900', '1950']
Gwilym Lee	/wiki/Gwilym_Lee	['1983', '2025']
Desmond Llewelyn	/wiki/Desmond_Llewelyn	['1914', '1999']
Bernard Lloyd	/wiki/Bernard_Lloyd	['1934', '2025']
Philip Madoc	/wiki/Philip_Madoc	['1934', '2012']
Ruth Madoc	/wiki/Ruth_Madoc	['1943', '2025']
Steven Meo	/wiki/Steven_Meo	['1977', '2025']
Ray Milland	/wiki/Ray_Milland	['1907', '1986']
Eve Myles	/wiki/Eve_Myles	['1978', '2025']
Kimberley Nixon	/wiki/Kimberley_Nixon	['1985', '2025']
Jonny Owen	/wiki/Jonny_Owen	['1971', '2025']
Kai Owen	/wiki/Kai_Owen	['1975', '2025']
Joanna Page	/wiki/Joanna_Page	['1978', '2025']
Siân Phillips	/wiki/Si%C3%A2n_Phillips	['1934', '2025']
Tom Price	/wiki/Tom_Price_(actor)	['1980', '2025']
Jonathan Pryce	/wiki/Jonathan_Pryce	['1947', '2025']
Ian Puleston-Davies	/wiki/Ian_Puleston-Davies	['1959', '2025']
Angharad Rees	/wiki/Angharad_Rees	['1949', '2025']
Roger Rees	/wiki/Roger_Rees	['1944', '2015']
Iwan Rheon	/wiki/Iwan_Rheon	['1985', '2025']
Steffan Rhodri	/wiki/Steffan_Rhodri	['1967', '2025']
Ieuan Rhys	/wiki/Ieuan_Rhys	['1961', '2025']
Matthew Rhys	/wiki/Matthew_Rhys	['1974', '2025']
John Rhys-Davies	/wiki/John_Rhys-Davies	['1944', '2025']
Ieuan Rhys Williams	/wiki/Ieuan_Rhys_Williams	['1909', '2025']
Rachel Roberts	/wiki/Rachel_Roberts_(actress)	['1927', '1980']
Matt Ryan	/wiki/Matt_Ryan_(actor)	['1981', '2025']
Michael Sheen	/wiki/Michael_Sheen	['1969', '2025']
Sarah Siddons	/wiki/Sarah_Siddons	['1755', '1831']
William Simons	/wiki/William_Simons	['1940', '2019']
Steve Speirs	/wiki/Steve_Speirs	['1965', '2025']
Victor Spinetti	/wiki/Victor_Spinetti	['1933', '2012']
Gareth Thomas	/wiki/Gareth_Thomas_(actor)	['1945', '2025']
Talfryn Thomas	/wiki/Talfryn_Thomas	['1922', '1982']
William Thomas	/wiki/William_Thomas_(actor)	['1900', '1950']
Tim Vincent	/wiki/Tim_Vincent	['1972', '2025']
Melanie Walters	/wiki/Melanie_Walters	['1900', '1950']
Naunton Wayne	/wiki/Naunton_Wayne	['1901', '1970']
Andy Whitfield	/wiki/Andy_Whitfield	['1972', '2011']
Ian Whyte	/wiki/Ian_Whyte_(actor)	['1971', '2025']
Robert Wilfort	/wiki/Robert_Wilfort	['1900', '1950']
Emlyn Williams	/wiki/Emlyn_Williams	['1905', '1987']
Peter Wingfield	/wiki/Peter_Wingfield	['1962', '2025']
Owain Yeoman	/wiki/Owain_Yeoman	['1978', '2025']
Catherine Zeta-Jones	/wiki/Catherine_Zeta-Jones	['1969', '2025']
Alexander Vlahos	/wiki/Alexander_Vlahos	['1988', '2025']
Jonathan Adams	/wiki/Jonathan_Adams_(architect)	['1900', '1950']
William Edwards	/wiki/William_Edwards_(architect)	['1719', '1789']
Alwyn Sheppard Fidler	/wiki/Alwyn_Sheppard_Fidler	['1909', '1990']
John St. Bodfan Gruffydd	/wiki/John_St._Bodfan_Gruffydd	['1910', '2004']
Inigo Jones	/wiki/Inigo_Jones	['1573', '1652']
John Jones	/wiki/John_Jones_(Talhaiarn)	['1810', '1869']
Owen Jones	/wiki/Owen_Jones_(architect)	['1809', '1874']
Ernest Morgan	/wiki/Ernest_Morgan	['1881', '1954']
John Nash	/wiki/John_Nash_(architect)	['1753', '1835']
Malcolm Parry	/wiki/Malcolm_Parry	['1900', '1950']
John Prichard	/wiki/John_Prichard	['1817', '1886']
Gwynne Pugh	/wiki/Gwynne_Pugh	['1900', '1950']
David Wyn Roberts	/wiki/David_Wyn_Roberts	['1911', '1982']
Percy Thomas	/wiki/Percy_Thomas	['1883', '1969']
Thomas Thomas	/wiki/Thomas_Thomas_(architect)	['1817', '1888']
E. M. Bruce Vaughan	/wiki/E._M._Bruce_Vaughan	['1900', '1950']
Clough Williams-Ellis	/wiki/Clough_Williams-Ellis	['1883', '1978']
Iwan Bala	/wiki/Iwan_Bala	['1956', '2025']
Roger Cecil	/wiki/Roger_Cecil	['1942', '2015']
Glenys Cour	/wiki/Glenys_Cour	['1924', '2025']
Ivor Davies	/wiki/Ivor_Davies_(artist)	['1935', '2025']
Thomas Nathaniel Davies	/wiki/Thomas_Nathaniel_Davies	['1922', '1996']
Ken Elias	/wiki/Ken_Elias	['1944', '2025']
Nicholas Evans	/wiki/Nicholas_Evans_(artist)	['1907', '2004']
Barry Flanagan	/wiki/Barry_Flanagan	['1941', '2009']
Laura Ford	/wiki/Laura_Ford	['1961', '2025']
David Garner	/wiki/David_Garner_(artist)	['1958', '2025']
John Gibson	/wiki/John_Gibson_(sculptor)	['1790', '1866']
Tony Goble	/wiki/Tony_Goble	['1943', '2007']
Nina Hamnett	/wiki/Nina_Hamnett	['1890', '1956']
Clive Hicks-Jenkins	/wiki/Clive_Hicks-Jenkins	['1951', '2025']
Robert Alwyn Hughes	/wiki/Robert_Alwyn_Hughes	['1935', '2025']
Alfred Janes	/wiki/Alfred_Janes	['1911', '1999']
Augustus John	/wiki/Augustus_John	['1878', '1961']
Goscombe John	/wiki/Goscombe_John	['1860', '1952']
Gwen John	/wiki/Gwen_John	['1876', '1939']
David Jones	/wiki/David_Jones_(poet)	['1895', '1974']
Martyn Jones	/wiki/Martyn_Jones_(painter)	['1955', '2025']
Thomas Jones	/wiki/Thomas_Jones_(artist)	['1742', '1803']
Heinz Koppel	/wiki/Heinz_Koppel	['1919', '1980']
Mervyn Levy	/wiki/Mervyn_Levy	['1915', '1996']
Osi Rhys Osmond	/wiki/Osi_Rhys_Osmond	['1942', '2015']
Geoffrey Olsen	/wiki/Geoffrey_Olsen	['1943', '2007']
Michael Gustavius Payne	/wiki/Michael_Gustavius_Payne	['1969', '2025']
Shani Rhys James	/wiki/Shani_Rhys_James	['1953', '2025']
Ceri Richards	/wiki/Ceri_Richards	['1903', '1971']
Will Roberts	/wiki/Will_Roberts	['1907', '2000']
John Uzzell Edwards	/wiki/John_Uzzell_Edwards	['1937', '2025']
Andrew Vicari	/wiki/Andrew_Vicari	['1938', '2016']
Bedwyr Williams	/wiki/Bedwyr_Williams	['1974', '2025']
Kyffin Williams	/wiki/Kyffin_Williams	['1918', '2006']
Richard Wilson	/wiki/Richard_Wilson_(painter)	['1714', '1782']
Nathan Wyburn	/wiki/Nathan_Wyburn	['1989', '2025']
Ernest Zobole	/wiki/Ernest_Zobole	['1927', '1999']
Laura Ashley	/wiki/Laura_Ashley	['1925', '1985']
Jeff Banks	/wiki/Jeff_Banks	['1943', '2025']
David Emanuel	/wiki/David_Emanuel_(fashion_designer)	['1952', '2025']
Timothy Everest	/wiki/Timothy_Everest	['1961', '2025']
Ross Lovegrove	/wiki/Ross_Lovegrove	['1958', '2025']
Julien Macdonald	/wiki/Julien_Macdonald	['1971', '2025']
Tommy Nutter	/wiki/Tommy_Nutter	['1943', '1992']
Jayne Pierson	/wiki/Jayne_Pierson	['1969', '2025']
Mary Quant	/wiki/Mary_Quant	['1934', '2025']
Andrew Regan	/wiki/Andrew_Regan	['1974', '2025']
Richard Amerike	/wiki/Richard_Amerike	['1445', '1503']
Gomer Berry, 1st Viscount Kemsley	/wiki/Gomer_Berry,_1st_Viscount_Kemsley	['1883', '1968']
William Berry, 1st Viscount Camrose	/wiki/William_Berry,_1st_Viscount_Camrose	['1879', '1954']
Joe Blackman	/wiki/Joe_Blackman	['1900', '1950']
David Davies	/wiki/David_Davies_(industrialist)	['1818', '1890']
Griffith J. Griffith	/wiki/Griffith_J._Griffith	['1850', '1919']
John Josiah Guest	/wiki/John_Josiah_Guest	['1785', '1852']
John Hughes	/wiki/John_Hughes_(businessman)	['1814', '1889']
William Lewis, 1st Baron Merthyr	/wiki/William_Lewis,_1st_Baron_Merthyr	['1837', '1914']
Terry Matthews	/wiki/Terry_Matthews	['1943', '2025']
Michael Moritz	/wiki/Michael_Moritz	['1962', '2025']
Charles Stewart Rolls	/wiki/Charles_Stewart_Rolls	['1877', '1910']
Howard Stringer	/wiki/Howard_Stringer	['1942', '2025']
David Sullivan	/wiki/David_Sullivan_(publisher)	['1949', '2025']
David Alfred Thomas, 1st Viscount Rhondda	/wiki/David_Alfred_Thomas,_1st_Viscount_Rhondda	['1856', '1918']
Perce Blackborow	/wiki/Perce_Blackborow	['1896', '1949']
John Evans	/wiki/John_Evans_(explorer)	['1770', '1799']
George Everest	/wiki/George_Everest	['1790', '1866']
Henry Morton Stanley	/wiki/Henry_Morton_Stanley	['1841', '1904']
Kevin Allen	/wiki/Kevin_Allen_(actor)	['1962', '2025']
Gareth Evans	/wiki/Gareth_Evans_(director)	['1980', '2025']
John Bryan Evans	/wiki/John_Bryan_Evans	['1980', '2025']
Marc Evans	/wiki/Marc_Evans	['1963', '2025']
Peter Greenaway	/wiki/Peter_Greenaway	['1942', '2025']
Terry Jones	/wiki/Terry_Jones	['1942', '2025']
Justin Kerrigan	/wiki/Justin_Kerrigan	['1974', '2025']
Richard Marquand	/wiki/Richard_Marquand	['1938', '1987']
Julian Richards	/wiki/Julian_Richards_(director)	['1968', '2025']
Sara Sugarman	/wiki/Sara_Sugarman	['1962', '2025']
Bennett Arron	/wiki/Bennett_Arron	['1973', '2025']
Max Boyce	/wiki/Max_Boyce	['1945', '2025']
Tommy Cooper	/wiki/Tommy_Cooper	['1922', '1984']
Lee Dainton	/wiki/Lee_Dainton	['1973', '2025']
Ryan Davies	/wiki/Ryan_Davies	['1937', '1977']
Rhod Gilbert	/wiki/Rhod_Gilbert	['1968', '2025']
Terry Jones	/wiki/Terry_Jones	['1942', '2025']
Gladys Morgan	/wiki/Gladys_Morgan	['1898', '1983']
Tessie O'Shea	/wiki/Tessie_O%27Shea	['1913', '1997']
Matthew Pritchard	/wiki/Matthew_Pritchard	['1900', '1950']
Griff Rhys Jones	/wiki/Griff_Rhys_Jones	['1953', '2025']
Harry Secombe	/wiki/Harry_Secombe	['1921', '2001']
Paul Whitehouse	/wiki/Paul_Whitehouse	['1958', '2025']
Ronnie Williams	/wiki/Ronnie_Williams	['1939', '1997']
William Davies Evans	/wiki/William_Davies_Evans	['1790', '1872']
William Frost	/wiki/William_Frost	['1848', '1935']
William Robert Grove	/wiki/William_Robert_Grove	['1811', '1896']
John Jones	/wiki/John_Jones_(clergyman_and_physician)	['1645', '1709']
Adam Powell	/wiki/Adam_Powell_(game_designer)	['1976', '2025']
William Henry Preece	/wiki/William_Henry_Preece	['1834', '1913']
Arthur Edwin Stevens	/wiki/Arthur_Edwin_Stevens	['1905', '1995']
Walter Clopton Wingfield	/wiki/Walter_Clopton_Wingfield	['1833', '1912']
Gomer Berry, 1st Viscount Kemsley	/wiki/Gomer_Berry,_1st_Viscount_Kemsley	['1883', '1968']
William Berry, 1st Viscount Camrose	/wiki/William_Berry,_1st_Viscount_Camrose	['1879', '1954']
Jeremy Bowen	/wiki/Jeremy_Bowen	['1960', '2025']
Derek Brockway	/wiki/Derek_Brockway	['1967', '2025']
Toby Charles	/wiki/Toby_Charles	['1900', '1950']
Grace Coddington	/wiki/Grace_Coddington	['1941', '2025']
Hugh Cudlipp	/wiki/Hugh_Cudlipp	['1913', '1998']
Josie d'Arby	/wiki/Josie_d%27Arby	['1972', '2025']
Huw Llywelyn Davies	/wiki/Huw_Llywelyn_Davies	['1945', '2025']
Russell Davies	/wiki/Russell_Davies	['1946', '2025']
Huw Edwards	/wiki/Huw_Edwards_(journalist)	['1961', '2025']
Sara Edwards	/wiki/Sara_Edwards	['1961', '2025']
Dewi Griffiths	/wiki/Dewi_Griffiths	['1931', '2025']
Arfon Haines Davies	/wiki/Arfon_Haines_Davies	['1948', '2025']
Guto Harri	/wiki/Guto_Harri	['1966', '2025']
John Humphrys	/wiki/John_Humphrys	['1943', '2025']
Ciaran Jenkins	/wiki/Ciaran_Jenkins	['1984', '2025']
Gareth Jones	/wiki/Gareth_Jones_(journalist)	['1905', '1935']
Gareth Jones	/wiki/Gareth_Jones_(presenter)	['1961', '2025']
Gethin Jones	/wiki/Gethin_Jones	['1978', '2025']
Karl Jones	/wiki/Karl_Jones	['1988', '2025']
Steve Jones	/wiki/Steve_Jones_(presenter)	['1977', '2025']
Martyn Lewis	/wiki/Martyn_Lewis	['1945', '2025']
Siân Lloyd	/wiki/Si%C3%A2n_Lloyd	['1958', '2025']
Sian Lloyd	/wiki/Sian_Lloyd_(news_presenter)	['1900', '1950']
Johnny Morris	/wiki/Johnny_Morris	['1919', '1999']
Mavis Nicholson	/wiki/Mavis_Nicholson	['1930', '2025']
Jamie Owen	/wiki/Jamie_Owen	['1967', '2025']
Allison Pearson	/wiki/Allison_Pearson	['1960', '2025']
Keidrych Rhys	/wiki/Keidrych_Rhys	['1900', '1950']
Wynford Vaughan-Thomas	/wiki/Wynford_Vaughan-Thomas	['1908', '1987']
Huw Wheldon	/wiki/Huw_Wheldon	['1916', '1986']
Iolo Williams	/wiki/Iolo_Williams	['1962', '2025']
Sian Williams	/wiki/Sian_Williams	['1964', '2025']
Lucy Owen	/wiki/Lucy_Owen	['1970', '2025']
Morys Bruce, 4th Baron Aberdare	/wiki/Morys_Bruce,_4th_Baron_Aberdare	['1900', '1950']
Malcolm Douglas-Pennant, 6th Baron Penrhyn	/wiki/Malcolm_Douglas-Pennant,_6th_Baron_Penrhyn	['1908', '2003']
Rhys ap Thomas	/wiki/Rhys_ap_Thomas	['1449', '1525']
Hugh Evan-Thomas	/wiki/Hugh_Evan-Thomas	['1862', '1928']
Hedd Wyn	/wiki/Hedd_Wyn	['1900', '1950']
William Charles Fuller	/wiki/William_Charles_Fuller	['1884', '1974']
Dafydd Gam	/wiki/Dafydd_Gam	['1380', '1415']
Owain Lawgoch	/wiki/Owain_Lawgoch	['1300', '1378']
T. E. Lawrence	/wiki/T._E._Lawrence	['1888', '1935']
Hubert William Lewis	/wiki/Hubert_William_Lewis	['1896', '1977']
John Wallace Linton	/wiki/John_Wallace_Linton	['1900', '1950']
Sir Thomas Picton	/wiki/Sir_Thomas_Picton	['1758', '1815']
Tasker Watkins	/wiki/Tasker_Watkins	['1918', '2007']
Simon Weston	/wiki/Simon_Weston	['1961', '2025']
John Williams	/wiki/John_Williams_(VC)	['1857', '1932']
Roger Williams	/wiki/Roger_Williams_(soldier)	['1537', '1595']
Robert James Bye	/wiki/Robert_James_Bye	['1889', '1962']
Sian Adey-Jones	/wiki/Sian_Adey-Jones	['1957', '2025']
Kim Ashfield	/wiki/Kim_Ashfield	['1959', '2025']
Amy Guy	/wiki/Amy_Guy	['1983', '2025']
Rosemarie Frankland	/wiki/Rosemarie_Frankland	['1943', '2000']
Claire Evans	/wiki/Claire_Evans	['1983', '2025']
Chloe-Beth Morgan	/wiki/Chloe-Beth_Morgan	['1986', '2025']
Helen Morgan	/wiki/Helen_Morgan_(Miss_World)	['1952', '2025']
Kate Alicia Morgan	/wiki/Kate_Alicia_Morgan	['1983', '2025']
Sophie Moulds	/wiki/Sophie_Moulds	['1992', '2025']
Kelly-Louise Pesticcio	/wiki/Kelly-Louise_Pesticcio	['1900', '1950']
Imogen Thomas	/wiki/Imogen_Thomas	['1982', '2025']
Cadwallon ap Cadfan	/wiki/Cadwallon_ap_Cadfan	['1900', '1950']
Cunedda	/wiki/Cunedda	['1900', '1950']
Dafydd ap Gruffudd	/wiki/Dafydd_ap_Gruffudd	['1900', '1950']
Gruffudd ap Cynan	/wiki/Gruffudd_ap_Cynan	['1035', '1137']
Gwenllian ferch Gruffydd	/wiki/Gwenllian_ferch_Gruffydd	['1097', '1137']
Hywel Dda	/wiki/Hywel_Dda	['887', '950']
Idwal Iwrch	/wiki/Idwal_Iwrch	['650', '720']
Llywelyn the Great	/wiki/Llywelyn_the_Great	['1173', '1240']
Llywelyn ap Gruffudd	/wiki/Llywelyn_ap_Gruffudd	['1225', '1282']
Madog ap Gruffydd Maelor	/wiki/Madog_ap_Gruffydd_Maelor	['1900', '1950']
Maelgwn Gwynedd	/wiki/Maelgwn_Gwynedd	['490', '547']
Owain Glyndŵr	/wiki/Owain_Glynd%C5%B5r	['1359', '1416']
Owain Gwynedd	/wiki/Owain_Gwynedd	['1100', '1170']
Rhodri Mawr	/wiki/Rhodri_Mawr	['820', '878']
The Lord Rhys	/wiki/The_Lord_Rhys	['1132', '1197']
Trahaearn ap Caradog	/wiki/Trahaearn_ap_Caradog	['1900', '1950']
Ivor Atkins	/wiki/Ivor_Atkins	['1869', '1953']
High Contrast	/wiki/High_Contrast	['1979', '2025']
Shirley Bassey	/wiki/Shirley_Bassey	['1937', '2025']
Waldini	/wiki/Waldini	['1894', '1966']
Cate Le Bon	/wiki/Cate_Le_Bon	['1983', '2025']
James Dean Bradfield	/wiki/James_Dean_Bradfield	['1969', '2025']
Delme Bryn-Jones	/wiki/Delme_Bryn-Jones	['1934', '2001']
Stuart Burrows	/wiki/Stuart_Burrows	['1933', '2025']
Stuart Cable	/wiki/Stuart_Cable	['1970', '2010']
John Cale	/wiki/John_Cale	['1942', '2025']
Phil Campbell	/wiki/Phil_Campbell_(musician)	['1961', '2025']
Charlotte Church	/wiki/Charlotte_Church	['1986', '2025']
Steffan Cravos	/wiki/Steffan_Cravos	['1975', '2025']
Chris Dale	/wiki/Chris_Dale	['1900', '1950']
Henry Walford Davies	/wiki/Henry_Walford_Davies	['1869', '1944']
Spencer Davis	/wiki/Spencer_Davis	['1939', '2025']
Marina Diamandis	/wiki/Marina_Diamandis	['1985', '2025']
Duffy	/wiki/Duffy_(singer)	['1984', '2025']
Geoff Eales	/wiki/Geoff_Eales	['1900', '1950']
Steve Eaves	/wiki/Steve_Eaves	['1952', '2025']
Dave Edmunds	/wiki/Dave_Edmunds	['1944', '2025']
Richey Edwards	/wiki/Richey_Edwards	['1967', '2025']
Dave Evans	/wiki/Dave_Evans_(singer)	['1953', '2025']
Geraint Evans	/wiki/Geraint_Evans	['1922', '1992']
Wynne Evans	/wiki/Wynne_Evans	['1972', '2025']
Andy Fairweather-Low	/wiki/Andy_Fairweather-Low	['1948', '2025']
Catrin Finch	/wiki/Catrin_Finch	['1980', '2025']
Roger Glover	/wiki/Roger_Glover	['1945', '2025']
Larry Goves	/wiki/Larry_Goves	['1980', '2025']
Jem	/wiki/Jem_(singer)	['1975', '2025']
Pete Ham	/wiki/Pete_Ham	['1947', '1975']
Alun Hoddinott	/wiki/Alun_Hoddinott	['1929', '2025']
Mary Hopkin	/wiki/Mary_Hopkin	['1950', '2025']
Owain Arwel Hughes	/wiki/Owain_Arwel_Hughes	['1942', '2025']
David Russell Hulme	/wiki/David_Russell_Hulme	['1951', '2025']
Robert ap Huw	/wiki/Robert_ap_Huw	['1580', '1665']
Dafydd Iwan	/wiki/Dafydd_Iwan	['1943', '2025']
Evan James	/wiki/Evan_James_(poet)	['1809', '1878']
James James	/wiki/James_James	['1833', '1902']
Karl Jenkins	/wiki/Karl_Jenkins	['1944', '2025']
Katherine Jenkins	/wiki/Katherine_Jenkins	['1980', '2025']
Aled Jones	/wiki/Aled_Jones	['1970', '2025']
Daniel Jones	/wiki/Daniel_Jones_(composer)	['1912', '1993']
Della Jones	/wiki/Della_Jones	['1946', '2025']
Gwyneth Jones	/wiki/Gwyneth_Jones_(soprano)	['1936', '2025']
Kelly Jones	/wiki/Kelly_Jones	['1974', '2025']
Gwynn Parry Jones	/wiki/Gwynn_Parry_Jones	['1891', '1963']
Tom Jones	/wiki/Tom_Jones_(singer)	['1940', '2025']
Martyn Joseph	/wiki/Martyn_Joseph	['1960', '2025']
Peter Karrie	/wiki/Peter_Karrie	['1946', '2025']
Jon Lee	/wiki/Jon_Lee_(drummer)	['1968', '2002']
Donna Lewis	/wiki/Donna_Lewis	['1973', '2025']
Lustmord	/wiki/Lustmord	['1900', '1950']
William Mathias	/wiki/William_Mathias	['1934', '1992']
Cerys Matthews	/wiki/Cerys_Matthews	['1969', '2025']
Elaine Morgan	/wiki/Elaine_Morgan_(singer)	['1900', '1950']
Owen Morris	/wiki/Owen_Morris	['1968', '2025']
Grant Nicholas	/wiki/Grant_Nicholas	['1967', '2025']
Ivor Novello	/wiki/Ivor_Novello	['1893', '1951']
Tessie O'Shea	/wiki/Tessie_O%27Shea	['1913', '1995']
Donald Peers	/wiki/Donald_Peers	['1908', '1973']
Mike Peters	/wiki/Mike_Peters_(musician)	['1959', '2025']
Mal Pope	/wiki/Mal_Pope	['1960', '2025']
Margaret Price	/wiki/Margaret_Price	['1941', '2025']
Gruff Rhys	/wiki/Gruff_Rhys	['1970', '2025']
Tim Rishton	/wiki/Tim_Rishton	['1900', '1950']
Alexander Coe	/wiki/Alexander_Coe	['1969', '2025']
Gwenno Saunders	/wiki/Gwenno_Saunders	['1981', '2025']
James Sauvage	/wiki/James_Sauvage	['1849', '1922']
Andy Scott-Lee	/wiki/Andy_Scott-Lee	['1980', '2025']
Lisa Scott-Lee	/wiki/Lisa_Scott-Lee	['1975', '2025']
Harry Secombe	/wiki/Harry_Secombe	['1921', '2001']
Chris Slade	/wiki/Chris_Slade	['1946', '2025']
Rick Smith	/wiki/Rick_Smith_(Underworld)	['1959', '2025']
Sbardun	/wiki/Sbardun	['1948', '2014']
Ricky Valance	/wiki/Ricky_Valance	['1939', '2025']
Henry Spinetti	/wiki/Henry_Spinetti	['1951', '2025']
Dorothy Squires	/wiki/Dorothy_Squires	['1915', '1998']
Alison Statton	/wiki/Alison_Statton	['1959', '2025']
Meic Stevens	/wiki/Meic_Stevens	['1942', '2025']
Shakin' Stevens	/wiki/Shakin%27_Stevens	['1948', '2025']
Steve Strange	/wiki/Steve_Strange	['1959', '2025']
Robert Tear	/wiki/Robert_Tear	['1939', '2025']
Bryn Terfel	/wiki/Bryn_Terfel	['1965', '2025']
Thighpaulsandra	/wiki/Thighpaulsandra	['1900', '1950']
John Thomas	/wiki/John_Thomas_(harpist)	['1826', '1913']
Lynda Thomas	/wiki/Lynda_Thomas	['1981', '2025']
Mansel Thomas	/wiki/Mansel_Thomas	['1909', '1986']
Bonnie Tyler	/wiki/Bonnie_Tyler	['1951', '2025']
Ian Watkins	/wiki/Ian_Watkins_(singer_born_1977)	['1977', '2025']
Ian Watkins	/wiki/Ian_Watkins_(Steps)	['1976', '2025']
Grace Williams	/wiki/Grace_Williams	['1906', '1977']
Terry Williams	/wiki/Terry_Williams_(drummer)	['1948', '2025']
Nicky Wire	/wiki/Nicky_Wire	['1969', '2025']
Tim Wright	/wiki/Tim_Wright_(Welsh_musician)	['1967', '2025']
David Wynne	/wiki/David_Wynne_(composer)	['1900', '1983']
Iwan Rheon	/wiki/Iwan_Rheon	['1985', '2025']
The Alarm	/wiki/The_Alarm	['1900', '1950']
Amen Corner	/wiki/Amen_Corner_(band)	['1966', '1969']
Yr Anhrefn	/wiki/Yr_Anhrefn	['1982', '1995']
Anweledig	/wiki/Anweledig	['1900', '1950']
Attack! Attack!	/wiki/Attack!_Attack!_(Welsh_band)	['1900', '1950']
The Automatic	/wiki/The_Automatic	['1900', '1950']
Badfinger	/wiki/Badfinger	['1900', '1950']
Y Bandana	/wiki/Y_Bandana	['1900', '1950']
Big Leaves	/wiki/Big_Leaves	['1988', '2003']
The Blackout	/wiki/The_Blackout_(band)	['1900', '1950']
Y Blew	/wiki/Y_Blew	['1900', '1950']
Bob Delyn a'r Ebillion	/wiki/Bob_Delyn_a%27r_Ebillion	['1900', '1950']
Brigyn	/wiki/Brigyn	['1900', '1950']
Budgie	/wiki/Budgie_(band)	['1900', '1950']
Bullet for My Valentine	/wiki/Bullet_for_My_Valentine	['1900', '1950']
Calan	/wiki/Calan_(band)	['1900', '1950']
Catatonia	/wiki/Catatonia_(band)	['1992', '2001']
Catfish and the Bottlemen	/wiki/Catfish_and_the_Bottlemen	['1900', '1950']
Colorama	/wiki/Colorama_(band)	['1900', '1950']
The Crocketts	/wiki/The_Crocketts	['1996', '2002']
Crys	/wiki/Crys	['1900', '1950']
Y Cyrff	/wiki/Y_Cyrff	['1983', '1992']
Datblygu	/wiki/Datblygu	['1982', '1995']
Demented Are Go	/wiki/Demented_Are_Go	['1900', '1950']
Derwyddon Dr Gonzo	/wiki/Derwyddon_Dr_Gonzo	['1900', '1950']
Dub War	/wiki/Dub_War	['1993', '1999']
Ether	/wiki/Ether_(band)	['1996', '1999']
Feeder	/wiki/Feeder_(band)	['1900', '1950']
Ffa Coffi Pawb	/wiki/Ffa_Coffi_Pawb	['1900', '1950']
Y Ffyrc	/wiki/Y_Ffyrc	['1900', '1950']
Foreign Legion	/wiki/Foreign_Legion_(band)	['1900', '1950']
Funeral for a Friend	/wiki/Funeral_for_a_Friend	['1900', '1950']
Gene Loves Jezebel	/wiki/Gene_Loves_Jezebel	['1900', '1950']
Genod Droog	/wiki/Genod_Droog	['2005', '2008']
Goldie Lookin Chain	/wiki/Goldie_Lookin_Chain	['1900', '1950']
Gorky's Zygotic Mynci	/wiki/Gorky%27s_Zygotic_Mynci	['1991', '2006']
Iwcs a Doyle	/wiki/Iwcs_a_Doyle	['1900', '1950']
The Joy Formidable	/wiki/The_Joy_Formidable	['1900', '1950']
Llwybr Llaethog	/wiki/Llwybr_Llaethog	['1900', '1950']
Lostprophets	/wiki/Lostprophets	['1997', '2013']
Man	/wiki/Man_(band)	['1900', '1950']
Manic Street Preachers	/wiki/Manic_Street_Preachers	['1900', '1950']
Mclusky	/wiki/Mclusky	['1996', '2005']
Neck Deep	/wiki/Neck_Deep	['1900', '1950']
Y Niwl	/wiki/Y_Niwl	['1900', '1950']
Paper Aeroplanes	/wiki/Paper_Aeroplanes	['1900', '1950']
The Peth	/wiki/The_Peth	['1900', '1950']
The Poppies	/wiki/The_Poppies_(Welsh_band)	['2003', '2007']
Race Horses	/wiki/Race_Horses_(band)	['2005', '2013']
Sibrydion	/wiki/Sibrydion	['1900', '1950']
Skindred	/wiki/Skindred	['1900', '1950']
Stereophonics	/wiki/Stereophonics	['1900', '1950']
Super Furry Animals	/wiki/Super_Furry_Animals	['1900', '1950']
Trampolene	/wiki/Trampolene_(band)	['1900', '1950']
Tystion	/wiki/Tystion	['1996', '2002']
Gwendoline Davies	/wiki/Gwendoline_Davies	['1882', '1951']
Margaret Davies	/wiki/Margaret_Davies	['1884', '1963']
Albert Gubay	/wiki/Albert_Gubay	['1928', '2025']
Augusta Hall, Baroness Llanover	/wiki/Augusta_Hall,_Baroness_Llanover	['1802', '1896']
Edmund Meyrick	/wiki/Edmund_Meyrick	['1636', '1713']
Hugh Owen	/wiki/Hugh_Owen_(educator)	['1804', '1881']
Robert Owen	/wiki/Robert_Owen	['1771', '1858']
Thomas Phillips	/wiki/Thomas_Phillips_(educational_benefactor)	['1760', '1851']
Eliezer Pugh	/wiki/Eliezer_Pugh	['1814', '1903']
Arthur Edwin Stevens	/wiki/Arthur_Edwin_Stevens	['1905', '1995']
Maria Jane Williams	/wiki/Maria_Jane_Williams	['1794', '1873']
John Wynne	/wiki/John_Wynne_(industrialist)	['1650', '1714']
Elihu Yale	/wiki/Elihu_Yale	['1649', '1721']
Richard Ithamar Aaron	/wiki/Richard_Ithamar_Aaron	['1901', '1987']
Martyn Evans	/wiki/Martyn_Evans_(academic)	['1900', '1950']
David James Jones	/wiki/David_James_Jones	['1886', '1947']
Henry Jones	/wiki/Henry_Jones_(philosopher)	['1852', '1922']
John Robert Jones	/wiki/John_Robert_Jones	['1911', '1970']
Hywel Lewis	/wiki/Hywel_Lewis	['1910', '1992']
John Lewis	/wiki/John_Lewis_(philosopher)	['1889', '1976']
Gwilym Ellis Lane Owen	/wiki/Gwilym_Ellis_Lane_Owen	['1922', '1982']
Dewi Zephaniah Phillips	/wiki/Dewi_Zephaniah_Phillips	['1934', '2006']
Griffith Powell	/wiki/Griffith_Powell	['1561', '1620']
John Cowper Powys	/wiki/John_Cowper_Powys	['1872', '1963']
H. H. Price	/wiki/H._H._Price	['1899', '1984']
Richard Price	/wiki/Richard_Price	['1723', '1791']
Mark Rowlands	/wiki/Mark_Rowlands	['1962', '2025']
Bertrand Russell	/wiki/Bertrand_Russell	['1872', '1970']
David Oswald Thomas	/wiki/David_Oswald_Thomas	['1924', '2005']
Thomas Vaughan	/wiki/Thomas_Vaughan_(philosopher)	['1621', '1666']
David Williams	/wiki/David_Williams_(philosopher)	['1738', '1816']
Rheinallt Nantlais Williams	/wiki/Rheinallt_Nantlais_Williams	['1911', '1993']
William Abraham	/wiki/William_Abraham_(trade_unionist)	['1842', '1922']
Leo Abse	/wiki/Leo_Abse	['1917', '2008']
Leighton Andrews	/wiki/Leighton_Andrews	['1957', '2025']
Ifor Bach	/wiki/Ifor_Bach	['1900', '1950']
Lorraine Barrett	/wiki/Lorraine_Barrett	['1950', '2025']
Aneurin Bevan	/wiki/Aneurin_Bevan	['1897', '1960']
Henry Bruce, 1st Baron Aberdare	/wiki/Henry_Bruce,_1st_Baron_Aberdare	['1815', '1895']
Julian Cayo-Evans	/wiki/Julian_Cayo-Evans	['1937', '1995']
Christine Chapman	/wiki/Christine_Chapman	['1956', '2025']
Alun Davies	/wiki/Alun_Davies_(politician)	['1964', '2025']
Andrew Davies	/wiki/Andrew_Davies_(Labour_politician)	['1952', '2025']
David Davies, 1st Baron Davies	/wiki/David_Davies,_1st_Baron_Davies	['1880', '1944']
Jocelyn Davies	/wiki/Jocelyn_Davies	['1959', '2025']
S. O. Davies	/wiki/S._O._Davies	['1886', '1972']
Dafydd Elis-Thomas	/wiki/Dafydd_Elis-Thomas	['1946', '2025']
Gwynfor Evans	/wiki/Gwynfor_Evans	['1912', '2005']
Nerys Evans	/wiki/Nerys_Evans	['1980', '2025']
Nigel Evans MP	/wiki/Nigel_Evans_MP	['1900', '1950']
Chris Franks	/wiki/Chris_Franks	['1951', '2025']
John Frost	/wiki/John_Frost_(Chartist)	['1784', '1877']
Julia Gillard	/wiki/Julia_Gillard	['1961', '2025']
Janice Gregory	/wiki/Janice_Gregory	['1955', '2025']
Samuel Griffith	/wiki/Samuel_Griffith	['1845', '1920']
Jim Griffiths	/wiki/Jim_Griffiths	['1890', '1975']
John Griffiths	/wiki/John_Griffiths_(Welsh_politician)	['1956', '2025']
Lesley Griffiths	/wiki/Lesley_Griffiths	['1960', '2025']
Benjamin Hall, 1st Baron Llanover	/wiki/Benjamin_Hall,_1st_Baron_Llanover	['1802', '1867']
Edwina Hart	/wiki/Edwina_Hart	['1957', '2025']
Michael Heseltine	/wiki/Michael_Heseltine	['1933', '2025']
Geoffrey Howe	/wiki/Geoffrey_Howe	['1926', '2025']
Billy Hughes	/wiki/Billy_Hughes	['1862', '1952']
Cledwyn Hughes	/wiki/Cledwyn_Hughes	['1916', '2001']
Jane Hutt	/wiki/Jane_Hutt	['1949', '2025']
Huw Irranca-Davies	/wiki/Huw_Irranca-Davies	['1963', '2025']
Irene James	/wiki/Irene_James	['1952', '2025']
Bethan Jenkins	/wiki/Bethan_Jenkins	['1981', '2025']
Roy Jenkins	/wiki/Roy_Jenkins	['1920', '2003']
Alun Ffred Jones	/wiki/Alun_Ffred_Jones	['1949', '2025']
Ann Jones	/wiki/Ann_Jones_(Welsh_politician)	['1953', '2025']
Carwyn Jones	/wiki/Carwyn_Jones	['1967', '2025']
Elin Jones	/wiki/Elin_Jones	['1966', '2025']
Elwyn Jones, Baron Elwyn-Jones	/wiki/Elwyn_Jones,_Baron_Elwyn-Jones	['1909', '1989']
Ieuan Wyn Jones	/wiki/Ieuan_Wyn_Jones	['1949', '2025']
William Jones	/wiki/William_Jones_(Chartist)	['1809', '1873']
Neil Kinnock	/wiki/Neil_Kinnock	['1942', '2025']
Peter Law	/wiki/Peter_Law	['1948', '2006']
Francis Lewis	/wiki/Francis_Lewis	['1713', '1803']
Huw Lewis	/wiki/Huw_Lewis	['1964', '2025']
Saunders Lewis	/wiki/Saunders_Lewis	['1893', '1985']
Val Lloyd	/wiki/Val_Lloyd	['1900', '1950']
David Lloyd George	/wiki/David_Lloyd_George	['1863', '1945']
Sandy Mewies	/wiki/Sandy_Mewies	['1950', '2025']
Alun Michael	/wiki/Alun_Michael	['1943', '2025']
Rhodri Morgan	/wiki/Rhodri_Morgan	['1939', '2025']
Lynne Neagle	/wiki/Lynne_Neagle	['1968', '2025']
Ifan ab Owen Edwards	/wiki/Ifan_ab_Owen_Edwards	['1895', '1970']
Dic Penderyn	/wiki/Dic_Penderyn	['1808', '1831']
John Prescott	/wiki/John_Prescott	['1938', '2025']
Merlyn Rees	/wiki/Merlyn_Rees	['1920', '2006']
Henry Richard	/wiki/Henry_Richard	['1812', '1888']
Ivor Richard, Baron Richard	/wiki/Ivor_Richard,_Baron_Richard	['1900', '1950']
Edward V. Robertson	/wiki/Edward_V._Robertson	['1881', '1963']
Ted Rowlands	/wiki/Ted_Rowlands	['1943', '2025']
Joan Ruddock	/wiki/Joan_Ruddock	['1943', '2025']
Carl Sargeant	/wiki/Carl_Sargeant	['1968', '2025']
Molly Scott Cato	/wiki/Molly_Scott_Cato	['1963', '2025']
Karen Sinclair	/wiki/Karen_Sinclair	['1952', '2025']
George Thomas, Viscount Tonypandy	/wiki/George_Thomas,_Viscount_Tonypandy	['1909', '1997']
Lewis Valentine	/wiki/Lewis_Valentine	['1893', '1986']
Thomas Vaughan	/wiki/Thomas_Vaughan_(soldier)	['1410', '1483']
Dafydd Wigley	/wiki/Dafydd_Wigley	['1943', '2025']
David John Williams	/wiki/David_John_Williams	['1885', '1970']
Morgan B. Williams	/wiki/Morgan_B._Williams	['1831', '1903']
Zephaniah Williams	/wiki/Zephaniah_Williams	['1795', '1874']
Leanne Wood	/wiki/Leanne_Wood	['1971', '2025']
Alan Woods	/wiki/Alan_Woods_(politician)	['1944', '2025']
David Lloyd	/wiki/David_Lloyd_(Welsh_politician)	['1956', '2025']
Cadoc	/wiki/Cadoc	['1900', '1950']
Thomas Charles	/wiki/Thomas_Charles	['1755', '1814']
David Davies	/wiki/David_Davies_(clergyman)	['1741', '1819']
Saint David	/wiki/Saint_David	['1900', '1950']
Elfodd	/wiki/Elfodd	['1900', '1950']
Samuel Ifor Enoch	/wiki/Samuel_Ifor_Enoch	['1914', '2001']
Christmas Evans	/wiki/Christmas_Evans	['1766', '1838']
Philip Evans and John Lloyd	/wiki/Philip_Evans_and_John_Lloyd	['1900', '1950']
Ann Griffiths	/wiki/Ann_Griffiths	['1776', '1805']
David Griffiths	/wiki/David_Griffiths_(missionary)	['1792', '1863']
Saint Richard Gwyn	/wiki/Saint_Richard_Gwyn	['1537', '1584']
Howell Harris	/wiki/Howell_Harris	['1714', '1773']
Illtud	/wiki/Illtud	['1900', '1950']
William Morgan	/wiki/William_Morgan_(Bible_translator)	['1545', '1604']
Saint Patrick	/wiki/Saint_Patrick	['1900', '1950']
Alwyn Rice Jones	/wiki/Alwyn_Rice_Jones	['1934', '2007']
Thomas Richards	/wiki/Thomas_Richards_(priest)	['1687', '1760']
Evan Roberts	/wiki/Evan_Roberts_(minister)	['1878', '1950']
Reverend John Davies	/wiki/Reverend_John_Davies_(Shon_Gymro)	['1804', '1884']
John Roberts	/wiki/John_Roberts_(Ieuan_Gwyllt)	['1822', '1877']
Daniel Rowland	/wiki/Daniel_Rowland_(preacher)	['1713', '1790']
William Salesbury	/wiki/William_Salesbury	['1900', '1950']
John Tudno Williams	/wiki/John_Tudno_Williams	['1938', '2025']
Rheinallt Nantlais Williams	/wiki/Rheinallt_Nantlais_Williams	['1911', '1993']
Rowan Williams	/wiki/Rowan_Williams	['1950', '2025']
William Richard Williams	/wiki/William_Richard_Williams	['1896', '1962']
William Williams Pantycelyn	/wiki/William_Williams_Pantycelyn	['1717', '1791']
Glyn Daniel	/wiki/Glyn_Daniel	['1914', '1986']
Donald Davies	/wiki/Donald_Davies	['1924', '2000']
Hugh Davies	/wiki/Hugh_Davies_(botanist)	['1793', '1821']
Huw Dixon	/wiki/Huw_Dixon	['1958', '2025']
Lyn Evans	/wiki/Lyn_Evans	['1945', '2025']
Herbert George	/wiki/Herbert_George	['1893', '1939']
William Robert Grove	/wiki/William_Robert_Grove	['1811', '1896']
Gwilym Jenkins	/wiki/Gwilym_Jenkins	['1933', '1982']
Alwyn Jones	/wiki/Alwyn_Jones_(biophysicist)	['1947', '2025']
Eifion Jones	/wiki/Eifion_Jones	['1925', '2004']
Emrys Jones	/wiki/Emrys_Jones_(geographer)	['1920', '2006']
Steve Jones	/wiki/Steve_Jones_(biologist)	['1944', '2025']
Brian David Josephson	/wiki/Brian_David_Josephson	['1940', '2025']
Edward Lhuyd	/wiki/Edward_Lhuyd	['1660', '1709']
Ronald Lockley	/wiki/Ronald_Lockley	['1903', '2000']
Victor Erle Nash-Williams	/wiki/Victor_Erle_Nash-Williams	['1900', '1950']
Robert Recorde	/wiki/Robert_Recorde	['1510', '1558']
Gareth Roberts	/wiki/Gareth_Roberts_(physicist)	['1940', '2007']
Graham Sutton	/wiki/Graham_Sutton	['1903', '1877']
Llewellyn Hilleth Thomas	/wiki/Llewellyn_Hilleth_Thomas	['1903', '1992']
Alfred Russel Wallace	/wiki/Alfred_Russel_Wallace	['1823', '1913']
Phil Williams	/wiki/Phil_Williams_(Welsh_politician)	['1939', '2003']
John Ainsworth-Davis	/wiki/John_Ainsworth-Davis	['1895', '1976']
Jim Alford	/wiki/Jim_Alford	['1913', '2004']
Steve Barry	/wiki/Steve_Barry	['1950', '2025']
Jamie Baulch	/wiki/Jamie_Baulch	['1973', '2025']
Timothy Benjamin	/wiki/Timothy_Benjamin	['1982', '2025']
Steve Brace	/wiki/Steve_Brace	['1961', '2025']
Guto Nyth Brân	/wiki/Guto_Nyth_Br%C3%A2n	['1700', '1737']
Lesley Brannan	/wiki/Lesley_Brannan	['1976', '2025']
Lynn Davies	/wiki/Lynn_Davies	['1942', '2025']
Tenby Davies	/wiki/Tenby_Davies	['1884', '1932']
John Disley	/wiki/John_Disley	['1928', '2025']
Dai Greene	/wiki/Dai_Greene	['1986', '2025']
Tanni Grey-Thompson	/wiki/Tanni_Grey-Thompson	['1969', '2025']
Cecil Griffiths	/wiki/Cecil_Griffiths	['1901', '1945']
Venissa Head	/wiki/Venissa_Head	['1956', '2025']
Colin Jackson	/wiki/Colin_Jackson	['1967', '2025']
David Jacobs	/wiki/David_Jacobs_(Welsh_athlete)	['1888', '1976']
Berwyn Jones	/wiki/Berwyn_Jones	['1940', '2007']
Steve Jones	/wiki/Steve_Jones_(athlete)	['1955', '2025']
Christian Malcolm	/wiki/Christian_Malcolm	['1979', '2025']
Robert Mitchell	/wiki/Robert_Mitchell_(high_jumper)	['1980', '2025']
Kay Morley-Brown	/wiki/Kay_Morley-Brown	['1963', '2025']
Catherine Murphy	/wiki/Catherine_Murphy_(athlete)	['1975', '2025']
Jonathon O'Dougherty	/wiki/Jonathon_O%27Dougherty	['1900', '1950']
Carys Parry	/wiki/Carys_Parry	['1981', '2025']
Berwyn Price	/wiki/Berwyn_Price	['1951', '2025']
Tom Richards	/wiki/Tom_Richards_(athlete)	['1910', '1985']
Philippa Roles	/wiki/Philippa_Roles	['1978', '2025']
Michelle Scutt	/wiki/Michelle_Scutt	['1960', '2025']
Steven Shalders	/wiki/Steven_Shalders	['1981', '2025']
Tony Simmons	/wiki/Tony_Simmons_(athlete)	['1948', '2025']
Scott Simpson	/wiki/Scott_Simpson_(athlete)	['1979', '2025']
Iwan Thomas	/wiki/Iwan_Thomas	['1974', '2025']
Reg Thomas	/wiki/Reg_Thomas_(athlete)	['1907', '1946']
Angela Tooby	/wiki/Angela_Tooby	['1960', '2025']
Susan Tooby	/wiki/Susan_Tooby	['1960', '2025']
Hayley Tullett	/wiki/Hayley_Tullett	['1975', '2025']
Kirsty Wade	/wiki/Kirsty_Wade	['1962', '2025']
Nigel Walker	/wiki/Nigel_Walker	['1963', '2025']
Nick Whitehead	/wiki/Nick_Whitehead	['1933', '2002']
J.J. Williams	/wiki/J.J._Williams	['1948', '2025']
Rhys Williams	/wiki/Rhys_Williams_(athlete)	['1984', '2025']
Neil Winter	/wiki/Neil_Winter	['1973', '2025']
Martyn Lewis	/wiki/Martyn_Lewis_(badminton)	['1982', '2025']
Kelly Morgan	/wiki/Kelly_Morgan	['1975', '2025']
Richard Vaughan	/wiki/Richard_Vaughan_(badminton)	['1978', '2025']
Jimmy Austin	/wiki/Jimmy_Austin	['1879', '1965']
Ted Lewis	/wiki/Ted_Lewis_(ballplayer)	['1872', '1936']
Peter Morris	/wiki/Peter_Morris_(baseball)	['1854', '1884']
Tal Dunne	/wiki/Tal_Dunne	['1987', '2025']
Ted Peterson	/wiki/Ted_Peterson	['1916', '2005']
George Whitcombe	/wiki/George_Whitcombe	['1902', '1986']
Janet Ackland	/wiki/Janet_Ackland	['1900', '1950']
Fred Leamon	/wiki/Fred_Leamon	['1919', '1981']
Fred Parfitt	/wiki/Fred_Parfitt	['1869', '1953']
Robert Weale	/wiki/Robert_Weale	['1963', '2025']
Jamie Arthur	/wiki/Jamie_Arthur	['1979', '2025']
Eddie Avoth	/wiki/Eddie_Avoth	['1945', '2025']
Albert Barnes	/wiki/Albert_Barnes_(boxer)	['1913', '1990']
Bill Beynon	/wiki/Bill_Beynon	['1891', '1932']
David John Bowen	/wiki/David_John_Bowen	['1900', '1950']
Joe Calzaghe	/wiki/Joe_Calzaghe	['1972', '2025']
Nathan Cleverly	/wiki/Nathan_Cleverly	['1987', '2025']
Jason Cook	/wiki/Jason_Cook_(boxer)	['1975', '2025']
Brian Curvis	/wiki/Brian_Curvis	['1937', '2025']
Dai Dower	/wiki/Dai_Dower	['1933', '2025']
Jim Driscoll	/wiki/Jim_Driscoll	['1880', '1925']
Joe Erskine	/wiki/Joe_Erskine_(Welsh_boxer)	['1934', '1990']
Tommy Farr	/wiki/Tommy_Farr	['1914', '1986']
Colin Jones	/wiki/Colin_Jones_(boxer)	['1959', '2025']
Enzo Maccarinelli	/wiki/Enzo_Maccarinelli	['1980', '2025']
Johnny Owen	/wiki/Johnny_Owen_(boxer)	['1956', '1980']
David Pearce	/wiki/David_Pearce_(boxer)	['1959', '2000']
Nicky Piper	/wiki/Nicky_Piper	['1966', '2025']
Steve Robinson	/wiki/Steve_Robinson_(boxer)	['1968', '2025']
Lee Selby	/wiki/Lee_Selby	['1987', '2025']
Thomas Thomas	/wiki/Thomas_Thomas_(boxer)	['1880', '1911']
Freddie Welsh	/wiki/Freddie_Welsh	['1886', '1927']
Jimmy Wilde	/wiki/Jimmy_Wilde	['1892', '1969']
Howard Winstone	/wiki/Howard_Winstone	['1939', '2000']
Robert Croft	/wiki/Robert_Croft	['1970', '2025']
Alan Jones	/wiki/Alan_Jones_(cricketer,_born_1938)	['1938', '2025']
Jeff Jones	/wiki/Jeff_Jones_(cricketer,_born_1941)	['1941', '2025']
Simon Jones	/wiki/Simon_Jones_(cricketer)	['1978', '2025']
Tony Lewis	/wiki/Tony_Lewis	['1938', '2025']
Steve Watkin	/wiki/Steve_Watkin	['1964', '2025']
Jessica Allen	/wiki/Jessica_Allen	['1989', '2025']
Dale Appleby	/wiki/Dale_Appleby	['1986', '2025']
Elinor Barker	/wiki/Elinor_Barker	['1994', '2025']
Yanto Barker	/wiki/Yanto_Barker	['1980', '2025']
Reg Braddick	/wiki/Reg_Braddick	['1913', '1999']
Kara Chesworth	/wiki/Kara_Chesworth	['1972', '2025']
Craig Cooke	/wiki/Craig_Cooke	['1984', '2025']
Nicole Cooke	/wiki/Nicole_Cooke	['1983', '2025']
Katie Curtis	/wiki/Katie_Curtis	['1988', '2025']
Nina Davies	/wiki/Nina_Davies_(cyclist)	['1974', '2025']
Paul Esposti	/wiki/Paul_Esposti	['1972', '2025']
Alex Greenfield	/wiki/Alex_Greenfield	['1990', '2025']
Clare Greenwood	/wiki/Clare_Greenwood	['1958', '2025']
Sam Harrison	/wiki/Sam_Harrison_(cyclist)	['1992', '2025']
Anneliese Heard	/wiki/Anneliese_Heard	['1981', '2025']
Sally Hodge	/wiki/Sally_Hodge	['1966', '2025']
Megan Hughes	/wiki/Megan_Hughes	['1977', '2025']
Ellen Hunter	/wiki/Ellen_Hunter	['1968', '2025']
Joby Ingram-Dodd	/wiki/Joby_Ingram-Dodd	['1980', '2025']
Becky James	/wiki/Becky_James	['1991', '2025']
Ian Jeremiah	/wiki/Ian_Jeremiah	['1900', '1950']
Louise Jones	/wiki/Louise_Jones_(cyclist)	['1963', '2025']
Luc Jones	/wiki/Luc_Jones	['1991', '2025']
Sion Jones	/wiki/Sion_Jones	['1979', '2025']
Colin Lewis	/wiki/Colin_Lewis	['1942', '2025']
Arthur Linton	/wiki/Arthur_Linton	['1868', '1896']
Anthony Malarczyk	/wiki/Anthony_Malarczyk	['1975', '2025']
Jimmy Michael	/wiki/Jimmy_Michael	['1877', '1904']
Ruby Miller	/wiki/Ruby_Miller_(cyclist)	['1992', '2025']
Jon Mould	/wiki/Jon_Mould	['1991', '2025']
Alun Owen	/wiki/Alun_Owen_(cyclist)	['1900', '1950']
Rob Partridge	/wiki/Rob_Partridge	['1986', '2025']
Steve Paulding	/wiki/Steve_Paulding	['1900', '1950']
Matt Postle	/wiki/Matt_Postle	['1970', '2025']
Roger Pratt	/wiki/Roger_Pratt_(cyclist)	['1944', '2025']
Huw Pritchard	/wiki/Huw_Pritchard	['1976', '2025']
Dave Rand	/wiki/Dave_Rand	['1900', '1950']
Ross Reid	/wiki/Ross_Reid_(cyclist)	['1987', '2025']
Simon Richardson	/wiki/Simon_Richardson_(Welsh_cyclist)	['1966', '2025']
Luke Rowe	/wiki/Luke_Rowe	['1990', '2025']
Matthew Rowe	/wiki/Matthew_Rowe	['1988', '2025']
Paul Sheppard	/wiki/Paul_Sheppard	['1978', '2025']
Don Skene	/wiki/Don_Skene	['1936', '2025']
Eddie Smart	/wiki/Eddie_Smart	['1946', '2000']
Geraint Thomas	/wiki/Geraint_Thomas	['1986', '2025']
Chris Williams	/wiki/Chris_Williams_(cyclist)	['1900', '1950']
Julian Winn	/wiki/Julian_Winn	['1972', '2025']
Will Wright	/wiki/Will_Wright_(cyclist)	['1973', '2025']
David Broome	/wiki/David_Broome	['1940', '2025']
Richard Meade	/wiki/Richard_Meade	['1936', '2025']
Mark Aizlewood	/wiki/Mark_Aizlewood	['1959', '2025']
Ivor Allchurch	/wiki/Ivor_Allchurch	['1929', '1997']
Len Allchurch	/wiki/Len_Allchurch	['1933', '2025']
Dai Astley	/wiki/Dai_Astley	['1909', '1989']
Colin Baker	/wiki/Colin_Baker_(Welsh_footballer)	['1934', '2025']
Tom Baker	/wiki/Tom_Baker_(footballer,_born_1934)	['1934', '2025']
Gareth Bale	/wiki/Gareth_Bale	['1989', '2025']
Tommy Bamford	/wiki/Tommy_Bamford	['1905', '1967']
Walley Barnes	/wiki/Walley_Barnes	['1920', '1975']
Craig Bellamy	/wiki/Craig_Bellamy	['1979', '2025']
Nathan Blake	/wiki/Nathan_Blake	['1972', '2025']
Horace Blew	/wiki/Horace_Blew	['1873', '1957']
Paul Bodin	/wiki/Paul_Bodin	['1964', '2025']
Dave Bowen	/wiki/Dave_Bowen	['1928', '1995']
Jason Bowen	/wiki/Jason_Bowen_(footballer)	['1972', '2025']
Mark Bowen	/wiki/Mark_Bowen_(footballer)	['1963', '2025']
Stan Bowsher	/wiki/Stan_Bowsher	['1899', '1968']
Terry Boyle	/wiki/Terry_Boyle	['1958', '2025']
Ron Burgess	/wiki/Ron_Burgess_(footballer)	['1917', '2005']
Ollie Burton	/wiki/Ollie_Burton	['1941', '2025']
John Charles	/wiki/John_Charles	['1931', '2004']
Mel Charles	/wiki/Mel_Charles	['1935', '2025']
Roy Clarke	/wiki/Roy_Clarke_(footballer)	['1925', '2006']
Chris Coleman	/wiki/Chris_Coleman_(footballer)	['1970', '2025']
James Collins	/wiki/James_Collins_(footballer)	['1983', '2025']
John Cornforth	/wiki/John_Cornforth_(footballer)	['1967', '2025']
Vic Crowe	/wiki/Vic_Crowe	['1932', '2009']
Alan Curtis	/wiki/Alan_Curtis_(footballer)	['1954', '2025']
Ben Davies	/wiki/Ben_Davies_(footballer,_born_1993)	['1993', '2025']
Len Davies	/wiki/Len_Davies	['1899', '1945']
Ron Davies	/wiki/Ron_Davies_(footballer_born_1942)	['1942', '2025']
Wyn Davies	/wiki/Wyn_Davies	['1942', '2025']
Mark Delaney	/wiki/Mark_Delaney_(footballer)	['1976', '2025']
Robert Earnshaw	/wiki/Robert_Earnshaw	['1981', '2025']
Trevor Edwards	/wiki/Trevor_Edwards	['1937', '2025']
John Elsworthy	/wiki/John_Elsworthy	['1931', '2009']
John Emanuel	/wiki/John_Emanuel	['1948', '2025']
Mike England	/wiki/Mike_England	['1941', '2025']
Carl Fletcher	/wiki/Carl_Fletcher_(Welsh_footballer)	['1980', '2025']
Brian Flynn	/wiki/Brian_Flynn	['1955', '2025']
Trevor Ford	/wiki/Trevor_Ford	['1923', '2003']
Roger Freestone	/wiki/Roger_Freestone	['1968', '2025']
Danny Gabbidon	/wiki/Danny_Gabbidon	['1979', '2025']
Ryan Giggs	/wiki/Ryan_Giggs	['1973', '2025']
David Giles	/wiki/David_Giles_(footballer)	['1956', '2025']
Brian Godfrey	/wiki/Brian_Godfrey	['1940', '2025']
Arfon Griffiths	/wiki/Arfon_Griffiths	['1941', '2025']
Chris Gunter	/wiki/Chris_Gunter	['1989', '2025']
Carl Harris	/wiki/Carl_Harris_(footballer)	['1956', '2025']
John Hartson	/wiki/John_Hartson	['1975', '2025']
Terry Hennessey	/wiki/Terry_Hennessey	['1942', '2025']
Wayne Hennessey	/wiki/Wayne_Hennessey	['1987', '2025']
Ron Hewitt	/wiki/Ron_Hewitt_(footballer,_born_1928)	['1928', '2001']
Barrie Hole	/wiki/Barrie_Hole	['1942', '2025']
Mel Hopkins	/wiki/Mel_Hopkins	['1934', '2010']
Barry Horne	/wiki/Barry_Horne_(footballer)	['1962', '2025']
Billy Hughes	/wiki/Billy_Hughes_(footballer_born_1918)	['1918', '2025']
Mark Hughes	/wiki/Mark_Hughes	['1963', '2025']
Joe Jacobson	/wiki/Joe_Jacobson	['1986', '2025']
Leighton James	/wiki/Leighton_James	['1953', '2025']
Robbie James	/wiki/Robbie_James	['1957', '1998']
Steve Jenkins	/wiki/Steve_Jenkins	['1972', '2025']
Roy John	/wiki/Roy_John_(footballer)	['1911', '1973']
Bryn Jones	/wiki/Bryn_Jones_(footballer_born_1912)	['1912', '1985']
Cliff Jones	/wiki/Cliff_Jones_(Welsh_footballer)	['1935', '2025']
Joey Jones	/wiki/Joey_Jones	['1955', '2025']
Ken Jones	/wiki/Ken_Jones_(footballer_born_1936)	['1936', '2025']
Fred Keenor	/wiki/Fred_Keenor	['1894', '1972']
Jack Kelsey	/wiki/Jack_Kelsey	['1929', '1992']
Andy King	/wiki/Andy_King_(footballer_born_1988)	['1988', '2025']
George Latham	/wiki/George_Latham_(footballer)	['1881', '1939']
Joe Ledley	/wiki/Joe_Ledley	['1987', '2025']
Ken Leek	/wiki/Ken_Leek	['1935', '2007']
Andy Legg	/wiki/Andy_Legg	['1966', '2025']
Arthur Lever	/wiki/Arthur_Lever_(footballer)	['1920', '2004']
John Lewis	/wiki/John_Lewis_(footballer_born_1955)	['1955', '2025']
Steve Lowndes	/wiki/Steve_Lowndes	['1960', '2025']
Billy Lucas	/wiki/Billy_Lucas	['1918', '1998']
Chris Marustik	/wiki/Chris_Marustik	['1961', '2025']
Terry Medwin	/wiki/Terry_Medwin	['1932', '2025']
Andy Melville	/wiki/Andy_Melville	['1968', '2025']
Billy Meredith	/wiki/Billy_Meredith	['1874', '1958']
Kenny Morgans	/wiki/Kenny_Morgans	['1939', '2012']
Jimmy Murphy	/wiki/Jimmy_Murphy_(footballer)	['1910', '1989']
Lewin Nyatanga	/wiki/Lewin_Nyatanga	['1988', '2025']
Eddie Parris	/wiki/Eddie_Parris	['1911', '1971']
Mark Pembridge	/wiki/Mark_Pembridge	['1970', '2025']
Jason Perry	/wiki/Jason_Perry_(footballer)	['1970', '2025']
Leighton Phillips	/wiki/Leighton_Phillips	['1949', '2025']
Ivor Powell	/wiki/Ivor_Powell	['1916', '2025']
Keith Pring	/wiki/Keith_Pring	['1943', '2025']
Tony Pulis	/wiki/Tony_Pulis	['1958', '2025']
Aaron Ramsey	/wiki/Aaron_Ramsey	['1990', '2025']
Kevin Ratcliffe	/wiki/Kevin_Ratcliffe	['1960', '2025']
Gil Reece	/wiki/Gil_Reece	['1942', '2025']
Mel Rees	/wiki/Mel_Rees	['1967', '1993']
Ronnie Rees	/wiki/Ronnie_Rees	['1944', '2025']
Stan Richards	/wiki/Stan_Richards_(footballer)	['1917', '1987']
Sam Ricketts	/wiki/Sam_Ricketts	['1981', '2025']
Osian Roberts	/wiki/Osian_Roberts	['1900', '1950']
Carl Robinson	/wiki/Carl_Robinson	['1976', '2025']
John Robinson	/wiki/John_Robinson_(footballer)	['1971', '2025']
Peter Rodrigues	/wiki/Peter_Rodrigues	['1944', '2025']
Ian Rush	/wiki/Ian_Rush	['1961', '2025']
Dean Saunders	/wiki/Dean_Saunders	['1964', '2025']
Robbie Savage	/wiki/Robbie_Savage	['1974', '2025']
Alf Sherwood	/wiki/Alf_Sherwood	['1923', '1990']
Neville Southall	/wiki/Neville_Southall	['1959', '2025']
Gary Speed	/wiki/Gary_Speed	['1969', '2011']
Gary Sprake	/wiki/Gary_Sprake	['1945', '2025']
Fred Stansfield	/wiki/Fred_Stansfield	['1917', '2025']
Byron Stevenson	/wiki/Byron_Stevenson	['1956', '2007']
Derrick Sullivan	/wiki/Derrick_Sullivan	['1930', '1983']
Kit Symons	/wiki/Kit_Symons	['1971', '2025']
Derek Tapscott	/wiki/Derek_Tapscott	['1932', '2008']
Billy Thomas	/wiki/Billy_Thomas_(footballer)	['1948', '2025']
Rod Thomas	/wiki/Rod_Thomas	['1947', '2025']
John Toshack	/wiki/John_Toshack	['1949', '2025']
Nigel Vaughan	/wiki/Nigel_Vaughan	['1959', '2025']
Graham Vearncombe	/wiki/Graham_Vearncombe	['1934', '1993']
Roy Vernon	/wiki/Roy_Vernon	['1937', '1993']
Tony Villars	/wiki/Tony_Villars	['1952', '2025']
Colin Webster	/wiki/Colin_Webster	['1932', '2001']
George Whitcombe	/wiki/George_Whitcombe	['1902', '1986']
Harold Williams	/wiki/Harold_Williams_(footballer)	['1924', '2025']
Stuart Williams	/wiki/Stuart_Williams_(footballer)	['1930', '2025']
Doug Witcomb	/wiki/Doug_Witcomb	['1918', '2025']
Terry Yorath	/wiki/Terry_Yorath	['1950', '2025']
Paul Affleck	/wiki/Paul_Affleck	['1966', '2025']
Errie Ball	/wiki/Errie_Ball	['1910', '2014']
Sion Bebb	/wiki/Sion_Bebb	['1968', '2025']
Becky Brewerton	/wiki/Becky_Brewerton	['1982', '2025']
Simon Cox	/wiki/Simon_Cox_(golfer)	['1952', '2025']
Karen Davies	/wiki/Karen_Davies	['1965', '2025']
Rhys Davies	/wiki/Rhys_Davies_(golfer)	['1985', '2025']
Stephen Dodd	/wiki/Stephen_Dodd	['1966', '2025']
Jamie Donaldson	/wiki/Jamie_Donaldson	['1975', '2025']
Bradley Dredge	/wiki/Bradley_Dredge	['1973', '2025']
Brian Huggett	/wiki/Brian_Huggett	['1936', '2025']
Richard Johnson	/wiki/Richard_Johnson_(golfer)	['1972', '2025']
David Llewellyn	/wiki/David_Llewellyn_(golfer)	['1951', '2025']
Becky Morgan	/wiki/Becky_Morgan	['1974', '2025']
Mark Mouland	/wiki/Mark_Mouland	['1961', '2025']
David Park	/wiki/David_Park_(golfer)	['1974', '2025']
Philip Parkin	/wiki/Philip_Parkin	['1961', '2025']
Eleanor Pilgrim	/wiki/Eleanor_Pilgrim	['1977', '2025']
Mark Pilkington	/wiki/Mark_Pilkington_(golfer)	['1978', '2025']
Phillip Price	/wiki/Phillip_Price	['1966', '2025']
Dai Rees	/wiki/Dai_Rees	['1913', '1983']
Dave Thomas	/wiki/Dave_Thomas_(golfer)	['1934', '2013']
Helen Wadsworth	/wiki/Helen_Wadsworth	['1964', '2025']
Ian Woosnam	/wiki/Ian_Woosnam	['1958', '2025']
Sarah Thomas	/wiki/Sarah_Thomas_(field_hockey)	['1981', '2025']
Tom Cave	/wiki/Tom_Cave	['1991', '2025']
Chaz Davies	/wiki/Chaz_Davies	['1987', '2025']
Elfyn Evans	/wiki/Elfyn_Evans	['1989', '2025']
Gwyndaf Evans	/wiki/Gwyndaf_Evans	['1959', '2025']
Nicky Grist	/wiki/Nicky_Grist	['1961', '2025']
Gary Hocking	/wiki/Gary_Hocking	['1937', '1962']
Karl Jones	/wiki/Karl_Jones	['1959', '2025']
Mark Jones	/wiki/Mark_Jones_(Motocross_rider)	['1979', '2025']
Cyril Kieft	/wiki/Cyril_Kieft	['1911', '2004']
Jackie Lewis	/wiki/Jackie_Lewis	['1936', '2025']
David Llewellin	/wiki/David_Llewellin	['1960', '2025']
Hywel Lloyd	/wiki/Hywel_Lloyd	['1985', '2025']
Ian Lougher	/wiki/Ian_Lougher	['1963', '2025']
Charlie Martin	/wiki/Charlie_Martin	['1913', '1998']
Phil Mills	/wiki/Phil_Mills	['1963', '2025']
Phil Morris	/wiki/Phil_Morris_(speedway_rider)	['1975', '2025']
J. G. Parry-Thomas	/wiki/J._G._Parry-Thomas	['1884', '1927']
Tom Pryce	/wiki/Tom_Pryce	['1949', '1977']
Alan Rees	/wiki/Alan_Rees_(racing_driver)	['1938', '2025']
Gareth Rees	/wiki/Gareth_Rees_(motorsport_commentator)	['1969', '2025']
David Richards	/wiki/David_Richards_(racing)	['1952', '2025']
Jamie Smyth	/wiki/Jamie_Smyth	['1976', '2025']
Malcolm Uphill	/wiki/Malcolm_Uphill	['1900', '1950']
Freddie Williams	/wiki/Freddie_Williams_(speedway_rider)	['1926', '2025']
Katrina Jacks	/wiki/Katrina_Jacks	['1986', '2010']
Tom James	/wiki/Tom_James	['1984', '2025']
Tom Lucy	/wiki/Tom_Lucy	['1988', '2025']
Lee Beach	/wiki/Lee_Beach	['1982', '2025']
Billy Boston	/wiki/Billy_Boston	['1934', '2025']
Kevin Bowring	/wiki/Kevin_Bowring	['1900', '1950']
Non Evans	/wiki/Non_Evans	['1975', '2025']
Trevor Foster	/wiki/Trevor_Foster	['1916', '2005']
Lewis Jones	/wiki/Lewis_Jones_(rugby)	['1931', '2025']
Robert Lewis	/wiki/Robert_Lewis_(rugby_player)	['1987', '2025']
Alun Wyn Jones	/wiki/Alun_Wyn_Jones	['1900', '1950']
Mike Powell	/wiki/Mike_Powell_(rugby_union)	['1978', '2025']
Jo Price	/wiki/Jo_Price	['1985', '2025']
Mike Ruddock	/wiki/Mike_Ruddock	['1959', '2025']
Frank Shugars	/wiki/Frank_Shugars	['1900', '1950']
Clive Sullivan	/wiki/Clive_Sullivan	['1943', '2025']
Aled Thomas	/wiki/Aled_Thomas	['1985', '2025']
Gwyn Thomas	/wiki/Gwyn_Thomas_(rugby)	['1900', '1950']
Alex Walker	/wiki/Alex_Walker_(rugby_union_born_1986)	['1986', '2025']
Frank Whitcombe	/wiki/Frank_Whitcombe	['1900', '1950']
Lenny Woodard	/wiki/Lenny_Woodard	['1976', '2025']
Frank Young	/wiki/Frank_Young_(rugby)	['1900', '1950']
Dominic Dale	/wiki/Dominic_Dale	['1971', '2025']
Ryan Day	/wiki/Ryan_Day_(snooker_player)	['1980', '2025']
Terry Griffiths	/wiki/Terry_Griffiths	['1947', '2025']
Jamie Jones	/wiki/Jamie_Jones_(snooker_player)	['1988', '2025']
Darren Morgan	/wiki/Darren_Morgan	['1966', '2025']
Doug Mountjoy	/wiki/Doug_Mountjoy	['1942', '2025']
Ray Reardon	/wiki/Ray_Reardon	['1932', '2025']
Matthew Stevens	/wiki/Matthew_Stevens	['1977', '2025']
Mark Williams	/wiki/Mark_Williams_(snooker_player)	['1975', '2025']
Cliff Wilson	/wiki/Cliff_Wilson	['1934', '1994']
Carwyn Williams	/wiki/Carwyn_Williams	['1965', '2025']
Jazmin Carlin	/wiki/Jazmin_Carlin	['1990', '2025']
David Davies	/wiki/David_Davies_(swimmer)	['1985', '2025']
Valerie Davies	/wiki/Valerie_Davies	['1912', '2001']
Julie Gould	/wiki/Julie_Gould	['1989', '2025']
Thomas Haffield	/wiki/Thomas_Haffield	['1988', '2025']
Nyree Lewis	/wiki/Nyree_Lewis	['1980', '2025']
Jemma Lowe	/wiki/Jemma_Lowe	['1990', '2025']
Paul Radmilovic	/wiki/Paul_Radmilovic	['1886', '1968']
David Roberts	/wiki/David_Roberts_(swimmer)	['1980', '2025']
Irene Steer	/wiki/Irene_Steer	['1889', '1947']
Lowri Tynan	/wiki/Lowri_Tynan	['1987', '2025']
Martyn Woodroffe	/wiki/Martyn_Woodroffe	['1950', '2025']
Tom Piggott	/wiki/Tom_Piggott	['1900', '1950']
David Morgan	/wiki/David_Morgan_(weightlifter)	['1964', '2025']
Mandrews	/wiki/Mandrews	['1992', '2025']
Sandy Orford	/wiki/Sandy_Orford	['1911', '1986']
Mason Ryan	/wiki/Mason_Ryan	['1982', '2025']
Adrian Street	/wiki/Adrian_Street	['1940', '2025']
Rob Terry	/wiki/Rob_Terry	['1980', '2025']
Don Vines	/wiki/Don_Vines	['1932', '1989']
Orig Williams	/wiki/Orig_Williams	['1931', '2009']
William Abraham	/wiki/William_Abraham_(trade_unionist)	['1842', '1922']
William Brace	/wiki/William_Brace	['1865', '1947']
Moss Evans	/wiki/Moss_Evans	['1925', '2002']
Jim Griffiths	/wiki/Jim_Griffiths	['1890', '1975']
Vernon Hartshorn	/wiki/Vernon_Hartshorn	['1872', '1931']
Arthur Horner	/wiki/Arthur_Horner_(trade_unionist)	['1894', '1968']
Clive Jenkins	/wiki/Clive_Jenkins	['1926', '1999']
Will Paynter	/wiki/Will_Paynter	['1903', '1984']
Thomas Richards	/wiki/Thomas_Richards_(Welsh_politician)	['1859', '1931']
J. H. Thomas	/wiki/J._H._Thomas	['1874', '1949']
Huw T. Edwards	/wiki/Huw_T._Edwards	['1892', '1970']
Helen Adams	/wiki/Helen_Adams	['1978', '2025']
Charles Ashburner	/wiki/Charles_Ashburner	['1969', '2025']
Seymour Berry, 1st Baron Buckland	/wiki/Seymour_Berry,_1st_Baron_Buckland	['1877', '1928']
Michael Bogdanov	/wiki/Michael_Bogdanov	['1938', '2017']
Emrys G. Bowen	/wiki/Emrys_G._Bowen	['1900', '1983']
Betsi Cadwaladr	/wiki/Betsi_Cadwaladr	['1789', '1860']
Gwladys ferch Dafydd Gam	/wiki/Gwladys_ferch_Dafydd_Gam	['1900', '1950']
Rees Davies	/wiki/Rees_Davies	['1938', '2005']
John Dee	/wiki/John_Dee	['1527', '2025']
Samuel Ifor Enoch	/wiki/Samuel_Ifor_Enoch	['1914', '2001']
John Gwenogvryn Evans	/wiki/John_Gwenogvryn_Evans	['1852', '1930']
Timothy John Evans	/wiki/Timothy_John_Evans	['1924', '1950']
Peter Havard-Williams	/wiki/Peter_Havard-Williams	['1922', '1995']
George Jeffreys, 1st Baron Jeffreys	/wiki/George_Jeffreys,_1st_Baron_Jeffreys	['1648', '1689']
Ernest Jones	/wiki/Ernest_Jones	['1879', '1958']
Walter Map	/wiki/Walter_Map	['1137', '1209']
Howard Marks	/wiki/Howard_Marks	['1900', '1950']
Angus McBean	/wiki/Angus_McBean	['1904', '1990']
Godfrey Morgan, 1st Viscount Tredegar	/wiki/Godfrey_Morgan,_1st_Viscount_Tredegar	['1831', '1913']
Henry Morgan	/wiki/Henry_Morgan	['1635', '1688']
Iolo Morganwg	/wiki/Iolo_Morganwg	['1747', '1826']
Mert and Marcus	/wiki/Mert_and_Marcus	['1971', '2025']
William Price	/wiki/William_Price_(doctor)	['1800', '1893']
Arwel Richards	/wiki/Arwel_Richards	['1982', '2025']
Bartholomew Roberts	/wiki/Bartholomew_Roberts	['1682', '1722']
William Salesbury	/wiki/William_Salesbury	['1900', '1950']
James Sommerin	/wiki/James_Sommerin	['1900', '1950']
John Tabatabai	/wiki/John_Tabatabai	['1987', '2025']
Robert Vaughan	/wiki/Robert_Vaughan_(antiquary)	['1900', '1950']
Bryn Williams	/wiki/Bryn_Williams	['1977', '2025']
John Tudno Williams	/wiki/John_Tudno_Williams	['1938', '2025']
William Richard Williams	/wiki/William_Richard_Williams_(theologian)	['1896', '1962']
Glyn Wise	/wiki/Glyn_Wise	['1988', '2025']
Thomas Wynne	/wiki/Thomas_Wynne	['1627', '1691']
Mike Young	/wiki/Mike_Young_(producer)	['1945', '2025']
Andrew House	/wiki/Andrew_House	['1965', '2025']
100 Welsh Heroes	/wiki/100_Welsh_Heroes	['1900', '1950']
Welsh American	/wiki/Welsh_American	['1900', '1950']
Welsh Australian	/wiki/Welsh_Australian	['1900', '1950']
Welsh Chilean	/wiki/Welsh_Chilean	['1900', '1950']
Welsh Italians	/wiki/Welsh_Italians	['1900', '1950']
Welsh peers and baronets	/wiki/Welsh_peers_and_baronets	['1900', '1950']
Y Wladfa	/wiki/Y_Wladfa	['1900', '1950']
