text	link	year
Template:TopicTOC-Country-Japan	/wiki/Template:TopicTOC-Country-Japan	['1900', '1950']
Template talk:TopicTOC-Country-Japan	/wiki/Template_talk:TopicTOC-Country-Japan	['1900', '1950']
Yoshisuke Aikawa	/wiki/Yoshisuke_Aikawa	['1880', '1967']
Takeo Fujisawa	/wiki/Takeo_Fujisawa	['1910', '1988']
Hirotoshi Honda	/wiki/Hirotoshi_Honda	['1900', '1950']
Konosuke Matsushita	/wiki/Konosuke_Matsushita	['1900', '1950']
Soichiro Honda	/wiki/Soichiro_Honda	['1906', '1991']
Jujiro Matsuda	/wiki/Jujiro_Matsuda	['1875', '1952']
Michio Suzuki	/wiki/Michio_Suzuki_(inventor)	['1887', '1982']
Eiji Toyoda	/wiki/Eiji_Toyoda	['1913', '2013']
Kiichiro Toyoda	/wiki/Kiichiro_Toyoda	['1894', '1952']
Sakichi Toyoda	/wiki/Sakichi_Toyoda	['1867', '1930']
Mori Arinori	/wiki/Mori_Arinori	['1900', '1950']
Tsunesaburō Makiguchi	/wiki/Tsunesabur%C5%8D_Makiguchi	['1900', '1950']
Midori Suzuki	/wiki/Midori_Suzuki_(educator)	['1900', '1950']
Fukuzawa Yukichi	/wiki/Fukuzawa_Yukichi	['1900', '1950']
Yukio Tsuda	/wiki/Yukio_Tsuda_(professor)	['1900', '1950']
Saburo Ienaga	/wiki/Saburo_Ienaga	['1900', '1950']
Kanda Nobuo	/wiki/Kanda_Nobuo	['1900', '1950']
Masao Maruyama	/wiki/Masao_Maruyama_(scholar)	['1900', '1950']
Naitō Torajirō	/wiki/Nait%C5%8D_Torajir%C5%8D	['1900', '1950']
Abe Masakatsu	/wiki/Abe_Masakatsu	['1900', '1950']
Adachi Kagemori	/wiki/Adachi_Kagemori	['1900', '1950']
William Adams	/wiki/William_Adams_(sailor,_born_1564)	['1900', '1950']
Akao Kiyotsuna	/wiki/Akao_Kiyotsuna	['1900', '1950']
Akechi Mitsuhide	/wiki/Akechi_Mitsuhide	['1900', '1950']
Akiyama Nobutomo	/wiki/Akiyama_Nobutomo	['1900', '1950']
Amago Haruhisa	/wiki/Amago_Haruhisa	['1900', '1950']
Amago Yoshihisa	/wiki/Amago_Yoshihisa	['1900', '1950']
Amago clan	/wiki/Amago_clan	['1900', '1950']
Ankokuji Ekei	/wiki/Ankokuji_Ekei	['1900', '1950']
Aochi Shigetsuna	/wiki/Aochi_Shigetsuna	['1900', '1950']
Arai Hakuseki	/wiki/Arai_Hakuseki	['1900', '1950']
Araki Murashige	/wiki/Araki_Murashige	['1900', '1950']
Arima Kihei	/wiki/Arima_Kihei	['1900', '1950']
Asakura Yoshikage	/wiki/Asakura_Yoshikage	['1900', '1950']
Azai Hisamasa	/wiki/Azai_Hisamasa	['1900', '1950']
Azai Nagamasa	/wiki/Azai_Nagamasa	['1900', '1950']
Azai Sukemasa	/wiki/Azai_Sukemasa	['1900', '1950']
Baba Nobufusa	/wiki/Baba_Nobufusa	['1900', '1950']
Bessho Nagaharu	/wiki/Bessho_Nagaharu	['1900', '1950']
Chōsokabe Morichika	/wiki/Ch%C5%8Dsokabe_Morichika	['1900', '1950']
Chōsokabe Kunichika	/wiki/Ch%C5%8Dsokabe_Kunichika	['1900', '1950']
Chōsokabe Motochika	/wiki/Ch%C5%8Dsokabe_Motochika	['1900', '1950']
Chōsokabe Nobuchika	/wiki/Ch%C5%8Dsokabe_Nobuchika	['1900', '1950']
Eugène Collache	/wiki/Eug%C3%A8ne_Collache	['1900', '1950']
Date Masamune	/wiki/Date_Masamune	['1900', '1950']
Date clan	/wiki/Date_clan	['1900', '1950']
Doi Toshikatsu	/wiki/Doi_Toshikatsu	['1900', '1950']
Endō Naotsune	/wiki/End%C5%8D_Naotsune	['1900', '1950']
Enomoto Takeaki	/wiki/Enomoto_Takeaki	['1900', '1950']
Fūma Kotarō	/wiki/F%C5%ABma_Kotar%C5%8D	['1900', '1950']
Fuwa Mitsuharu	/wiki/Fuwa_Mitsuharu	['1900', '1950']
Fujiwara no Hidesato	/wiki/Fujiwara_no_Hidesato	['1900', '1950']
Fukushima Masanori	/wiki/Fukushima_Masanori	['1900', '1950']
Gamō Katahide	/wiki/Gam%C5%8D_Katahide	['1900', '1950']
Gamō Ujisato	/wiki/Gam%C5%8D_Ujisato	['1900', '1950']
Hasekura Tsunenaga	/wiki/Hasekura_Tsunenaga	['1900', '1950']
Hattori Hanzō	/wiki/Hattori_Hanz%C5%8D	['1900', '1950']
Hatano Hideharu	/wiki/Hatano_Hideharu	['1900', '1950']
Hirate Masahide	/wiki/Hirate_Masahide	['1900', '1950']
Hitotsubashi Keiki	/wiki/Hitotsubashi_Keiki	['1900', '1950']
Hōjō Masako	/wiki/H%C5%8Dj%C5%8D_Masako	['1900', '1950']
Hōjō Tokimune	/wiki/H%C5%8Dj%C5%8D_Tokimune	['1900', '1950']
Hōjō Ujiyasu	/wiki/H%C5%8Dj%C5%8D_Ujiyasu	['1900', '1950']
Hōjō Ujimasa	/wiki/H%C5%8Dj%C5%8D_Ujimasa	['1900', '1950']
Honda Tadakatsu	/wiki/Honda_Tadakatsu	['1900', '1950']
Komatsuhime	/wiki/Komatsuhime	['1900', '1950']
Honganji Kennyo	/wiki/Honganji_Kennyo	['1900', '1950']
Hosokawa Fujitaka	/wiki/Hosokawa_Fujitaka	['1900', '1950']
Hosokawa Gracia	/wiki/Hosokawa_Gracia	['1900', '1950']
Hosokawa Tadaoki	/wiki/Hosokawa_Tadaoki	['1900', '1950']
Hotta Masatoshi	/wiki/Hotta_Masatoshi	['1900', '1950']
Ii Naomasa	/wiki/Ii_Naomasa	['1900', '1950']
Ii Naomori	/wiki/Ii_Naomori	['1900', '1950']
Ii Naosuke	/wiki/Ii_Naosuke	['1900', '1950']
Ii Naotaka	/wiki/Ii_Naotaka	['1900', '1950']
Ii Naoyuki	/wiki/Ii_Naoyuki	['1900', '1950']
Iizasa Ienao	/wiki/Iizasa_Ienao	['1900', '1950']
Ijuin Tadaaki	/wiki/Ijuin_Tadaaki	['1900', '1950']
Imagawa Yoshimoto	/wiki/Imagawa_Yoshimoto	['1900', '1950']
Imai Kanehira	/wiki/Imai_Kanehira	['1900', '1950']
Ishida Mitsunari	/wiki/Ishida_Mitsunari	['1900', '1950']
Itagaki Nobukata	/wiki/Itagaki_Nobukata	['1900', '1950']
Itagaki Taisuke	/wiki/Itagaki_Taisuke	['1900', '1950']
Itō Hirobumi	/wiki/It%C5%8D_Hirobumi	['1900', '1950']
Iwanari Tomomichi	/wiki/Iwanari_Tomomichi	['1900', '1950']
Kaneko Ietada	/wiki/Kaneko_Ietada	['1900', '1950']
Katagiri Katsumoto	/wiki/Katagiri_Katsumoto	['1900', '1950']
Katō Kiyomasa	/wiki/Kat%C5%8D_Kiyomasa	['1900', '1950']
Kawakami Gensai	/wiki/Kawakami_Gensai	['1900', '1950']
Kido Takayoshi	/wiki/Kido_Takayoshi	['1900', '1950']
Kikkawa Hiroie	/wiki/Kikkawa_Hiroie	['1900', '1950']
Kimotsuki Kanetsugu	/wiki/Kimotsuki_Kanetsugu	['1900', '1950']
Kobayakawa Hideaki	/wiki/Kobayakawa_Hideaki	['1900', '1950']
Kobayakawa Hidekane	/wiki/Kobayakawa_Hidekane	['1900', '1950']
Kobayakawa Takakage	/wiki/Kobayakawa_Takakage	['1900', '1950']
Kojima Toyoharu	/wiki/Kojima_Toyoharu	['1900', '1950']
Kuroda Denta	/wiki/Kuroda_Denta	['1900', '1950']
Kuroda Yoshitaka	/wiki/Kuroda_Yoshitaka	['1900', '1950']
Kuroda Kiyotaka	/wiki/Kuroda_Kiyotaka	['1900', '1950']
Kusunoki Masashige	/wiki/Kusunoki_Masashige	['1900', '1950']
Kumagai Naozane	/wiki/Kumagai_Naozane	['1900', '1950']
Maeda Keiji	/wiki/Maeda_Keiji	['1900', '1950']
Maeda Nagatane	/wiki/Maeda_Nagatane	['1900', '1950']
Maeda Toshiie	/wiki/Maeda_Toshiie	['1900', '1950']
Maeda Toshinaga	/wiki/Maeda_Toshinaga	['1900', '1950']
Maeda Toshitsune	/wiki/Maeda_Toshitsune	['1900', '1950']
Manabe Akifusa	/wiki/Manabe_Akifusa	['1900', '1950']
Matsudaira Nobutsuna	/wiki/Matsudaira_Nobutsuna	['1900', '1950']
Matsudaira Nobuyasu	/wiki/Matsudaira_Nobuyasu	['1900', '1950']
Matsudaira Katamori	/wiki/Matsudaira_Katamori	['1900', '1950']
Matsudaira Sadanobu	/wiki/Matsudaira_Sadanobu	['1900', '1950']
Saigō-no-Tsubone	/wiki/Saig%C5%8D-no-Tsubone	['1900', '1950']
Matsudaira Teru	/wiki/Matsudaira_Teru	['1900', '1950']
Matsunaga Hisahide	/wiki/Matsunaga_Hisahide	['1900', '1950']
Matsuo Bashō	/wiki/Matsuo_Bash%C5%8D	['1900', '1950']
Tokugawa Ieyasu	/wiki/Tokugawa_Ieyasu	['1900', '1950']
Minamoto no Mitsunaka	/wiki/Minamoto_no_Mitsunaka	['1900', '1950']
Minamoto no Yoshiie	/wiki/Minamoto_no_Yoshiie	['1900', '1950']
Minamoto no Yoshimitsu	/wiki/Minamoto_no_Yoshimitsu	['1900', '1950']
Minamoto no Yoshinaka	/wiki/Minamoto_no_Yoshinaka	['1900', '1950']
Minamoto no Yoshitomo	/wiki/Minamoto_no_Yoshitomo	['1900', '1950']
Minamoto no Yoshitsune	/wiki/Minamoto_no_Yoshitsune	['1900', '1950']
Minamoto no Tameyoshi	/wiki/Minamoto_no_Tameyoshi	['1900', '1950']
Minamoto no Yorimasa	/wiki/Minamoto_no_Yorimasa	['1900', '1950']
Minamoto no Yorimitsu	/wiki/Minamoto_no_Yorimitsu	['1900', '1950']
Minamoto no Yoritomo	/wiki/Minamoto_no_Yoritomo	['1900', '1950']
Minamoto no Noriyori	/wiki/Minamoto_no_Noriyori	['1900', '1950']
Mirei Kiritani	/wiki/Mirei_Kiritani	['1900', '1950']
William Adams	/wiki/William_Adams_(sailor,_born_1564)	['1900', '1950']
Miura Yoshimoto	/wiki/Miura_Yoshimoto	['1900', '1950']
Miyamoto Musashi	/wiki/Miyamoto_Musashi	['1900', '1950']
Miyoshi Chōkei	/wiki/Miyoshi_Ch%C5%8Dkei	['1900', '1950']
Miyoshi Yoshitsugu	/wiki/Miyoshi_Yoshitsugu	['1900', '1950']
Mizuno Tadakuni	/wiki/Mizuno_Tadakuni	['1900', '1950']
Mōri Motonari	/wiki/M%C5%8Dri_Motonari	['1900', '1950']
Mori Nagayoshi	/wiki/Mori_Nagayoshi	['1900', '1950']
Mōri Okimoto	/wiki/M%C5%8Dri_Okimoto	['1900', '1950']
Mori Ranmaru	/wiki/Mori_Ranmaru	['1900', '1950']
Mōri Takamoto	/wiki/M%C5%8Dri_Takamoto	['1900', '1950']
Mōri Terumoto	/wiki/M%C5%8Dri_Terumoto	['1900', '1950']
Mori Yoshinari	/wiki/Mori_Yoshinari	['1900', '1950']
Nagakura Shinpachi	/wiki/Nagakura_Shinpachi	['1900', '1950']
Nagao Harukage	/wiki/Nagao_Harukage	['1900', '1950']
Nagao Masakage	/wiki/Nagao_Masakage	['1900', '1950']
Nagao Tamekage	/wiki/Nagao_Tamekage	['1900', '1950']
Naoe Kanetsugu	/wiki/Naoe_Kanetsugu	['1900', '1950']
Nakagawa Kiyohide	/wiki/Nakagawa_Kiyohide	['1900', '1950']
Naoe Kagetsuna	/wiki/Naoe_Kagetsuna	['1900', '1950']
Naoe Kanetsugu	/wiki/Naoe_Kanetsugu	['1900', '1950']
Nihonmatsu Yoshitsugu	/wiki/Nihonmatsu_Yoshitsugu	['1900', '1950']
Niimi Nishiki	/wiki/Niimi_Nishiki	['1900', '1950']
Niiro Tadamoto	/wiki/Niiro_Tadamoto	['1900', '1950']
Niwa Nagahide	/wiki/Niwa_Nagahide	['1900', '1950']
Niwa Nagashige	/wiki/Niwa_Nagashige	['1900', '1950']
Oda Nobuhide	/wiki/Oda_Nobuhide	['1900', '1950']
Oda Nobunaga	/wiki/Oda_Nobunaga	['1900', '1950']
Oda Nobutada	/wiki/Oda_Nobutada	['1900', '1950']
Oda Nobutomo	/wiki/Oda_Nobutomo	['1900', '1950']
Oda Nobukatsu	/wiki/Oda_Nobukatsu	['1900', '1950']
Ogasawara Shōsai	/wiki/Ogasawara_Sh%C5%8Dsai	['1900', '1950']
Ōishi Kuranosuke	/wiki/%C5%8Cishi_Kuranosuke	['1900', '1950']
Okada Izō	/wiki/Okada_Iz%C5%8D	['1900', '1950']
Ōoka Tadasuke	/wiki/%C5%8Coka_Tadasuke	['1900', '1950']
Ōta Dōkan	/wiki/%C5%8Cta_D%C5%8Dkan	['1900', '1950']
Ōtomo Sōrin	/wiki/%C5%8Ctomo_S%C5%8Drin	['1900', '1950']
Okita Sōji	/wiki/Okita_S%C5%8Dji	['1900', '1950']
Ōkubo Toshimichi	/wiki/%C5%8Ckubo_Toshimichi	['1900', '1950']
Ōuchi Yoshitaka	/wiki/%C5%8Cuchi_Yoshitaka	['1900', '1950']
Rokkaku Yoshitaka	/wiki/Rokkaku_Yoshitaka	['1900', '1950']
Rusu Masakage	/wiki/Rusu_Masakage	['1900', '1950']
Ryūzōji Takanobu	/wiki/Ry%C5%ABz%C5%8Dji_Takanobu	['1900', '1950']
Ryūzōji clan	/wiki/Ry%C5%ABz%C5%8Dji_clan	['1900', '1950']
Nishikawa Castle	/wiki/Nishikawa_Castle	['1900', '1950']
Sagara Taketō	/wiki/Sagara_Taket%C5%8D	['1900', '1950']
Saigō Takamori	/wiki/Saig%C5%8D_Takamori	['1900', '1950']
Saigō-no-Tsubone	/wiki/Saig%C5%8D-no-Tsubone#Early_life	['1900', '1950']
Saitō Dōsan	/wiki/Sait%C5%8D_D%C5%8Dsan	['1900', '1950']
Saitō Hajime	/wiki/Sait%C5%8D_Hajime	['1900', '1950']
Saitō Yoshitatsu	/wiki/Sait%C5%8D_Yoshitatsu	['1900', '1950']
Sakai Tadakiyo	/wiki/Sakai_Tadakiyo	['1900', '1950']
Sakai Tadashige	/wiki/Sakai_Tadashige	['1900', '1950']
Sakai Tadayo	/wiki/Sakai_Tadayo	['1900', '1950']
Sakamoto Ryōma	/wiki/Sakamoto_Ry%C5%8Dma	['1900', '1950']
Sakuma Morimasa	/wiki/Sakuma_Morimasa	['1900', '1950']
Sakuma Nobumori	/wiki/Sakuma_Nobumori	['1900', '1950']
Sanada Masayuki	/wiki/Sanada_Masayuki	['1900', '1950']
Sanada Nobuyuki	/wiki/Sanada_Nobuyuki	['1900', '1950']
Sanada Yukimura	/wiki/Sanada_Yukimura	['1900', '1950']
Sasaki Kojirō	/wiki/Sasaki_Kojir%C5%8D	['1900', '1950']
Sasaki Yoshikiyo	/wiki/Sasaki_Yoshikiyo	['1900', '1950']
Serizawa Kamo	/wiki/Serizawa_Kamo	['1900', '1950']
Shibata Katsuie	/wiki/Shibata_Katsuie	['1900', '1950']
Shima Sakon	/wiki/Shima_Sakon	['1900', '1950']
Shimada Ichirō	/wiki/Shimada_Ichir%C5%8D	['1900', '1950']
Shimazu Katsuhisa	/wiki/Shimazu_Katsuhisa	['1900', '1950']
Shimazu Tadahisa	/wiki/Shimazu_Tadahisa	['1900', '1950']
Shimazu Tadatsune	/wiki/Shimazu_Tadatsune	['1900', '1950']
Shimazu Tadayoshi	/wiki/Shimazu_Tadayoshi	['1900', '1950']
Shimazu Takahisa	/wiki/Shimazu_Takahisa	['1900', '1950']
Shimazu Yoshihiro	/wiki/Shimazu_Yoshihiro	['1900', '1950']
Shimazu Yoshihisa	/wiki/Shimazu_Yoshihisa	['1900', '1950']
Shimazu clan	/wiki/Shimazu_clan	['1900', '1950']
Tachibana Muneshige	/wiki/Tachibana_Muneshige	['1900', '1950']
Tachibana Dōsetsu	/wiki/Tachibana_D%C5%8Dsetsu	['1900', '1950']
Tachibana Ginchiyo	/wiki/Tachibana_Ginchiyo	['1900', '1950']
Taigen Sessai	/wiki/Taigen_Sessai	['1900', '1950']
Taira no Kiyomori	/wiki/Taira_no_Kiyomori	['1900', '1950']
Taira no Masakado	/wiki/Taira_no_Masakado	['1900', '1950']
Takahashi Shigetane	/wiki/Takahashi_Shigetane	['1900', '1950']
Takenaka Shigeharu	/wiki/Takenaka_Shigeharu	['1900', '1950']
Takaoka Muneyasu	/wiki/Takaoka_Muneyasu	['1900', '1950']
Takasugi Shinsaku	/wiki/Takasugi_Shinsaku	['1900', '1950']
Takayama Shigetomo	/wiki/Takayama_Shigetomo	['1900', '1950']
Takayama Ukon	/wiki/Takayama_Ukon	['1900', '1950']
Takechi Hanpeita	/wiki/Takechi_Hanpeita	['1900', '1950']
Takeda Katsuyori	/wiki/Takeda_Katsuyori	['1900', '1950']
Takeda Nobushige	/wiki/Takeda_Nobushige	['1900', '1950']
Takeda Shingen	/wiki/Takeda_Shingen	['1900', '1950']
Tani Tateki	/wiki/Tani_Tateki	['1900', '1950']
Toki Yorinari	/wiki/Toki_Yorinari	['1900', '1950']
Tokugawa Ieyasu	/wiki/Tokugawa_Ieyasu	['1900', '1950']
Tokugawa Hidetada	/wiki/Tokugawa_Hidetada	['1900', '1950']
Tokugawa Nariaki	/wiki/Tokugawa_Nariaki	['1900', '1950']
Tokugawa Yoshinobu	/wiki/Tokugawa_Yoshinobu	['1900', '1950']
Toyotomi Hideyoshi	/wiki/Toyotomi_Hideyoshi	['1900', '1950']
Toyotomi Hideyori	/wiki/Toyotomi_Hideyori	['1900', '1950']
Saigō-no-Tsubone	/wiki/Saig%C5%8D-no-Tsubone#Background	['1900', '1950']
Tsukahara Bokuden	/wiki/Tsukahara_Bokuden	['1900', '1950']
Uesugi Kagekatsu	/wiki/Uesugi_Kagekatsu	['1900', '1950']
Uesugi Kagetora	/wiki/Uesugi_Kagetora	['1900', '1950']
Uesugi Kenshin	/wiki/Uesugi_Kenshin	['1900', '1950']
Ukita Naoie	/wiki/Ukita_Naoie	['1900', '1950']
Umezawa Michiharu	/wiki/Umezawa_Michiharu	['1900', '1950']
Usami Sadamitsu	/wiki/Usami_Sadamitsu	['1900', '1950']
Watanabe Kazan	/wiki/Watanabe_Kazan	['1900', '1950']
Watanabe no Tsuna	/wiki/Watanabe_no_Tsuna	['1900', '1950']
Yagyū Jūbei Mitsuyoshi	/wiki/Yagy%C5%AB_J%C5%ABbei_Mitsuyoshi	['1900', '1950']
Yasuke	/wiki/Yasuke	['1900', '1950']
Yamada Arinaga	/wiki/Yamada_Arinaga	['1900', '1950']
Yamada Arinobu	/wiki/Yamada_Arinobu	['1900', '1950']
Yamada Nagamasa	/wiki/Yamada_Nagamasa	['1900', '1950']
Yamagata Masakage	/wiki/Yamagata_Masakage	['1900', '1950']
Yamanami Keisuke	/wiki/Yamanami_Keisuke	['1900', '1950']
Yanagisawa Yoshiyasu	/wiki/Yanagisawa_Yoshiyasu	['1900', '1950']
Yonekura Shigetsugu	/wiki/Yonekura_Shigetsugu	['1900', '1950']
Yagyū Munenori	/wiki/Yagy%C5%AB_Munenori	['1900', '1950']
Yamauchi Kazutoyo	/wiki/Yamauchi_Kazutoyo	['1900', '1950']
Yūki Hideyasu	/wiki/Y%C5%ABki_Hideyasu	['1900', '1950']
Minamoto no Yoriie	/wiki/Minamoto_no_Yoriie	['1900', '1950']
Minamoto no Sanetomo	/wiki/Minamoto_no_Sanetomo	['1900', '1950']
Kujō Yoritsune	/wiki/Kuj%C5%8D_Yoritsune	['1900', '1950']
Kujō Yoritsugu	/wiki/Kuj%C5%8D_Yoritsugu	['1900', '1950']
Prince Munetaka	/wiki/Prince_Munetaka	['1900', '1950']
Prince Koreyasu	/wiki/Prince_Koreyasu	['1900', '1950']
Prince Morikuni	/wiki/Prince_Morikuni	['1900', '1950']
Prince Morinaga	/wiki/Prince_Morinaga	['1900', '1950']
Hōjō Tokimasa	/wiki/H%C5%8Dj%C5%8D_Tokimasa	['1900', '1950']
Hōjō Yoshitoki	/wiki/H%C5%8Dj%C5%8D_Yoshitoki	['1900', '1950']
Hōjō Yasutoki	/wiki/H%C5%8Dj%C5%8D_Yasutoki	['1900', '1950']
Hōjō Tsunetoki	/wiki/H%C5%8Dj%C5%8D_Tsunetoki	['1900', '1950']
Hōjō Tokiyori	/wiki/H%C5%8Dj%C5%8D_Tokiyori	['1900', '1950']
Hōjō Tokimune	/wiki/H%C5%8Dj%C5%8D_Tokimune	['1900', '1950']
Hōjō Sadatoki	/wiki/H%C5%8Dj%C5%8D_Sadatoki	['1900', '1950']
Hōjō Morotoki	/wiki/H%C5%8Dj%C5%8D_Morotoki	['1900', '1950']
Hōjō Takatoki	/wiki/H%C5%8Dj%C5%8D_Takatoki	['1900', '1950']
Ashikaga Takauji	/wiki/Ashikaga_Takauji	['1900', '1950']
Ashikaga Yoshiakira	/wiki/Ashikaga_Yoshiakira	['1900', '1950']
Ashikaga Yoshimitsu	/wiki/Ashikaga_Yoshimitsu	['1900', '1950']
Ashikaga Yoshimochi	/wiki/Ashikaga_Yoshimochi	['1900', '1950']
Ashikaga Yoshikazu	/wiki/Ashikaga_Yoshikazu	['1900', '1950']
Ashikaga Yoshinori	/wiki/Ashikaga_Yoshinori	['1900', '1950']
Ashikaga Yoshikatsu	/wiki/Ashikaga_Yoshikatsu	['1900', '1950']
Ashikaga Yoshimasa	/wiki/Ashikaga_Yoshimasa	['1900', '1950']
Ashikaga Yoshihisa	/wiki/Ashikaga_Yoshihisa	['1900', '1950']
Ashikaga Yoshitane	/wiki/Ashikaga_Yoshitane	['1900', '1950']
Ashikaga Yoshizumi	/wiki/Ashikaga_Yoshizumi	['1900', '1950']
Ashikaga Yoshiharu	/wiki/Ashikaga_Yoshiharu	['1900', '1950']
Ashikaga Yoshiteru	/wiki/Ashikaga_Yoshiteru	['1900', '1950']
Ashikaga Yoshihide	/wiki/Ashikaga_Yoshihide	['1900', '1950']
Ashikaga Yoshiaki	/wiki/Ashikaga_Yoshiaki	['1900', '1950']
Tokugawa Mitsukuni	/wiki/Tokugawa_Mitsukuni	['1900', '1950']
Tokugawa Nariaki	/wiki/Tokugawa_Nariaki	['1900', '1950']
Tokugawa Mochiharu	/wiki/Tokugawa_Mochiharu	['1900', '1950']
Tokugawa Munetake	/wiki/Tokugawa_Munetake	['1900', '1950']
Matsudaira Katamori	/wiki/Matsudaira_Katamori	['1900', '1950']
Matsudaira Sadanobu	/wiki/Matsudaira_Sadanobu	['1900', '1950']
Emperor Jinmu	/wiki/Emperor_Jinmu	['1900', '1950']
Emperor Kōbun	/wiki/Emperor_K%C5%8Dbun	['1900', '1950']
Emperor Tenmu	/wiki/Emperor_Tenmu	['1900', '1950']
Emperor Go-Toba	/wiki/Emperor_Go-Toba	['1900', '1950']
Emperor Go-Daigo	/wiki/Emperor_Go-Daigo	['1900', '1950']
Kibitsuhiko-no-mikoto	/wiki/Kibitsuhiko-no-mikoto	['1900', '1950']
Yamato Takeru	/wiki/Yamato_Takeru	['1900', '1950']
Empress Jingū	/wiki/Empress_Jing%C5%AB	['1900', '1950']
Ōtomo no Otomaro	/wiki/%C5%8Ctomo_no_Otomaro	['1900', '1950']
Sakanoue no Tamuramaro	/wiki/Sakanoue_no_Tamuramaro	['1900', '1950']
Aterui	/wiki/Aterui	['1900', '1950']
Korechika Anami	/wiki/Korechika_Anami	['1900', '1950']
Kenji Doihara	/wiki/Kenji_Doihara	['1900', '1950']
Enomoto Takeaki	/wiki/Enomoto_Takeaki	['1900', '1950']
Kuroki Itei	/wiki/Kuroki_Itei	['1900', '1950']
Iwane Matsui	/wiki/Iwane_Matsui	['1900', '1950']
Minoru Ōta	/wiki/Minoru_%C5%8Cta	['1900', '1950']
Kantarō Suzuki	/wiki/Kantar%C5%8D_Suzuki	['1900', '1950']
Tōgō Heihachirō	/wiki/T%C5%8Dg%C5%8D_Heihachir%C5%8D	['1900', '1950']
Hideki Tōjō	/wiki/Hideki_T%C5%8Dj%C5%8D	['1900', '1950']
Isoroku Yamamoto	/wiki/Isoroku_Yamamoto	['1900', '1950']
Shiro Kawase	/wiki/Shiro_Kawase	['1900', '1950']
Kanji Ishiwara	/wiki/Kanji_Ishiwara	['1900', '1950']
Daiki Arioka	/wiki/Daiki_Arioka	['1900', '1950']
Goro Inagaki	/wiki/Goro_Inagaki	['1900', '1950']
Hikaru Yaotome	/wiki/Hikaru_Yaotome	['1900', '1950']
Hiroki Uchi	/wiki/Hiroki_Uchi	['1900', '1950']
Jin Akanishi	/wiki/Jin_Akanishi	['1900', '1950']
Jun Matsumoto	/wiki/Jun_Matsumoto	['1900', '1950']
Junnosuke Taguchi	/wiki/Junnosuke_Taguchi	['1900', '1950']
Junichi Okada	/wiki/Junichi_Okada	['1900', '1950']
Kanata Hongō	/wiki/Kanata_Hong%C5%8D	['1900', '1950']
Katori Shingo	/wiki/Katori_Shingo	['1900', '1950']
Kazunari Ninomiya	/wiki/Kazunari_Ninomiya	['1900', '1950']
Kazuya Kamenashi	/wiki/Kazuya_Kamenashi	['1900', '1950']
Kei Inoo	/wiki/Kei_Inoo	['1900', '1950']
Keiichiro Koyama	/wiki/Keiichiro_Koyama	['1900', '1950']
Keita Tachibana	/wiki/Keita_Tachibana	['1900', '1950']
Keito Okamoto	/wiki/Keito_Okamoto	['1900', '1950']
Kimura Takuya	/wiki/Kimura_Takuya	['1900', '1950']
Koichi Domoto	/wiki/Koichi_Domoto	['1900', '1950']
Koike Teppei	/wiki/Koike_Teppei	['1900', '1950']
Kota Yabu	/wiki/Kota_Yabu	['1900', '1950']
Kusano Hironori	/wiki/Kusano_Hironori	['1900', '1950']
Masahiro Nakai	/wiki/Masahiro_Nakai	['1900', '1950']
Masaki Aiba	/wiki/Masaki_Aiba	['1900', '1950']
Ryutaro Morimoto	/wiki/Ryutaro_Morimoto	['1900', '1950']
Shingo Murakami	/wiki/Shingo_Murakami	['1900', '1950']
Ryo Nishikido	/wiki/Ryo_Nishikido	['1900', '1950']
Ryohei Chiba	/wiki/Ryohei_Chiba	['1900', '1950']
Ryuichi Ogata	/wiki/Ryuichi_Ogata	['1900', '1950']
Ryosuke Yamada	/wiki/Ryosuke_Yamada	['1900', '1950']
Satoshi Ohno	/wiki/Satoshi_Ohno	['1900', '1950']
Shigeaki Kato	/wiki/Shigeaki_Kato	['1900', '1950']
Shingo Murakami	/wiki/Shingo_Murakami	['1900', '1950']
Sho Sakurai	/wiki/Sho_Sakurai	['1900', '1950']
Shota Yasuda	/wiki/Shota_Yasuda	['1900', '1950']
Subaru Shibutani	/wiki/Subaru_Shibutani	['1900', '1950']
Takahisa Masuda	/wiki/Takahisa_Masuda	['1900', '1950']
Tanaka Koki	/wiki/Tanaka_Koki	['1900', '1950']
Tatsuya Ueda	/wiki/Tatsuya_Ueda	['1900', '1950']
Tsuyoshi Domoto	/wiki/Tsuyoshi_Domoto	['1900', '1950']
Tsuyoshi Kusanagi	/wiki/Tsuyoshi_Kusanagi	['1900', '1950']
Tomohisa Yamashita	/wiki/Tomohisa_Yamashita	['1900', '1950']
Toma Ikuta	/wiki/Toma_Ikuta	['1900', '1950']
Yu Yokoyama	/wiki/Yu_Yokoyama	['1900', '1950']
Yuichi Nakamaru	/wiki/Yuichi_Nakamaru	['1900', '1950']
Yuma Nakayama	/wiki/Yuma_Nakayama	['1900', '1950']
Yuto Nakajima	/wiki/Yuto_Nakajima	['1900', '1950']
Yuuri Chinen	/wiki/Yuuri_Chinen	['1900', '1950']
Yuya Tegoshi	/wiki/Yuya_Tegoshi	['1900', '1950']
Yuya Takaki	/wiki/Yuya_Takaki	['1900', '1950']
Sayaka Akimoto	/wiki/Sayaka_Akimoto	['1900', '1950']
Rina Akiyama	/wiki/Rina_Akiyama	['1900', '1950']
Momoka Ariyasu	/wiki/Momoka_Ariyasu	['1900', '1950']
Mizuki Fukumura	/wiki/Mizuki_Fukumura	['1900', '1950']
Yui Hiwatashi	/wiki/Yui_Hiwatashi	['1900', '1950']
Haruna Iikubo	/wiki/Haruna_Iikubo	['1900', '1950']
Erina Ikuta	/wiki/Erina_Ikuta	['1900', '1950']
Ayumi Ishida	/wiki/Ayumi_Ishida_(Morning_Musume_member)	['1900', '1950']
Tomomi Itano	/wiki/Tomomi_Itano	['1900', '1950']
Tomomi Kasai	/wiki/Tomomi_Kasai	['1900', '1950']
Yuki Kashiwagi	/wiki/Yuki_Kashiwagi	['1900', '1950']
Umika Kawashima	/wiki/Umika_Kawashima	['1900', '1950']
Rie Kitahara	/wiki/Rie_Kitahara	['1900', '1950']
Eiko Koike	/wiki/Eiko_Koike	['1900', '1950']
Haruna Kojima	/wiki/Haruna_Kojima	['1900', '1950']
Haruka Kudo	/wiki/Haruka_Kudo_(singer)	['1900', '1950']
Koharu Kusumi	/wiki/Koharu_Kusumi	['1900', '1950']
Atsuko Maeda	/wiki/Atsuko_Maeda	['1900', '1950']
Erina Mano	/wiki/Erina_Mano	['1900', '1950']
Jurina Matsui	/wiki/Jurina_Matsui	['1900', '1950']
Rena Matsui	/wiki/Rena_Matsui	['1900', '1950']
Aya Matsuura	/wiki/Aya_Matsuura	['1900', '1950']
Sayumi Michishige	/wiki/Sayumi_Michishige	['1900', '1950']
Minami Minegishi	/wiki/Minami_Minegishi	['1900', '1950']
Kanako Momota	/wiki/Kanako_Momota	['1900', '1950']
Shoko Nakagawa	/wiki/Shoko_Nakagawa	['1900', '1950']
Chise Nakamura	/wiki/Chise_Nakamura	['1900', '1950']
Jun Natsukawa	/wiki/Jun_Natsukawa	['1900', '1950']
Yuko Oshima	/wiki/Yuko_Oshima	['1900', '1950']
Ayaka Sasaki	/wiki/Ayaka_Sasaki	['1900', '1950']
Masaki Sato	/wiki/Masaki_Sato	['1900', '1950']
Riho Sayashi	/wiki/Riho_Sayashi	['1900', '1950']
Rino Sashihara	/wiki/Rino_Sashihara	['1900', '1950']
Mariko Shinoda	/wiki/Mariko_Shinoda	['1900', '1950']
Kanon Suzuki	/wiki/Kanon_Suzuki	['1900', '1950']
Reni Takagi	/wiki/Reni_Takagi	['1900', '1950']
Aki Takajo	/wiki/Aki_Takajo	['1900', '1950']
Minami Takahashi	/wiki/Minami_Takahashi	['1900', '1950']
Shiori Tamai	/wiki/Shiori_Tamai	['1900', '1950']
Takako Uehara	/wiki/Takako_Uehara	['1900', '1950']
Aya Ueto	/wiki/Aya_Ueto	['1900', '1950']
Mayu Watanabe	/wiki/Mayu_Watanabe	['1900', '1950']
Azusa Yamamoto	/wiki/Azusa_Yamamoto	['1900', '1950']
Seika Furuhata	/wiki/Seika_Furuhata	['1900', '1950']
Kanata Hongō	/wiki/Kanata_Hong%C5%8D	['1900', '1950']
Aki Hoshino	/wiki/Aki_Hoshino	['1900', '1950']
May J.	/wiki/May_J.	['1900', '1950']
Meisa Kuroki	/wiki/Meisa_Kuroki	['1900', '1950']
Riyo Mori	/wiki/Riyo_Mori	['1900', '1950']
Suzuka Morita	/wiki/Suzuka_Morita	['1900', '1950']
Mariya Nishiuchi	/wiki/Mariya_Nishiuchi	['1900', '1950']
Fujiwara Norika	/wiki/Fujiwara_Norika	['1900', '1950']
Tao Okamoto	/wiki/Tao_Okamoto	['1900', '1950']
Moe Oshikiri	/wiki/Moe_Oshikiri	['1900', '1950']
Anna Umemiya	/wiki/Anna_Umemiya	['1900', '1950']
Inoue Waka	/wiki/Inoue_Waka	['1900', '1950']
Yamada Yu	/wiki/Yamada_Yu	['1900', '1950']
Ebihara Yuri	/wiki/Ebihara_Yuri	['1900', '1950']
Eiichi Ohtaki	/wiki/Eiichi_Ohtaki	['1900', '1950']
Eikichi Yazawa	/wiki/Eikichi_Yazawa	['1900', '1950']
Gackt	/wiki/Gackt	['1900', '1950']
Haruomi Hosono	/wiki/Haruomi_Hosono	['1900', '1950']
Hide	/wiki/Hide_(musician)	['1900', '1950']
Hiromi Go	/wiki/Hiromi_Go	['1900', '1950']
Kiyoshiro Imawano	/wiki/Kiyoshiro_Imawano	['1900', '1950']
Hideaki Tokunaga	/wiki/Hideaki_Tokunaga	['1900', '1950']
Hyde	/wiki/Hyde_(musician)	['1900', '1950']
Kazumasa Oda	/wiki/Kazumasa_Oda	['1900', '1950']
Keisuke Kuwata	/wiki/Keisuke_Kuwata	['1900', '1950']
Koshi Inaba	/wiki/Koshi_Inaba	['1900', '1950']
Kōji Tamaki	/wiki/K%C5%8Dji_Tamaki	['1900', '1950']
Kyosuke Himuro	/wiki/Kyosuke_Himuro	['1900', '1950']
Miyavi	/wiki/Miyavi	['1900', '1950']
Noriyuki Makihara	/wiki/Noriyuki_Makihara	['1900', '1950']
Ryuichi Sakamoto	/wiki/Ryuichi_Sakamoto	['1900', '1950']
Saijo Hideki	/wiki/Saijo_Hideki	['1900', '1950']
Takanori Nishikawa	/wiki/Takanori_Nishikawa	['1900', '1950']
Tamio Okuda	/wiki/Tamio_Okuda	['1900', '1950']
Tatsuya Ishii	/wiki/Tatsuya_Ishii	['1900', '1950']
Tatsuro Yamashita	/wiki/Tatsuro_Yamashita	['1900', '1950']
Tomoyasu Hotei	/wiki/Tomoyasu_Hotei	['1900', '1950']
Toshi Kubota	/wiki/Toshi_Kubota	['1900', '1950']
Toshiki Kadomatsu	/wiki/Toshiki_Kadomatsu	['1900', '1950']
Yasuyuki Okamura	/wiki/Yasuyuki_Okamura	['1900', '1950']
Yoshiki	/wiki/Yoshiki_(musician)	['1900', '1950']
Yōsui Inoue	/wiki/Y%C5%8Dsui_Inoue	['1900', '1950']
Yukihiro Takahashi	/wiki/Yukihiro_Takahashi	['1900', '1950']
Ai Otsuka	/wiki/Ai_Otsuka	['1900', '1950']
Ai Takahashi	/wiki/Ai_Takahashi	['1900', '1950']
Aiko Kayō	/wiki/Aiko_Kay%C5%8D	['1900', '1950']
Akiko Wada	/wiki/Akiko_Wada	['1900', '1950']
Alisa Durbrow	/wiki/Alisa_Durbrow	['1900', '1950']
Angela Aki	/wiki/Angela_Aki	['1900', '1950']
Anna Tsuchiya	/wiki/Anna_Tsuchiya	['1900', '1950']
Airi Suzuki	/wiki/Airi_Suzuki	['1900', '1950']
Aya Hirano	/wiki/Aya_Hirano	['1900', '1950']
Aya Matsuura	/wiki/Aya_Matsuura	['1900', '1950']
Aya Ueto	/wiki/Aya_Ueto	['1900', '1950']
Ayaka Hirahara	/wiki/Ayaka_Hirahara	['1900', '1950']
Ayaka Komatsu	/wiki/Ayaka_Komatsu	['1900', '1950']
Ayaka	/wiki/Ayaka	['1900', '1950']
Ayumi Hamasaki	/wiki/Ayumi_Hamasaki	['1900', '1950']
Ayumi Kinoshita	/wiki/Ayumi_Kinoshita	['1900', '1950']
Beni Arashiro	/wiki/Beni_Arashiro	['1900', '1950']
Bonnie Pink	/wiki/Bonnie_Pink	['1900', '1950']
Chiaki Kuriyama	/wiki/Chiaki_Kuriyama	['1900', '1950']
Chihiro Onitsuka	/wiki/Chihiro_Onitsuka	['1900', '1950']
Chisaki Hama	/wiki/Chisaki_Hama	['1900', '1950']
Chitose Hajime	/wiki/Chitose_Hajime	['1900', '1950']
Crystal Kay	/wiki/Crystal_Kay	['1900', '1950']
Erika Sawajiri	/wiki/Erika_Sawajiri	['1900', '1950']
Emi Hinouchi	/wiki/Emi_Hinouchi	['1900', '1950']
Emi Maria	/wiki/Emi_Maria	['1900', '1950']
Emyli	/wiki/Emyli	['1900', '1950']
Garnet Crow	/wiki/Garnet_Crow	['1900', '1950']
Goto Maki	/wiki/Goto_Maki	['1900', '1950']
Hagiwara Mai	/wiki/Hagiwara_Mai	['1900', '1950']
Halna	/wiki/Halna	['1900', '1950']
Hikaru Nishida	/wiki/Hikaru_Nishida	['1900', '1950']
Hiro	/wiki/Hiro_(photographer)	['1900', '1950']
Hiroko Anzai	/wiki/Hiroko_Anzai	['1900', '1950']
Hiroko Shimabukuro	/wiki/Hiroko_Shimabukuro	['1900', '1950']
Hitomi	/wiki/Hitomi_(singer)	['1900', '1950']
Ikue Sakakibara	/wiki/Ikue_Sakakibara	['1900', '1950']
Imai Eriko	/wiki/Imai_Eriko	['1900', '1950']
JASMINE	/wiki/JASMINE	['1900', '1950']
Jhené Aiko	/wiki/Jhen%C3%A9_Aiko	['1900', '1950']
Jun Natsukawa	/wiki/Jun_Natsukawa	['1900', '1950']
Junko Sakurada	/wiki/Junko_Sakurada	['1900', '1950']
JYONGRI	/wiki/JYONGRI	['1900', '1950']
Kanako Enomoto	/wiki/Kanako_Enomoto	['1900', '1950']
Kanbe Miyuki	/wiki/Kanbe_Miyuki	['1900', '1950']
Kanon Wakeshima	/wiki/Kanon_Wakeshima	['1900', '1950']
Kawabe Chieco	/wiki/Kawabe_Chieco	['1900', '1950']
Kawase Tomoko	/wiki/Kawase_Tomoko	['1900', '1950']
Keiko Kitagawa	/wiki/Keiko_Kitagawa	['1900', '1950']
Kumi Koda	/wiki/Kumi_Koda	['1900', '1950']
Kusumi Koharu	/wiki/Kusumi_Koharu	['1900', '1950']
Lia	/wiki/Lia	['1900', '1950']
Maaya Sakamoto	/wiki/Maaya_Sakamoto	['1900', '1950']
Maeda Atsuko	/wiki/Maeda_Atsuko	['1900', '1950']
May J.	/wiki/May_J.	['1900', '1950']
Mari Amachi	/wiki/Mari_Amachi	['1900', '1950']
Masako Mori	/wiki/Masako_Mori_(enka_musician)	['1900', '1950']
Meisa Kuroki	/wiki/Meisa_Kuroki	['1900', '1950']
Megumi Odaka	/wiki/Megumi_Odaka	['1900', '1950']
Megumi	/wiki/Megumi	['1900', '1950']
Megumi Hayashibara	/wiki/Megumi_Hayashibara	['1900', '1950']
Melody.	/wiki/Melody.	['1900', '1950']
Mew Azama	/wiki/Mew_Azama	['1900', '1950']
Mihiro	/wiki/Mihiro	['1900', '1950']
Miho Komatsu	/wiki/Miho_Komatsu	['1900', '1950']
Miho Nakayama	/wiki/Miho_Nakayama	['1900', '1950']
Miki Fujimoto	/wiki/Miki_Fujimoto	['1900', '1950']
Miki Jinbo	/wiki/Miki_Jinbo	['1900', '1950']
Miliyah Kato	/wiki/Miliyah_Kato	['1900', '1950']
MINMI	/wiki/MINMI	['1900', '1950']
Miyuu Sawai	/wiki/Miyuu_Sawai	['1900', '1950']
Mizuki Nana	/wiki/Mizuki_Nana	['1900', '1950']
Momoe Yamaguchi	/wiki/Momoe_Yamaguchi	['1900', '1950']
Myco	/wiki/Myco_(singer)	['1900', '1950']
Mika Nakashima	/wiki/Mika_Nakashima	['1900', '1950']
Namie Amuro	/wiki/Namie_Amuro	['1900', '1950']
Natsuyaki Miyabi	/wiki/Natsuyaki_Miyabi	['1900', '1950']
Noriko Sakai	/wiki/Noriko_Sakai	['1900', '1950']
Reina Tanaka	/wiki/Reina_Tanaka	['1900', '1950']
Reon Kadena	/wiki/Reon_Kadena	['1900', '1950']
Ribbon	/wiki/Ribbon	['1900', '1950']
Ryōko Hirosue	/wiki/Ry%C5%8Dko_Hirosue	['1900', '1950']
Saori Minami	/wiki/Saori_Minami	['1900', '1950']
Sayaka Kanda	/wiki/Sayaka_Kanda	['1900', '1950']
Sayumi Michishige	/wiki/Sayumi_Michishige	['1900', '1950']
Seiko Matsuda	/wiki/Seiko_Matsuda	['1900', '1950']
Shoko Nakagawa	/wiki/Shoko_Nakagawa	['1900', '1950']
Takako Ōta	/wiki/Takako_%C5%8Cta	['1900', '1950']
Takako Uehara	/wiki/Takako_Uehara	['1900', '1950']
Thelma Aoyama	/wiki/Thelma_Aoyama	['1900', '1950']
Tomomi Itano	/wiki/Tomomi_Itano	['1900', '1950']
Tsugunaga Momoko	/wiki/Tsugunaga_Momoko	['1900', '1950']
Utada Hikaru	/wiki/Utada_Hikaru	['1900', '1950']
Waka Inoue	/wiki/Waka_Inoue	['1900', '1950']
Yui	/wiki/Yui_(singer)	['1900', '1950']
Yui Makino	/wiki/Yui_Makino	['1900', '1950']
Yukiko Okada	/wiki/Yukiko_Okada	['1900', '1950']
Yuko Ogura	/wiki/Yuko_Ogura	['1900', '1950']
Yuna Ito	/wiki/Yuna_Ito	['1900', '1950']
Aya Ueto	/wiki/Aya_Ueto	['1900', '1950']
Becky	/wiki/Becky_(television_personality)	['1900', '1950']
Kazushige Nagashima	/wiki/Kazushige_Nagashima	['1900', '1950']
Kano sisters	/wiki/Kano_sisters	['1900', '1950']
Mina Fukui	/wiki/Mina_Fukui	['1900', '1950']
Momoiro Clover Z	/wiki/Momoiro_Clover_Z	['1900', '1950']
Iijima Ai	/wiki/Iijima_Ai	['1900', '1950']
Mao Inoue	/wiki/Mao_Inoue	['1900', '1950']
Kano sisters	/wiki/Kano_sisters	['1900', '1950']
Sugita Kaoru	/wiki/Sugita_Kaoru	['1900', '1950']
Mino Monta	/wiki/Mino_Monta	['1900', '1950']
Shinohara Tomoe	/wiki/Shinohara_Tomoe	['1900', '1950']
Harumi Kurihara	/wiki/Harumi_Kurihara	['1900', '1950']
Papaya Suzuki	/wiki/Papaya_Suzuki	['1900', '1950']
Dogen	/wiki/Dogen	['1900', '1950']
Eisai	/wiki/Eisai	['1900', '1950']
Kūkai	/wiki/K%C5%ABkai	['1900', '1950']
Nakayama Miki	/wiki/Nakayama_Miki	['1900', '1950']
Nichiren	/wiki/Nichiren	['1900', '1950']
Nikkō	/wiki/Nikk%C5%8D_(priest)	['1900', '1950']
Ryōkan	/wiki/Ry%C5%8Dkan	['1900', '1950']
Saigyo	/wiki/Saigyo	['1900', '1950']
Shinran	/wiki/Shinran	['1900', '1950']
Shoko Asahara	/wiki/Shoko_Asahara	['1900', '1950']
Peter Doi	/wiki/Peter_Doi	['1900', '1950']
Joseph Satoshi Fukahori	/wiki/Joseph_Satoshi_Fukahori	['1900', '1950']
Stephen Fumio Hamao	/wiki/Stephen_Fumio_Hamao	['1900', '1950']
Januarius Kyunosuke Hayasaka	/wiki/Januarius_Kyunosuke_Hayasaka	['1900', '1950']
Peter Takaaki Hirayama	/wiki/Peter_Takaaki_Hirayama	['1900', '1950']
Daisaku Ikeda	/wiki/Daisaku_Ikeda	['1900', '1950']
Peter Baptist Tadamaro Ishigami	/wiki/Peter_Baptist_Tadamaro_Ishigami	['1900', '1950']
Petro Kasui Kibe	/wiki/Petro_Kasui_Kibe	['1900', '1950']
Paulo Miki	/wiki/Paulo_Miki	['1900', '1950']
Joseph Atsumi Misue	/wiki/Joseph_Atsumi_Misue	['1900', '1950']
Francis Xavier Osamu Mizobe	/wiki/Francis_Xavier_Osamu_Mizobe	['1900', '1950']
Joseph Asajiro Satowaki	/wiki/Joseph_Asajiro_Satowaki	['1900', '1950']
Francis Xavier Kaname Shimamoto	/wiki/Francis_Xavier_Kaname_Shimamoto	['1900', '1950']
Takuan Sōhō	/wiki/Takuan_S%C5%8Dh%C5%8D	['1900', '1950']
Paul Yoshigoro Taguchi	/wiki/Paul_Yoshigoro_Taguchi	['1900', '1950']
Joseph Mitsuaki Takami	/wiki/Joseph_Mitsuaki_Takami	['1900', '1950']
Ikurō Teshima	/wiki/Ikur%C5%8D_Teshima	['1900', '1950']
Paul Tsuchihashi	/wiki/Paul_Tsuchihashi	['1900', '1950']
Thomas Tsugi	/wiki/Thomas_Tsugi	['1900', '1950']
Uchimura Kanzo	/wiki/Uchimura_Kanzo	['1900', '1950']
Yoshihiko Kikuchi	/wiki/Yoshihiko_Kikuchi	['1900', '1950']
Peter Takeo Okada	/wiki/Peter_Takeo_Okada	['1900', '1950']
Peter Shirayanagi	/wiki/Peter_Shirayanagi	['1900', '1950']
Daisetz Teitaro Suzuki	/wiki/Daisetz_Teitaro_Suzuki	['1900', '1950']
Joseph Mitsuaki Takami	/wiki/Joseph_Mitsuaki_Takami	['1900', '1950']
Jacobo Kyushei Tomonaga	/wiki/Jacobo_Kyushei_Tomonaga	['1900', '1950']
Paul Hisao Yasuda	/wiki/Paul_Hisao_Yasuda	['1900', '1950']
Leo Esaki	/wiki/Leo_Esaki	['1900', '1950']
Kotaro Honda	/wiki/Kotaro_Honda	['1900', '1950']
Kikunae Ikeda	/wiki/Kikunae_Ikeda	['1900', '1950']
Kitasato Shibasaburō	/wiki/Kitasato_Shibasabur%C5%8D	['1900', '1950']
Mikimoto Kōkichi	/wiki/Mikimoto_K%C5%8Dkichi	['1900', '1950']
Tokuhichi Mishima	/wiki/Tokuhichi_Mishima	['1900', '1950']
Ukichiro Nakaya	/wiki/Ukichiro_Nakaya	['1900', '1950']
Yasujiro Niwa	/wiki/Yasujiro_Niwa	['1900', '1950']
Kyota Sugimoto	/wiki/Kyota_Sugimoto	['1900', '1950']
Akihiko Tago	/wiki/Akihiko_Tago	['1900', '1950']
Jokichi Takamine	/wiki/Jokichi_Takamine	['1900', '1950']
Koichi Tanaka	/wiki/Koichi_Tanaka	['1900', '1950']
Susumu Tonegawa	/wiki/Susumu_Tonegawa	['1900', '1950']
Ted Fujita	/wiki/Ted_Fujita	['1900', '1950']
Sin-Itiro Tomonaga	/wiki/Sin-Itiro_Tomonaga	['1900', '1950']
Sakichi Toyoda	/wiki/Sakichi_Toyoda	['1900', '1950']
Hidetsugu Yagi	/wiki/Hidetsugu_Yagi	['1900', '1950']
Hideki Yukawa	/wiki/Hideki_Yukawa	['1900', '1950']
Norio Kaifu	/wiki/Norio_Kaifu	['1900', '1950']
Heisuke Hironaka	/wiki/Heisuke_Hironaka	['1900', '1950']
Kenkichi Iwasawa	/wiki/Kenkichi_Iwasawa	['1900', '1950']
Kunihiko Kodaira	/wiki/Kunihiko_Kodaira	['1900', '1950']
Shigefumi Mori	/wiki/Shigefumi_Mori	['1900', '1950']
Mikio Sato	/wiki/Mikio_Sato	['1900', '1950']
Seki Kōwa	/wiki/Seki_K%C5%8Dwa	['1900', '1950']
Goro Shimura	/wiki/Goro_Shimura	['1900', '1950']
Teiji Takagi	/wiki/Teiji_Takagi	['1900', '1950']
Yutaka Taniyama	/wiki/Yutaka_Taniyama	['1900', '1950']
Nobuo Yoneda	/wiki/Nobuo_Yoneda	['1900', '1950']
Takeshi Amemiya	/wiki/Takeshi_Amemiya	['1900', '1950']
Masahiko Aoki	/wiki/Masahiko_Aoki	['1900', '1950']
Masahisa Fujita	/wiki/Masahisa_Fujita	['1900', '1950']
Fumio Hayashi	/wiki/Fumio_Hayashi	['1900', '1950']
Charles Horioka	/wiki/Charles_Horioka	['1900', '1950']
Nobuhiro Kiyotaki	/wiki/Nobuhiro_Kiyotaki	['1900', '1950']
Michio Morishima	/wiki/Michio_Morishima	['1900', '1950']
Yasuma Takada	/wiki/Yasuma_Takada	['1900', '1950']
Heizō Takenaka	/wiki/Heiz%C5%8D_Takenaka	['1900', '1950']
Shigeto Tsuru	/wiki/Shigeto_Tsuru	['1900', '1950']
Yoshihiro Tsurumi	/wiki/Yoshihiro_Tsurumi	['1900', '1950']
Yukihiro Torikai	/wiki/Yukihiro_Torikai	['1900', '1950']
Kazuhide Uekusa	/wiki/Kazuhide_Uekusa	['1900', '1950']
Hirofumi Uzawa	/wiki/Hirofumi_Uzawa	['1900', '1950']
Hidetsugu Aneha	/wiki/Hidetsugu_Aneha	['1900', '1950']
Yoichi Hatta	/wiki/Yoichi_Hatta	['1900', '1950']
Kenichi Horie	/wiki/Kenichi_Horie	['1900', '1950']
Kiyoshi Kawakami	/wiki/Kiyoshi_Kawakami	['1900', '1950']
Takeru Kobayashi	/wiki/Takeru_Kobayashi	['1900', '1950']
Yoko Matsugane	/wiki/Yoko_Matsugane	['1900', '1950']
Sakae Menda	/wiki/Sakae_Menda	['1900', '1950']
Masao Miyamoto	/wiki/Masao_Miyamoto	['1900', '1950']
Shigeru Miyamoto	/wiki/Shigeru_Miyamoto	['1900', '1950']
Nitobe Inazō	/wiki/Nitobe_Inaz%C5%8D	['1900', '1950']
Sakae Ōba	/wiki/Sakae_%C5%8Cba	['1900', '1950']
Konosuke Matsushita	/wiki/Konosuke_Matsushita	['1900', '1950']
Hiroo Onoda	/wiki/Hiroo_Onoda	['1900', '1950']
Nui Onoue	/wiki/Nui_Onoue	['1900', '1950']
Sakae Ōsugi	/wiki/Sakae_%C5%8Csugi	['1900', '1950']
Airi Ōtsu	/wiki/Airi_%C5%8Ctsu	['1900', '1950']
Sakai Toshihiko	/wiki/Sakai_Toshihiko	['1900', '1950']
Lady Saigō	/wiki/Lady_Saig%C5%8D	['1900', '1950']
Ken Sakamura	/wiki/Ken_Sakamura	['1900', '1950']
San'yūtei Enchō	/wiki/San%27y%C5%ABtei_Ench%C5%8D	['1900', '1950']
Chiune Sugihara	/wiki/Chiune_Sugihara	['1900', '1950']
Satoshi Tajiri	/wiki/Satoshi_Tajiri	['1900', '1950']
Sonoda Tenkoko	/wiki/Sonoda_Tenkoko	['1900', '1950']
Hiro Matsushita	/wiki/Hiro_Matsushita	['1900', '1950']
Terada Torahiko	/wiki/Terada_Torahiko	['1900', '1950']
Uchimura Kanzō	/wiki/Uchimura_Kanz%C5%8D	['1900', '1950']
Gunpei Yokoi	/wiki/Gunpei_Yokoi	['1900', '1950']
Yasutaro Koide	/wiki/Yasutaro_Koide	['1900', '1950']
Takeo Yoshikawa	/wiki/Takeo_Yoshikawa	['1900', '1950']
Takashi Yuasa	/wiki/Takashi_Yuasa	['1900', '1950']
Hitomi Watanabe	/wiki/Hitomi_Watanabe	['1900', '1950']
Masumi Watanabe	/wiki/Masumi_Watanabe	['1900', '1950']
Hirofumi Yamashita	/wiki/Hirofumi_Yamashita	['1900', '1950']
Reika Hashimoto	/wiki/Reika_Hashimoto	['1900', '1950']
Anna Tsuchiya	/wiki/Anna_Tsuchiya	['1900', '1950']
Anna Umemiya	/wiki/Anna_Umemiya	['1900', '1950']
Linda Yamamoto	/wiki/Linda_Yamamoto	['1900', '1950']
Beni Arashiro	/wiki/Beni_Arashiro	['1900', '1950']
Tadanobu Asano	/wiki/Tadanobu_Asano	['1900', '1950']
Meisa Kuroki	/wiki/Meisa_Kuroki	['1900', '1950']
Angela Aki	/wiki/Angela_Aki	['1900', '1950']
Chieko Kawabe	/wiki/Chieko_Kawabe	['1900', '1950']
Megumi Nakajima	/wiki/Megumi_Nakajima	['1900', '1950']
Emi Watanabe	/wiki/Emi_Watanabe	['1900', '1950']
Keisuke Ogihara	/wiki/Keisuke_Ogihara	['1900', '1950']
"Masayoshi ""Mabo"" Kabe"	/wiki/Masayoshi_%22Mabo%22_Kabe	['1900', '1950']
Minami Hinase	/wiki/Minami_Hinase	['1900', '1950']
Sowelu	/wiki/Sowelu	['1900', '1950']
Marcus Tulio Tanaka	/wiki/Marcus_Tulio_Tanaka	['1900', '1950']
LISA	/wiki/LISA_(Japanese_musician,_born_1974)	['1900', '1950']
Koji Murofushi	/wiki/Koji_Murofushi	['1900', '1950']
Hidenori Kusaka	/wiki/Hidenori_Kusaka	['1900', '1950']
Yuka Murofushi	/wiki/Yuka_Murofushi	['1900', '1950']
Masumi Okada	/wiki/Masumi_Okada	['1900', '1950']
Takeshi Kaneshiro	/wiki/Takeshi_Kaneshiro	['1900', '1950']
Yuu Shirota	/wiki/Yuu_Shirota	['1900', '1950']
Koji Ota	/wiki/Koji_Ota	['1900', '1950']
Hiromi Hayakawa	/wiki/Hiromi_Hayakawa	['1900', '1950']
