text	link	year
Malacca	/wiki/Malacca#Notable_people	['1900', '1950']
Afifi al-Akiti	/wiki/Afifi_al-Akiti	['1900', '1950']
Khasnor Johan	/wiki/Khasnor_Johan	['1900', '1950']
Khoo Kay Kim	/wiki/Khoo_Kay_Kim	['1900', '1950']
Jomo Kwame Sundaram	/wiki/Jomo_Kwame_Sundaram	['1900', '1950']
Danny Quah	/wiki/Danny_Quah	['1900', '1950']
Ungku Abdul Aziz	/wiki/Ungku_Abdul_Aziz	['1900', '1950']
Lam Wei Haur	/wiki/Lam_Wei_Haur	['1900', '1950']
Lee Poh Ping	/wiki/Lee_Poh_Ping	['1900', '1950']
Azman Hashim	/wiki/Azman_Hashim	['1938', '2025']
Syed Mokhtar Al-Bukhary	/wiki/Syed_Mokhtar_Al-Bukhary	['1956', '2025']
Loh Boon Siew	/wiki/Loh_Boon_Siew	['1915', '1995']
Jeffrey Cheah	/wiki/Jeffrey_Cheah	['1900', '1950']
William Cheng	/wiki/William_Cheng	['1900', '1950']
Choong Chin Liang	/wiki/Choong_Chin_Liang	['1920', '2025']
Tony Fernandes	/wiki/Tony_Fernandes	['1964', '2025']
Lim Goh Tong	/wiki/Lim_Goh_Tong	['1918', '2007']
Tiong Hiew King	/wiki/Tiong_Hiew_King	['1900', '1950']
Chung Keng Quee	/wiki/Chung_Keng_Quee	['1827', '1901']
Ananda Krishnan	/wiki/Ananda_Krishnan	['1938', '2025']
Robert Kuok	/wiki/Robert_Kuok	['1923', '2025']
Quek Leng Chan	/wiki/Quek_Leng_Chan	['1941', '2025']
Shoba Purushothaman	/wiki/Shoba_Purushothaman	['1900', '1950']
Shah Hakim Zain	/wiki/Shah_Hakim_Zain	['1900', '1950']
Halim Saad	/wiki/Halim_Saad	['1900', '1950']
Saleh Sulong	/wiki/Saleh_Sulong	['1900', '1950']
Vincent Tan	/wiki/Vincent_Tan	['1952', '2025']
Lillian Too	/wiki/Lillian_Too	['1946', '2025']
Francis Yeoh	/wiki/Francis_Yeoh	['1900', '1950']
Daim Zainuddin	/wiki/Daim_Zainuddin	['1938', '2025']
Kong Hon Kong	/wiki/Kong_Hon_Kong	['1900', '1950']
Armin Baniaz Pahamin	/wiki/Armin_Baniaz_Pahamin	['1900', '1950']
Bernard Chandran	/wiki/Bernard_Chandran	['1900', '1950']
Jimmy Choo	/wiki/Jimmy_Choo	['1961', '2025']
Melinda Looi	/wiki/Melinda_Looi	['1900', '1950']
Ren Ng	/wiki/Ren_Ng	['1900', '1950']
Shila Amzah	/wiki/Shila_Amzah	['1990', '2025']
Gary Chaw	/wiki/Gary_Chaw	['1979', '2025']
Joyce Chu	/wiki/Joyce_Chu	['1997', '2025']
Yasmin Ahmad	/wiki/Yasmin_Ahmad	['1958', '2009']
Stacy	/wiki/Stacy_(singer)	['1900', '1950']
Francissca Peter	/wiki/Francissca_Peter	['1961', '2025']
Jamal Abdillah	/wiki/Jamal_Abdillah	['1959', '2025']
Sudirman Arshad	/wiki/Sudirman_Arshad	['1954', '1992']
Loganathan Arumugam	/wiki/Loganathan_Arumugam	['1900', '1950']
David Arumugam	/wiki/David_Arumugam	['1900', '1950']
Awal Ashaari	/wiki/Awal_Ashaari	['1900', '1950']
Alvin Anthons	/wiki/Alvin_Anthons	['1976', '2025']
Mawi	/wiki/Mawi	['1981', '2025']
Awie	/wiki/Awie	['1968', '2025']
Ning Baizura	/wiki/Ning_Baizura	['1975', '2025']
Kasma Booty	/wiki/Kasma_Booty	['1900', '1950']
Ella	/wiki/Ella_(Malaysian_singer)	['1966', '2025']
Erra Fazira	/wiki/Erra_Fazira	['1974', '2025']
Sean Ghazi	/wiki/Sean_Ghazi	['1969', '2025']
Fauziah Latiff	/wiki/Fauziah_Latiff	['1970', '2025']
Angelica Lee	/wiki/Angelica_Lee	['1976', '2025']
Daniel Lee Chee Hun	/wiki/Daniel_Lee_Chee_Hun	['1983', '2025']
Fish Leong	/wiki/Fish_Leong	['1983', '2025']
Sheila Majid	/wiki/Sheila_Majid	['1965', '2025']
Amy Mastura	/wiki/Amy_Mastura	['1971', '2025']
M. Nasir	/wiki/M._Nasir	['1957', '2025']
Meor Aziddin Yusof	/wiki/Meor_Aziddin_Yusof	['1967', '2025']
Ah Niu	/wiki/Ah_Niu	['1976', '2025']
Dayang Nurfaizah	/wiki/Dayang_Nurfaizah	['1981', '2025']
Shanon Shah	/wiki/Shanon_Shah	['1978', '2025']
Siti Nurhaliza	/wiki/Siti_Nurhaliza	['1979', '2025']
Misha Omar	/wiki/Misha_Omar	['1982', '2025']
Hani Mohsin	/wiki/Hani_Mohsin	['1965', '2006']
Aziz M. Osman	/wiki/Aziz_M._Osman	['1962', '2025']
Azmyl Yunor	/wiki/Azmyl_Yunor	['1977', '2025']
P. Ramlee	/wiki/P._Ramlee	['1929', '2025']
Aziz Sattar	/wiki/Aziz_Sattar	['1925', '2025']
Fasha Sandha	/wiki/Fasha_Sandha	['1984', '2025']
Aznil Nawawi	/wiki/Aznil_Nawawi	['1962', '2025']
Din Beramboi	/wiki/Din_Beramboi	['1966', '2010']
Nicholas Teo	/wiki/Nicholas_Teo	['1981', '2025']
Pete Teo	/wiki/Pete_Teo	['1900', '1950']
Penny Tai	/wiki/Penny_Tai	['1978', '2025']
Hannah Tan	/wiki/Hannah_Tan	['1981', '2025']
Jaclyn Victor	/wiki/Jaclyn_Victor	['1978', '2025']
Scha Alyahya	/wiki/Scha_Alyahya	['1983', '2025']
Fazura	/wiki/Fazura	['1983', '2025']
Lisa Surihani	/wiki/Lisa_Surihani	['1986', '2025']
Chef Wan	/wiki/Chef_Wan	['1900', '1950']
Adira	/wiki/Adira	['1900', '1950']
Michael Wong	/wiki/Michael_Wong_(singer)	['1970', '2025']
Victor Wong	/wiki/Victor_Wong_(singer)	['1972', '2025']
Michelle Yeoh	/wiki/Michelle_Yeoh	['1962', '2025']
James Wan	/wiki/James_Wan	['1977', '2025']
Ziana Zain	/wiki/Ziana_Zain	['1968', '2025']
Zee Avi	/wiki/Zee_Avi	['1900', '1950']
Yuna	/wiki/Yuna_(singer)	['1986', '2025']
Ahmad Zamil	/wiki/Ahmad_Zamil	['1978', '2025']
Neelofa	/wiki/Neelofa	['1989', '2025']
Adnan Bin Saidi	/wiki/Adnan_Bin_Saidi	['1915', '1942']
Antanum	/wiki/Antanum	['1900', '1950']
Rentap	/wiki/Rentap	['1900', '1950']
Syarif Masahor	/wiki/Syarif_Masahor	['1900', '1950']
Monsopiad	/wiki/Monsopiad	['1900', '1950']
Haji Abdul Rahman Limbong	/wiki/Haji_Abdul_Rahman_Limbong	['1900', '1950']
Mat Salleh Rebellion	/wiki/Mat_Salleh_Rebellion	['1900', '1950']
Rosli Dhobi	/wiki/Rosli_Dhobi	['1900', '1950']
Siti Aisyah Alias	/wiki/Siti_Aisyah_Alias	['1966', '2025']
Parameswara	/wiki/Parameswara_(sultan)	['1900', '1950']
Tunku Abdul Rahman Putra Al-Haj	/wiki/Tunku_Abdul_Rahman_Putra_Al-Haj	['1900', '1950']
V. T. Sambanthan	/wiki/V._T._Sambanthan	['1900', '1950']
Tan Cheng Lock	/wiki/Tan_Cheng_Lock	['1900', '1950']
Tun Abdul Razak	/wiki/Tun_Abdul_Razak	['1900', '1950']
Tun Hussein Onn	/wiki/Tun_Hussein_Onn	['1900', '1950']
Mahathir Mohamad	/wiki/Mahathir_Mohamad	['1900', '1950']
Abdullah Ahmad Badawi	/wiki/Abdullah_Ahmad_Badawi	['1900', '1950']
Najib Tun Razak	/wiki/Najib_Tun_Razak	['1900', '1950']
Ong Ka Ting	/wiki/Ong_Ka_Ting	['1900', '1950']
Anwar Ibrahim	/wiki/Anwar_Ibrahim	['1900', '1950']
Wan Hisham Wan Salleh	/wiki/Wan_Hisham_Wan_Salleh	['1900', '1950']
Nik Aziz Nik Mat	/wiki/Nik_Aziz_Nik_Mat	['1900', '1950']
Raja Nong Chik Zainal Abidin	/wiki/Raja_Nong_Chik_Zainal_Abidin	['1900', '1950']
Wan Azizah Wan Ismail	/wiki/Wan_Azizah_Wan_Ismail	['1900', '1950']
Karpal Singh	/wiki/Karpal_Singh	['1900', '1950']
Lim Kit Siang	/wiki/Lim_Kit_Siang	['1900', '1950']
Lim Guan Eng	/wiki/Lim_Guan_Eng	['1900', '1950']
Tengku Razaleigh Hamzah	/wiki/Tengku_Razaleigh_Hamzah	['1900', '1950']
Antony Selvanayagam	/wiki/Antony_Selvanayagam	['1900', '1950']
Anthony Soter Fernandez	/wiki/Anthony_Soter_Fernandez	['1900', '1950']
Gregory Yong	/wiki/Gregory_Yong	['1925', '2008']
Murphy Nicholas Xavier Pakiam	/wiki/Murphy_Nicholas_Xavier_Pakiam	['1900', '1950']
Ng Moon Hing	/wiki/Ng_Moon_Hing	['1900', '1950']
Nicol Ann David	/wiki/Nicol_Ann_David	['1900', '1950']
Ong Beng Hee	/wiki/Ong_Beng_Hee	['1900', '1950']
Azlan Iskandar	/wiki/Azlan_Iskandar	['1900', '1950']
Low Wee Wern	/wiki/Low_Wee_Wern	['1900', '1950']
Chan Chong Ming	/wiki/Chan_Chong_Ming	['1900', '1950']
Lee Chong Wei	/wiki/Lee_Chong_Wei	['1900', '1950']
Chew Choon Eng	/wiki/Chew_Choon_Eng	['1900', '1950']
Wong Choong Hann	/wiki/Wong_Choong_Hann	['1900', '1950']
Chin Eei Hui	/wiki/Chin_Eei_Hui	['1900', '1950']
Muhammad Hafiz Hashim	/wiki/Muhammad_Hafiz_Hashim	['1900', '1950']
Roslin Hashim	/wiki/Roslin_Hashim	['1900', '1950']
Wong Pei Tty	/wiki/Wong_Pei_Tty	['1900', '1950']
Choong Tan Fook	/wiki/Choong_Tan_Fook	['1900', '1950']
Lee Wan Wah	/wiki/Lee_Wan_Wah	['1900', '1950']
Koo Kien Keat	/wiki/Koo_Kien_Keat	['1900', '1950']
Tan Boon Heong	/wiki/Tan_Boon_Heong	['1900', '1950']
Tan Wee Kiong	/wiki/Tan_Wee_Kiong	['1900', '1950']
Goh V Shem	/wiki/Goh_V_Shem	['1900', '1950']
Tan Aik Huang	/wiki/Tan_Aik_Huang	['1900', '1950']
Eddy Choong	/wiki/Eddy_Choong	['1900', '1950']
Punch Gunalan	/wiki/Punch_Gunalan	['1900', '1950']
Yap Kim Hock	/wiki/Yap_Kim_Hock	['1900', '1950']
Foo Kok Keong	/wiki/Foo_Kok_Keong	['1900', '1950']
Jalani Sidek	/wiki/Jalani_Sidek	['1900', '1950']
Misbun Sidek	/wiki/Misbun_Sidek	['1900', '1950']
Rashid Sidek	/wiki/Rashid_Sidek	['1900', '1950']
Razif Sidek	/wiki/Razif_Sidek	['1900', '1950']
Cheah Soon Kit	/wiki/Cheah_Soon_Kit	['1900', '1950']
Lee Wan Wah	/wiki/Lee_Wan_Wah	['1900', '1950']
Ronny Harun	/wiki/Ronny_Harun	['1900', '1950']
Brendan Gan	/wiki/Brendan_Gan	['1900', '1950']
Matthew Davies	/wiki/Matthew_Davies_(footballer)	['1900', '1950']
Shaun Maloney	/wiki/Shaun_Maloney	['1900', '1950']
Akmal Rizal	/wiki/Akmal_Rizal	['1900', '1950']
Norshahrul Idlan Talaha	/wiki/Norshahrul_Idlan_Talaha	['1900', '1950']
Khairul Fahmi Che Mat	/wiki/Khairul_Fahmi_Che_Mat	['1900', '1950']
Mohd Safiq Rahim	/wiki/Mohd_Safiq_Rahim	['1900', '1950']
Mohd Fadzli Saari	/wiki/Mohd_Fadzli_Saari	['1900', '1950']
Rudie Ramli	/wiki/Rudie_Ramli	['1900', '1950']
Mohd Safee Mohd Sali	/wiki/Mohd_Safee_Mohd_Sali	['1900', '1950']
Baddrol Bakhtiar	/wiki/Baddrol_Bakhtiar	['1900', '1950']
Mohd Khyril Muhymeen Zambri	/wiki/Mohd_Khyril_Muhymeen_Zambri	['1900', '1950']
Mohd Azmi Muslim	/wiki/Mohd_Azmi_Muslim	['1900', '1950']
Mohd Fadhli Mohd Shas	/wiki/Mohd_Fadhli_Mohd_Shas	['1900', '1950']
Mohd Irfan Fazail	/wiki/Mohd_Irfan_Fazail	['1900', '1950']
Wan Zack Haikal Wan Noor	/wiki/Wan_Zack_Haikal_Wan_Noor	['1900', '1950']
Nazirul Naim Che Hashim	/wiki/Nazirul_Naim_Che_Hashim	['1900', '1950']
Khairul Izuan Rosli	/wiki/Khairul_Izuan_Rosli	['1900', '1950']
Stanley Bernard Stephen Samuel	/wiki/Stanley_Bernard_Stephen_Samuel	['1900', '1950']
Nazmi Faiz	/wiki/Nazmi_Faiz	['1900', '1950']
Ahmad Fakri Saarani	/wiki/Ahmad_Fakri_Saarani	['1900', '1950']
Chun Keng Hong	/wiki/Chun_Keng_Hong	['1900', '1950']
Serbegeth Singh	/wiki/Serbegeth_Singh	['1900', '1950']
Mokhtar Dahari	/wiki/Mokhtar_Dahari	['1900', '1950']
Lim Teong Kim	/wiki/Lim_Teong_Kim	['1900', '1950']
Matlan Marjan	/wiki/Matlan_Marjan	['1900', '1950']
Soh Chin Aun	/wiki/Soh_Chin_Aun	['1900', '1950']
Khairul Azman Mohamed	/wiki/Khairul_Azman_Mohamed	['1900', '1950']
Tengku Djan Ley	/wiki/Tengku_Djan_Ley	['1900', '1950']
Mohamed Fairuz Fauzy	/wiki/Mohamed_Fairuz_Fauzy	['1900', '1950']
Fariqe Hairuman	/wiki/Fariqe_Hairuman	['1900', '1950']
Nandakumar Puspanathan	/wiki/Nandakumar_Puspanathan	['1900', '1950']
Karamjit Singh	/wiki/Karamjit_Singh	['1900', '1950']
Alex Yoong	/wiki/Alex_Yoong	['1900', '1950']
Shahrol Yuzy	/wiki/Shahrol_Yuzy	['1900', '1950']
Zulfahmi Khairuddin	/wiki/Zulfahmi_Khairuddin	['1900', '1950']
Hafizh Syahrin	/wiki/Hafizh_Syahrin	['1900', '1950']
Jazeman Jaafar	/wiki/Jazeman_Jaafar	['1900', '1950']
Pandelela Rinong	/wiki/Pandelela_Rinong	['1993', '2025']
Ng Joo Pong	/wiki/Ng_Joo_Pong	['1946', '2025']
M. Magendran	/wiki/M._Magendran	['1963', '2025']
Mon Redee Sut Txi	/wiki/Mon_Redee_Sut_Txi	['1982', '2025']
Azizulhasni Awang	/wiki/Azizulhasni_Awang	['1988', '2025']
Iskhandar Syah	/wiki/Iskhandar_Syah	['1980', '2025']
Anwar Fazal	/wiki/Anwar_Fazal	['1900', '1950']
Irene Fernandez	/wiki/Irene_Fernandez	['1900', '1950']
Lat	/wiki/Lat_(cartoonist)	['1900', '1950']
Norman Musa	/wiki/Norman_Musa	['1974', '2025']
Yong Mun Sen	/wiki/Yong_Mun_Sen	['1896', '1962']
Ling Tan	/wiki/Ling_Tan	['1974', '2025']
