text	link	year
Luthfi Assyaukanie	/wiki/Luthfi_Assyaukanie	['1900', '1950']
Azyumardi Azra	/wiki/Azyumardi_Azra	['1900', '1950']
Arief Budiman	/wiki/Arief_Budiman	['1900', '1950']
Winai Dahlan	/wiki/Winai_Dahlan	['1900', '1950']
Firmanzah	/wiki/Firmanzah	['1900', '1950']
Sunaryati Hartono	/wiki/Sunaryati_Hartono	['1900', '1950']
Samaun Samadikun	/wiki/Samaun_Samadikun	['1900', '1950']
Pantur Silaban	/wiki/Pantur_Silaban	['1900', '1950']
Yohanes Surya	/wiki/Yohanes_Surya	['1900', '1950']
Jawahir Thontowi	/wiki/Jawahir_Thontowi	['1900', '1950']
Djoehana Wiradikarta	/wiki/Djoehana_Wiradikarta	['1900', '1950']
Basuki Abdullah	/wiki/Basuki_Abdullah	['1900', '1950']
Affandi	/wiki/Affandi	['1900', '1950']
Kartika Affandi-Koberl	/wiki/Kartika_Affandi-Koberl	['1900', '1950']
Sunny Bak	/wiki/Sunny_Bak	['1900', '1950']
Marina Joesoef	/wiki/Marina_Joesoef	['1900', '1950']
Raden Saleh	/wiki/Raden_Saleh	['1900', '1950']
Asep Sunandar Sunarya	/wiki/Asep_Sunandar_Sunarya	['1900', '1950']
Tio Tjay	/wiki/Tio_Tjay	['1900', '1950']
Oka Antara	/wiki/Oka_Antara	['1900', '1950']
Ateng	/wiki/Ateng	['1900', '1950']
Laura Basuki	/wiki/Laura_Basuki	['1900', '1950']
Laudya Chintya Bella	/wiki/Laudya_Chintya_Bella	['1900', '1950']
Meriam Bellina	/wiki/Meriam_Bellina	['1900', '1950']
Titi Rajo Bintang	/wiki/Titi_Rajo_Bintang	['1900', '1950']
Garin Nugroho	/wiki/Garin_Nugroho	['1900', '1950']
Rianti Cartwright	/wiki/Rianti_Cartwright	['1900', '1950']
Pierre Coffin	/wiki/Pierre_Coffin	['1900', '1950']
Nia Dinata	/wiki/Nia_Dinata	['1900', '1950']
Julie Estelle	/wiki/Julie_Estelle	['1900', '1950']
Ian Gouw	/wiki/Ian_Gouw	['1900', '1950']
Tania Gunadi	/wiki/Tania_Gunadi	['1900', '1950']
Christine Hakim	/wiki/Christine_Hakim	['1900', '1950']
Usmar Ismail	/wiki/Usmar_Ismail	['1900', '1950']
Famke Janssen	/wiki/Famke_Janssen	['1900', '1950']
Titi Kamal	/wiki/Titi_Kamal	['1900', '1950']
Rano Karno	/wiki/Rano_Karno	['1900', '1950']
Sophia Latjuba	/wiki/Sophia_Latjuba	['1900', '1950']
Bunga Citra Lestari	/wiki/Bunga_Citra_Lestari	['1900', '1950']
Tuti Indra Malaon	/wiki/Tuti_Indra_Malaon	['1900', '1950']
Camelia Malik	/wiki/Camelia_Malik	['1900', '1950']
Deddy Mizwar	/wiki/Deddy_Mizwar	['1900', '1950']
Prisia Nasution	/wiki/Prisia_Nasution	['1900', '1950']
Jajang C. Noer	/wiki/Jajang_C._Noer	['1900', '1950']
Soekarno M. Noer	/wiki/Soekarno_M._Noer	['1900', '1950']
Tio Pakusadewo	/wiki/Tio_Pakusadewo	['1900', '1950']
Barry Prima	/wiki/Barry_Prima	['1900', '1950']
Reza Rahadian	/wiki/Reza_Rahadian	['1900', '1950']
Chelsea Islan	/wiki/Chelsea_Islan	['1900', '1950']
Nora Samosir	/wiki/Nora_Samosir	['1900', '1950']
Asrul Sani	/wiki/Asrul_Sani	['1900', '1950']
Nadia Saphira	/wiki/Nadia_Saphira	['1900', '1950']
Nicholas Saputra	/wiki/Nicholas_Saputra	['1900', '1950']
Joko Anwar	/wiki/Joko_Anwar	['1900', '1950']
Dian Sastrowardoyo	/wiki/Dian_Sastrowardoyo	['1900', '1950']
Acha Septriasa	/wiki/Acha_Septriasa	['1900', '1950']
Abimana Aryasatya	/wiki/Abimana_Aryasatya	['1900', '1950']
Sjumandjaja	/wiki/Sjumandjaja	['1900', '1950']
Bing Slamet	/wiki/Bing_Slamet	['1900', '1950']
Julyana Soelistyo	/wiki/Julyana_Soelistyo	['1900', '1950']
Sophan Sophiaan	/wiki/Sophan_Sophiaan	['1900', '1950']
Tora Sudiro	/wiki/Tora_Sudiro	['1900', '1950']
Suzzanna	/wiki/Suzzanna	['1900', '1950']
Joe Taslim	/wiki/Joe_Taslim	['1900', '1950']
Revalina Sayuthi Temat	/wiki/Revalina_Sayuthi_Temat	['1900', '1950']
Imelda Therinne	/wiki/Imelda_Therinne	['1900', '1950']
Wim Umboh	/wiki/Wim_Umboh	['1900', '1950']
Iko Uwais	/wiki/Iko_Uwais	['1900', '1950']
Nirina Zubir	/wiki/Nirina_Zubir	['1900', '1950']
Lo Lieh	/wiki/Lo_Lieh	['1900', '1950']
Daniel Adams-Ray	/wiki/Daniel_Adams-Ray	['1900', '1950']
Ebiet G. Ade	/wiki/Ebiet_G._Ade	['1900', '1950']
Wisnu Witono Adhi	/wiki/Wisnu_Witono_Adhi	['1900', '1950']
Afgansyah Reza	/wiki/Afgansyah_Reza	['1900', '1950']
Vidi Aldiano	/wiki/Vidi_Aldiano	['1900', '1950']
Joey Alexander	/wiki/Joey_Alexander	['1900', '1950']
Ahmad Albar	/wiki/Ahmad_Albar	['1900', '1950']
Haddad Alwi	/wiki/Haddad_Alwi	['1900', '1950']
Amara	/wiki/Amara_(singer)	['1900', '1950']
Raisa Andriana	/wiki/Raisa_Andriana	['1900', '1950']
Anggun	/wiki/Anggun	['1900', '1950']
Ian Antono	/wiki/Ian_Antono	['1900', '1950']
Anan Anwar	/wiki/Anan_Anwar	['1900', '1950']
Joni Anwar	/wiki/Joni_Anwar	['1900', '1950']
Nicky Astria	/wiki/Nicky_Astria	['1900', '1950']
Nike Ardilla	/wiki/Nike_Ardilla	['1900', '1950']
Nowela Elizabeth Auparay	/wiki/Nowela_Elizabeth_Auparay	['1900', '1950']
Carmit Bachar	/wiki/Carmit_Bachar	['1900', '1950']
Michelle Branch	/wiki/Michelle_Branch	['1900', '1950']
Adia Chan	/wiki/Adia_Chan	['1900', '1950']
Rich Brian	/wiki/Rich_Brian	['1900', '1950']
Chrisye	/wiki/Chrisye	['1900', '1950']
Inul Daratista	/wiki/Inul_Daratista	['1900', '1950']
Dewiq	/wiki/Dewiq	['1900', '1950']
Ahmad Dhani	/wiki/Ahmad_Dhani	['1900', '1950']
Angger Dimas	/wiki/Angger_Dimas	['1900', '1950']
Hetty Koes Endang	/wiki/Hetty_Koes_Endang	['1900', '1950']
Maia Estianty	/wiki/Maia_Estianty	['1900', '1950']
Iwan Fals	/wiki/Iwan_Fals	['1900', '1950']
Glenn Fredly	/wiki/Glenn_Fredly	['1900', '1950']
Giring Ganesha	/wiki/Giring_Ganesha	['1900', '1950']
Melly Goeslaw	/wiki/Melly_Goeslaw	['1900', '1950']
Erwin Gutawa	/wiki/Erwin_Gutawa	['1900', '1950']
Gita Gutawa	/wiki/Gita_Gutawa	['1900', '1950']
Eduardus Halim	/wiki/Eduardus_Halim	['1900', '1950']
Berlian Hutauruk	/wiki/Berlian_Hutauruk	['1900', '1950']
Rhoma Irama	/wiki/Rhoma_Irama	['1900', '1950']
Nazril Irham	/wiki/Nazril_Irham	['1900', '1950']
Audy Item	/wiki/Audy_Item	['1900', '1950']
Mulan Jameela	/wiki/Mulan_Jameela	['1900', '1950']
Januarisman	/wiki/Januarisman	['1900', '1950']
Iwa K	/wiki/Iwa_K	['1900', '1950']
Lala Karmela	/wiki/Lala_Karmela	['1900', '1950']
Tonny Koeswoyo	/wiki/Tonny_Koeswoyo	['1900', '1950']
Krisdayanti	/wiki/Krisdayanti	['1900', '1950']
Lee Kum-Sing	/wiki/Lee_Kum-Sing	['1900', '1950']
Indra Lesmana	/wiki/Indra_Lesmana	['1900', '1950']
Idol 2009	/wiki/Idol_2009_(Sweden)	['1900', '1950']
Fatin Shidqia	/wiki/Fatin_Shidqia	['1900', '1950']
A. T. Mahmud	/wiki/A._T._Mahmud	['1900', '1950']
The Temper Trap	/wiki/The_Temper_Trap	['1900', '1950']
Gesang Martohartono	/wiki/Gesang_Martohartono	['1900', '1950']
Jessica Mauboy	/wiki/Jessica_Mauboy	['1900', '1950']
Once Mekel	/wiki/Once_Mekel	['1900', '1950']
Agnes Monica	/wiki/Agnes_Monica	['1900', '1950']
Frans Mohede	/wiki/Frans_Mohede	['1900', '1950']
Mike Mohede	/wiki/Mike_Mohede	['1900', '1950']
Addie MS	/wiki/Addie_MS	['1900', '1950']
Paramytha Lestari Mulyarto	/wiki/Paramytha_Lestari_Mulyarto	['1900', '1950']
Fariz RM	/wiki/Fariz_RM	['1900', '1950']
Sherina Munaf	/wiki/Sherina_Munaf	['1900', '1950']
Taco Ockerse	/wiki/Taco_Ockerse	['1900', '1950']
Vina Panduwinata	/wiki/Vina_Panduwinata	['1900', '1950']
Eric Papilaya	/wiki/Eric_Papilaya	['1900', '1950']
Dewi Persik	/wiki/Dewi_Persik	['1900', '1950']
Indah Dewi Pertiwi	/wiki/Indah_Dewi_Pertiwi	['1900', '1950']
Broery	/wiki/Broery	['1900', '1950']
Titiek Puspa	/wiki/Titiek_Puspa	['1900', '1950']
Bebi Romeo	/wiki/Bebi_Romeo	['1900', '1950']
Rossa	/wiki/Rossa_(singer)	['1900', '1950']
Darian Sahanaja	/wiki/Darian_Sahanaja	['1900', '1950']
Ruth Sahanaya	/wiki/Ruth_Sahanaya	['1900', '1950']
Daniel Sahuleka	/wiki/Daniel_Sahuleka	['1900', '1950']
Isyana Sarasvati	/wiki/Isyana_Sarasvati	['1900', '1950']
Citra Scholastika	/wiki/Citra_Scholastika	['1900', '1950']
Elfa Secioria	/wiki/Elfa_Secioria	['1900', '1950']
Shae	/wiki/Shae_(Indonesian_singer)	['1900', '1950']
Yuni Shara	/wiki/Yuni_Shara	['1900', '1950']
Putri Ayu Silaen	/wiki/Putri_Ayu_Silaen	['1900', '1950']
Wibi Soerjadi	/wiki/Wibi_Soerjadi	['1900', '1950']
Sandhy Sondoro	/wiki/Sandhy_Sondoro	['1900', '1950']
Dira Sugandi	/wiki/Dira_Sugandi	['1900', '1950']
Elvy Sukaesih	/wiki/Elvy_Sukaesih	['1900', '1950']
Mbah Surip	/wiki/Mbah_Surip	['1900', '1950']
Aubrey Suwito	/wiki/Aubrey_Suwito	['1900', '1950']
Terryana Fatiah	/wiki/Terryana_Fatiah	['1900', '1950']
Ayu Ting Ting	/wiki/Ayu_Ting_Ting	['1900', '1950']
Goh Soon Tioe	/wiki/Goh_Soon_Tioe	['1900', '1950']
Titi DJ	/wiki/Titi_DJ	['1900', '1950']
Joy Tobing	/wiki/Joy_Tobing	['1900', '1950']
Trie Utami	/wiki/Trie_Utami	['1900', '1950']
Alex Van Halen	/wiki/Alex_Van_Halen	['1900', '1950']
Eddie Van Halen	/wiki/Eddie_Van_Halen	['1900', '1950']
Armand Van Helden	/wiki/Armand_Van_Helden	['1900', '1950']
Hendry Wijaya	/wiki/Hendry_Wijaya	['1900', '1950']
Kuei Pin Yeo	/wiki/Kuei_Pin_Yeo	['1900', '1950']
Wayan Yudane	/wiki/Wayan_Yudane	['1900', '1950']
Catalina Yue	/wiki/Catalina_Yue	['1900', '1950']
Yura	/wiki/Yura_(Indonesian_singer)	['1900', '1950']
Raffi Ahmad	/wiki/Raffi_Ahmad	['1900', '1950']
Rachel Amanda	/wiki/Rachel_Amanda	['1900', '1950']
Sutan Amrull	/wiki/Sutan_Amrull	['1900', '1950']
Lulu Antariksa	/wiki/Lulu_Antariksa	['1900', '1950']
Tukul Arwana	/wiki/Tukul_Arwana	['1900', '1950']
Indy Barends	/wiki/Indy_Barends	['1900', '1950']
Basuki	/wiki/Basuki	['1900', '1950']
Indra Birowo	/wiki/Indra_Birowo	['1900', '1950']
Billy Chong	/wiki/Billy_Chong	['1900', '1950']
Sandra Dewi	/wiki/Sandra_Dewi	['1900', '1950']
Dorce Gamalama	/wiki/Dorce_Gamalama	['1900', '1950']
Mark-Paul Gosselaar	/wiki/Mark-Paul_Gosselaar	['1900', '1950']
Tania Gunadi	/wiki/Tania_Gunadi	['1900', '1950']
Donna Harun	/wiki/Donna_Harun	['1900', '1950']
Dude Harlino	/wiki/Dude_Harlino	['1900', '1950']
Jojon	/wiki/Jojon	['1900', '1950']
Kristin Kreuk	/wiki/Kristin_Kreuk	['1900', '1950']
Daniel Mananta	/wiki/Daniel_Mananta	['1900', '1950']
Andriani Marshanda	/wiki/Andriani_Marshanda	['1900', '1950']
Amelia Natasha	/wiki/Amelia_Natasha	['1900', '1950']
Soimah Pancawati	/wiki/Soimah_Pancawati	['1900', '1950']
Julia Perez	/wiki/Julia_Perez	['1900', '1950']
Nia Ramadhani	/wiki/Nia_Ramadhani	['1900', '1950']
Olla Ramlan	/wiki/Olla_Ramlan	['1900', '1950']
Feni Rose	/wiki/Feni_Rose	['1900', '1950']
Evan Sanders	/wiki/Evan_Sanders	['1900', '1950']
Alyssa Soebandono	/wiki/Alyssa_Soebandono	['1900', '1950']
Benyamin Sueb	/wiki/Benyamin_Sueb	['1900', '1950']
Sule	/wiki/Sule_(comedian)	['1900', '1950']
Alin Sumarwata	/wiki/Alin_Sumarwata	['1900', '1950']
Shireen Sungkar	/wiki/Shireen_Sungkar	['1900', '1950']
Olga Syahputra	/wiki/Olga_Syahputra	['1900', '1950']
Syahrini	/wiki/Syahrini	['1900', '1950']
Aliando Syarief	/wiki/Aliando_Syarief	['1900', '1950']
Mikha Tambayong	/wiki/Mikha_Tambayong	['1900', '1950']
Chelsea Olivia Wijaya	/wiki/Chelsea_Olivia_Wijaya	['1900', '1950']
Nikita Willy	/wiki/Nikita_Willy	['1900', '1950']
Rini Wulandari	/wiki/Rini_Wulandari	['1900', '1950']
Tantowi Yahya	/wiki/Tantowi_Yahya	['1900', '1950']
Aburizal Bakrie	/wiki/Aburizal_Bakrie	['1900', '1950']
Ciputra	/wiki/Ciputra	['1900', '1950']
Erick Thohir	/wiki/Erick_Thohir	['1900', '1950']
Setiawan Djody	/wiki/Setiawan_Djody	['1900', '1950']
Batara Eto	/wiki/Batara_Eto	['1900', '1950']
Rachman Halim	/wiki/Rachman_Halim	['1900', '1950']
Michael Bambang Hartono	/wiki/Michael_Bambang_Hartono	['1900', '1950']
Robert Budi Hartono	/wiki/Robert_Budi_Hartono	['1900', '1950']
Bob Hasan	/wiki/Bob_Hasan	['1900', '1950']
Dahlan Iskan	/wiki/Dahlan_Iskan	['1900', '1950']
Abdul Latief	/wiki/Abdul_Latief_(Indonesian_businessman)	['1900', '1950']
Prajogo Pangestu	/wiki/Prajogo_Pangestu	['1900', '1950']
Probosutedjo	/wiki/Probosutedjo	['1900', '1950']
Raam Punjabi	/wiki/Raam_Punjabi	['1900', '1950']
James Riady	/wiki/James_Riady	['1900', '1950']
Mochtar Riady	/wiki/Mochtar_Riady	['1900', '1950']
Bob Sadino	/wiki/Bob_Sadino	['1900', '1950']
Sudono Salim	/wiki/Sudono_Salim	['1900', '1950']
Michael Joseph Sampoerna	/wiki/Michael_Joseph_Sampoerna	['1900', '1950']
Putera Sampoerna	/wiki/Putera_Sampoerna	['1900', '1950']
Jaka Singgih	/wiki/Jaka_Singgih	['1900', '1950']
Martua Sitorus	/wiki/Martua_Sitorus	['1900', '1950']
William Soeryadjaya	/wiki/William_Soeryadjaya	['1900', '1950']
Tommy Suharto	/wiki/Tommy_Suharto	['1900', '1950']
Jaya Suprana	/wiki/Jaya_Suprana	['1900', '1950']
Djoko Susanto	/wiki/Djoko_Susanto	['1900', '1950']
Sehat Sutardja	/wiki/Sehat_Sutardja	['1900', '1950']
Tan Khoen Swie	/wiki/Tan_Khoen_Swie	['1900', '1950']
Dato Sri Tahir	/wiki/Dato_Sri_Tahir	['1900', '1950']
Chairul Tanjung	/wiki/Chairul_Tanjung	['1900', '1950']
Hary Tanoesoedibjo	/wiki/Hary_Tanoesoedibjo	['1900', '1950']
Sukanto Tanoto	/wiki/Sukanto_Tanoto	['1900', '1950']
Erick Thohir	/wiki/Erick_Thohir	['1900', '1950']
Sandiaga Salahudin Uno	/wiki/Sandiaga_Salahudin_Uno	['1900', '1950']
Jusuf Wanandi	/wiki/Jusuf_Wanandi	['1900', '1950']
Eka Tjipta Widjaja	/wiki/Eka_Tjipta_Widjaja	['1900', '1950']
Fuganto Widjaja	/wiki/Fuganto_Widjaja	['1900', '1950']
Tomy Winata	/wiki/Tomy_Winata	['1900', '1950']
Surya Wonowidjojo	/wiki/Surya_Wonowidjojo	['1900', '1950']
Susilo Wonowidjojo	/wiki/Susilo_Wonowidjojo	['1900', '1950']
Karen Agustiawan	/wiki/Karen_Agustiawan	['1900', '1950']
Betti Alisjahbana	/wiki/Betti_Alisjahbana	['1900', '1950']
Rinaldi Firmansyah	/wiki/Rinaldi_Firmansyah	['1900', '1950']
Ibnu Sutowo	/wiki/Ibnu_Sutowo	['1900', '1950']
Armida Alisjahbana	/wiki/Armida_Alisjahbana	['2009', '2014']
J. Soedradjad Djiwandono	/wiki/J._Soedradjad_Djiwandono	['1993', '1998']
Sumitro Djojohadikusumo	/wiki/Sumitro_Djojohadikusumo	['1950', '1951']
Kwik Kian Gie	/wiki/Kwik_Kian_Gie	['1999', '2000']
Sri Mulyani Indrawati	/wiki/Sri_Mulyani_Indrawati	['1900', '1950']
Agus Martowardojo	/wiki/Agus_Martowardojo	['2010', '2013']
Darmin Nasution	/wiki/Darmin_Nasution	['2010', '2013']
Widjojo Nitisastro	/wiki/Widjojo_Nitisastro	['1973', '1983']
Mari Pangestu	/wiki/Mari_Pangestu	['2004', '2011']
Radius Prawiro	/wiki/Radius_Prawiro	['1966', '1968']
Rizal Ramli	/wiki/Rizal_Ramli	['2000', '2001']
Syahril Sabirin	/wiki/Syahril_Sabirin	['1999', '2003']
Emil Salim	/wiki/Emil_Salim	['1900', '1950']
Hadi Soesastro	/wiki/Hadi_Soesastro	['1900', '1950']
Syahrir	/wiki/Syahrir	['2007', '2008']
Gita Wirjawan	/wiki/Gita_Wirjawan	['2011', '2014']
Anne Avantie	/wiki/Anne_Avantie	['1900', '1950']
Sapto Djojokartiko	/wiki/Sapto_Djojokartiko	['1900', '1950']
Sebastian Gunawan	/wiki/Sebastian_Gunawan	['1900', '1950']
Didit Hediprasetyo	/wiki/Didit_Hediprasetyo	['1900', '1950']
Oscar Lawalata	/wiki/Oscar_Lawalata	['1900', '1950']
Obin	/wiki/Obin	['1900', '1950']
Tex Saverio	/wiki/Tex_Saverio	['1900', '1950']
Auguste Soesastro	/wiki/Auguste_Soesastro	['1900', '1950']
Iwan Tirta	/wiki/Iwan_Tirta	['1900', '1950']
Biyan Wanaatmadja	/wiki/Biyan_Wanaatmadja	['1900', '1950']
Mesty Ariotedjo	/wiki/Mesty_Ariotedjo	['1900', '1950']
Ayu Gani	/wiki/Ayu_Gani	['1900', '1950']
Nadya Hutagalung	/wiki/Nadya_Hutagalung	['1900', '1950']
Luna Maya	/wiki/Luna_Maya	['1900', '1950']
Jodi Ann Paterson	/wiki/Jodi_Ann_Paterson	['1900', '1950']
Manohara Odelia Pinot	/wiki/Manohara_Odelia_Pinot	['1900', '1950']
Mariana Renata	/wiki/Mariana_Renata	['1900', '1950']
Nadine Ames	/wiki/Nadine_Ames	['1900', '1950']
Frederika Alexis Cull	/wiki/Frederika_Alexis_Cull	['1900', '1950']
Nadine Chandrawinata	/wiki/Nadine_Chandrawinata	['1900', '1950']
Artika Sari Devi	/wiki/Artika_Sari_Devi	['1900', '1950']
Elvira Devinamira	/wiki/Elvira_Devinamira	['1900', '1950']
Whulandary Herman	/wiki/Whulandary_Herman	['1900', '1950']
Agni Pratistha	/wiki/Agni_Pratistha	['1900', '1950']
Maria Selena Nurcahya	/wiki/Maria_Selena_Nurcahya	['1900', '1950']
Putri Raemawasti	/wiki/Putri_Raemawasti	['1900', '1950']
Qory Sandioriva	/wiki/Qory_Sandioriva	['1900', '1950']
Zivanna Letisha Siregar	/wiki/Zivanna_Letisha_Siregar	['1900', '1950']
Kezia Warouw	/wiki/Kezia_Warouw	['1900', '1950']
Sandra Angelia	/wiki/Sandra_Angelia	['1900', '1950']
Kristania Virginia Besouw	/wiki/Kristania_Virginia_Besouw	['1900', '1950']
Imelda Fransisca	/wiki/Imelda_Fransisca	['1900', '1950']
Karenina Sunny Halim	/wiki/Karenina_Sunny_Halim	['1900', '1950']
Maria Harfanti	/wiki/Maria_Harfanti	['1900', '1950']
Vania Larissa	/wiki/Vania_Larissa	['1900', '1950']
Asyifa Latief	/wiki/Asyifa_Latief	['1900', '1950']
Ines Putri	/wiki/Ines_Putri	['1900', '1950']
Kamidia Radisti	/wiki/Kamidia_Radisti	['1900', '1950']
Maria Asteria Sastrayu Rahajeng	/wiki/Maria_Asteria_Sastrayu_Rahajeng	['1900', '1950']
Astrid Yunadi	/wiki/Astrid_Yunadi	['1900', '1950']
Annisa Ananda Nusyirwan	/wiki/Annisa_Ananda_Nusyirwan	['1900', '1950']
Nita Sofiani	/wiki/Nita_Sofiani	['1900', '1950']
Kevin Lilliana	/wiki/Kevin_Lilliana	['1900', '1950']
Jolene Marie Cholock-Rotinsulu	/wiki/Jolene_Marie_Cholock-Rotinsulu	['1900', '1950']
Chintya Fabyola	/wiki/Chintya_Fabyola	['1900', '1950']
Felice Hwang	/wiki/Felice_Hwang	['1900', '1950']
Reisa Kartikasari	/wiki/Reisa_Kartikasari	['1900', '1950']
Marisa Sartika Maladewi	/wiki/Marisa_Sartika_Maladewi	['1900', '1950']
Liza Elly Purnamasari	/wiki/Liza_Elly_Purnamasari	['1900', '1950']
Elfin Rappa	/wiki/Elfin_Rappa	['1900', '1950']
Theodora Sarah Abigail	/wiki/Theodora_Sarah_Abigail	['1900', '1950']
Djamaluddin Adinegoro	/wiki/Djamaluddin_Adinegoro	['1900', '1950']
Sutan Takdir Alisjahbana	/wiki/Sutan_Takdir_Alisjahbana	['1900', '1950']
Svida Alisjahbana	/wiki/Svida_Alisjahbana	['1900', '1950']
Desi Anwar	/wiki/Desi_Anwar	['1900', '1950']
Rosihan Anwar	/wiki/Rosihan_Anwar	['1900', '1950']
Ernest Douwes Dekker	/wiki/Ernest_Douwes_Dekker	['1900', '1950']
Nirwan Dewanto	/wiki/Nirwan_Dewanto	['1900', '1950']
Ahmadun Yosi Herfanda	/wiki/Ahmadun_Yosi_Herfanda	['1900', '1950']
Andrea Hirata	/wiki/Andrea_Hirata	['1900', '1950']
Ani Idrus	/wiki/Ani_Idrus	['1900', '1950']
Kwee Tek Hoay	/wiki/Kwee_Tek_Hoay	['1900', '1950']
Dewi Lestari	/wiki/Dewi_Lestari	['1900', '1950']
Putra Nababan	/wiki/Putra_Nababan	['1900', '1950']
Budi Putra	/wiki/Budi_Putra	['1900', '1950']
Rahadyan Sastrowardoyo	/wiki/Rahadyan_Sastrowardoyo	['1900', '1950']
Atika Shubert	/wiki/Atika_Shubert	['1900', '1950']
Basrief Arief	/wiki/Basrief_Arief	['1900', '1950']
Jimly Asshiddiqie	/wiki/Jimly_Asshiddiqie	['1900', '1950']
Albertina Ho	/wiki/Albertina_Ho	['1900', '1950']
Hotman Paris Hutapea	/wiki/Hotman_Paris_Hutapea	['1900', '1950']
Todung Mulya Lubis	/wiki/Todung_Mulya_Lubis	['1900', '1950']
Mohammad Mahfud	/wiki/Mohammad_Mahfud	['1900', '1950']
Wirjono Prodjodikoro	/wiki/Wirjono_Prodjodikoro	['1900', '1950']
Abraham Samad	/wiki/Abraham_Samad	['1900', '1950']
Bismar Siregar	/wiki/Bismar_Siregar	['1900', '1950']
Hendarman Supandji	/wiki/Hendarman_Supandji	['1900', '1950']
Hamdan Zoelva	/wiki/Hamdan_Zoelva	['1900', '1950']
Abdul Halim	/wiki/Abdul_Halim_(Indonesia)	['1900', '1950']
Abdul Haris Nasution	/wiki/Abdul_Haris_Nasution	['1900', '1950']
Adam Malik	/wiki/Adam_Malik	['1900', '1950']
Agus Salim	/wiki/Agus_Salim	['1900', '1950']
Ahmad Yani	/wiki/Ahmad_Yani	['1900', '1950']
Bagindo Azizchan	/wiki/Bagindo_Azizchan	['1900', '1950']
Bung Tomo	/wiki/Bung_Tomo	['1900', '1950']
Cut Nyak Dhien	/wiki/Cut_Nyak_Dhien	['1900', '1950']
Fatmawati	/wiki/Fatmawati	['1900', '1950']
Halim Perdanakusuma	/wiki/Halim_Perdanakusuma	['1900', '1950']
Hamengkubuwono I	/wiki/Hamengkubuwono_I	['1900', '1950']
Hamengkubuwono IX	/wiki/Hamengkubuwono_IX	['1900', '1950']
Hasyim Asy'ari	/wiki/Hasyim_Asy%27ari	['1900', '1950']
Kartini	/wiki/Kartini	['1900', '1950']
Katamso Darmokusumo	/wiki/Katamso_Darmokusumo	['1900', '1950']
Mohammad Hatta	/wiki/Mohammad_Hatta	['1900', '1950']
Mohammad Husni Thamrin	/wiki/Mohammad_Husni_Thamrin	['1900', '1950']
Mohammad Natsir	/wiki/Mohammad_Natsir	['1900', '1950']
Mohammad Yamin	/wiki/Mohammad_Yamin	['1900', '1950']
Siti Hartinah	/wiki/Siti_Hartinah	['1900', '1950']
Soekarno	/wiki/Soekarno	['1900', '1950']
Sutan Sjahrir	/wiki/Sutan_Sjahrir	['1900', '1950']
Wahid Hasyim	/wiki/Wahid_Hasyim	['1900', '1950']
Soekarno	/wiki/Soekarno	['1945', '1967']
Assaat	/wiki/Assaat	['1949', '1950']
Soeharto	/wiki/Soeharto	['1967', '1998']
Jusuf Habibie	/wiki/Jusuf_Habibie	['1998', '1999']
Abdurrahman Wahid	/wiki/Abdurrahman_Wahid	['1999', '2001']
Megawati Soekarnoputri	/wiki/Megawati_Soekarnoputri	['2001', '2004']
Susilo Bambang Yudhoyono	/wiki/Susilo_Bambang_Yudhoyono	['2004', '2014']
Joko Widodo	/wiki/Joko_Widodo	['1900', '1950']
Fatmawati	/wiki/Fatmawati	['1945', '1967']
Siti Hartinah	/wiki/Siti_Hartinah	['1967', '1998']
Hasri Ainun Habibie	/wiki/Hasri_Ainun_Habibie	['1998', '1999']
Sinta Nuriyah	/wiki/Sinta_Nuriyah	['1999', '2001']
Taufiq Kiemas	/wiki/Taufiq_Kiemas	['2001', '2004']
Kristiani Herrawati	/wiki/Kristiani_Herrawati	['2004', '2014']
Iriana Joko Widodo	/wiki/Iriana_Joko_Widodo	['1900', '1950']
Boediono	/wiki/Boediono	['2009', '2014']
Mohammad Hatta	/wiki/Mohammad_Hatta	['1945', '1956']
Hamzah Haz	/wiki/Hamzah_Haz	['2001', '2004']
Jusuf Kalla	/wiki/Jusuf_Kalla	['1900', '1950']
Adam Malik	/wiki/Adam_Malik	['1978', '1983']
Sudharmono	/wiki/Sudharmono	['1988', '1993']
Try Sutrisno	/wiki/Try_Sutrisno	['1993', '1998']
Umar Wirahadikusumah	/wiki/Umar_Wirahadikusumah	['1983', '1988']
Abdul Halim	/wiki/Abdul_Halim_(Indonesia)	['1900', '1950']
Burhanuddin Harahap	/wiki/Burhanuddin_Harahap	['1955', '1956']
Djuanda Kartawidjaja	/wiki/Djuanda_Kartawidjaja	['1957', '1959']
Muhammad Natsir	/wiki/Muhammad_Natsir	['1950', '1951']
Ali Sastroamidjojo	/wiki/Ali_Sastroamidjojo	['1900', '1950']
Sutan Sjahrir	/wiki/Sutan_Sjahrir	['1945', '1947']
Amir Sjarifuddin	/wiki/Amir_Sjarifuddin	['1947', '1948']
Wilopo	/wiki/Wilopo	['1952', '1953']
Soekiman Wirjosandjojo	/wiki/Soekiman_Wirjosandjojo	['1951', '1952']
Ruslan Abdulgani	/wiki/Ruslan_Abdulgani	['1956', '1957']
Azwar Abubakar	/wiki/Azwar_Abubakar	['2011', '2014']
Amirmachmud	/wiki/Amirmachmud	['1969', '1983']
Anton Apriantono	/wiki/Anton_Apriantono	['2004', '2009']
Cosmas Batubara	/wiki/Cosmas_Batubara	['1978', '1988']
Bachtiar Chamsyah	/wiki/Bachtiar_Chamsyah	['2001', '2009']
Adhyaksa Dault	/wiki/Adhyaksa_Dault	['2004', '2009']
Jusman Syafii Djamal	/wiki/Jusman_Syafii_Djamal	['2007', '2009']
Agum Gumelar	/wiki/Agum_Gumelar	['1900', '1950']
Soedarsono Hadisapoetro	/wiki/Soedarsono_Hadisapoetro	['1978', '1983']
Mohamad Suleman Hidayat	/wiki/Mohamad_Suleman_Hidayat	['2009', '2014']
Fahmi Idris	/wiki/Fahmi_Idris	['2005', '2009']
Malam Sambat Kaban	/wiki/Malam_Sambat_Kaban	['2004', '2009']
Kusmayanto Kadiman	/wiki/Kusmayanto_Kadiman	['2004', '2009']
Ginandjar Kartasasmita	/wiki/Ginandjar_Kartasasmita	['1988', '1993']
Agung Laksono	/wiki/Agung_Laksono	['2012', '2013']
Yusril Ihza Mahendra	/wiki/Yusril_Ihza_Mahendra	['1999', '2001']
Nabiel Makarim	/wiki/Nabiel_Makarim	['2001', '2004']
Susi Pudjiastuti	/wiki/Susi_Pudjiastuti	['1900', '1950']
Hatta Rajasa	/wiki/Hatta_Rajasa	['2001', '2004']
Chaerul Saleh	/wiki/Chaerul_Saleh	['1959', '1964']
Juwono Sudarsono	/wiki/Juwono_Sudarsono	['1998', '1999']
Suharna Surapranata	/wiki/Suharna_Surapranata	['2009', '2011']
Djoko Suyanto	/wiki/Djoko_Suyanto	['2009', '2014']
Tarmizi Taher	/wiki/Tarmizi_Taher	['1993', '1998']
Akbar Tanjung	/wiki/Akbar_Tanjung	['1988', '1993']
Jero Wacik	/wiki/Jero_Wacik	['2004', '2011']
Wiranto	/wiki/Wiranto	['1998', '1999']
Rachmat Witoelar	/wiki/Rachmat_Witoelar	['2004', '2009']
Arief Yahya	/wiki/Arief_Yahya	['1900', '1950']
Muhammad Yamin	/wiki/Muhammad_Yamin	['1951', '1952']
Achmad Soebardjo	/wiki/Achmad_Soebardjo	['1900', '1950']
Adam Malik	/wiki/Adam_Malik	['1966', '1978']
Ali Alatas	/wiki/Ali_Alatas	['1988', '1999']
Nicholas Tandi Dammen	/wiki/Nicholas_Tandi_Dammen	['1900', '1950']
Hartono Rekso Dharsono	/wiki/Hartono_Rekso_Dharsono	['1976', '1978']
Dino Patti Djalal	/wiki/Dino_Patti_Djalal	['2010', '2013']
Marty Natalegawa	/wiki/Marty_Natalegawa	['2009', '2014']
Agus Salim	/wiki/Agus_Salim	['1947', '1949']
Soenario	/wiki/Soenario	['1957', '1959']
Alwi Shihab	/wiki/Alwi_Shihab	['1999', '2001']
Hassan Wirajuda	/wiki/Hassan_Wirajuda	['2001', '2009']
Retno Marsudi	/wiki/Retno_Marsudi	['1900', '1950']
Mustafa Abubakar	/wiki/Mustafa_Abubakar	['2004', '2007']
Eko Maulana Ali	/wiki/Eko_Maulana_Ali	['2007', '2013']
Azwar Anas	/wiki/Azwar_Anas	['1977', '1987']
Dewa Made Beratha	/wiki/Dewa_Made_Beratha	['1998', '2008']
Daud Beureu'eh	/wiki/Daud_Beureu%27eh	['1945', '1953']
Ratu Atut Chosiyah	/wiki/Ratu_Atut_Chosiyah	['2007', '2014']
Teuku Muhammad Hasan	/wiki/Teuku_Muhammad_Hasan	['1945', '1949']
Ahmad Heryawan	/wiki/Ahmad_Heryawan	['1900', '1950']
Cornelis M.H.	/wiki/Cornelis_M.H.	['1900', '1950']
Ben Mboi	/wiki/Ben_Mboi	['1978', '1988']
Rizal Nurdin	/wiki/Rizal_Nurdin	['1998', '2005']
Basuki Tjahaja Purnama	/wiki/Basuki_Tjahaja_Purnama	['2014', '2017']
Djarot Saiful Hidayat	/wiki/Djarot_Saiful_Hidayat	['1900', '1950']
Ali Sadikin	/wiki/Ali_Sadikin	['1966', '1977']
José Abílio Osório Soares	/wiki/Jos%C3%A9_Ab%C3%ADlio_Os%C3%B3rio_Soares	['1992', '1999']
Sutiyoso	/wiki/Sutiyoso	['1997', '2007']
Hamengkubuwana IX	/wiki/Hamengkubuwana_IX	['1945', '1988']
Irwandi Yusuf	/wiki/Irwandi_Yusuf	['2007', '2012']
Anies Rasyid Baswedan	/wiki/Anies_Rasyid_Baswedan	['1900', '1950']
Hamengkubuwana X	/wiki/Hamengkubuwana_X	['1900', '1950']
Ganjar Pranowo	/wiki/Ganjar_Pranowo	['1900', '1950']
Joko Widodo	/wiki/Joko_Widodo	['2012', '2014']
Hasan Basri Durin	/wiki/Hasan_Basri_Durin	['1987', '1997']
Fauzi Bowo	/wiki/Fauzi_Bowo	['2007', '2012']
Gamawan Fauzi	/wiki/Gamawan_Fauzi	['2005', '2009']
Rano Karno	/wiki/Rano_Karno	['2014', '2017']
Irwan Prayitno	/wiki/Irwan_Prayitno	['1900', '1950']
Paku Alam VIII	/wiki/Paku_Alam_VIII	['1988', '1998']
Soekarwo	/wiki/Soekarwo	['1900', '1950']
Rusli Habibie	/wiki/Rusli_Habibie	['1900', '1950']
Olly Dondokambey	/wiki/Olly_Dondokambey	['1900', '1950']
Awang Faroek Ishak	/wiki/Awang_Faroek_Ishak	['1900', '1950']
Muhammad Zainul Majdi	/wiki/Muhammad_Zainul_Majdi	['1900', '1950']
Sam Ratulangi	/wiki/Sam_Ratulangi	['1945', '1949']
El Tari	/wiki/El_Tari	['1966', '1978']
Ridwan Kamil	/wiki/Ridwan_Kamil	['1900', '1950']
Tri Rismaharini	/wiki/Tri_Rismaharini	['1900', '1950']
Mohammad Ramdhan Pomanto	/wiki/Mohammad_Ramdhan_Pomanto	['1900', '1950']
Dada Rosada	/wiki/Dada_Rosada	['2003', '2013']
F. X. Hadi Rudyatmo	/wiki/F._X._Hadi_Rudyatmo	['1900', '1950']
Ateng Wahyudi	/wiki/Ateng_Wahyudi	['1983', '1993']
Joko Widodo	/wiki/Joko_Widodo	['2005', '2012']
Mahyeldi Ansharullah	/wiki/Mahyeldi_Ansharullah	['1900', '1950']
Hasan Basri Durin	/wiki/Hasan_Basri_Durin	['1971', '1983']
Alvin Lie	/wiki/Alvin_Lie	['1900', '1950']
Budiman Sudjatmiko	/wiki/Budiman_Sudjatmiko	['1900', '1950']
Astrid Susanto	/wiki/Astrid_Susanto	['1900', '1950']
Dipa Nusantara Aidit	/wiki/Dipa_Nusantara_Aidit	['1900', '1950']
Biem Benyamin	/wiki/Biem_Benyamin	['1900', '1950']
Manuel Carrascalão	/wiki/Manuel_Carrascal%C3%A3o	['1900', '1950']
Omar Dhani	/wiki/Omar_Dhani	['1962', '1965']
H. S. Dillon	/wiki/H._S._Dillon	['1900', '1950']
Prabowo Subianto	/wiki/Prabowo_Subianto	['1900', '1950']
Eurico Guterres	/wiki/Eurico_Guterres	['1900', '1950']
Loa Sek Hie	/wiki/Loa_Sek_Hie	['1900', '1950']
Hok Hoei Kan	/wiki/Hok_Hoei_Kan	['1900', '1950']
Taufiq Kiemas	/wiki/Taufiq_Kiemas	['2009', '2013']
Musso	/wiki/Musso	['1900', '1950']
Amien Rais	/wiki/Amien_Rais	['1998', '2005']
Frans Tutuhatunewa	/wiki/Frans_Tutuhatunewa	['1900', '1950']
Hidayat Nur Wahid	/wiki/Hidayat_Nur_Wahid	['2004', '2009']
Dede Yusuf	/wiki/Dede_Yusuf	['1900', '1950']
Sidarto Danusubroto	/wiki/Sidarto_Danusubroto	['2013', '2014']
Ahmad Jayadiningrat	/wiki/Ahmad_Jayadiningrat	['1900', '1950']
Andi Abdullah Bau Massepe	/wiki/Andi_Abdullah_Bau_Massepe	['1900', '1950']
Sultan Tangkal Alam Bagagar	/wiki/Sultan_Tangkal_Alam_Bagagar	['1900', '1950']
Soero Pernollo	/wiki/Soero_Pernollo	['1900', '1950']
Diponegoro	/wiki/Diponegoro	['1900', '1950']
Paku Alam VIII	/wiki/Paku_Alam_VIII	['1900', '1950']
Hamengkubuwono IX	/wiki/Hamengkubuwono_IX	['1973', '1978']
Sri Sultan Hamengkubuwono X	/wiki/Sri_Sultan_Hamengkubuwono_X	['1900', '1950']
Queen Hemas	/wiki/Queen_Hemas	['1900', '1950']
Princess Hayu	/wiki/Princess_Hayu	['1900', '1950']
Princess Pembayun	/wiki/Princess_Pembayun	['1900', '1950']
Soe Hok Gie	/wiki/Soe_Hok_Gie	['1900', '1950']
Ita Martadinata Haryono	/wiki/Ita_Martadinata_Haryono	['1900', '1950']
Munir Said Thalib	/wiki/Munir_Said_Thalib	['1900', '1950']
Poncke Princen	/wiki/Poncke_Princen	['1900', '1950']
Oei Hui-lan	/wiki/Oei_Hui-lan	['1900', '1950']
Lolo Soetoro	/wiki/Lolo_Soetoro	['1900', '1950']
Maya Soetoro-Ng	/wiki/Maya_Soetoro-Ng	['1900', '1950']
Yenny Wahid	/wiki/Yenny_Wahid	['1900', '1950']
Abdul Karim Amrullah	/wiki/Abdul_Karim_Amrullah	['1900', '1950']
Abdurrahman Wahid	/wiki/Abdurrahman_Wahid	['1900', '1950']
Amien Rais	/wiki/Amien_Rais	['1900', '1950']
Mustofa Bisri	/wiki/Mustofa_Bisri	['1900', '1950']
Ahmad Dede	/wiki/Ahmad_Dede	['1900', '1950']
Hamka	/wiki/Hamka	['1900', '1950']
Hasyim Asyari	/wiki/Hasyim_Asyari	['1900', '1950']
Hasyim Muzadi	/wiki/Hasyim_Muzadi	['1900', '1950']
Idham Chalid	/wiki/Idham_Chalid	['1900', '1950']
Jefri Al Buchori	/wiki/Jefri_Al_Buchori	['1900', '1950']
Jimly Asshiddiqie	/wiki/Jimly_Asshiddiqie	['1900', '1950']
Ma'ruf Amin	/wiki/Ma%27ruf_Amin	['1900', '1950']
Mohammad Natsir	/wiki/Mohammad_Natsir	['1900', '1950']
Quraish Shihab	/wiki/Quraish_Shihab	['1900', '1950']
Din Syamsuddin	/wiki/Din_Syamsuddin	['1900', '1950']
Tutty Alawiyah	/wiki/Tutty_Alawiyah	['1900', '1950']
Tuanku Imam Bonjol	/wiki/Tuanku_Imam_Bonjol	['1900', '1950']
Tuanku Tambusai	/wiki/Tuanku_Tambusai	['1900', '1950']
Maria Ulfah	/wiki/Maria_Ulfah	['1900', '1950']
Fakih Usman	/wiki/Fakih_Usman	['1900', '1950']
Wahid Hasyim	/wiki/Wahid_Hasyim	['1900', '1950']
Reverend Ike	/wiki/Reverend_Ike	['1900', '1950']
Stephen Tong	/wiki/Stephen_Tong	['1900', '1950']
Albertus Soegijapranata	/wiki/Albertus_Soegijapranata	['1900', '1950']
Justinus Darmojuwono	/wiki/Justinus_Darmojuwono	['1900', '1950']
Julius Darmaatmadja	/wiki/Julius_Darmaatmadja	['1900', '1950']
Ignatius Suharyo Hardjoatmodjo	/wiki/Ignatius_Suharyo_Hardjoatmodjo	['1900', '1950']
Benyamin Yosef Bria	/wiki/Benyamin_Yosef_Bria	['1900', '1950']
Gabriel Manek	/wiki/Gabriel_Manek	['1900', '1950']
Khouw Khe Hien	/wiki/Khouw_Khe_Hien	['1900', '1950']
Khouw Keng Nio	/wiki/Khouw_Keng_Nio	['1900', '1950']
Diananda Choirunisa	/wiki/Diananda_Choirunisa	['1900', '1950']
Ika Yuliana Rochmawati	/wiki/Ika_Yuliana_Rochmawati	['1900', '1950']
Hendra Purnama	/wiki/Hendra_Purnama	['1900', '1950']
Kusuma Wardhani	/wiki/Kusuma_Wardhani	['1900', '1950']
Lilies Handayani	/wiki/Lilies_Handayani	['1900', '1950']
Muhammad Hanif Wijaya	/wiki/Muhammad_Hanif_Wijaya	['1900', '1950']
Nurfitriyana Saiman	/wiki/Nurfitriyana_Saiman	['1900', '1950']
Riau Ega Agatha	/wiki/Riau_Ega_Agatha	['1900', '1950']
Rina Dewi Puspitasari	/wiki/Rina_Dewi_Puspitasari	['1900', '1950']
Agus Prayogo	/wiki/Agus_Prayogo	['1900', '1950']
Carolina Rieuwpassa	/wiki/Carolina_Rieuwpassa	['1900', '1950']
Dedeh Erawati	/wiki/Dedeh_Erawati	['1900', '1950']
Desy Margawati	/wiki/Desy_Margawati	['1900', '1950']
Dolly Zegerius	/wiki/Dolly_Zegerius	['1900', '1950']
Edward Nabunone	/wiki/Edward_Nabunone	['1900', '1950']
Fadlin	/wiki/Fadlin	['1900', '1950']
Fernando Lumain	/wiki/Fernando_Lumain	['1900', '1950']
Gurnam Singh	/wiki/Gurnam_Singh	['1900', '1950']
Irene Truitje Joseph	/wiki/Irene_Truitje_Joseph	['1900', '1950']
Lalu Muhammad Zohri	/wiki/Lalu_Muhammad_Zohri	['1900', '1950']
Maria Natalia Londa	/wiki/Maria_Natalia_Londa	['1900', '1950']
Mohammad Sarengat	/wiki/Mohammad_Sarengat	['1900', '1950']
Rio Maholtra	/wiki/Rio_Maholtra	['1900', '1950']
Sapwaturrahman	/wiki/Sapwaturrahman	['1900', '1950']
Sudirman Hadi	/wiki/Sudirman_Hadi	['1900', '1950']
Supriyati Sutono	/wiki/Supriyati_Sutono	['1900', '1950']
Suryo Agung Wibowo	/wiki/Suryo_Agung_Wibowo	['1900', '1950']
Triyaningsih	/wiki/Triyaningsih	['1900', '1950']
Yaspi Boby	/wiki/Yaspi_Boby	['1900', '1950']
Zahir Ali	/wiki/Zahir_Ali	['1900', '1950']
Philo Paz Armand	/wiki/Philo_Paz_Armand	['1900', '1950']
Sean Gelael	/wiki/Sean_Gelael	['1900', '1950']
Rio Haryanto	/wiki/Rio_Haryanto	['1900', '1950']
Satrio Hermanto	/wiki/Satrio_Hermanto	['1900', '1950']
Ananda Mikola	/wiki/Ananda_Mikola	['1900', '1950']
Doni Tata Pradita	/wiki/Doni_Tata_Pradita	['1900', '1950']
Moreno Soeprapto	/wiki/Moreno_Soeprapto	['1900', '1950']
Rafid Topan Sucipto	/wiki/Rafid_Topan_Sucipto	['1900', '1950']
Ade Chandra	/wiki/Ade_Chandra	['1900', '1950']
Ade Yusuf Santoso	/wiki/Ade_Yusuf_Santoso	['1900', '1950']
Adriyanti Firdasari	/wiki/Adriyanti_Firdasari	['1900', '1950']
Afiat Yuris Wirawan	/wiki/Afiat_Yuris_Wirawan	['1900', '1950']
Alamsyah Yunus	/wiki/Alamsyah_Yunus	['1900', '1950']
Alan Budikusuma	/wiki/Alan_Budikusuma	['1900', '1950']
Alfian Eko Prasetya	/wiki/Alfian_Eko_Prasetya	['1900', '1950']
Alvent Yulianto	/wiki/Alvent_Yulianto	['1900', '1950']
Ana Rovita	/wiki/Ana_Rovita	['1900', '1950']
Andre Kurniawan Tedjono	/wiki/Andre_Kurniawan_Tedjono	['1900', '1950']
Andika Ramadiansyah	/wiki/Andika_Ramadiansyah	['1900', '1950']
Andrei Adistia	/wiki/Andrei_Adistia	['1900', '1950']
Angelica Wiratama	/wiki/Angelica_Wiratama	['1900', '1950']
Angga Pratama	/wiki/Angga_Pratama	['1900', '1950']
Anggia Shitta Awanda	/wiki/Anggia_Shitta_Awanda	['1900', '1950']
Anggun Nugroho	/wiki/Anggun_Nugroho	['1900', '1950']
Anneke Feinya Agustin	/wiki/Anneke_Feinya_Agustin	['1900', '1950']
Annisa Saufika	/wiki/Annisa_Saufika	['1900', '1950']
Anthony Sinisuka Ginting	/wiki/Anthony_Sinisuka_Ginting	['1900', '1950']
Antonius Ariantho	/wiki/Antonius_Ariantho	['1900', '1950']
Aprilia Yuswandari	/wiki/Aprilia_Yuswandari	['1900', '1950']
Apriyani Rahayu	/wiki/Apriyani_Rahayu	['1900', '1950']
Ardy Wiranata	/wiki/Ardy_Wiranata	['1900', '1950']
Aryono Miranat	/wiki/Aryono_Miranat	['1900', '1950']
Asty Dwi Widyaningrum	/wiki/Asty_Dwi_Widyaningrum	['1900', '1950']
Bambang Suprianto	/wiki/Bambang_Suprianto	['1900', '1950']
Bellaetrix Manuputty	/wiki/Bellaetrix_Manuputty	['1900', '1950']
Berry Angriawan	/wiki/Berry_Angriawan	['1900', '1950']
Bobby Ertanto	/wiki/Bobby_Ertanto	['1900', '1950']
Bona Septano	/wiki/Bona_Septano	['1900', '1950']
Bunga Fitriani Romadhini	/wiki/Bunga_Fitriani_Romadhini	['1900', '1950']
Candra Wijaya	/wiki/Candra_Wijaya	['1900', '1950']
Chico Aura Dwi Wardoyo	/wiki/Chico_Aura_Dwi_Wardoyo	['1900', '1950']
Christian Hadinata	/wiki/Christian_Hadinata	['1900', '1950']
Debby Susanto	/wiki/Debby_Susanto	['1900', '1950']
Denny Kantono	/wiki/Denny_Kantono	['1900', '1950']
Della Destiara Haris	/wiki/Della_Destiara_Haris	['1900', '1950']
Dian Fitriani	/wiki/Dian_Fitriani	['1900', '1950']
Dinar Dyah Ayustine	/wiki/Dinar_Dyah_Ayustine	['1900', '1950']
Dionysius Hayom Rumbaka	/wiki/Dionysius_Hayom_Rumbaka	['1900', '1950']
Devi Tika Permatasari	/wiki/Devi_Tika_Permatasari	['1900', '1950']
Deyana Lomban	/wiki/Deyana_Lomban	['1900', '1950']
Eddy Hartono	/wiki/Eddy_Hartono	['1900', '1950']
Eddy Kurniawan	/wiki/Eddy_Kurniawan	['1900', '1950']
Edi Subaktiar	/wiki/Edi_Subaktiar	['1900', '1950']
Eliza Nathanael	/wiki/Eliza_Nathanael	['1900', '1950']
Ellen Angelina	/wiki/Ellen_Angelina	['1900', '1950']
Endang Nursugianti	/wiki/Endang_Nursugianti	['1900', '1950']
Eng Hian	/wiki/Eng_Hian	['1900', '1950']
Erma Sulistianingsih	/wiki/Erma_Sulistianingsih	['1900', '1950']
Fajar Alfian	/wiki/Fajar_Alfian	['1900', '1950']
Fachryza Abimanyu	/wiki/Fachryza_Abimanyu	['1900', '1950']
Febby Angguni	/wiki/Febby_Angguni	['1900', '1950']
Fernando Kurniawan	/wiki/Fernando_Kurniawan	['1900', '1950']
Ferry Sonneville	/wiki/Ferry_Sonneville	['1900', '1950']
Fikri Ihsandi Hadmadi	/wiki/Fikri_Ihsandi_Hadmadi	['1900', '1950']
Finarsih	/wiki/Finarsih	['1900', '1950']
Fitriani	/wiki/Fitriani	['1900', '1950']
Firman Abdul Kholik	/wiki/Firman_Abdul_Kholik	['1900', '1950']
Fran Kurniawan	/wiki/Fran_Kurniawan	['1900', '1950']
Fransisca Ratnasari	/wiki/Fransisca_Ratnasari	['1900', '1950']
Gebby Ristiyani Imawan	/wiki/Gebby_Ristiyani_Imawan	['1900', '1950']
Gloria Emanuelle Widjaja	/wiki/Gloria_Emanuelle_Widjaja	['1900', '1950']
Gregoria Mariska Tunjung	/wiki/Gregoria_Mariska_Tunjung	['1900', '1950']
Greysia Polii	/wiki/Greysia_Polii	['1900', '1950']
Hadibowo Susanto	/wiki/Hadibowo_Susanto	['1900', '1950']
Hafiz Faizal	/wiki/Hafiz_Faizal	['1900', '1950']
Halim Haryanto	/wiki/Halim_Haryanto	['1900', '1950']
Hanna Ramadini	/wiki/Hanna_Ramadini	['1900', '1950']
Hariamanto Kartono	/wiki/Hariamanto_Kartono	['1900', '1950']
Hardianto	/wiki/Hardianto	['1900', '1950']
Hariyanto Arbi	/wiki/Hariyanto_Arbi	['1900', '1950']
Hastomo Arbi	/wiki/Hastomo_Arbi	['1900', '1950']
Hendra Setiawan	/wiki/Hendra_Setiawan	['1900', '1950']
Hendra Aprida Gunawan	/wiki/Hendra_Aprida_Gunawan	['1900', '1950']
Hendrawan	/wiki/Hendrawan	['1900', '1950']
Hera Desi	/wiki/Hera_Desi	['1900', '1950']
Hermawan Susanto	/wiki/Hermawan_Susanto	['1900', '1950']
Icuk Sugiarto	/wiki/Icuk_Sugiarto	['1900', '1950']
Ihsan Maulana Mustofa	/wiki/Ihsan_Maulana_Mustofa	['1900', '1950']
Iie Sumirat	/wiki/Iie_Sumirat	['1900', '1950']
Imelda Wiguna	/wiki/Imelda_Wiguna	['1900', '1950']
Indra Viki Okvana	/wiki/Indra_Viki_Okvana	['1900', '1950']
Irfan Fadhilah	/wiki/Irfan_Fadhilah	['1900', '1950']
Ivana Lie	/wiki/Ivana_Lie	['1900', '1950']
Jauza Fadhila Sugiarto	/wiki/Jauza_Fadhila_Sugiarto	['1900', '1950']
Jenna Gozali	/wiki/Jenna_Gozali	['1900', '1950']
Jo Novita	/wiki/Jo_Novita	['1900', '1950']
Johan Wahjudi	/wiki/Johan_Wahjudi	['1900', '1950']
Joko Suprianto	/wiki/Joko_Suprianto	['1900', '1950']
Jonatan Christie	/wiki/Jonatan_Christie	['1900', '1950']
Kenas Adi Haryanto	/wiki/Kenas_Adi_Haryanto	['1900', '1950']
Keshya Nurvita Hanadia	/wiki/Keshya_Nurvita_Hanadia	['1900', '1950']
Kevin Sanjaya Sukamuljo	/wiki/Kevin_Sanjaya_Sukamuljo	['1900', '1950']
Komala Dewi	/wiki/Komala_Dewi	['1900', '1950']
Krishna Adi Nugraha	/wiki/Krishna_Adi_Nugraha	['1900', '1950']
Lidya Djaelawijaya	/wiki/Lidya_Djaelawijaya	['1900', '1950']
Liem Swie King	/wiki/Liem_Swie_King	['1900', '1950']
Lili Tampi	/wiki/Lili_Tampi	['1900', '1950']
Liliyana Natsir	/wiki/Liliyana_Natsir	['1900', '1950']
Lindaweni Fanetri	/wiki/Lindaweni_Fanetri	['1900', '1950']
Lingga Lie	/wiki/Lingga_Lie	['1900', '1950']
Lita Nurlita	/wiki/Lita_Nurlita	['1900', '1950']
Lius Pongoh	/wiki/Lius_Pongoh	['1900', '1950']
Lukhi Apri Nugroho	/wiki/Lukhi_Apri_Nugroho	['1900', '1950']
Luluk Hadiyanto	/wiki/Luluk_Hadiyanto	['1900', '1950']
Maretha Dea Giovani	/wiki/Maretha_Dea_Giovani	['1900', '1950']
Maria Febe Kusumastuti	/wiki/Maria_Febe_Kusumastuti	['1900', '1950']
Maria Kristin Yulianti	/wiki/Maria_Kristin_Yulianti	['1900', '1950']
Marcus Fernaldi Gideon	/wiki/Marcus_Fernaldi_Gideon	['1900', '1950']
Markis Kido	/wiki/Markis_Kido	['1900', '1950']
Marleve Mainaky	/wiki/Marleve_Mainaky	['1900', '1950']
Marsheilla Gischa Islami	/wiki/Marsheilla_Gischa_Islami	['1900', '1950']
Masita Mahmudin	/wiki/Masita_Mahmudin	['1900', '1950']
Meiliana Jauhari	/wiki/Meiliana_Jauhari	['1900', '1950']
Meirisa Cindy Sahputri	/wiki/Meirisa_Cindy_Sahputri	['1900', '1950']
Melati Daeva Oktavianti	/wiki/Melati_Daeva_Oktavianti	['1900', '1950']
Melvira Oklamona	/wiki/Melvira_Oklamona	['1900', '1950']
Mia Audina	/wiki/Mia_Audina	['1900', '1950']
Millicent Wiranto	/wiki/Millicent_Wiranto	['1900', '1950']
Minarni	/wiki/Minarni	['1900', '1950']
Minarti Timur	/wiki/Minarti_Timur	['1900', '1950']
Moh Reza Pahlevi Isfahani	/wiki/Moh_Reza_Pahlevi_Isfahani	['1900', '1950']
Mohammad Ahsan	/wiki/Mohammad_Ahsan	['1900', '1950']
Muhammad Rian Ardianto	/wiki/Muhammad_Rian_Ardianto	['1900', '1950']
Muhammad Rijal	/wiki/Muhammad_Rijal	['1900', '1950']
Muhammad Ulinnuha	/wiki/Muhammad_Ulinnuha	['1900', '1950']
Muljadi	/wiki/Muljadi	['1900', '1950']
Mychelle Crhystine Bandaso	/wiki/Mychelle_Crhystine_Bandaso	['1900', '1950']
Nadya Melati	/wiki/Nadya_Melati	['1900', '1950']
Natalia Christine Poluakan	/wiki/Natalia_Christine_Poluakan	['1900', '1950']
Ni Ketut Mahadewi Istarani	/wiki/Ni_Ketut_Mahadewi_Istarani	['1900', '1950']
Nisak Puji Lestari	/wiki/Nisak_Puji_Lestari	['1900', '1950']
Nitya Krishinda Maheswari	/wiki/Nitya_Krishinda_Maheswari	['1900', '1950']
Nova Widianto	/wiki/Nova_Widianto	['1900', '1950']
Panji Ahmad Maulana	/wiki/Panji_Ahmad_Maulana	['1900', '1950']
Pia Zebadiah Bernadeth	/wiki/Pia_Zebadiah_Bernadeth	['1900', '1950']
Praveen Jordan	/wiki/Praveen_Jordan	['1900', '1950']
Rahmadhani Hastiyanti Putri	/wiki/Rahmadhani_Hastiyanti_Putri	['1900', '1950']
Rani Mundiasti	/wiki/Rani_Mundiasti	['1900', '1950']
Rehan Naufal Kusharjanto	/wiki/Rehan_Naufal_Kusharjanto	['1900', '1950']
Rendra Wijaya	/wiki/Rendra_Wijaya	['1900', '1950']
Retno Koestijah	/wiki/Retno_Koestijah	['1900', '1950']
Rexy Mainaky	/wiki/Rexy_Mainaky	['1900', '1950']
Rian Sukmawan	/wiki/Rian_Sukmawan	['1900', '1950']
Richi Puspita Dili	/wiki/Richi_Puspita_Dili	['1900', '1950']
Ricky Karanda Suwardi	/wiki/Ricky_Karanda_Suwardi	['1900', '1950']
Ricky Subagja	/wiki/Ricky_Subagja	['1900', '1950']
Rika Rositawati	/wiki/Rika_Rositawati	['1900', '1950']
Riky Widianto	/wiki/Riky_Widianto	['1900', '1950']
Rinov Rivaldy	/wiki/Rinov_Rivaldy	['1900', '1950']
Ririn Amelia	/wiki/Ririn_Amelia	['1900', '1950']
Rizki Amelia Pradipta	/wiki/Rizki_Amelia_Pradipta	['1900', '1950']
Ronald Alexander	/wiki/Ronald_Alexander_(badminton)	['1900', '1950']
Rosiana Tendean	/wiki/Rosiana_Tendean	['1900', '1950']
Rosyita Eka Putri Sari	/wiki/Rosyita_Eka_Putri_Sari	['1900', '1950']
Rudy Gunawan	/wiki/Rudy_Gunawan	['1900', '1950']
Rudy Hartono	/wiki/Rudy_Hartono	['1900', '1950']
Rudy Heryanto	/wiki/Rudy_Heryanto	['1900', '1950']
Ruselli Hartawan	/wiki/Ruselli_Hartawan	['1900', '1950']
Rusydina Antardayu Riodingin	/wiki/Rusydina_Antardayu_Riodingin	['1900', '1950']
Sarwendah Kusumawardhani	/wiki/Sarwendah_Kusumawardhani	['1900', '1950']
Selvanus Geh	/wiki/Selvanus_Geh	['1900', '1950']
Serena Kani	/wiki/Serena_Kani	['1900', '1950']
Shella Devi Aulia	/wiki/Shella_Devi_Aulia	['1900', '1950']
Shendy Puspa Irawati	/wiki/Shendy_Puspa_Irawati	['1900', '1950']
Shesar Hiren Rhustavito	/wiki/Shesar_Hiren_Rhustavito	['1900', '1950']
Sigit Budiarto	/wiki/Sigit_Budiarto	['1900', '1950']
Silvi Antarini	/wiki/Silvi_Antarini	['1900', '1950']
Simon Santoso	/wiki/Simon_Santoso	['1900', '1950']
Siti Fadia Silva Ramadhanti	/wiki/Siti_Fadia_Silva_Ramadhanti	['1900', '1950']
Sony Dwi Kuncoro	/wiki/Sony_Dwi_Kuncoro	['1900', '1950']
Sri Fatmawati	/wiki/Sri_Fatmawati	['1900', '1950']
Suci Rizki Andini	/wiki/Suci_Rizki_Andini	['1900', '1950']
Susi Susanti	/wiki/Susi_Susanti	['1900', '1950']
Tan Joe Hok	/wiki/Tan_Joe_Hok	['1900', '1950']
Tania Oktaviani Kusumah	/wiki/Tania_Oktaviani_Kusumah	['1900', '1950']
Taty Sumirah	/wiki/Taty_Sumirah	['1900', '1950']
Taufik Hidayat	/wiki/Taufik_Hidayat	['1900', '1950']
Tiara Rosalia Nuraidah	/wiki/Tiara_Rosalia_Nuraidah	['1900', '1950']
Tjun Tjun	/wiki/Tjun_Tjun	['1900', '1950']
Tommy Sugiarto	/wiki/Tommy_Sugiarto	['1900', '1950']
Tony Gunawan	/wiki/Tony_Gunawan	['1900', '1950']
Tri Kusharjanto	/wiki/Tri_Kusharjanto	['1900', '1950']
Utami Kinard	/wiki/Utami_Kinard	['1900', '1950']
Vania Arianti Sukoco	/wiki/Vania_Arianti_Sukoco	['1900', '1950']
Variella Aprilsasi Putri Lejarsar	/wiki/Variella_Aprilsasi_Putri_Lejarsar	['1900', '1950']
Verawaty Fajrin	/wiki/Verawaty_Fajrin	['1900', '1950']
Vita Marissa	/wiki/Vita_Marissa	['1900', '1950']
Wahyu Nayaka	/wiki/Wahyu_Nayaka	['1900', '1950']
Weni Anggraini	/wiki/Weni_Anggraini	['1900', '1950']
Wisnu Yuli Prasetyo	/wiki/Wisnu_Yuli_Prasetyo	['1900', '1950']
Yeni Asmarani	/wiki/Yeni_Asmarani	['1900', '1950']
Yohanes Rendy Sugiarto	/wiki/Yohanes_Rendy_Sugiarto	['1900', '1950']
Yonathan Suryatama Dasuki	/wiki/Yonathan_Suryatama_Dasuki	['1900', '1950']
Yulianti	/wiki/Yulianti	['1900', '1950']
Yulfira Barkah	/wiki/Yulfira_Barkah	['1900', '1950']
Zelin Resiana	/wiki/Zelin_Resiana	['1900', '1950']
Arki Dikania Wisnu	/wiki/Arki_Dikania_Wisnu	['1900', '1950']
Ade Rai	/wiki/Ade_Rai	['1900', '1950']
Ridwan Kodiat	/wiki/Ridwan_Kodiat	['1900', '1950']
Chris John	/wiki/Chris_John_(boxer)	['1900', '1950']
Daud Yordan	/wiki/Daud_Yordan	['1900', '1950']
Ellyas Pical	/wiki/Ellyas_Pical	['1900', '1950']
Muhammad Rachman	/wiki/Muhammad_Rachman	['1900', '1950']
Nico Thomas	/wiki/Nico_Thomas	['1900', '1950']
Utut Adianto	/wiki/Utut_Adianto	['1900', '1950']
Medina Warda Aulia	/wiki/Medina_Warda_Aulia	['1900', '1950']
Susanto Megaranto	/wiki/Susanto_Megaranto	['1900', '1950']
Irine Kharisma Sukandar	/wiki/Irine_Kharisma_Sukandar	['1900', '1950']
Rifda Irfanaluthfi	/wiki/Rifda_Irfanaluthfi	['1900', '1950']
Aero Sutan Aswar	/wiki/Aero_Sutan_Aswar	['1900', '1950']
Aqsa Sutan Aswar	/wiki/Aqsa_Sutan_Aswar	['1900', '1950']
Pujawati Utama	/wiki/Pujawati_Utama	['1900', '1950']
Putu Wiradamungga	/wiki/Putu_Wiradamungga	['1900', '1950']
Elie Aiboy	/wiki/Elie_Aiboy	['1900', '1950']
Yongki Aribowo	/wiki/Yongki_Aribowo	['1900', '1950']
Samsul Arif	/wiki/Samsul_Arif	['1900', '1950']
Ponaryo Astaman	/wiki/Ponaryo_Astaman	['1900', '1950']
Irfan Bachdim	/wiki/Irfan_Bachdim	['1900', '1950']
Titus Bonai	/wiki/Titus_Bonai	['1900', '1950']
Gunawan Dwi Cahyo	/wiki/Gunawan_Dwi_Cahyo	['1900', '1950']
Syamsul Chaeruddin	/wiki/Syamsul_Chaeruddin	['1900', '1950']
Serginho van Dijk	/wiki/Serginho_van_Dijk	['1900', '1950']
Bruce Diporedjo	/wiki/Bruce_Diporedjo	['1900', '1950']
Cristian Gonzáles	/wiki/Cristian_Gonz%C3%A1les	['1900', '1950']
Agus Indra Kurniawan	/wiki/Agus_Indra_Kurniawan	['1900', '1950']
Kim Kurniawan	/wiki/Kim_Kurniawan	['1900', '1950']
Stefano Lilipaly	/wiki/Stefano_Lilipaly	['1900', '1950']
Chris Limahelu	/wiki/Chris_Limahelu	['1900', '1950']
Ebrahim Enguio Lopez	/wiki/Ebrahim_Enguio_Lopez	['1900', '1950']
Oktovianus Maniani	/wiki/Oktovianus_Maniani	['1900', '1950']
Markus Haris Maulana	/wiki/Markus_Haris_Maulana	['1900', '1950']
Diego Michiels	/wiki/Diego_Michiels	['1900', '1950']
Radja Nainggolan	/wiki/Radja_Nainggolan	['1900', '1950']
Bambang Pamungkas	/wiki/Bambang_Pamungkas	['1900', '1950']
Bryan Panjaitan	/wiki/Bryan_Panjaitan	['1900', '1950']
Rochy Putiray	/wiki/Rochy_Putiray	['1900', '1950']
Bima Sakti	/wiki/Bima_Sakti	['1900', '1950']
Vangelino Sastrodimedjo	/wiki/Vangelino_Sastrodimedjo	['1900', '1950']
Boaz Solossa	/wiki/Boaz_Solossa	['1900', '1950']
Ilija Spasojević	/wiki/Ilija_Spasojevi%C4%87	['1900', '1950']
Amadeus Suropati	/wiki/Amadeus_Suropati	['1900', '1950']
Firman Utina	/wiki/Firman_Utina	['1900', '1950']
Andik Vermansyah	/wiki/Andik_Vermansyah	['1900', '1950']
Nol van der Vin	/wiki/Nol_van_der_Vin	['1900', '1950']
Patrich Wanggai	/wiki/Patrich_Wanggai	['1900', '1950']
Wahyu Wijiastanto	/wiki/Wahyu_Wijiastanto	['1900', '1950']
Ricky Yacobi	/wiki/Ricky_Yacobi	['1900', '1950']
Kurniawan Dwi Yulianto	/wiki/Kurniawan_Dwi_Yulianto	['1900', '1950']
Ines Putri	/wiki/Ines_Putri	['1900', '1950']
John Juanda	/wiki/John_Juanda	['1900', '1950']
Oka Sulaksana	/wiki/Oka_Sulaksana	['1900', '1950']
Achmad Dimyati	/wiki/Achmad_Dimyati	['1900', '1950']
Aflah Fadlan Prawira	/wiki/Aflah_Fadlan_Prawira	['1900', '1950']
Glenn Victor Sutanto	/wiki/Glenn_Victor_Sutanto	['1900', '1950']
Habib Nasution	/wiki/Habib_Nasution	['1900', '1950']
I Gede Siman Sudartawa	/wiki/I_Gede_Siman_Sudartawa	['1900', '1950']
Kristiono Sumono	/wiki/Kristiono_Sumono	['1900', '1950']
Lukman Niode	/wiki/Lukman_Niode	['1900', '1950']
Ranomi Kromowidjojo	/wiki/Ranomi_Kromowidjojo	['1900', '1950']
Raina Saumi Grahana	/wiki/Raina_Saumi_Grahana	['1900', '1950']
Ressa Kania Dewi	/wiki/Ressa_Kania_Dewi	['1900', '1950']
Ria Tobing	/wiki/Ria_Tobing	['1900', '1950']
Richard Sam Bera	/wiki/Richard_Sam_Bera	['1900', '1950']
Ricky Anggawijaya	/wiki/Ricky_Anggawijaya	['1900', '1950']
Triady Fauzi Sidiq	/wiki/Triady_Fauzi_Sidiq	['1900', '1950']
Wirmandi Sugriat	/wiki/Wirmandi_Sugriat	['1900', '1950']
Yessy Yosaputra	/wiki/Yessy_Yosaputra	['1900', '1950']
Defia Rosmaniar	/wiki/Defia_Rosmaniar	['1900', '1950']
Juana Wangsa Putri	/wiki/Juana_Wangsa_Putri	['1900', '1950']
Satriyo Rahadhani	/wiki/Satriyo_Rahadhani	['1900', '1950']
Aldila Sutjiadi	/wiki/Aldila_Sutjiadi	['1900', '1950']
Angelique Widjaja	/wiki/Angelique_Widjaja	['1900', '1950']
Atet Wijono	/wiki/Atet_Wijono	['1900', '1950']
Ayi Sutarno	/wiki/Ayi_Sutarno	['1900', '1950']
Ayu Fani Damayanti	/wiki/Ayu_Fani_Damayanti	['1900', '1950']
Beatrice Gumulya	/wiki/Beatrice_Gumulya	['1900', '1950']
Benny Wijaya	/wiki/Benny_Wijaya	['1900', '1950']
Björn Phau	/wiki/Bj%C3%B6rn_Phau	['1900', '1950']
Bonit Wiryawan	/wiki/Bonit_Wiryawan	['1900', '1950']
Christopher Rungkat	/wiki/Christopher_Rungkat	['1900', '1950']
Deria Nur Haliza	/wiki/Deria_Nur_Haliza	['1900', '1950']
Donald Wailan-Walalangi	/wiki/Donald_Wailan-Walalangi	['1900', '1950']
Grace Sari Ysidora	/wiki/Grace_Sari_Ysidora	['1900', '1950']
Hary Suharyadi	/wiki/Hary_Suharyadi	['1900', '1950']
Irawati Moerid	/wiki/Irawati_Moerid	['1900', '1950']
Jessy Rompies	/wiki/Jessy_Rompies	['1900', '1950']
Jesse Huta Galung	/wiki/Jesse_Huta_Galung	['1900', '1950']
Jooce Suwarimbo	/wiki/Jooce_Suwarimbo	['1900', '1950']
Justin Barki	/wiki/Justin_Barki	['1900', '1950']
Lany Kaligis	/wiki/Lany_Kaligis	['1900', '1950']
Lavinia Tananta	/wiki/Lavinia_Tananta	['1900', '1950']
Lita Liem Sugiarto	/wiki/Lita_Liem_Sugiarto	['1900', '1950']
Liza Andriyani	/wiki/Liza_Andriyani	['1900', '1950']
Lukky Tedjamukti	/wiki/Lukky_Tedjamukti	['1900', '1950']
Lutfiana-Aris Budiharto	/wiki/Lutfiana-Aris_Budiharto	['1900', '1950']
Maya Rosa	/wiki/Maya_Rosa	['1900', '1950']
Mien Suhadi	/wiki/Mien_Suhadi	['1900', '1950']
Natalia Soetrisno	/wiki/Natalia_Soetrisno	['1900', '1950']
Olivia Tjandramulia	/wiki/Olivia_Tjandramulia	['1900', '1950']
Romana Tedjakusuma	/wiki/Romana_Tedjakusuma	['1900', '1950']
Sandy Gumulya	/wiki/Sandy_Gumulya	['1900', '1950']
Septi Mende	/wiki/Septi_Mende	['1900', '1950']
Suzanna Wibowo	/wiki/Suzanna_Wibowo	['1900', '1950']
Tami Grende	/wiki/Tami_Grende	['1900', '1950']
Vivien Silfany-Tony	/wiki/Vivien_Silfany-Tony	['1900', '1950']
Wukirasih Sawondari	/wiki/Wukirasih_Sawondari	['1900', '1950']
Wynne Prakusya	/wiki/Wynne_Prakusya	['1900', '1950']
Yayuk Basuki	/wiki/Yayuk_Basuki	['1900', '1950']
Citra Febrianti	/wiki/Citra_Febrianti	['1900', '1950']
Deni	/wiki/Deni_(weightlifter)	['1900', '1950']
Dewi Safitri	/wiki/Dewi_Safitri	['1900', '1950']
Eko Yuli Irawan	/wiki/Eko_Yuli_Irawan	['1900', '1950']
I Ketut Ariana	/wiki/I_Ketut_Ariana	['1900', '1950']
Jadi Setiadi	/wiki/Jadi_Setiadi	['1900', '1950']
Muhammad Hasbi	/wiki/Muhammad_Hasbi	['1900', '1950']
Patmawati Abdul Hamid	/wiki/Patmawati_Abdul_Hamid	['1900', '1950']
Raema Lisa Rumbewas	/wiki/Raema_Lisa_Rumbewas	['1900', '1950']
Sandow Nasution	/wiki/Sandow_Nasution	['1900', '1950']
Surahmat Wijoyo	/wiki/Surahmat_Wijoyo	['1900', '1950']
Sri Indriyani	/wiki/Sri_Indriyani	['1900', '1950']
Sri Wahyuni Agustiani	/wiki/Sri_Wahyuni_Agustiani	['1900', '1950']
Triyatno	/wiki/Triyatno	['1900', '1950']
Winarni Binti Slamet	/wiki/Winarni_Binti_Slamet	['1900', '1950']
Lindswell Kwok	/wiki/Lindswell_Kwok	['1900', '1950']
Taufik Akbar	/wiki/Taufik_Akbar	['1900', '1950']
Jim Geovedi	/wiki/Jim_Geovedi	['1900', '1950']
Jusuf Habibie	/wiki/Jusuf_Habibie	['1900', '1950']
Soedarsono Hadisapoetro	/wiki/Soedarsono_Hadisapoetro	['1900', '1950']
Samaun Samadikun	/wiki/Samaun_Samadikun	['1900', '1950']
Pratiwi Sudarmono	/wiki/Pratiwi_Sudarmono	['1900', '1950']
Joe Hin Tjio	/wiki/Joe_Hin_Tjio	['1900', '1950']
Template:Indonesia topics	/wiki/Template:Indonesia_topics	['1900', '1950']
Template talk:Indonesia topics	/wiki/Template_talk:Indonesia_topics	['1900', '1950']
Dutch East Indies	/wiki/Dutch_East_Indies	['1800', '1942']
Transition to the New Order	/wiki/Transition_to_the_New_Order	['66', '1965']
New Order	/wiki/New_Order_(Indonesia)	['98', '1966']
Post-Suharto era	/wiki/Post-Suharto_era	['1900', '1950']
Developed Indonesia Cabinet	/wiki/Developed_Indonesia_Cabinet	['1900', '1950']
Pancasila	/wiki/Pancasila_(politics)	['1900', '1950']
People's Consultative Assembly	/wiki/People%27s_Consultative_Assembly	['1900', '1950']
Indonesia Stock Exchange	/wiki/Indonesia_Stock_Exchange	['1900', '1950']
Batik	/wiki/Batik	['1900', '1950']
Ikat	/wiki/Ikat	['1900', '1950']
Nusantara	/wiki/Nusantara	['1900', '1950']
Indonesia Raya	/wiki/Indonesia_Raya	['1900', '1950']
Garuda	/wiki/Garuda#Indonesia	['1900', '1950']
Bhinneka Tunggal Ika	/wiki/Bhinneka_Tunggal_Ika	['1900', '1950']
Ibu Pertiwi	/wiki/Ibu_Pertiwi	['1900', '1950']
Teak	/wiki/Teak	['1900', '1950']
Book:Indonesia	/wiki/Book:Indonesia	['1900', '1950']
commons:Indonesia	https://commons.wikimedia.org/wiki/Indonesia	['1900', '1950']
