text	link	year
West Indian Americans	/wiki/West_Indian_Americans	['1900', '1950']
Eritrean Americans	/wiki/Eritrean_Americans	['1900', '1950']
Fijian Indian diaspora	/wiki/Fijian_Indian_diaspora	['1900', '1950']
Bengali Americans	/wiki/Bengali_Americans	['1900', '1950']
Gujarati Americans	/wiki/Gujarati_Americans	['1900', '1950']
Fijian Indian diaspora	/wiki/Fijian_Indian_diaspora	['1900', '1950']
Punjabi Americans	/wiki/Punjabi_Americans	['1900', '1950']
Tamil Americans	/wiki/Tamil_Americans	['1900', '1950']
Telugu Americans	/wiki/Telugu_Americans	['1900', '1950']
Maltese Americans	/wiki/Maltese_Americans	['1900', '1950']
Baloch Americans	/wiki/Baloch_Americans	['1900', '1950']
Pashtun Americans	/wiki/Pashtun_Americans	['1900', '1950']
Punjabi Americans	/wiki/Punjabi_Americans	['1900', '1950']
Sindhi Americans	/wiki/Sindhi_Americans	['1900', '1950']
South Asian Americans	/wiki/South_Asian_Americans	['1900', '1950']
Bangladeshi Americans	/wiki/Bangladeshi_Americans	['1900', '1950']
Bhutanese Americans	/wiki/Bhutanese_Americans	['1900', '1950']
Indian Americans	/wiki/Indian_Americans	['1900', '1950']
Fijian Indian diaspora	/wiki/Fijian_Indian_diaspora	['1900', '1950']
Nepalese Americans	/wiki/Nepalese_Americans	['1900', '1950']
Pakistani Americans	/wiki/Pakistani_Americans	['1900', '1950']
Sri Lankan Americans	/wiki/Sri_Lankan_Americans	['1900', '1950']
Trinidadian and Tobagonian American	/wiki/Trinidadian_and_Tobagonian_American	['1900', '1950']
Template:Americans	/wiki/Template:Americans	['1900', '1950']
Template talk:Americans	/wiki/Template_talk:Americans	['1900', '1950']
Vin Bruce	/wiki/Vin_Bruce	['1900', '1950']
Barry Jean Ancelet	/wiki/Barry_Jean_Ancelet	['1900', '1950']
Lee Benoit	/wiki/Lee_Benoit	['1900', '1950']
Al Berard	/wiki/Al_Berard	['1900', '1950']
Carl A. Brasseaux	/wiki/Carl_A._Brasseaux	['1900', '1950']
Firmin Breaux	/wiki/Firmin_Breaux	['1900', '1950']
Joseph Broussard	/wiki/Joseph_Broussard	['1900', '1950']
James Lee Burke	/wiki/James_Lee_Burke	['1900', '1950']
Mary Katherine Campbell	/wiki/Mary_Katherine_Campbell	['1900', '1950']
Trishelle Cannatella	/wiki/Trishelle_Cannatella	['1900', '1950']
Lacey Chabert	/wiki/Lacey_Chabert	['1900', '1950']
Amie Comeaux	/wiki/Amie_Comeaux	['1900', '1950']
Ellen DeGeneres	/wiki/Ellen_DeGeneres	['1900', '1950']
Val Dufour	/wiki/Val_Dufour	['1927', '2000']
Edwin Duhon	/wiki/Edwin_Duhon	['1900', '1950']
Jesse Duplantis	/wiki/Jesse_Duplantis	['1900', '1950']
Cléoma Falcon	/wiki/Cl%C3%A9oma_Falcon	['1906', '1941']
Joe Falcon	/wiki/Joe_Falcon	['1900', '1965']
John Folse	/wiki/John_Folse	['1900', '1950']
Mary Alice Fontenot	/wiki/Mary_Alice_Fontenot	['1900', '1950']
Mary Gauthier	/wiki/Mary_Gauthier	['1900', '1950']
Bob Hamm	/wiki/Bob_Hamm	['1900', '1950']
Hunter Hayes	/wiki/Hunter_Hayes_(musician)	['1900', '1950']
Leigh Hennessy	/wiki/Leigh_Hennessy	['1900', '1950']
Doug Kershaw	/wiki/Doug_Kershaw	['1900', '1950']
Sammy Kershaw	/wiki/Sammy_Kershaw	['1900', '1950']
Angela Kinsey	/wiki/Angela_Kinsey	['1900', '1950']
Beyoncé Knowles	/wiki/Beyonc%C3%A9_Knowles	['1900', '1950']
Shia LaBeouf	/wiki/Shia_LaBeouf	['1900', '1950']
Ali Landry	/wiki/Ali_Landry	['1900', '1950']
Lisa Landry	/wiki/Lisa_Landry	['1900', '1950']
Lash LaRue	/wiki/Lash_LaRue	['1900', '1950']
Jared Leto	/wiki/Jared_Leto	['1900', '1950']
Shannon Leto	/wiki/Shannon_Leto	['1900', '1950']
Camille Martin	/wiki/Camille_Martin	['1900', '1950']
Huey P. Meaux	/wiki/Huey_P._Meaux	['1900', '1950']
Elemore Morgan, Jr.	/wiki/Elemore_Morgan,_Jr.	['1900', '1950']
Paul Prudhomme	/wiki/Paul_Prudhomme	['1900', '1950']
Matthew Randazzo V	/wiki/Matthew_Randazzo_V	['1900', '1950']
Johnny Rebel	/wiki/Johnny_Rebel_(singer)	['1900', '1950']
Tyran Richard	/wiki/Tyran_Richard	['1900', '1950']
Zachary Richard	/wiki/Zachary_Richard	['1900', '1950']
George Rodrigue	/wiki/George_Rodrigue	['1900', '1950']
Amanda Shaw	/wiki/Amanda_Shaw	['1900', '1950']
Ian Somerhalder	/wiki/Ian_Somerhalder	['1900', '1950']
Floyd Sonnier	/wiki/Floyd_Sonnier	['1900', '1950']
Stephanie Swift	/wiki/Stephanie_Swift	['1900', '1950']
Wayne Toups	/wiki/Wayne_Toups	['1900', '1950']
Shane West	/wiki/Shane_West	['1900', '1950']
Justin Wilson	/wiki/Justin_Wilson_(chef)	['1900', '1950']
Kathleen Blanco	/wiki/Kathleen_Blanco	['1900', '1950']
John Breaux	/wiki/John_Breaux	['1900', '1950']
James Carville	/wiki/James_Carville	['1900', '1950']
Reggie Dupre	/wiki/Reggie_Dupre	['1900', '1950']
Edwin Edwards	/wiki/Edwin_Edwards	['1900', '1950']
F. Edward Hebert	/wiki/F._Edward_Hebert	['1900', '1950']
Charlie Melancon	/wiki/Charlie_Melancon	['1900', '1950']
Billy Tauzin	/wiki/Billy_Tauzin	['1900', '1950']
Robert H. Barrow	/wiki/Robert_H._Barrow	['1900', '1950']
Claire Lee Chennault	/wiki/Claire_Lee_Chennault	['1900', '1950']
Jefferson J. DeBlanc	/wiki/Jefferson_J._DeBlanc	['1921', '2007']
John A. Lejeune	/wiki/John_A._Lejeune	['1900', '1950']
Alfred Mouton	/wiki/Alfred_Mouton	['1900', '1950']
Oliver Naquin	/wiki/Oliver_Naquin	['1900', '1950']
P. G. T. Beauregard	/wiki/P._G._T._Beauregard	['1900', '1950']
Francis T. Nicholls	/wiki/Francis_T._Nicholls	['1900', '1950']
Calvin Borel	/wiki/Calvin_Borel	['1900', '1950']
Reid Brignac	/wiki/Reid_Brignac	['1900', '1950']
Bubby Brister	/wiki/Bubby_Brister	['1900', '1950']
Roy Corcoran	/wiki/Roy_Corcoran	['1900', '1950']
Lance Cormier	/wiki/Lance_Cormier	['1900', '1950']
Eddie Delahoussaye	/wiki/Eddie_Delahoussaye	['1900', '1950']
Jake Delhomme	/wiki/Jake_Delhomme	['1900', '1950']
Kent Desormeaux	/wiki/Kent_Desormeaux	['1900', '1950']
Mike Fontenot	/wiki/Mike_Fontenot	['1900', '1950']
Eric Guerin	/wiki/Eric_Guerin	['1900', '1950']
Ron Guidry	/wiki/Ron_Guidry	['1900', '1950']
Bobby Hebert	/wiki/Bobby_Hebert	['1900', '1950']
Leigh Hennessy	/wiki/Leigh_Hennessy	['1900', '1950']
Tom Landry	/wiki/Tom_Landry	['1900', '1950']
Stefan LeFors	/wiki/Stefan_LeFors	['1900', '1950']
John LeRoux	/wiki/John_LeRoux	['1900', '1950']
Gil Meche	/wiki/Gil_Meche	['1900', '1950']
Ed Orgeron	/wiki/Ed_Orgeron	['1900', '1950']
Xavier Paul	/wiki/Xavier_Paul	['1900', '1950']
Bob Pettit	/wiki/Bob_Pettit	['1900', '1950']
Andy Pettitte	/wiki/Andy_Pettitte	['1900', '1950']
Dustin Poirier	/wiki/Dustin_Poirier	['1900', '1950']
Ryan Theriot	/wiki/Ryan_Theriot	['1900', '1950']
Jerry Reed	/wiki/Jerry_Reed	['1900', '1950']
Leatherhead	/wiki/Leatherhead_(TMNT)	['1900', '1950']
Gambit	/wiki/Gambit_(comics)	['1900', '1950']
The Magnificent Seven	/wiki/The_Magnificent_Seven	['1900', '1950']
Adam Sandler	/wiki/Adam_Sandler	['1900', '1950']
Bill Dauterive	/wiki/Bill_Dauterive	['1900', '1950']
"Jay ""Chef"" Hicks"	/wiki/Jay_%22Chef%22_Hicks	['1900', '1950']
Polycarp	/wiki/Polycarp_(children%27s_TV_show_host)	['1900', '1950']
Bayou Billy	/wiki/Bayou_Billy	['1900', '1950']
Dave Robicheaux	/wiki/Dave_Robicheaux	['1900', '1950']
Combat!	/wiki/Combat!	['1900', '1950']
Universal Soldier	/wiki/Universal_Soldier_(1992_film)	['1900', '1950']
Hard Target	/wiki/Hard_Target	['1900', '1950']
GI Joe	/wiki/GI_Joe	['1900', '1950']
Lackadaisy	/wiki/Lackadaisy	['1900', '1950']
David Lynch	/wiki/David_Lynch	['1900', '1950']
Rene Lenier	/wiki/Rene_Lenier	['1900', '1950']
Louisiana Story	/wiki/Louisiana_Story	['1900', '1950']
Southern Comfort	/wiki/Southern_Comfort_(1981_film)	['1900', '1950']
Left 4 Dead 2	/wiki/Left_4_Dead_2	['1900', '1950']
The Princess and the Frog	/wiki/The_Princess_and_the_Frog	['1900', '1950']
Abby Sciuto	/wiki/Abby_Sciuto	['1900', '1950']
Aloysius Pendergast	/wiki/Aloysius_Pendergast	['1900', '1950']
Sherrilyn Kenyon	/wiki/Sherrilyn_Kenyon	['1900', '1950']
Jockey	/wiki/Jockey	['1900', '1950']
Christine Feehan	/wiki/Christine_Feehan	['1900', '1950']
The Big Easy	/wiki/The_Big_Easy	['1900', '1950']
Lily Rabe	/wiki/Lily_Rabe	['1900', '1950']
Stephen King	/wiki/Stephen_King	['1900', '1950']
Arthur	/wiki/Arthur_(season_16)	['1900', '1950']
