text	link	year
Azerbaijan	/wiki/Azerbaijan	['1900', '1950']
Yarsanism	/wiki/Yarsanism	['1900', '1950']
March Days	/wiki/March_Days	['1900', '1950']
Black January	/wiki/Black_January	['1900', '1950']
Khojaly Massacre	/wiki/Khojaly_Massacre	['1900', '1950']
Tofig Ismayilov	/wiki/Tofig_Ismayilov_(politician)	['1933', '1991']
Kerim Kerimov	/wiki/Kerim_Kerimov	['1917', '2003']
Musa Manarov	/wiki/Musa_Manarov	['1951', '2025']
Lutfali Abdullayev	/wiki/Lutfali_Abdullayev	['1914', '1973']
Telman Adigozalov	/wiki/Telman_Adigozalov	['1953', '2010']
Aliagha Aghayev	/wiki/Aliagha_Aghayev	['1913', '1983']
Alasgar Alakbarov	/wiki/Alasgar_Alakbarov	['1910', '1963']
Mirzaagha Aliyev	/wiki/Mirzaagha_Aliyev	['1883', '1954']
Huseyn Arablinski	/wiki/Huseyn_Arablinski	['1881', '1919']
Sayavush Aslan	/wiki/Sayavush_Aslan	['1935', '2013']
Mirza Babayev	/wiki/Mirza_Babayev	['1903', '2003']
Shamsi Badalbeyli	/wiki/Shamsi_Badalbeyli	['1911', '1986']
Leyla Badirbeyli	/wiki/Leyla_Badirbeyli	['1920', '1999']
Hajibaba Baghirov	/wiki/Hajibaba_Baghirov	['1932', '2006']
Bahram Bagirzade	/wiki/Bahram_Bagirzade	['1972', '2025']
Rasim Balayev	/wiki/Rasim_Balayev	['1948', '2025']
Afag Bashirgyzy	/wiki/Afag_Bashirgyzy	['1955', '2025']
Aghasadyg Garaybeyli	/wiki/Aghasadyg_Garaybeyli	['1897', '1988']
Hokuma Gurbanova	/wiki/Hokuma_Gurbanova	['1913', '1988']
Nesrin Javadzadeh	/wiki/Nesrin_Javadzadeh	['1982', '2025']
Munavvar Kalantarli	/wiki/Munavvar_Kalantarli	['1912', '1962']
Aygün Kazımova	/wiki/Ayg%C3%BCn_Kaz%C4%B1mova	['1971', '2025']
Fakhraddin Manafov	/wiki/Fakhraddin_Manafov	['1955', '2025']
Jeyhun Mirzayev	/wiki/Jeyhun_Mirzayev	['1946', '1993']
Yashar Nuri	/wiki/Yashar_Nuri	['1951', '2012']
Hamida Omarova	/wiki/Hamida_Omarova	['1957', '2025']
Hagigat Rzayeva	/wiki/Hagigat_Rzayeva	['1907', '1969']
Latif Safarov	/wiki/Latif_Safarov	['1920', '1963']
Barat Shakinskaya	/wiki/Barat_Shakinskaya	['1914', '1999']
Abbas Mirza Sharifzadeh	/wiki/Abbas_Mirza_Sharifzadeh	['1893', '1938']
Rza Tahmasib	/wiki/Rza_Tahmasib	['1894', '1980']
Hasanagha Turabov	/wiki/Hasanagha_Turabov	['1938', '2003']
Eldaniz Zeynalov	/wiki/Eldaniz_Zeynalov	['1937', '2001']
Nasiba Zeynalova	/wiki/Nasiba_Zeynalova	['1916', '2004']
Jeyhun Hajibeyli	/wiki/Jeyhun_Hajibeyli	['1891', '1962']
Mammadali Huseynov	/wiki/Mammadali_Huseynov	['1922', '1994']
Ishag Jafarzadeh	/wiki/Ishag_Jafarzadeh	['1895', '1982']
Sadig Dadashov	/wiki/Sadig_Dadashov	['1905', '1946']
Gasim bey Hajibababeyov	/wiki/Gasim_bey_Hajibababeyov	['1811', '1874']
Mammad Hasan Hajinski	/wiki/Mammad_Hasan_Hajinski	['1875', '1931']
Mikayil Huseynov	/wiki/Mikayil_Huseynov	['1905', '1992']
Karbalayi Safikhan Karabakhi	/wiki/Karbalayi_Safikhan_Karabakhi	['1817', '1910']
Kamal Mammadbeyov	/wiki/Kamal_Mammadbeyov	['1924', '1997']
Ajami Nakhchivani	/wiki/Ajami_Nakhchivani	['1900', '1950']
Mikail Abdullayev	/wiki/Mikail_Abdullayev	['1921', '2002']
Fuad Abdurahmanov	/wiki/Fuad_Abdurahmanov	['1915', '1971']
Azim Azimzade	/wiki/Azim_Azimzade	['1880', '1943']
Sattar Bahlulzadeh	/wiki/Sattar_Bahlulzadeh	['1909', '1974']
Omar Eldarov	/wiki/Omar_Eldarov	['1927', '2025']
Jalal Garyaghdi	/wiki/Jalal_Garyaghdi	['1914', '2001']
Bahruz Kangarli	/wiki/Bahruz_Kangarli	['1892', '1922']
Tokay Mammadov	/wiki/Tokay_Mammadov	['1927', '2025']
Boyukagha Mirzazade	/wiki/Boyukagha_Mirzazade	['1921', '2007']
Rustam Mustafayev	/wiki/Rustam_Mustafayev	['1910', '1940']
Togrul Narimanbekov	/wiki/Togrul_Narimanbekov	['1930', '2013']
Vidadi Narimanbekov	/wiki/Vidadi_Narimanbekov	['1926', '2001']
Mir Mohsun Navvab	/wiki/Mir_Mohsun_Navvab	['1833', '1918']
Maral Rahmanzade	/wiki/Maral_Rahmanzade	['1916', '2008']
Alakbar Rezaguliyev	/wiki/Alakbar_Rezaguliyev	['1903', '1974']
Tahir Salahov	/wiki/Tahir_Salahov	['1928', '2025']
Fuad Salayev	/wiki/Fuad_Salayev	['1943', '2025']
Mirza Kadym Irevani	/wiki/Mirza_Kadym_Irevani	['1835', '1875']
Mirshahin Agayev	/wiki/Mirshahin_Agayev	['1963', '2025']
Leyla Aliyeva	/wiki/Leyla_Aliyeva_(presenter)	['1986', '2025']
Salatyn Asgarova	/wiki/Salatyn_Asgarova	['1961', '1991']
Nargiz Birk-Petersen	/wiki/Nargiz_Birk-Petersen	['1976', '2025']
Emin Efendi	/wiki/Emin_Efendi	['1900', '1950']
Chingiz Mustafayev	/wiki/Chingiz_Mustafayev	['1960', '1992']
Sevinj Osmanqizi	/wiki/Sevinj_Osmanqizi	['1969', '2025']
Aras Agalarov	/wiki/Aras_Agalarov	['1955', '2025']
Farkhad Akhmedov	/wiki/Farkhad_Akhmedov	['1955', '2025']
Vagit Alekperov	/wiki/Vagit_Alekperov	['1950', '2025']
Shamsi Asadullayev	/wiki/Shamsi_Asadullayev	['1840', '1913']
Jahangir Hajiyev	/wiki/Jahangir_Hajiyev	['1965', '2025']
Telman Ismailov	/wiki/Telman_Ismailov	['1956', '2025']
Nigar Kocharli	/wiki/Nigar_Kocharli	['1975', '2025']
Hafiz Mammadov	/wiki/Hafiz_Mammadov	['1964', '2025']
Mubariz Mansimov	/wiki/Mubariz_Mansimov	['1968', '2025']
Murtuza Mukhtarov	/wiki/Murtuza_Mukhtarov	['1865', '1920']
Musa Nagiyev	/wiki/Musa_Nagiyev	['1849', '1919']
God Nisanov	/wiki/God_Nisanov	['1972', '2025']
Haji Zeynalabdin Taghiyev	/wiki/Haji_Zeynalabdin_Taghiyev	['1823', '1924']
Ilgar Ibrahimoglu	/wiki/Ilgar_Ibrahimoglu	['1973', '2025']
Allahshukur Pashazadeh	/wiki/Allahshukur_Pashazadeh	['1949', '2025']
Movlazadeh Mahammad Hasan Shakavi	/wiki/Movlazadeh_Mahammad_Hasan_Shakavi	['1854', '1932']
Sheikh Sardar Hajjihasanli	/wiki/Sheikh_Sardar_Hajjihasanli	['1900', '1950']
Gamar Almaszadeh	/wiki/Gamar_Almaszadeh	['1915', '2006']
Oksana Rasulova	/wiki/Oksana_Rasulova	['1982', '2025']
Leyla Vakilova	/wiki/Leyla_Vakilova	['1927', '1999']
Zeynalabdin Shirvani	/wiki/Zeynalabdin_Shirvani	['1780', '1838']
Javidan Gurbanova	/wiki/Javidan_Gurbanova	['1990', '2025']
Aysel Manafova	/wiki/Aysel_Manafova	['1990', '2025']
Nigar Talibova	/wiki/Nigar_Talibova	['1975', '2025']
Yuli Gusman	/wiki/Yuli_Gusman	['1943', '2025']
Magsud Ibrahimbeyov	/wiki/Magsud_Ibrahimbeyov	['1935', '2016']
Rustam Ibragimbekov	/wiki/Rustam_Ibragimbekov	['1939', '2025']
Elchin Musaoglu	/wiki/Elchin_Musaoglu	['1966', '2025']
Vagif Mustafayev	/wiki/Vagif_Mustafayev	['1953', '2025']
Rasim Ojagov	/wiki/Rasim_Ojagov	['1933', '2006']
Hasan Seyidbeyli	/wiki/Hasan_Seyidbeyli	['1920', '1980']
Rza Tahmasib	/wiki/Rza_Tahmasib	['1894', '1980']
Robert Hossein	/wiki/Robert_Hossein	['1927', '2025']
Igrar Aliyev	/wiki/Igrar_Aliyev	['1924', '2004']
Sara Ashurbayli	/wiki/Sara_Ashurbayli	['1906', '2001']
Abbasgulu Bakikhanov	/wiki/Abbasgulu_Bakikhanov	['1794', '1847']
Aydin Balayev	/wiki/Aydin_Balayev	['1956', '2025']
Ziya Buniatov	/wiki/Ziya_Buniatov	['1923', '1997']
Jamil Hasanli	/wiki/Jamil_Hasanli	['1952', '2025']
Alexander Kazembek	/wiki/Alexander_Kazembek_(Russian_orientalist)	['1802', '1870']
Tofig Kocharli	/wiki/Tofig_Kocharli	['1929', '2007']
Farida Mammadova	/wiki/Farida_Mammadova	['1936', '2025']
Mirza Adigozal bey	/wiki/Mirza_Adigozal_bey	['1900', '1950']
Hasan bey Aghayev	/wiki/Hasan_bey_Aghayev	['1875', '1920']
Salatyn Asgarova	/wiki/Salatyn_Asgarova	['1961', '1991']
Elmar Huseynov	/wiki/Elmar_Huseynov	['1967', '2005']
Osman Mirzayev	/wiki/Osman_Mirzayev	['1937', '1991']
Ali Mustafayev	/wiki/Ali_Mustafayev	['1952', '1991']
Chingiz Mustafayev	/wiki/Chingiz_Mustafayev	['1960', '1992']
Omar Faig Nemanzadeh	/wiki/Omar_Faig_Nemanzadeh	['1872', '1937']
Safar Abiyev	/wiki/Safar_Abiyev	['1950', '2025']
Albert Agarunov	/wiki/Albert_Agarunov	['1969', '1992']
Sadykh bey Aghabekov	/wiki/Sadykh_bey_Aghabekov	['1865', '1944']
Riad Ahmadov	/wiki/Riad_Ahmadov	['1956', '1992']
Avraamy Aslanbegov	/wiki/Avraamy_Aslanbegov	['1822', '1900']
Azi Aslanov	/wiki/Azi_Aslanov	['1910', '1945']
Allahverdi Bagirov	/wiki/Allahverdi_Bagirov	['1946', '1992']
Farrukh Gayibov	/wiki/Farrukh_Gayibov	['1891', '1916']
Alif Hajiyev	/wiki/Alif_Hajiyev	['1953', '1992']
Zakir Hasanov	/wiki/Zakir_Hasanov	['1959', '2025']
Fatulla Huseynov	/wiki/Fatulla_Huseynov	['1937', '2004']
Tofig Huseynov	/wiki/Tofig_Huseynov	['1954', '1992']
Mehdi Huseynzade	/wiki/Mehdi_Huseynzade	['1918', '1944']
Mubariz Ibrahimov	/wiki/Mubariz_Ibrahimov	['1988', '2010']
Ahmadiyya Jabrayilov	/wiki/Ahmadiyya_Jabrayilov	['1920', '1994']
Rovshan Javadov	/wiki/Rovshan_Javadov	['1951', '1995']
Asif Maharramov	/wiki/Asif_Maharramov	['1952', '1994']
Leyla Mammadbeyova	/wiki/Leyla_Mammadbeyova	['1909', '1989']
Eldar Mammadov	/wiki/Eldar_Mammadov	['1968', '1993']
Israfil Mammadov	/wiki/Israfil_Mammadov	['1919', '1946']
Samedbey Mehmandarov	/wiki/Samedbey_Mehmandarov	['1855', '1931']
Hussein Khan Nakhichevanski	/wiki/Hussein_Khan_Nakhichevanski	['1855', '1931']
Jamshid Nakhichevanski	/wiki/Jamshid_Nakhichevanski	['1863', '1919']
Ali-Agha Shikhlinski	/wiki/Ali-Agha_Shikhlinski	['1895', '1938']
Ibrahim bey Usubov	/wiki/Ibrahim_bey_Usubov	['1872', '1920']
Franghiz Ali-Zadeh	/wiki/Franghiz_Ali-Zadeh	['1947', '2025']
Fikret Amirov	/wiki/Fikret_Amirov	['1922', '1984']
Rafig Babayev	/wiki/Rafig_Babayev	['1937', '1994']
Afrasiyab Badalbeyli	/wiki/Afrasiyab_Badalbeyli	['1907', '1976']
Tofig Bakikhanov	/wiki/Tofig_Bakikhanov	['1930', '2025']
Amina Figarova	/wiki/Amina_Figarova	['1964', '2025']
Salman Gambarov	/wiki/Salman_Gambarov	['1959', '2025']
Gara Garayev	/wiki/Gara_Garayev	['1918', '1982']
Tofig Guliyev	/wiki/Tofig_Guliyev	['1917', '2000']
Soltan Hajibeyov	/wiki/Soltan_Hajibeyov	['1919', '1974']
Uzeyir Hajibeyov	/wiki/Uzeyir_Hajibeyov	['1885', '1948']
Rauf Hajiyev	/wiki/Rauf_Hajiyev	['1922', '1985']
Muslim Magomayev	/wiki/Muslim_Magomayev_(composer)	['1885', '1937']
Arif Malikov	/wiki/Arif_Malikov	['1933', '2025']
Eldar Mansurov	/wiki/Eldar_Mansurov	['1952', '2025']
Vagif Mustafazadeh	/wiki/Vagif_Mustafazadeh	['1940', '1979']
Emin Sabitoglu	/wiki/Emin_Sabitoglu	['1937', '2000']
Ali Salimi	/wiki/Ali_Salimi	['1922', '1997']
Alakbar Taghiyev	/wiki/Alakbar_Taghiyev	['1922', '1981']
Aziza Mustafa Zadeh	/wiki/Aziza_Mustafa_Zadeh	['1969', '2025']
Aghakhan Abdullayev	/wiki/Aghakhan_Abdullayev	['1950', '2025']
Emin Agalarov	/wiki/Emin_Agalarov	['1979', '2025']
Ahmed Agdamski	/wiki/Ahmed_Agdamski	['1884', '1954']
Ogtay Aghayev	/wiki/Ogtay_Aghayev	['1935', '2006']
Shovkat Alakbarova	/wiki/Shovkat_Alakbarova	['1922', '1993']
Sevda Alakbarzadeh	/wiki/Sevda_Alakbarzadeh	['1977', '2025']
Dinara Aliyeva	/wiki/Dinara_Aliyeva	['1980', '2025']
Safura Alizadeh	/wiki/Safura_Alizadeh	['1992', '2025']
Rauf Atakishiyev	/wiki/Rauf_Atakishiyev	['1925', '1994']
Mashadibaba Aydamirov	/wiki/Mashadibaba_Aydamirov	['1971', '2011']
Elchin Azizov	/wiki/Elchin_Azizov	['1975', '2025']
Rashid Behbudov	/wiki/Rashid_Behbudov	['1915', '2025']
Bulbul	/wiki/Bulbul_(singer)	['1897', '1961']
Bulbuljan	/wiki/Bulbuljan	['1841', '1927']
Polad Bulbuloglu	/wiki/Polad_Bulbuloglu	['1945', '2025']
Aghasalim Childagh	/wiki/Aghasalim_Childagh	['1930', '2008']
Brilliant Dadashova	/wiki/Brilliant_Dadashova	['1965', '2025']
Rashad Daghly	/wiki/Rashad_Daghly	['1984', '2025']
Huseyn Derya	/wiki/Huseyn_Derya	['1975', '2014']
Jabbar Garyagdyoglu	/wiki/Jabbar_Garyagdyoglu	['1861', '1944']
Eldar Gasimov	/wiki/Eldar_Gasimov	['1989', '2025']
Fidan Gasimova	/wiki/Fidan_Gasimova	['1947', '2025']
Fidan Haciyeva	/wiki/Fidan_Haciyeva	['1976', '2025']
Khuraman Gasimova	/wiki/Khuraman_Gasimova	['1951', '2025']
Gulkhar Hasanova	/wiki/Gulkhar_Hasanova	['1918', '2005']
Hajibaba Huseynov	/wiki/Hajibaba_Huseynov	['1919', '1993']
Mansum Ibrahimov	/wiki/Mansum_Ibrahimov	['1960', '2025']
Lutfiyar Imanov	/wiki/Lutfiyar_Imanov	['1928', '2008']
Akif Islamzade	/wiki/Akif_Islamzade	['1948', '2025']
Aygün Kazımova	/wiki/Ayg%C3%BCn_Kaz%C4%B1mova	['1971', '2025']
Dilara Kazimova	/wiki/Dilara_Kazimova	['1984', '2025']
Zeynab Khanlarova	/wiki/Zeynab_Khanlarova	['1936', '2025']
Muslim Magomayev	/wiki/Muslim_Magomayev_(musician)	['1942', '2008']
Sakhavat Mammadov	/wiki/Sakhavat_Mammadov	['1953', '1991']
Yagub Mammadov	/wiki/Yagub_Mammadov_(singer)	['1930', '2002']
Nazakat Mammadova	/wiki/Nazakat_Mammadova	['1944', '1981']
Anar Nagilbaz	/wiki/Anar_Nagilbaz	['1974', '2025']
Alim Qasimov	/wiki/Alim_Qasimov	['1957', '2025']
Farghana Qasimova	/wiki/Farghana_Qasimova	['1979', '2025']
Nizami Ramzi	/wiki/Nizami_Ramzi	['1947', '1997']
Gadir Rustamov	/wiki/Gadir_Rustamov	['1935', '2011']
Huseyngulu Sarabski	/wiki/Huseyngulu_Sarabski	['1879', '1945']
Adalet Shukurov	/wiki/Adalet_Shukurov	['1966', '2025']
Khan Shushinski	/wiki/Khan_Shushinski	['1901', '1979']
Seyid Shushinski	/wiki/Seyid_Shushinski	['1889', '1965']
Aysel Teymurzadeh	/wiki/Aysel_Teymurzadeh	['1989', '2025']
Elşad Xose	/wiki/El%C5%9Fad_Xose	['1979', '2025']
Eyyub Yaqubov	/wiki/Eyyub_Yaqubov	['1965', '2025']
Miri Yusif	/wiki/Miri_Yusif	['1977', '2025']
Sami Yusuf	/wiki/Sami_Yusuf	['1980', '2025']
Aziza Mustafa Zadeh	/wiki/Aziza_Mustafa_Zadeh	['1969', '2025']
Diana Hajiyeva	/wiki/Diana_Hajiyeva	['1989', '2025']
Habil Aliyev	/wiki/Habil_Aliyev	['1927', '2015']
Farhad Badalbeyli	/wiki/Farhad_Badalbeyli	['1947', '2025']
Kamil Jalilov	/wiki/Kamil_Jalilov	['1938', '2025']
Bahram Mansurov	/wiki/Bahram_Mansurov	['1911', '1985']
Shahin Novrasli	/wiki/Shahin_Novrasli	['1977', '2025']
Gurban Pirimov	/wiki/Gurban_Pirimov	['1880', '1965']
Sadigjan	/wiki/Sadigjan	['1846', '1902']
Alihan Samedov	/wiki/Alihan_Samedov	['1964', '2025']
Isfar Sarabski	/wiki/Isfar_Sarabski	['1989', '2025']
Rain Sultanov	/wiki/Rain_Sultanov	['1965', '2025']
Seyid Yahya Bakuvi	/wiki/Seyid_Yahya_Bakuvi	['1410', '1462']
Max Black	/wiki/Max_Black	['1909', '1988']
Salahaddin Khalilov	/wiki/Salahaddin_Khalilov	['1952', '2025']
Adil Asadov	/wiki/Adil_Asadov	['1958', '2025']
Sultan Majid Afandiyev	/wiki/Sultan_Majid_Afandiyev	['1887', '1938']
Samad aga Agamalioglu	/wiki/Samad_aga_Agamalioglu	['1867', '1930']
Ahmet Ağaoğlu	/wiki/Ahmet_A%C4%9Fao%C4%9Flu	['1869', '1939']
Ruhulla Akhundov	/wiki/Ruhulla_Akhundov	['1897', '1938']
Vali Akhundov	/wiki/Vali_Akhundov	['1916', '1986']
Heydar Aliyev	/wiki/Heydar_Aliyev	['1923', '2003']
Ilham Aliyev	/wiki/Ilham_Aliyev	['1961', '2025']
Mehriban Aliyeva	/wiki/Mehriban_Aliyeva	['1964', '2025']
Mahammad Asadov	/wiki/Mahammad_Asadov	['1941', '1991']
Araz Azimov	/wiki/Araz_Azimov	['1962', '2025']
Kamran Baghirov	/wiki/Kamran_Baghirov	['1933', '2000']
Mir Jafar Baghirov	/wiki/Mir_Jafar_Baghirov	['1896', '1956']
Govhar Bakhshaliyeva	/wiki/Govhar_Bakhshaliyeva	['1954', '2025']
Abulfaz Elchibey	/wiki/Abulfaz_Elchibey	['1938', '2000']
Aslan bey Gardashov	/wiki/Aslan_bey_Gardashov	['1866', '1920']
Ismat Gayibov	/wiki/Ismat_Gayibov	['1942', '1991']
Rasul Guliyev	/wiki/Rasul_Guliyev	['1947', '2025']
Vafa Guluzade	/wiki/Vafa_Guluzade	['1940', '2015']
Kamaladdin Heydarov	/wiki/Kamaladdin_Heydarov	['1961', '2025']
Mirza Davud Huseynov	/wiki/Mirza_Davud_Huseynov	['1894', '1938']
Tofig Ismayilov	/wiki/Tofig_Ismayilov_(politician)	['1933', '1991']
Mammad Yusif Jafarov	/wiki/Mammad_Yusif_Jafarov	['1885', '1938']
Ali Karimli	/wiki/Ali_Karimli	['1965', '2025']
Khalil Khasmammadov	/wiki/Khalil_Khasmammadov	['1875', '1947']
Fatali Khan Khoyski	/wiki/Fatali_Khan_Khoyski	['1875', '1920']
Anar Mammadkhanov	/wiki/Anar_Mammadkhanov	['1970', '2011']
Ziya Mammadov	/wiki/Ziya_Mammadov	['1952', '2025']
Elmar Mammadyarov	/wiki/Elmar_Mammadyarov	['1960', '2025']
Rasim Musabayov	/wiki/Rasim_Musabayov	['1951', '2025']
Gazanfar Musabekov	/wiki/Gazanfar_Musabekov	['1888', '1938']
Imam Mustafayev	/wiki/Imam_Mustafayev	['1910', '1997']
Ayaz Mutalibov	/wiki/Ayaz_Mutalibov	['1938', '2025']
Eldar Namazov	/wiki/Eldar_Namazov	['1956', '2025']
Sabit Orujov	/wiki/Sabit_Orujov	['1912', '1981']
Ganira Pashayeva	/wiki/Ganira_Pashayeva	['1975', '2025']
Mammed Amin Rasulzade	/wiki/Mammed_Amin_Rasulzade	['1884', '1955']
Khosrov bey Sultanov	/wiki/Khosrov_bey_Sultanov	['1879', '1947']
Ramil Usubov	/wiki/Ramil_Usubov	['1948', '2025']
Abdurrahman Vazirov	/wiki/Abdurrahman_Vazirov	['1930', '2025']
Mir Teymur Yaqubov	/wiki/Mir_Teymur_Yaqubov	['1904', '1970']
Nasib Yusifbeyli	/wiki/Nasib_Yusifbeyli	['1881', '1920']
Meshadi Azizbekov	/wiki/Meshadi_Azizbekov	['1876', '1918']
Khanlar Safaraliyev	/wiki/Khanlar_Safaraliyev	['1878', '1907']
Mir Hasan Vazirov	/wiki/Mir_Hasan_Vazirov	['1889', '1918']
Hasan Abdullayev	/wiki/Hasan_Abdullayev	['1918', '1993']
Rasim Alguliyev	/wiki/Rasim_Alguliyev	['1958', '2025']
Aminaga Sadigov	/wiki/Aminaga_Sadigov	['1962', '2025']
Rafig Aliyev	/wiki/Rafig_Aliyev	['1942', '2025']
Ahliman Amiraslanov	/wiki/Ahliman_Amiraslanov	['1947', '2025']
Hamid Arasly	/wiki/Hamid_Arasly	['1902', '1983']
Firuddin Babayev	/wiki/Firuddin_Babayev	['1929', '1987']
Anvar Chingizoglu	/wiki/Anvar_Chingizoglu	['1962', '2025']
Jeyhun Hajibeyli	/wiki/Jeyhun_Hajibeyli	['1891', '1962']
Ashraf Huseynov	/wiki/Ashraf_Huseynov	['1907', '1981']
Mammadali Huseynov	/wiki/Mammadali_Huseynov	['1922', '1994']
Nadir Ibrahimov	/wiki/Nadir_Ibrahimov	['1932', '1977']
Hamlet Isakhanli	/wiki/Hamlet_Isakhanli	['1948', '2025']
Dashgin Iskandarov	/wiki/Dashgin_Iskandarov	['1965', '2025']
Ishag Jafarzadeh	/wiki/Ishag_Jafarzadeh	['1895', '1982']
Kerim Kerimov	/wiki/Kerim_Kerimov	['1917', '2003']
Yusif Kerimov	/wiki/Yusif_Kerimov	['1926', '1997']
Boris Khatagurov	/wiki/Boris_Khatagurov	['1940', '2025']
Firudin bey Kocharli	/wiki/Firudin_bey_Kocharli	['1863', '2025']
Yusif Mammadaliyev	/wiki/Yusif_Mammadaliyev	['1905', '1961']
Leyla Mammadbeyova	/wiki/Leyla_Mammadbeyova_(scientist)	['1922', '2006']
Zaid Orudzhev	/wiki/Zaid_Orudzhev	['1932', '2025']
Mirali Qashqai	/wiki/Mirali_Qashqai	['1907', '1977']
Arif Salimov	/wiki/Arif_Salimov	['1956', '2025']
Farman Salmanov	/wiki/Farman_Salmanov	['1931', '2007']
Zeynalabdin Shirvani	/wiki/Zeynalabdin_Shirvani	['1780', '1838']
Agabey Sultanov	/wiki/Agabey_Sultanov	['1938', '2007']
Hajibey Sultanov	/wiki/Hajibey_Sultanov	['1921', '2008']
Lotfi A. Zadeh	/wiki/Lotfi_A._Zadeh	['1921', '2025']
Asgar Abdullayev	/wiki/Asgar_Abdullayev	['1960', '2025']
Namig Abdullayev	/wiki/Namig_Abdullayev	['1971', '2025']
Ruslan Abishov	/wiki/Ruslan_Abishov	['1987', '2025']
Emin Aghayev	/wiki/Emin_Aghayev	['1973', '2025']
Kamran Aghayev	/wiki/Kamran_Aghayev	['1986', '2025']
Rafael Aghayev	/wiki/Rafael_Aghayev	['1985', '2025']
Emin Ahmadov	/wiki/Emin_Ahmadov	['1986', '2025']
Mashalla Ahmadov	/wiki/Mashalla_Ahmadov	['1959', '2025']
Samir Alakbarov	/wiki/Samir_Alakbarov	['1968', '2025']
Vugar Alakbarov	/wiki/Vugar_Alakbarov	['1981', '2025']
Ahmad Alasgarov	/wiki/Ahmad_Alasgarov	['1935', '2025']
Rauf Aliyev	/wiki/Rauf_Aliyev	['1989', '2025']
Vusal Aliyev	/wiki/Vusal_Aliyev	['1970', '2025']
Arif Asadov	/wiki/Arif_Asadov	['1970', '2025']
Toghrul Asgarov	/wiki/Toghrul_Asgarov	['1992', '2025']
Irada Ashumova	/wiki/Irada_Ashumova	['1958', '2025']
Israfil Ashurly	/wiki/Israfil_Ashurly	['1969', '2025']
Murad Ashurly	/wiki/Murad_Ashurly	['1973', '2014']
Fuad Aslanov	/wiki/Fuad_Aslanov	['1976', '2025']
Orhan Aydın	/wiki/Orhan_Ayd%C4%B1n	['1989', '2025']
Tofiq Bahramov	/wiki/Tofiq_Bahramov	['1925', '1993']
Rasim Başak	/wiki/Rasim_Ba%C5%9Fak	['1980', '2025']
Rovshan Bayramov	/wiki/Rovshan_Bayramov	['1987', '2025']
Faig Garayev	/wiki/Faig_Garayev	['1959', '2025']
Vugar Gashimov	/wiki/Vugar_Gashimov	['1986', '2014']
Vali Gasimov	/wiki/Vali_Gasimov	['1968', '2025']
Natavan Gasimova	/wiki/Natavan_Gasimova	['1985', '2025']
Ramil Guliyev	/wiki/Ramil_Guliyev	['1990', '2025']
Gurban Gurbanov	/wiki/Gurban_Gurbanov	['1972', '2025']
Mahmud Gurbanov	/wiki/Mahmud_Gurbanov	['1973', '2025']
Boyukagha Hajiyev	/wiki/Boyukagha_Hajiyev	['1958', '2025']
Faiq Hasanov	/wiki/Faiq_Hasanov	['1940', '2025']
Nazim Huseynov	/wiki/Nazim_Huseynov	['1969', '2025']
Yunis Huseynov	/wiki/Yunis_Huseynov	['1965', '2025']
Ramin Ibrahimov	/wiki/Ramin_Ibrahimov	['1978', '2025']
Shahin Imranov	/wiki/Shahin_Imranov	['1980', '2025']
Elchin Ismayilov	/wiki/Elchin_Ismayilov	['1982', '2025']
Isgandar Javadov	/wiki/Isgandar_Javadov	['1956', '2025']
Vagif Javadov	/wiki/Vagif_Javadov	['1989', '2025']
Aygün Kazımova	/wiki/Ayg%C3%BCn_Kaz%C4%B1mova	['1971', '2025']
Sergey Kramarenko	/wiki/Sergey_Kramarenko	['1946', '2008']
Rauf Mamedov	/wiki/Rauf_Mamedov	['1988', '2025']
Shakhriyar Mamedyarov	/wiki/Shakhriyar_Mamedyarov	['1985', '2025']
Elnur Mammadli	/wiki/Elnur_Mammadli	['1988', '2025']
Aghasi Mammadov	/wiki/Aghasi_Mammadov	['1980', '2025']
Alakbar Mammadov	/wiki/Alakbar_Mammadov	['1925', '2014']
Elkhan Mammadov	/wiki/Elkhan_Mammadov_(judoka)	['1982', '2025']
Fariz Mammadov	/wiki/Fariz_Mammadov	['1980', '2025']
Ramiz Mammadov	/wiki/Ramiz_Mammadov	['1968', '2025']
Teymur Mammadov	/wiki/Teymur_Mammadov	['1993', '2025']
Zemfira Meftahatdinova	/wiki/Zemfira_Meftahatdinova	['1963', '2025']
Aghasalim Mirjavadov	/wiki/Aghasalim_Mirjavadov	['1947', '2025']
Rami Miron	/wiki/Rami_Miron	['1957', '2025']
Olokhan Musayev	/wiki/Olokhan_Musayev	['1979', '2025']
Oleg Panyutin	/wiki/Oleg_Panyutin	['1983', '2025']
Nizami Pashayev	/wiki/Nizami_Pashayev	['1981', '2025']
Zhala Piriyeva	/wiki/Zhala_Piriyeva	['2000', '2025']
Natali Pronina	/wiki/Natali_Pronina	['1987', '2025']
Teimour Radjabov	/wiki/Teimour_Radjabov	['1987', '2025']
Jamal Rahimov	/wiki/Jamal_Rahimov	['1987', '2025']
Vidadi Rzayev	/wiki/Vidadi_Rzayev	['1967', '2025']
Rashad Sadygov	/wiki/Rashad_Sadygov	['1982', '2025']
Vagif Sadygov	/wiki/Vagif_Sadygov	['1959', '2025']
Sharif Sharifov	/wiki/Sharif_Sharifov	['1988', '2025']
Samadagha Shikhlarov	/wiki/Samadagha_Shikhlarov	['1959', '2025']
Mahir Shukurov	/wiki/Mahir_Shukurov	['1982', '2025']
Nazim Suleymanov	/wiki/Nazim_Suleymanov	['1965', '2025']
Jeyhun Sultanov	/wiki/Jeyhun_Sultanov	['1979', '2025']
Afag Sultanova	/wiki/Afag_Sultanova	['1987', '2025']
Zaur Tagizade	/wiki/Zaur_Tagizade	['1979', '2025']
Kazbek Tuaev	/wiki/Kazbek_Tuaev	['1940', '2025']
Lala Yusifova	/wiki/Lala_Yusifova	['1996', '2025']
Ilham Zakiyev	/wiki/Ilham_Zakiyev	['1980', '2025']
Chingiz Abdullayev	/wiki/Chingiz_Abdullayev	['1959', '2025']
Elchin Afandiyev	/wiki/Elchin_Afandiyev	['1943', '2025']
Ilyas Afandiyev	/wiki/Ilyas_Afandiyev	['1914', '1996']
Mirza Fatali Akhundov	/wiki/Mirza_Fatali_Akhundov	['1812', '1878']
Suleyman Sani Akhundov	/wiki/Suleyman_Sani_Akhundov	['1875', '1939']
Sakina Akhundzadeh	/wiki/Sakina_Akhundzadeh	['1865', '1927']
Mammad Araz	/wiki/Mammad_Araz	['1933', '2004']
Vidadi Babanli	/wiki/Vidadi_Babanli	['1927', '2025']
Banine	/wiki/Banine	['1905', '1992']
Yusif Vazir Chamanzaminli	/wiki/Yusif_Vazir_Chamanzaminli	['1887', '1943']
Mirvarid Dilbazi	/wiki/Mirvarid_Dilbazi	['1912', '2001']
Fikrat Goja	/wiki/Fikrat_Goja	['1935', '2025']
Madina Gulgun	/wiki/Madina_Gulgun	['1926', '1991']
Shikhali Gurbanov	/wiki/Shikhali_Gurbanov	['1925', '1967']
Mahammad Hadi	/wiki/Mahammad_Hadi	['1879', '1920']
Abdurrahim bey Hagverdiyev	/wiki/Abdurrahim_bey_Hagverdiyev	['1870', '1930']
Mehdi Huseyn	/wiki/Mehdi_Huseyn	['1909', '1965']
Ali bey Huseynzade	/wiki/Ali_bey_Huseynzade	['1864', '1940']
Almas Ildyrym	/wiki/Almas_Ildyrym	['1907', '1952']
Hamlet Isakhanli	/wiki/Hamlet_Isakhanli	['1948', '2025']
Jafar Jabbarly	/wiki/Jafar_Jabbarly	['1899', '1934']
Ahmad Javad	/wiki/Ahmad_Javad	['1892', '1937']
Jafargulu agha Javanshir	/wiki/Jafargulu_agha_Javanshir	['1787', '1866']
Huseyn Javid	/wiki/Huseyn_Javid	['1882', '1941']
Nusrat Kasamanli	/wiki/Nusrat_Kasamanli	['1946', '2003']
Heyran Khanim	/wiki/Heyran_Khanim	['1790', '1848']
Jalil Mammadguluzadeh	/wiki/Jalil_Mammadguluzadeh	['1866', '1932']
Afag Masud	/wiki/Afag_Masud	['1957', '2025']
Mikayil Mushfig	/wiki/Mikayil_Mushfig	['1908', '1939']
Gasham Najafzadeh	/wiki/Gasham_Najafzadeh	['1959', '2025']
Khurshidbanu Natavan	/wiki/Khurshidbanu_Natavan	['1832', '1897']
Kamran Nazirli	/wiki/Kamran_Nazirli	['1958', '2025']
Mammed Said Ordubadi	/wiki/Mammed_Said_Ordubadi	['1872', '1950']
Baba Punhan	/wiki/Baba_Punhan	['1948', '2004']
Nigar Rafibeyli	/wiki/Nigar_Rafibeyli	['1913', '1981']
Natig Rasulzadeh	/wiki/Natig_Rasulzadeh	['1949', '2025']
Ramiz Rovshan	/wiki/Ramiz_Rovshan	['1946', '2025']
Suleyman Rustam	/wiki/Suleyman_Rustam	['1906', '1989']
Rasul Rza	/wiki/Rasul_Rza	['1910', '1981']
Anar Rzayev	/wiki/Anar_Rzayev	['1938', '2025']
Mirza Alakbar Sabir	/wiki/Mirza_Alakbar_Sabir	['1862', '1911']
Elchin Safarli	/wiki/Elchin_Safarli	['1984', '2025']
Abbas Sahhat	/wiki/Abbas_Sahhat	['1874', '1918']
Bahar Shirvani	/wiki/Bahar_Shirvani	['1835', '1883']
Seyid Azim Shirvani	/wiki/Seyid_Azim_Shirvani	['1835', '1888']
Ismayil Shykhly	/wiki/Ismayil_Shykhly	['1919', '1995']
Manaf Suleymanov	/wiki/Manaf_Suleymanov	['1912', '2001']
Khalil Rza Uluturk	/wiki/Khalil_Rza_Uluturk	['1932', '1994']
Mehdigulu Khan Vafa	/wiki/Mehdigulu_Khan_Vafa	['1855', '1900']
Molla Panah Vagif	/wiki/Molla_Panah_Vagif	['1717', '1797']
Bakhtiyar Vahabzadeh	/wiki/Bakhtiyar_Vahabzadeh	['1925', '2009']
Aliagha Vahid	/wiki/Aliagha_Vahid	['1895', '1965']
Mirza Shafi Vazeh	/wiki/Mirza_Shafi_Vazeh	['1794', '1852']
Hashim bey Vazirov	/wiki/Hashim_bey_Vazirov	['1868', '1916']
Najaf bey Vazirov	/wiki/Najaf_bey_Vazirov	['1854', '1925']
Molla Vali Vidadi	/wiki/Molla_Vali_Vidadi	['1708', '1809']
Samad Vurgun	/wiki/Samad_Vurgun	['1906', '1956']
Gasim bey Zakir	/wiki/Gasim_bey_Zakir	['1784', '1857']
Rovshan Aliyev	/wiki/Rovshan_Aliyev	['1955', '2002']
Rena Effendi	/wiki/Rena_Effendi	['1977', '2025']
Rahilya Geybullayeva	/wiki/Rahilya_Geybullayeva	['1961', '2025']
Enver Mamedov	/wiki/Enver_Mamedov	['1923', '2025']
Shirali Muslimov	/wiki/Shirali_Muslimov	['1805', '1973']
Hasan bey Zardabi	/wiki/Hasan_bey_Zardabi	['1837', '1907']
Behrouz Vossoughi	/wiki/Behrouz_Vossoughi	['1938', '2025']
Aydin Aghdashloo	/wiki/Aydin_Aghdashloo	['1940', '2025']
Haydar Hatemi	/wiki/Haydar_Hatemi	['1945', '2025']
Reza Zarrab	/wiki/Reza_Zarrab	['1984', '2025']
Javad Gharavi Aliari	/wiki/Javad_Gharavi_Aliari	['1935', '2025']
Abdolkarim Mousavi Ardabili	/wiki/Abdolkarim_Mousavi_Ardabili	['1926', '2025']
Sadegh Khalkhali	/wiki/Sadegh_Khalkhali	['1926', '2003']
Abul-Qassim Khoei	/wiki/Abul-Qassim_Khoei	['1899', '1992']
Fazel Lankarani	/wiki/Fazel_Lankarani	['1931', '2007']
Ali Meshkini	/wiki/Ali_Meshkini	['1922', '2007']
Hassan Roshdieh	/wiki/Hassan_Roshdieh	['1851', '1944']
Mohammad Kazem Shariatmadari	/wiki/Mohammad_Kazem_Shariatmadari	['1905', '1986']
Allameh Tabatabaei	/wiki/Allameh_Tabatabaei	['1903', '1981']
Abbas-Ali Amid Zanjani	/wiki/Abbas-Ali_Amid_Zanjani	['1937', '2011']
Mousa Shubairi Zanjani	/wiki/Mousa_Shubairi_Zanjani	['1928', '2025']
Jafar Panahi	/wiki/Jafar_Panahi	['1960', '2025']
Mehdi Bakeri	/wiki/Mehdi_Bakeri	['1954', '1985']
Javad Fakori	/wiki/Javad_Fakori	['1939', '1981']
Abbas Gharabaghi	/wiki/Abbas_Gharabaghi	['1918', '2000']
Habibullah Huseynov	/wiki/Habibullah_Huseynov	['1910', '1945']
Colonel Pessian	/wiki/Colonel_Pessian	['1892', '1921']
Hossein Alizadeh	/wiki/Hossein_Alizadeh	['1951', '2025']
Arash	/wiki/Arash_(entertainer)	['1977', '2025']
Aref Arefkia	/wiki/Aref_Arefkia	['1941', '2025']
Faegheh Atashin	/wiki/Faegheh_Atashin	['1960', '2025']
Davod Azad	/wiki/Davod_Azad	['1963', '2025']
Samin Baghtcheban	/wiki/Samin_Baghtcheban	['1925', '2008']
Dariush Eghbali	/wiki/Dariush_Eghbali	['1951', '2025']
André Hossein	/wiki/Andr%C3%A9_Hossein	['1905', '1983']
Aygün Kazımova	/wiki/Ayg%C3%BCn_Kaz%C4%B1mova	['1971', '2025']
Fatma Mukhtarova	/wiki/Fatma_Mukhtarova	['1893', '1972']
Rubaba Muradova	/wiki/Rubaba_Muradova	['1930', '1983']
Hassan Sattar	/wiki/Hassan_Sattar	['1949', '2025']
Tadj ol-Molouk	/wiki/Tadj_ol-Molouk	['1896', '1982']
Gholam Reza Aghazadeh	/wiki/Gholam_Reza_Aghazadeh	['1949', '2025']
Mina Ahadi	/wiki/Mina_Ahadi	['1956', '2025']
Mehdi Bazargan	/wiki/Mehdi_Bazargan	['1908', '1995']
Mahmudali Chehregani	/wiki/Mahmudali_Chehregani	['1958', '2025']
Piruz Dilanchi	/wiki/Piruz_Dilanchi	['1965', '2025']
Parviz Fattah	/wiki/Parviz_Fattah	['1961', '2025']
Mir Bashir Gasimov	/wiki/Mir_Bashir_Gasimov	['1879', '1949']
Ebrahim Hakimi	/wiki/Ebrahim_Hakimi	['1863', '1959']
Mahmud Jam	/wiki/Mahmud_Jam	['1884', '1969']
Ali Khamenei	/wiki/Ali_Khamenei	['1939', '2025']
Sadegh Mahsouli	/wiki/Sadegh_Mahsouli	['1959', '2025']
Mohsen Mehralizadeh	/wiki/Mohsen_Mehralizadeh	['1955', '2025']
Reza Moridi	/wiki/Reza_Moridi	['1945', '2025']
Mir-Hossein Mousavi	/wiki/Mir-Hossein_Mousavi	['1942', '2025']
Ali Soheili	/wiki/Ali_Soheili	['1896', '1958']
Amir Hatami	/wiki/Amir_Hatami	['1966', '2025']
Bagher Khan	/wiki/Bagher_Khan	['1870', '1911']
Haydar Khan e Amo-oghli	/wiki/Haydar_Khan_e_Amo-oghli	['1880', '1921']
Sattar Khan	/wiki/Sattar_Khan	['1866', '1914']
Mohammad Khiabani	/wiki/Mohammad_Khiabani	['1880', '1920']
Ja'far Pishevari	/wiki/Ja%27far_Pishevari	['1893', '1947']
Shahriar Afshar	/wiki/Shahriar_Afshar	['1971', '2025']
Fereydoon Batmanghelidj	/wiki/Fereydoon_Batmanghelidj	['1931', '2004']
Camila Batmanghelidjh	/wiki/Camila_Batmanghelidjh	['1963', '2025']
Ali Murad Davudi	/wiki/Ali_Murad_Davudi	['1922', '1979']
Ali Javan	/wiki/Ali_Javan	['1926', '2025']
Ahmad Kasravi	/wiki/Ahmad_Kasravi	['1890', '1946']
Kazem Sadegh-Zadeh	/wiki/Kazem_Sadegh-Zadeh	['1942', '2025']
Gholamreza Takhti	/wiki/Gholamreza_Takhti	['1930', '2025']
Hossein Reza Zadeh	/wiki/Hossein_Reza_Zadeh	['1978', '2025']
Ali Daei	/wiki/Ali_Daei	['1969', '2025']
Rahim Aliabadi	/wiki/Rahim_Aliabadi	['1943', '2025']
Javad Allahverdi	/wiki/Javad_Allahverdi	['1954', '2025']
Sajjad Anoushiravani	/wiki/Sajjad_Anoushiravani	['1984', '2025']
Karim Ansarifard	/wiki/Karim_Ansarifard	['1990', '2025']
Aziz Asli	/wiki/Aziz_Asli	['1938', '2025']
Karim Bagheri	/wiki/Karim_Bagheri	['1974', '2025']
Sirous Dinmohammadi	/wiki/Sirous_Dinmohammadi	['1970', '2025']
Parviz Ghelichkhani	/wiki/Parviz_Ghelichkhani	['1945', '2025']
Yahya Golmohammadi	/wiki/Yahya_Golmohammadi	['1971', '2025']
Yousef Karami	/wiki/Yousef_Karami	['1983', '2025']
Rasoul Khatibi	/wiki/Rasoul_Khatibi	['1978', '2025']
Mohammad Navazi	/wiki/Mohammad_Navazi	['1974', '2025']
Ali Akbar Ostad-Asadi	/wiki/Ali_Akbar_Ostad-Asadi	['1965', '2025']
Mohammad Paziraei	/wiki/Mohammad_Paziraei	['1929', '2025']
Hadi Saei	/wiki/Hadi_Saei	['1976', '2025']
Jafar Salmasi	/wiki/Jafar_Salmasi	['1918', '2025']
Aboutaleb Talebi	/wiki/Aboutaleb_Talebi	['1945', '2025']
Kimia Alizadeh	/wiki/Kimia_Alizadeh	['1998', '2025']
Reza Baraheni	/wiki/Reza_Baraheni	['1926', '2000']
Samad Behrangi	/wiki/Samad_Behrangi	['1939', '1967']
Izzeddin Hasanoglu	/wiki/Izzeddin_Hasanoglu	['1900', '1950']
Mirza Ibrahimov	/wiki/Mirza_Ibrahimov	['1911', '1993']
Naser Manzuri	/wiki/Naser_Manzuri	['1953', '2025']
Iraj Mirza	/wiki/Iraj_Mirza	['1874', '1926']
Ali Mojuz	/wiki/Ali_Mojuz	['1873', '1934']
Seyid Abulgasim Nabati	/wiki/Seyid_Abulgasim_Nabati	['1812', '1873']
Ebrahim Nabavi	/wiki/Ebrahim_Nabavi	['1958', '2025']
Ali Nazem	/wiki/Ali_Nazem	['1906', '1941']
Mir Jalal Pashayev	/wiki/Mir_Jalal_Pashayev	['1908', '1978']
Bulud Qarachorlu	/wiki/Bulud_Qarachorlu	['1926', '1979']
Khasta Qasim	/wiki/Khasta_Qasim	['1684', '1760']
Hassan Roshdieh	/wiki/Hassan_Roshdieh	['1851', '1944']
Gholam Hossein Saedi	/wiki/Gholam_Hossein_Saedi	['1936', '1985']
Mohammad Hossein Shahriar	/wiki/Mohammad_Hossein_Shahriar	['1906', '1988']
Qovsi Tabrizi	/wiki/Qovsi_Tabrizi	['1568', '1640']
Saib Tabrizi	/wiki/Saib_Tabrizi	['1601', '1677']
Reza Deghati	/wiki/Reza_Deghati	['1952', '2025']
Hassan Khosrowshahi	/wiki/Hassan_Khosrowshahi	['1940', '2025']
Nesrin Cevadzade	/wiki/Nesrin_Cevadzade	['1981', '2025']
Mehmet Karaca	/wiki/Mehmet_Karaca	['1900', '1950']
Tamer Karadağlı	/wiki/Tamer_Karada%C4%9Fl%C4%B1	['1967', '2025']
Ataol Behramoğlu	/wiki/Ataol_Behramo%C4%9Flu	['1942', '2025']
Kadi Burhan al-Din	/wiki/Kadi_Burhan_al-Din	['1344', '1398']
Tuğba Ekinci	/wiki/Tu%C4%9Fba_Ekinci	['1976', '2025']
Nuray Hafiftaş	/wiki/Nuray_Hafifta%C5%9F	['1964', '2025']
Cem Karaca	/wiki/Cem_Karaca	['1945', '2004']
Sinan Oğan	/wiki/Sinan_O%C4%9Fan	['1967', '2025']
Kıznaz Türkeli	/wiki/K%C4%B1znaz_T%C3%BCrkeli	['1968', '2025']
Vasıf Arzumanov	/wiki/Vas%C4%B1f_Arzumanov	['1988', '2025']
Servet Çetin	/wiki/Servet_%C3%87etin	['1981', '2025']
Sinan Şamil Sam	/wiki/Sinan_%C5%9Eamil_Sam	['1974', '2025']
Servet Tazegül	/wiki/Servet_Tazeg%C3%BCl	['1988', '2025']
Süreyya Ağaoğlu	/wiki/S%C3%BCreyya_A%C4%9Fao%C4%9Flu	['1903', '1989']
Abdulhamid bey Gaytabashi	/wiki/Abdulhamid_bey_Gaytabashi	['1884', '1920']
Rashid Behbudov	/wiki/Rashid_Behbudov	['1915', '1989']
Khadija Gayibova	/wiki/Khadija_Gayibova	['1893', '1938']
Shovkat Mammadova	/wiki/Shovkat_Mammadova	['1897', '1981']
Niyazi	/wiki/Niyazi	['1912', '1984']
Abdulla Shaig	/wiki/Abdulla_Shaig	['1881', '1959']
Hasan Hasanov	/wiki/Hasan_Hasanov	['1940', '2025']
Nariman Narimanov	/wiki/Nariman_Narimanov	['1870', '1925']
Alimardan Topchubashev	/wiki/Alimardan_Topchubashev	['1862', '1934']
Raul Usupov	/wiki/Raul_Usupov	['1980', '2005']
Farid Mansurov	/wiki/Farid_Mansurov	['1982', '2025']
Zabit Samedov	/wiki/Zabit_Samedov	['1984', '2025']
Ramila Yusubova	/wiki/Ramila_Yusubova	['1989', '2025']
Dilara Aliyeva	/wiki/Dilara_Aliyeva	['1929', '1991']
Shamistan Alizamanli	/wiki/Shamistan_Alizamanli	['1959', '2025']
Govhar Gaziyeva	/wiki/Govhar_Gaziyeva	['1887', '1960']
Hamlet Isakhanli	/wiki/Hamlet_Isakhanli	['1948', '2025']
Geysar Kashiyeva	/wiki/Geysar_Kashiyeva	['1929', '1972']
Nigar Shikhlinskaya	/wiki/Nigar_Shikhlinskaya	['1871', '1931']
Marziyya Davudova	/wiki/Marziyya_Davudova	['1901', '1962']
Shafiga Mammadova	/wiki/Shafiga_Mammadova	['1945', '2025']
Timur Rodriguez	/wiki/Timur_Rodriguez	['1979', '2025']
Asaf Zeynally	/wiki/Asaf_Zeynally	['1909', '1932']
Geydar Dzhemal	/wiki/Geydar_Dzhemal	['1947', '2025']
Georgiy Mamedov	/wiki/Georgiy_Mamedov	['1947', '2025']
Tofig Zulfugarov	/wiki/Tofig_Zulfugarov	['1959', '2025']
Tamilla Abassova	/wiki/Tamilla_Abassova	['1982', '2025']
Emin Garibov	/wiki/Emin_Garibov	['1990', '2025']
Ayaz Guliyev	/wiki/Ayaz_Guliyev	['1996', '2025']
Qadir Huseynov	/wiki/Qadir_Huseynov	['1986', '2025']
Emin Mahmudov	/wiki/Emin_Mahmudov	['1992', '2025']
Ramiz Mamedov	/wiki/Ramiz_Mamedov	['1992', '2025']
Aleksandr Samedov	/wiki/Aleksandr_Samedov	['1984', '2025']
Ramil Sheydayev	/wiki/Ramil_Sheydayev	['1996', '2025']
Habibullah Huseynov	/wiki/Habibullah_Huseynov	['1900', '1950']
Chingis Izmailov	/wiki/Chingis_Izmailov	['1944', '2011']
Chingiz Mustafayev	/wiki/Chingiz_Mustafayev	['1960', '1992']
Mirza Kadym Irevani	/wiki/Mirza_Kadym_Irevani	['1825', '1875']
Etibar Hajiyev	/wiki/Etibar_Hajiyev	['1971', '1992']
Yahya Rahim Safavi	/wiki/Yahya_Rahim_Safavi	['1958', '2025']
Habib bey Salimov	/wiki/Habib_bey_Salimov	['1881', '1920']
Ashig Alasgar	/wiki/Ashig_Alasgar	['1821', '1926']
Said Rustamov	/wiki/Said_Rustamov	['1907', '1983']
Ismat Abbasov	/wiki/Ismat_Abbasov	['1954', '2025']
Avaz Alakbarov	/wiki/Avaz_Alakbarov	['1952', '2025']
Aziz Aliyev	/wiki/Aziz_Aliyev	['1896', '1962']
Ogtay Asadov	/wiki/Ogtay_Asadov	['1955', '2025']
Zulfi Hajiyev	/wiki/Zulfi_Hajiyev	['1935', '1991']
Misir Mardanov	/wiki/Misir_Mardanov	['1946', '2025']
Shahin Mustafayev	/wiki/Shahin_Mustafayev	['1965', '2025']
Akbar agha Sheykhulislamov	/wiki/Akbar_agha_Sheykhulislamov	['1891', '1961']
Heydar Huseynov	/wiki/Heydar_Huseynov	['1908', '1950']
Mammad agha Shahtakhtinski	/wiki/Mammad_agha_Shahtakhtinski	['1846', '1931']
Mustafa Topchubashov	/wiki/Mustafa_Topchubashov	['1895', '1981']
Ramazan Abbasov	/wiki/Ramazan_Abbasov	['1983', '2025']
Samir Aliyev	/wiki/Samir_Aliyev	['1979', '2025']
Rovshan Huseynov	/wiki/Rovshan_Huseynov	['1975', '2025']
Khagani Mammadov	/wiki/Khagani_Mammadov	['1976', '2025']
Vitaliy Rahimov	/wiki/Vitaliy_Rahimov	['1984', '2025']
Farman Karimzade	/wiki/Farman_Karimzade	['1937', '1989']
Hidayat Orujov	/wiki/Hidayat_Orujov	['1944', '2025']
Huseyn Seyidzadeh	/wiki/Huseyn_Seyidzadeh	['1907', '1983']
Elyar Fox	/wiki/Elyar_Fox	['1995', '2025']
Nigar Jamal	/wiki/Nigar_Jamal	['1980', '2025']
Donald Swann	/wiki/Donald_Swann	['1923', '1994']
Sami Yusuf	/wiki/Sami_Yusuf	['1980', '2025']
Nima Arkani-Hamed	/wiki/Nima_Arkani-Hamed	['1972', '2025']
Sona Aslanova	/wiki/Sona_Aslanova	['1924', '2011']
Nik Caner-Medley	/wiki/Nik_Caner-Medley	['1983', '2025']
Sibel Edmonds	/wiki/Sibel_Edmonds	['1970', '2025']
Chingiz Sadykhov	/wiki/Chingiz_Sadykhov	['1929', '2025']
Norm Zada	/wiki/Norm_Zada	['1954', '2025']
Natik Bagirov	/wiki/Natik_Bagirov	['1964', '2025']
Leila Ismailava	/wiki/Leila_Ismailava	['1989', '2025']
Kamandar Madzhidov	/wiki/Kamandar_Madzhidov	['1961', '2025']
Rashad Mammadov	/wiki/Rashad_Mammadov	['1974', '2025']
Fuzûlî	/wiki/Fuz%C3%BBl%C3%AE	['1494', '1556']
Nasimi	/wiki/Nasimi	['1369', '1417']
Amel Senan	/wiki/Amel_Senan	['1966', '2025']
Robert Hossein	/wiki/Robert_Hossein	['1927', '2025']
Irène Mélikoff	/wiki/Ir%C3%A8ne_M%C3%A9likoff	['1917', '2009']
Gábor Kubatov	/wiki/G%C3%A1bor_Kubatov	['1966', '2025']
Eddy Silvestre Pascual Israfilov	/wiki/Eddy_Silvestre_Pascual_Israfilov	['1992', '2025']
Hajibala Abutalybov	/wiki/Hajibala_Abutalybov	['1944', '2025']
Elnur Hüseynov	/wiki/Elnur_H%C3%BCseynov	['1987', '2025']
Tahira Tahirova	/wiki/Tahira_Tahirova	['1913', '1991']
Oleh Babayev	/wiki/Oleh_Babayev	['1965', '2014']
Fatma Gadri	/wiki/Fatma_Gadri	['1907', '1968']
Pavlo Pashayev	/wiki/Pavlo_Pashayev	['1988', '2025']
Stalic Khankishiev	/wiki/Stalic_Khankishiev	['1968', '2025']
Movlud Miraliyev	/wiki/Movlud_Miraliyev	['1974', '2025']
Template:Azerbaijan topics	/wiki/Template:Azerbaijan_topics	['1900', '1950']
Template talk:Azerbaijan topics	/wiki/Template_talk:Azerbaijan_topics	['1900', '1950']
Kura–Araxes culture	/wiki/Kura%E2%80%93Araxes_culture	['1900', '1950']
Khojaly–Gadabay culture	/wiki/Khojaly%E2%80%93Gadabay_culture	['1900', '1950']
Shulaveri-Shomu culture	/wiki/Shulaveri-Shomu_culture	['1900', '1950']
Mughan culture	/wiki/Mughan_culture	['1900', '1950']
Jar-Burial Culture	/wiki/Jar-Burial_Culture	['1900', '1950']
Leyla-Tepe culture	/wiki/Leyla-Tepe_culture	['1900', '1950']
Medes	/wiki/Medes	['1900', '1950']
Achaemenid Empire	/wiki/Achaemenid_Empire	['1900', '1950']
Caucasian Albania	/wiki/Caucasian_Albania	['1900', '1950']
Parthian Empire	/wiki/Parthian_Empire	['1900', '1950']
Arran	/wiki/Arran_(Caucasus)	['1900', '1950']
Sasanian Empire	/wiki/Sasanian_Empire	['1900', '1950']
Shirvan	/wiki/Shirvan	['1900', '1950']
Sajid dynasty	/wiki/Sajid_dynasty	['1900', '1950']
Sallarid dynasty	/wiki/Sallarid_dynasty	['1900', '1950']
Shaddadids	/wiki/Shaddadids	['1900', '1950']
Shirvanshah	/wiki/Shirvanshah	['1900', '1950']
Eldiguzids	/wiki/Eldiguzids	['1900', '1950']
Ilkhanate	/wiki/Ilkhanate	['1900', '1950']
Kara Koyunlu	/wiki/Kara_Koyunlu	['1900', '1950']
Aq Qoyunlu	/wiki/Aq_Qoyunlu	['1900', '1950']
Safavid dynasty	/wiki/Safavid_dynasty	['1900', '1950']
Afsharid dynasty	/wiki/Afsharid_dynasty	['1900', '1950']
Zand dynasty	/wiki/Zand_dynasty	['1900', '1950']
Qajar dynasty	/wiki/Qajar_dynasty	['1900', '1950']
Russo-Persian War	/wiki/Russo-Persian_War_(1804%E2%80%9313)	['13', '1804']
Russo-Persian War	/wiki/Russo-Persian_War_(1826%E2%80%931828)	['1826', '1828']
March Days	/wiki/March_Days	['1900', '1950']
Azerbaijan Democratic Republic	/wiki/Azerbaijan_Democratic_Republic	['1900', '1950']
Azerbaijan Soviet Socialist Republic	/wiki/Azerbaijan_Soviet_Socialist_Republic	['1900', '1950']
Nagorno-Karabakh War	/wiki/Nagorno-Karabakh_War	['1900', '1950']
Black January	/wiki/Black_January	['1900', '1950']
Caspian Sea	/wiki/Caspian_Sea	['1900', '1950']
National Assembly	/wiki/National_Assembly_(Azerbaijan)	['1900', '1950']
Azərbaycan marşı	/wiki/Az%C9%99rbaycan_mar%C5%9F%C4%B1	['1900', '1950']
Book:Azerbaijan	/wiki/Book:Azerbaijan	['1900', '1950']
Template:Iran topics	/wiki/Template:Iran_topics	['1900', '1950']
Template talk:Iran topics	/wiki/Template_talk:Iran_topics	['1900', '1950']
Kura–Araxes culture	/wiki/Kura%E2%80%93Araxes_culture	['1900', '1950']
Proto-Elamite	/wiki/Proto-Elamite	['1900', '1950']
Elam	/wiki/Elam	['1900', '1950']
Lullubi	/wiki/Lullubi	['1900', '1950']
Akkadian Empire	/wiki/Akkadian_Empire	['1900', '1950']
Kassites	/wiki/Kassites	['1900', '1950']
Mannaeans	/wiki/Mannaeans	['1900', '1950']
Neo-Assyrian Empire	/wiki/Neo-Assyrian_Empire	['1900', '1950']
Urartu	/wiki/Urartu	['1900', '1950']
Medes	/wiki/Medes	['1900', '1950']
Scythians	/wiki/Scythians	['1900', '1950']
Neo-Babylonian Empire	/wiki/Neo-Babylonian_Empire	['1900', '1950']
Achaemenid Empire	/wiki/Achaemenid_Empire	['1900', '1950']
Atropatene	/wiki/Atropatene	['1900', '1950']
Seleucid Empire	/wiki/Seleucid_Empire	['1900', '1950']
Frataraka	/wiki/Frataraka	['1900', '1950']
Parthian Empire	/wiki/Parthian_Empire	['1900', '1950']
Sasanian Empire	/wiki/Sasanian_Empire	['1900', '1950']
Rashidun Caliphate	/wiki/Rashidun_Caliphate	['637', '651']
Umayyad Caliphate	/wiki/Umayyad_Caliphate	['661', '750']
Abbasid Caliphate	/wiki/Abbasid_Caliphate	['750', '1258']
Tahirid dynasty	/wiki/Tahirid_dynasty	['821', '873']
Saffarid dynasty	/wiki/Saffarid_dynasty	['861', '1003']
Samanid Empire	/wiki/Samanid_Empire	['819', '999']
Ziyarid dynasty	/wiki/Ziyarid_dynasty	['928', '1043']
Buyid dynasty	/wiki/Buyid_dynasty	['934', '1062']
Ghaznavids	/wiki/Ghaznavids	['975', '1187']
Ghurid dynasty	/wiki/Ghurid_dynasty	['1011', '1215']
Seljuk Empire	/wiki/Seljuk_Empire	['1037', '1194']
Khwarazmian dynasty	/wiki/Khwarazmian_dynasty	['1077', '1231']
Eldiguzids	/wiki/Eldiguzids	['1900', '1950']
Ilkhanate	/wiki/Ilkhanate	['1256', '1335']
Kurt dynasty	/wiki/Kurt_dynasty	['1231', '1389']
Muzaffarids	/wiki/Muzaffarids_(Iran)	['1314', '1393']
Chobanids	/wiki/Chobanids	['1337', '1357']
Jalairid Sultanate	/wiki/Jalairid_Sultanate	['1339', '1432']
Timurid Empire	/wiki/Timurid_Empire	['1370', '1507']
Kara Koyunlu	/wiki/Kara_Koyunlu	['1375', '1468']
Ag Qoyunlu	/wiki/Ag_Qoyunlu	['1378', '1508']
Safavid dynasty	/wiki/Safavid_dynasty	['1501', '1736']
Afsharid dynasty	/wiki/Afsharid_dynasty	['50', '1736']
Zand dynasty	/wiki/Zand_dynasty	['94', '1750']
Qajar Iran	/wiki/Qajar_Iran	['1796', '1925']
Pahlavi dynasty	/wiki/Pahlavi_dynasty	['1925', '1979']
1946 Iran crisis	/wiki/1946_Iran_crisis	['1900', '1950']
Iran Constituent Assembly, 1949	/wiki/Iran_Constituent_Assembly,_1949	['1900', '1950']
1953 Iranian coup d'état	/wiki/1953_Iranian_coup_d%27%C3%A9tat	['1900', '1950']
Iranian Revolution	/wiki/Iranian_Revolution	['1900', '1950']
Iranian Embassy siege	/wiki/Iranian_Embassy_siege	['1900', '1950']
Shatt al-Arab clashes	/wiki/Shatt_al-Arab_clashes	['1900', '1950']
Iran–Iraq War	/wiki/Iran%E2%80%93Iraq_War	['88', '1980']
1987 Mecca incident	/wiki/1987_Mecca_incident	['1900', '1950']
Iran Air Flight 655	/wiki/Iran_Air_Flight_655	['1900', '1950']
Iran–PJAK conflict	/wiki/Iran%E2%80%93PJAK_conflict	['1900', '1950']
Balochistan conflict	/wiki/Balochistan_conflict	['1900', '1950']
Green Revolution	/wiki/Green_Revolution_(Iran)	['1900', '1950']
Syrian Civil War	/wiki/Syrian_Civil_War	['1900', '1950']
Military intervention against ISIL	/wiki/Military_intervention_against_ISIL	['1900', '1950']
2017–18 Iranian protests	/wiki/2017%E2%80%9318_Iranian_protests	['1900', '1950']
2018–2019 Iranian general strikes and protests	/wiki/2018%E2%80%932019_Iranian_general_strikes_and_protests	['1900', '1950']
Ancient Iran	/wiki/Ancient_Iran	['1900', '1950']
Greater Iran	/wiki/Greater_Iran	['1900', '1950']
Iranic peoples	/wiki/Iranic_peoples	['1900', '1950']
Kura–Araxes culture	/wiki/Kura%E2%80%93Araxes_culture	['1900', '1950']
Jiroft culture	/wiki/Jiroft_culture	['1900', '1950']
Aryan	/wiki/Aryan	['1900', '1950']
Persian people	/wiki/Persian_people	['1900', '1950']
Azerbaijan	/wiki/Azerbaijan_(Iran)	['1900', '1950']
Sistan and Baluchestan Province	/wiki/Sistan_and_Baluchestan_Province	['1900', '1950']
Caspian Hyrcanian mixed forests	/wiki/Caspian_Hyrcanian_mixed_forests	['1900', '1950']
Caucasus	/wiki/Caucasus	['1900', '1950']
Iranian Kurdistan	/wiki/Iranian_Kurdistan	['1900', '1950']
Iranian Plateau	/wiki/Iranian_Plateau	['1900', '1950']
Lake Urmia	/wiki/Lake_Urmia	['1900', '1950']
Iranian reform movement	/wiki/Iranian_reform_movement	['1900', '1950']
White Revolution	/wiki/White_Revolution	['1900', '1950']
Expediency Discernment Council	/wiki/Expediency_Discernment_Council	['1900', '1950']
Guardian Council	/wiki/Guardian_Council	['1900', '1950']
Islamic Consultative Assembly	/wiki/Islamic_Consultative_Assembly	['1900', '1950']
Supreme National Security Council	/wiki/Supreme_National_Security_Council	['1900', '1950']
Bonyad	/wiki/Bonyad	['1900', '1950']
Economic Cooperation Organization	/wiki/Economic_Cooperation_Organization	['1900', '1950']
Iranian Economic Reform Plan	/wiki/Iranian_Economic_Reform_Plan	['1900', '1950']
Iranian oil bourse	/wiki/Iranian_oil_bourse	['1900', '1950']
Iran and the World Trade Organization	/wiki/Iran_and_the_World_Trade_Organization	['1900', '1950']
Milad Tower	/wiki/Milad_Tower	['1900', '1950']
Iranian rial	/wiki/Iranian_rial	['1900', '1950']
Iranian Space Agency	/wiki/Iranian_Space_Agency	['1900', '1950']
Setad	/wiki/Setad	['1900', '1950']
Tehran Stock Exchange	/wiki/Tehran_Stock_Exchange	['1900', '1950']
Shetab Banking System	/wiki/Shetab_Banking_System	['1900', '1950']
Tehran Metro	/wiki/Tehran_Metro	['1900', '1950']
IRISL Group	/wiki/IRISL_Group	['1900', '1950']
Defense Industries Organization	/wiki/Defense_Industries_Organization	['1900', '1950']
IDRO Group	/wiki/IDRO_Group	['1900', '1950']
Iran Aviation Industries Organization	/wiki/Iran_Aviation_Industries_Organization	['1900', '1950']
Iran Electronics Industries	/wiki/Iran_Electronics_Industries	['1900', '1950']
National Iranian Oil Company	/wiki/National_Iranian_Oil_Company	['1900', '1950']
Asaluyeh	/wiki/Asaluyeh	['1900', '1950']
Chabahar Free Trade-Industrial Zone	/wiki/Chabahar_Free_Trade-Industrial_Zone	['1900', '1950']
Kish Island	/wiki/Kish_Island	['1900', '1950']
Persian language	/wiki/Persian_language	['1900', '1950']
Armenian language	/wiki/Armenian_language	['1900', '1950']
Kurdish languages	/wiki/Kurdish_languages	['1900', '1950']
Georgian language	/wiki/Georgian_language	['1900', '1950']
Assyrian Neo-Aramaic	/wiki/Assyrian_Neo-Aramaic	['1900', '1950']
Iranian languages	/wiki/Iranian_languages	['1900', '1950']
Iranian Armenians	/wiki/Iranian_Armenians	['1900', '1950']
Iranian Georgians	/wiki/Iranian_Georgians	['1900', '1950']
Persian Jews	/wiki/Persian_Jews	['1900', '1950']
Iranian Turkmen	/wiki/Iranian_Turkmen	['1900', '1950']
Iranian nationality law	/wiki/Iranian_nationality_law	['1900', '1950']
Iranian architecture	/wiki/Iranian_architecture	['1900', '1950']
Iranian art	/wiki/Iranian_art	['1900', '1950']
Iranian calendars	/wiki/Iranian_calendars	['1900', '1950']
Chador	/wiki/Chador	['1900', '1950']
Iranian Crown Jewels	/wiki/Iranian_Crown_Jewels	['1900', '1950']
Iranian cuisine	/wiki/Iranian_cuisine	['1900', '1950']
Iranian folklore	/wiki/Iranian_folklore	['1900', '1950']
Iranian studies	/wiki/Iranian_studies	['1900', '1950']
Persian literature	/wiki/Persian_literature	['1900', '1950']
Persian mythology	/wiki/Persian_mythology	['1900', '1950']
Persian gardens	/wiki/Persian_gardens	['1900', '1950']
Persian name	/wiki/Persian_name	['1900', '1950']
Iranian philosophy	/wiki/Iranian_philosophy	['1900', '1950']
Iranian folk music	/wiki/Iranian_folk_music	['1900', '1950']
Persian pop music	/wiki/Persian_pop_music	['1900', '1950']
Iranian hip hop	/wiki/Iranian_hip_hop	['1900', '1950']
Persian traditional music	/wiki/Persian_traditional_music	['1900', '1950']
Ey Iran	/wiki/Ey_Iran	['1900', '1950']
Anti-Iranian sentiment	/wiki/Anti-Iranian_sentiment	['1900', '1950']
Tehrangeles	/wiki/Tehrangeles	['1900', '1950']
Wikipedia:WikiProject Iran	/wiki/Wikipedia:WikiProject_Iran	['1900', '1950']
Azerbaijan	/wiki/Azerbaijan	['1900', '1950']
Borchali	/wiki/Borchali	['1900', '1950']
Derbent	/wiki/Derbent	['1900', '1950']
Western Azerbaijan	/wiki/Western_Azerbaijan_(political_concept)	['1900', '1950']
