text	link	year
Nam June Paik	/wiki/Nam_June_Paik	['1900', '1950']
Sujin Kang	/wiki/Sujin_Kang	['1900', '1950']
Hong 10	/wiki/Hong_10	['1900', '1950']
Halla Pai Huhm	/wiki/Halla_Pai_Huhm	['1900', '1950']
Ahn Byeong-ki	/wiki/Ahn_Byeong-ki	['1900', '1950']
Bong Joon-ho	/wiki/Bong_Joon-ho	['1900', '1950']
Hong Sang-soo	/wiki/Hong_Sang-soo	['1900', '1950']
Im Kwon-taek	/wiki/Im_Kwon-taek	['1900', '1950']
Jang Joon-hwan	/wiki/Jang_Joon-hwan	['1900', '1950']
Kim Jee-woon	/wiki/Kim_Jee-woon	['1900', '1950']
Kim Ki-duk	/wiki/Kim_Ki-duk	['1900', '1950']
Lee Chang-dong	/wiki/Lee_Chang-dong	['1900', '1950']
Park Chan-wook	/wiki/Park_Chan-wook	['1900', '1950']
Nelson Shin	/wiki/Nelson_Shin	['1900', '1950']
Song Hae-sung	/wiki/Song_Hae-sung	['1900', '1950']
Yoon Je-kyoon	/wiki/Yoon_Je-kyoon	['1900', '1950']
Baek Minseok	/wiki/Baek_Minseok	['1900', '1950']
Baek Seok	/wiki/Baek_Seok	['1900', '1950']
Bang Hyun-seok	/wiki/Bang_Hyun-seok	['1900', '1950']
Chae Ho-ki	/wiki/Chae_Ho-ki	['1900', '1950']
Jeong Chan	/wiki/Jeong_Chan_(author)	['1900', '1950']
Cheong Chi-yong	/wiki/Cheong_Chi-yong	['1900', '1950']
Choi Seung-ho	/wiki/Choi_Seung-ho	['1900', '1950']
Cho Sung-ki	/wiki/Cho_Sung-ki	['1900', '1950']
Choi Il-nam	/wiki/Choi_Il-nam	['1900', '1950']
Choi Soo-cheol	/wiki/Choi_Soo-cheol	['1900', '1950']
Chun Woon-young	/wiki/Chun_Woon-young	['1900', '1950']
Do Jong-hwan	/wiki/Do_Jong-hwan	['1900', '1950']
Gu Hyo-seo	/wiki/Gu_Hyo-seo	['1900', '1950']
Ha Geun-chan	/wiki/Ha_Geun-chan	['1900', '1950']
Ha Seong-nan	/wiki/Ha_Seong-nan	['1900', '1950']
Hailji	/wiki/Hailji	['1900', '1950']
Han Bi-ya	/wiki/Han_Bi-ya	['1900', '1950']
Han Chang-hun	/wiki/Han_Chang-hun	['1900', '1950']
Han Kang	/wiki/Han_Kang	['1900', '1950']
Han Mahlsook	/wiki/Han_Mahlsook	['1900', '1950']
Heo Su-gyeong	/wiki/Heo_Su-gyeong	['1900', '1950']
Hong Sung-won	/wiki/Hong_Sung-won	['1900', '1950']
Hwang In-suk	/wiki/Hwang_In-suk	['1900', '1950']
Hwang Ji-u	/wiki/Hwang_Ji-u	['1900', '1950']
Hyun Kil-un	/wiki/Hyun_Kil-un	['1900', '1950']
Jang Eun-jin	/wiki/Jang_Eun-jin	['1900', '1950']
Jang Jeong-il	/wiki/Jang_Jeong-il	['1900', '1950']
Jang Seok-nam	/wiki/Jang_Seok-nam	['1900', '1950']
Jeon Gyeong-rin	/wiki/Jeon_Gyeong-rin	['1900', '1950']
Jeon Sang-guk	/wiki/Jeon_Sang-guk	['1900', '1950']
Jeong Do-sang	/wiki/Jeong_Do-sang	['1900', '1950']
Jung Hansuk	/wiki/Jung_Hansuk	['1900', '1950']
Jung Ihyun	/wiki/Jung_Ihyun	['1900', '1950']
Jung Mi-kyung	/wiki/Jung_Mi-kyung	['1900', '1950']
Kang Chol-hwan	/wiki/Kang_Chol-hwan	['1900', '1950']
Kang Sok-kyong	/wiki/Kang_Sok-kyong	['1900', '1950']
Kang Young-sook	/wiki/Kang_Young-sook	['1900', '1950']
Ko Un	/wiki/Ko_Un	['1900', '1950']
Kim Byeol-ah	/wiki/Kim_Byeol-ah	['1900', '1950']
Kim Eon	/wiki/Kim_Eon	['1900', '1950']
Kim Gi-taek	/wiki/Kim_Gi-taek	['1900', '1950']
Kim Gwangrim	/wiki/Kim_Gwangrim	['1900', '1950']
Kim Gyeong-uk	/wiki/Kim_Gyeong-uk	['1900', '1950']
Kim Haki	/wiki/Kim_Haki	['1900', '1950']
Kim Hu-ran	/wiki/Kim_Hu-ran	['1900', '1950']
Kim Jae-Young	/wiki/Kim_Jae-Young	['1900', '1950']
Kim Jong-gil	/wiki/Kim_Jong-gil	['1900', '1950']
Kim Ju-yeong	/wiki/Kim_Ju-yeong	['1900', '1950']
Kim Kwang-kyu	/wiki/Kim_Kwang-kyu	['1900', '1950']
Kim Kyung-ju	/wiki/Kim_Kyung-ju	['1900', '1950']
Kim Mi-wol	/wiki/Kim_Mi-wol	['1900', '1950']
Kim Sa-in	/wiki/Kim_Sa-in	['1900', '1950']
Kim Sang-ok	/wiki/Kim_Sang-ok	['1900', '1950']
Kim Sinyong	/wiki/Kim_Sinyong	['1900', '1950']
Kim Seon-wu	/wiki/Kim_Seon-wu	['1900', '1950']
Kim Seong-dong	/wiki/Kim_Seong-dong	['1900', '1950']
Kim Seung-hee	/wiki/Kim_Seung-hee	['1900', '1950']
Kim Sowol	/wiki/Kim_Sowol	['1900', '1950']
Kim Tak-hwan	/wiki/Kim_Tak-hwan	['1900', '1950']
Kim Wonu	/wiki/Kim_Wonu	['1900', '1950']
Kim Yeong-hyeon	/wiki/Kim_Yeong-hyeon	['1900', '1950']
Kim Yong-man	/wiki/Kim_Yong-man_(writer)	['1900', '1950']
Kwak Jae-gu	/wiki/Kwak_Jae-gu	['1900', '1950']
Kwon Jeong Saeng	/wiki/Kwon_Jeong_Saeng	['1900', '1950']
Kwon Yeo-sun	/wiki/Kwon_Yeo-sun	['1900', '1950']
Kye Yong-mook	/wiki/Kye_Yong-mook	['1900', '1950']
Lee Eun-sang	/wiki/Lee_Eun-sang	['1900', '1950']
Lee Ho-cheol	/wiki/Lee_Ho-cheol	['1900', '1950']
Lee Hye-gyeong	/wiki/Lee_Hye-gyeong	['1900', '1950']
Lee Hyeonggi	/wiki/Lee_Hyeonggi	['1933', '2025']
Lee In-hwa	/wiki/Lee_In-hwa	['1900', '1950']
Lee Jangwook	/wiki/Lee_Jangwook	['1900', '1950']
Kang Baek Lee	/wiki/Kang_Baek_Lee	['1900', '1950']
Lee Ki-ho	/wiki/Lee_Ki-ho_(writer)	['1900', '1950']
Lee Mankyo	/wiki/Lee_Mankyo	['1900', '1950']
Lee Mun-ku	/wiki/Lee_Mun-ku	['1900', '1950']
Lee Oyoung	/wiki/Lee_Oyoung	['1900', '1950']
Lee Soon-won	/wiki/Lee_Soon-won	['1900', '1950']
Lee Sungboo	/wiki/Lee_Sungboo	['1900', '1950']
Lee Yuksa	/wiki/Lee_Yuksa	['1900', '1950']
Lee Yun-gi	/wiki/Lee_Yun-gi	['1900', '1950']
Lee Yuntaek	/wiki/Lee_Yuntaek	['1900', '1950']
Ma Jonggi	/wiki/Ma_Jonggi	['1939', '2025']
Moon Chung-hee	/wiki/Moon_Chung-hee	['1900', '1950']
Moon Taejun	/wiki/Moon_Taejun	['1900', '1950']
Nam Jung-hyun	/wiki/Nam_Jung-hyun	['1900', '1950']
Oh Kyu-won	/wiki/Oh_Kyu-won	['1947', '2025']
Oh Sangwon	/wiki/Oh_Sangwon	['1900', '1950']
Oh Soo-yeon	/wiki/Oh_Soo-yeon_(novelist)	['1900', '1950']
Oh Taeseok	/wiki/Oh_Taeseok	['1900', '1950']
Park Chong-hwa	/wiki/Park_Chong-hwa	['1900', '1950']
Paik Gahuim	/wiki/Paik_Gahuim	['1900', '1950']
Park Hee-jin	/wiki/Park_Hee-jin	['1900', '1950']
Park Hyoung-su	/wiki/Park_Hyoung-su	['1900', '1950']
Park Jaesam	/wiki/Park_Jaesam	['1933', '2025']
Park Jeong-dae	/wiki/Park_Jeong-dae	['1900', '1950']
Park Mok-wol	/wiki/Park_Mok-wol	['1900', '1950']
Park Kyung-ni	/wiki/Park_Kyung-ni	['1900', '1950']
Ynhui Park	/wiki/Ynhui_Park	['1900', '1950']
Park Sang-ryung	/wiki/Park_Sang-ryung	['1900', '1950']
Park Sangsoon	/wiki/Park_Sangsoon	['1900', '1950']
Park Taesun	/wiki/Park_Taesun	['1900', '1950']
Park Tae-won	/wiki/Park_Tae-won	['1900', '1950']
Park Yeonghan	/wiki/Park_Yeonghan	['1900', '1950']
Park Yong-rae	/wiki/Park_Yong-rae	['1900', '1950']
Han Yong-un	/wiki/Han_Yong-un	['1900', '1950']
Ra Hee-duk	/wiki/Ra_Hee-duk	['1900', '1950']
Seo Jeong-in	/wiki/Seo_Jeong-in	['1900', '1950']
Seo Hajin	/wiki/Seo_Hajin	['1900', '1950']
Shin Yong-mok	/wiki/Shin_Yong-mok	['1974', '2025']
Sim Yunkyung	/wiki/Sim_Yunkyung	['1900', '1950']
So Young-en	/wiki/So_Young-en	['1900', '1950']
Song Gisuk	/wiki/Song_Gisuk	['1900', '1950']
Song Giwon	/wiki/Song_Giwon	['1900', '1950']
Song Sokze	/wiki/Song_Sokze	['1900', '1950']
Song Yeong	/wiki/Song_Yeong	['1900', '1950']
Sung Chan-gyeong	/wiki/Sung_Chan-gyeong	['1930', '2013']
Yi In-seong	/wiki/Yi_In-seong	['1900', '1950']
Yi Kyoung-ja	/wiki/Yi_Kyoung-ja	['1900', '1950']
Yi Sang	/wiki/Yi_Sang	['1900', '1950']
Yun Dong-ju	/wiki/Yun_Dong-ju	['1900', '1950']
Andre Kim	/wiki/Andre_Kim	['1900', '1950']
Richard Chai	/wiki/Richard_Chai	['1900', '1950']
Ahn Cheol-Soo	/wiki/Ahn_Cheol-Soo	['1900', '1950']
Cho Yang-ho	/wiki/Cho_Yang-ho	['1900', '1950']
Chey Tae-won	/wiki/Chey_Tae-won	['1900', '1950']
Chung Ju-yung	/wiki/Chung_Ju-yung	['1900', '1950']
Chung Mong-hun	/wiki/Chung_Mong-hun	['1900', '1950']
David Chang	/wiki/David_Chang	['1900', '1950']
Euh Yoon-dae	/wiki/Euh_Yoon-dae	['1900', '1950']
Lee Byung-chul	/wiki/Lee_Byung-chul	['1900', '1950']
Lee Kun-Hee	/wiki/Lee_Kun-Hee	['1900', '1950']
Shin Kyuk-ho	/wiki/Shin_Kyuk-ho	['1900', '1950']
Shin Dong-bin	/wiki/Shin_Dong-bin	['1900', '1950']
John Cho	/wiki/John_Cho	['1900', '1950']
Gong Yoo	/wiki/Gong_Yoo	['1900', '1950']
Jang Keun-suk	/wiki/Jang_Keun-suk	['1900', '1950']
Jung Il-woo	/wiki/Jung_Il-woo	['1900', '1950']
Jung Joon-ho	/wiki/Jung_Joon-ho	['1900', '1950']
Jun Ji-hyun	/wiki/Jun_Ji-hyun	['1900', '1950']
Daniel Dae Kim	/wiki/Daniel_Dae_Kim	['1900', '1950']
Kim Woo Bin	/wiki/Kim_Woo_Bin	['1900', '1950']
Ko Seong-il	/wiki/Ko_Seong-il	['1900', '1950']
Lee Byung-hun	/wiki/Lee_Byung-hun	['1900', '1950']
Lee Dong-wook	/wiki/Lee_Dong-wook	['1900', '1950']
Lee Min-ho	/wiki/Lee_Min-ho_(actor,_born_1987)	['1987', '2025']
Lee Jong-suk	/wiki/Lee_Jong-suk	['1900', '1950']
Park Bo-gum	/wiki/Park_Bo-gum	['1900', '1950']
Song Joong-ki	/wiki/Song_Joong-ki	['1900', '1950']
Song Hye-kyo	/wiki/Song_Hye-kyo	['1900', '1950']
Fred Armisen	/wiki/Fred_Armisen	['1900', '1950']
Ryan Bang	/wiki/Ryan_Bang	['1900', '1950']
Won Ho Chung	/wiki/Won_Ho_Chung	['1900', '1950']
Defconn	/wiki/Defconn_(rapper)	['1900', '1950']
H-Eugene	/wiki/H-Eugene	['1900', '1950']
Margaret Cho	/wiki/Margaret_Cho	['1900', '1950']
Haha	/wiki/Haha_(entertainer)	['1900', '1950']
Jeong Hyeong-don	/wiki/Jeong_Hyeong-don	['1900', '1950']
Jeong Jun-ha	/wiki/Jeong_Jun-ha	['1900', '1950']
Ji Sang-ryeol	/wiki/Ji_Sang-ryeol	['1900', '1950']
Ji Suk-jin	/wiki/Ji_Suk-jin	['1900', '1950']
Kang Ho-dong	/wiki/Kang_Ho-dong	['1900', '1950']
Kim Byung-man	/wiki/Kim_Byung-man	['1900', '1950']
Kim GuRa	/wiki/Kim_GuRa	['1900', '1950']
Kim Yong-man	/wiki/Kim_Yong-man_(comedian)	['1900', '1950']
Lee Su-geun	/wiki/Lee_Su-geun	['1900', '1950']
Lee Kyung-kyu	/wiki/Lee_Kyung-kyu	['1900', '1950']
Park Myeong-su	/wiki/Park_Myeong-su	['1900', '1950']
Noh Hong-chul	/wiki/Noh_Hong-chul	['1900', '1950']
Park Kyung-lim	/wiki/Park_Kyung-lim	['1900', '1950']
Gil Seong-joon	/wiki/Gil_Seong-joon	['1900', '1950']
Shim Hyung-rae	/wiki/Shim_Hyung-rae	['1900', '1950']
Song Sae-byeok	/wiki/Song_Sae-byeok	['1900', '1950']
Yoo Jae-suk	/wiki/Yoo_Jae-suk	['1900', '1950']
Hyoni Kang	/wiki/Hyoni_Kang	['1900', '1950']
Lee Pa-ni	/wiki/Lee_Pa-ni	['1900', '1950']
Sung Hi Lee	/wiki/Sung_Hi_Lee	['1900', '1950']
Ju Ji-hoon	/wiki/Ju_Ji-hoon	['1900', '1950']
BoA	/wiki/BoA	['1900', '1950']
Cho Kyuhyun	/wiki/Cho_Kyuhyun	['1900', '1950']
Choi Seung-hyun	/wiki/Choi_Seung-hyun	['1900', '1950']
Choi Siwon	/wiki/Choi_Siwon	['1900', '1950']
Choi Soo-young	/wiki/Choi_Soo-young	['1900', '1950']
Eunhyuk	/wiki/Eunhyuk	['1900', '1950']
G-Dragon	/wiki/G-Dragon	['1900', '1950']
Haha	/wiki/Haha_(entertainer)	['1900', '1950']
Heo Ga-yoon	/wiki/Heo_Ga-yoon	['1900', '1950']
Hyolyn	/wiki/Hyolyn	['1900', '1950']
Im Na-yeon	/wiki/Im_Na-yeon	['1900', '1950']
Im Yoona	/wiki/Im_Yoona	['1900', '1950']
Jeon Jung-kook	/wiki/Jeon_Jung-kook	['1900', '1950']
Jessica Jung	/wiki/Jessica_Jung	['1900', '1950']
Jung Dae Hyun	/wiki/Jung_Dae_Hyun	['1900', '1950']
Jung Eun-ji	/wiki/Jung_Eun-ji	['1900', '1950']
J-Hope	/wiki/J-Hope	['1900', '1950']
Wheein	/wiki/Wheein	['1900', '1950']
Hwasa	/wiki/Hwasa	['1900', '1950']
Insooni	/wiki/Insooni	['1900', '1950']
Daesung	/wiki/Daesung	['1900', '1950']
Karen O	/wiki/Karen_O	['1900', '1950']
Kim Heechul	/wiki/Kim_Heechul	['1900', '1950']
Kim Taeyeon	/wiki/Kim_Taeyeon	['1900', '1950']
Kim Hyo-yeon	/wiki/Kim_Hyo-yeon	['1900', '1950']
Kim Jaejoong	/wiki/Kim_Jaejoong	['1900', '1950']
Kim Ji-soo	/wiki/Kim_Ji-soo_(disambiguation)	['1900', '1950']
Chen	/wiki/Chen_(singer)	['1900', '1950']
Kim Junsu	/wiki/Kim_Junsu	['1900', '1950']
Kim Nam-joo	/wiki/Kim_Nam-joo_(singer)	['1900', '1950']
Kim Nam-joon	/wiki/Kim_Nam-joon	['1900', '1950']
Kim Ryeowook	/wiki/Kim_Ryeowook	['1900', '1950']
Kim Seok-jin	/wiki/Kim_Seok-jin	['1900', '1950']
V	/wiki/V_(singer)	['1900', '1950']
Solar	/wiki/Solar_(singer)	['1900', '1950']
Kwon Yuri	/wiki/Kwon_Yuri	['1900', '1950']
Lee Donghae	/wiki/Lee_Donghae	['1900', '1950']
Lee Hi	/wiki/Lee_Hi	['1900', '1950']
Lee Moon-se	/wiki/Lee_Moon-se	['1900', '1950']
Seungri	/wiki/Seungri	['1900', '1950']
Lee Sung-min	/wiki/Lee_Sung-min_(singer)	['1900', '1950']
Leeteuk	/wiki/Leeteuk	['1900', '1950']
Luna	/wiki/Luna_(singer)	['1900', '1950']
Suga	/wiki/Suga_(rapper)	['1900', '1950']
Moonbyul	/wiki/Moonbyul	['1900', '1950']
Oh Ha-young	/wiki/Oh_Ha-young	['1900', '1950']
Park Bom	/wiki/Park_Bom	['1900', '1950']
Park Chan-yeol	/wiki/Park_Chan-yeol	['1900', '1950']
Park Cho-rong	/wiki/Park_Cho-rong	['1900', '1950']
Park Ji-min	/wiki/Park_Ji-min_(singer,_born_1997)	['1900', '1950']
Patti Kim	/wiki/Patti_Kim_(singer)	['1900', '1950']
Psy	/wiki/Psy	['1900', '1950']
Rain	/wiki/Rain_(entertainer)	['1900', '1950']
Sandeul	/wiki/Sandeul	['1900', '1950']
Seo Joo-hyun	/wiki/Seo_Joo-hyun	['1900', '1950']
Seo Taiji	/wiki/Seo_Taiji	['1900', '1950']
Shindong	/wiki/Shindong	['1900', '1950']
Son Na-eun	/wiki/Son_Na-eun	['1900', '1950']
Song Jieun	/wiki/Song_Jieun	['1900', '1950']
Song So-hee	/wiki/Song_So-hee	['1900', '1950']
Sunny	/wiki/Sunny_(singer)	['1900', '1950']
Taeyang	/wiki/Taeyang	['1900', '1950']
Tiffany	/wiki/Tiffany_(South_Korean_singer)	['1900', '1950']
Yesung	/wiki/Yesung	['1900', '1950']
Yoon Bo-mi	/wiki/Yoon_Bo-mi	['1900', '1950']
Yoon Doo-joon	/wiki/Yoon_Doo-joon	['1900', '1950']
Han-na Chang	/wiki/Han-na_Chang	['1900', '1950']
Sarah Chang	/wiki/Sarah_Chang	['1900', '1950']
Chung Myung-Whun	/wiki/Chung_Myung-Whun	['1900', '1950']
Chung Kyung-wha	/wiki/Chung_Kyung-wha	['1900', '1950']
Caroline Fischer	/wiki/Caroline_Fischer	['1900', '1950']
Stefan Jackiw	/wiki/Stefan_Jackiw	['1900', '1950']
Sumi Jo	/wiki/Sumi_Jo	['1900', '1950']
Hei-Kyung Hong	/wiki/Hei-Kyung_Hong	['1900', '1950']
Kun-Woo Paik	/wiki/Kun-Woo_Paik	['1900', '1950']
Seong-Jin Cho	/wiki/Seong-Jin_Cho	['1900', '1950']
John Myung	/wiki/John_Myung	['1900', '1950']
Song Sang-Hyun	/wiki/Song_Sang-Hyun	['1900', '1950']
Ban Ki-moon	/wiki/Ban_Ki-moon	['1900', '1950']
Park Jung-Hee	/wiki/Park_Jung-Hee	['1900', '1950']
Chun Doo-hwan	/wiki/Chun_Doo-hwan	['1900', '1950']
Roh Tae-woo	/wiki/Roh_Tae-woo	['1900', '1950']
Kim Young-sam	/wiki/Kim_Young-sam	['1900', '1950']
Kim Dae-jung	/wiki/Kim_Dae-jung	['1900', '1950']
Roh Moo-hyun	/wiki/Roh_Moo-hyun	['1900', '1950']
Lee Myung-bak	/wiki/Lee_Myung-bak	['1900', '1950']
Park Geun Hye	/wiki/Park_Geun_Hye	['1900', '1950']
Moon Jae-in	/wiki/Moon_Jae-in	['1900', '1950']
Cho Tae-yong	/wiki/Cho_Tae-yong	['1900', '1950']
Lee Hoi-chang	/wiki/Lee_Hoi-chang	['1900', '1950']
Lee Hun Jai	/wiki/Lee_Hun_Jai	['1900', '1950']
Lee Hae-chan	/wiki/Lee_Hae-chan	['1900', '1950']
Hwang Kyo-ahn	/wiki/Hwang_Kyo-ahn	['1900', '1950']
Kim Il-Sung	/wiki/Kim_Il-Sung	['1900', '1950']
Kim Jong-Il	/wiki/Kim_Jong-Il	['1900', '1950']
Kim Jong-Un	/wiki/Kim_Jong-Un	['1900', '1950']
Andrew Kim Taegon	/wiki/Andrew_Kim_Taegon	['1900', '1950']
David Yonggi Cho	/wiki/David_Yonggi_Cho	['1900', '1950']
Hae Jong Kim	/wiki/Hae_Jong_Kim	['1900', '1950']
Nicolas Cheong Jin-Suk	/wiki/Nicolas_Cheong_Jin-Suk	['1900', '1950']
Paul Kim	/wiki/Paul_Kim_(Anglican_bishop)	['1900', '1950']
Sun Myung Moon	/wiki/Sun_Myung_Moon	['1900', '1950']
Dora Kim Moon	/wiki/Dora_Kim_Moon	['1900', '1950']
Do-ol	/wiki/Do-ol	['1900', '1950']
Ham Seok-heon	/wiki/Ham_Seok-heon	['1900', '1950']
Ko Un	/wiki/Ko_Un	['1900', '1950']
Lee Yuksa	/wiki/Lee_Yuksa	['1900', '1950']
Moon Ik-hwan	/wiki/Moon_Ik-hwan	['1900', '1950']
Hwang Sok-yong	/wiki/Hwang_Sok-yong	['1900', '1950']
Jang Jun-ha	/wiki/Jang_Jun-ha	['1900', '1950']
Kwon Young-ghil	/wiki/Kwon_Young-ghil	['1900', '1950']
Roh Hoe-chan	/wiki/Roh_Hoe-chan	['1900', '1950']
Jeon Tae-il	/wiki/Jeon_Tae-il	['1900', '1950']
Ha Soo Whang	/wiki/Ha_Soo_Whang	['1900', '1950']
Maria Whang	/wiki/Maria_Whang	['1900', '1950']
Lee Sang-mook	/wiki/Lee_Sang-mook	['1900', '1950']
Kim Soon-kwon	/wiki/Kim_Soon-kwon	['1900', '1950']
de:Hwang Jun-muk	https://de.wikipedia.org/wiki/Hwang_Jun-muk	['1900', '1950']
Jeong Han Kim	/wiki/Jeong_Han_Kim	['1900', '1950']
Benjamin W. Lee	/wiki/Benjamin_W._Lee	['1900', '1950']
Woo Jang-choon	/wiki/Woo_Jang-choon	['1900', '1950']
Philip Kim	/wiki/Philip_Kim	['1900', '1950']
ko:김빛내리	https://ko.wikipedia.org/wiki/%EA%B9%80%EB%B9%9B%EB%82%B4%EB%A6%AC	['1900', '1950']
Hongkun Park	/wiki/Hongkun_Park	['1900', '1950']
Donhee Ham	/wiki/Donhee_Ham	['1900', '1950']
Joon Yun	/wiki/Joon_Yun	['1900', '1950']
Incheol Shin	/wiki/Incheol_Shin	['1900', '1950']
Ahn Jung-Hwan	/wiki/Ahn_Jung-Hwan	['1900', '1950']
Birdie Kim	/wiki/Birdie_Kim	['1900', '1950']
Byung-hyun Kim	/wiki/Byung-hyun_Kim	['1900', '1950']
Cha Bum-Kun	/wiki/Cha_Bum-Kun	['1900', '1950']
Chan-ho Park	/wiki/Chan-ho_Park	['1900', '1950']
Choo Shin-Soo	/wiki/Choo_Shin-Soo	['1900', '1950']
Dong Keun Park	/wiki/Dong_Keun_Park	['1900', '1950']
Ha Seung-Jin	/wiki/Ha_Seung-Jin	['1900', '1950']
Hee Seop Choi	/wiki/Hee_Seop_Choi	['1900', '1950']
Hines Ward	/wiki/Hines_Ward	['1900', '1950']
Hong Myung-Bo	/wiki/Hong_Myung-Bo	['1900', '1950']
Hong-Man Choi	/wiki/Hong-Man_Choi	['1900', '1950']
In Jin Chi	/wiki/In_Jin_Chi	['1900', '1950']
B.J. Penn	/wiki/B.J._Penn	['1900', '1950']
Jim Paek	/wiki/Jim_Paek	['1900', '1950']
Jong Song-Ok	/wiki/Jong_Song-Ok	['1900', '1950']
Joo Se Hyuk	/wiki/Joo_Se_Hyuk	['1900', '1950']
Jung Kil Kim	/wiki/Jung_Kil_Kim	['1900', '1950']
Ki Soo Kim	/wiki/Ki_Soo_Kim	['1900', '1950']
Yuna Kim	/wiki/Yuna_Kim	['1900', '1950']
Lee Chun-Soo	/wiki/Lee_Chun-Soo	['1900', '1950']
Lee Hyung-Taik	/wiki/Lee_Hyung-Taik	['1900', '1950']
Lee Seung-Yeop	/wiki/Lee_Seung-Yeop	['1900', '1950']
Lee Yong-Kyu	/wiki/Lee_Yong-Kyu	['1900', '1950']
Lydia Ko	/wiki/Lydia_Ko	['1900', '1950']
Michelle Wie	/wiki/Michelle_Wie	['1900', '1950']
Mi Hyun Kim	/wiki/Mi_Hyun_Kim	['1900', '1950']
Moon Dae-Sung	/wiki/Moon_Dae-Sung	['1900', '1950']
Myung Jae Nam	/wiki/Myung_Jae_Nam	['1938', '1999']
Nam Sung-yong	/wiki/Nam_Sung-yong	['1900', '1950']
Park Ji-Sung	/wiki/Park_Ji-Sung	['1900', '1950']
Park Sung-hyun	/wiki/Park_Sung-hyun_(archer)	['1900', '1950']
Park Tae-hwan	/wiki/Park_Tae-hwan	['1900', '1950']
Ryu Hyun-Jin	/wiki/Ryu_Hyun-Jin	['1900', '1950']
Se Ri Pak	/wiki/Se_Ri_Pak	['1900', '1950']
Seol Ki-hyeon	/wiki/Seol_Ki-hyeon	['1900', '1950']
Sohn Kee-Chung	/wiki/Sohn_Kee-Chung	['1900', '1950']
Sun-Woo Kim	/wiki/Sun-Woo_Kim	['1900', '1950']
Lee Sang-hyeok	/wiki/Lee_Sang-hyeok	['1900', '1950']
Yoo Hyeong-jong	/wiki/Yoo_Hyeong-jong	['1900', '1950']
Korean people	/wiki/Korean_people	['1900', '1950']
