text	link	year
Anwar Fazal	/wiki/Anwar_Fazal	['1900', '1950']
Mazlan Othman	/wiki/Mazlan_Othman	['1900', '1950']
Sheikh Muszaphar Shukor	/wiki/Sheikh_Muszaphar_Shukor	['1900', '1950']
Faiz Khaleed	/wiki/Faiz_Khaleed	['1900', '1950']
Nasimuddin Amin	/wiki/Nasimuddin_Amin	['1900', '1950']
Syed Mokhtar Al-Bukhary	/wiki/Syed_Mokhtar_Al-Bukhary	['1900', '1950']
Halim Saad	/wiki/Halim_Saad	['1900', '1950']
Saleh Sulong	/wiki/Saleh_Sulong	['1900', '1950']
FD Iskandar	/wiki/FD_Iskandar	['1900', '1950']
Azman Hashim	/wiki/Azman_Hashim	['1900', '1950']
Nazir Razak	/wiki/Nazir_Razak	['1900', '1950']
Abdul Wahid Omar	/wiki/Abdul_Wahid_Omar	['1900', '1950']
Mokhzani Mahathir	/wiki/Mokhzani_Mahathir	['1900', '1950']
Norman Musa	/wiki/Norman_Musa	['1900', '1950']
Chef Wan	/wiki/Chef_Wan	['1900', '1950']
Muid Latif	/wiki/Muid_Latif	['1900', '1950']
Nor Aini Shariff	/wiki/Nor_Aini_Shariff	['1900', '1950']
Ashley Isham	/wiki/Ashley_Isham	['1900', '1950']
Shila Amzah	/wiki/Shila_Amzah	['1900', '1950']
Yuna	/wiki/Yuna_(singer)	['1900', '1950']
Aliff Aziz	/wiki/Aliff_Aziz	['1900', '1950']
Maria	/wiki/Maria_(Meria_Aires)	['1900', '1950']
Jamal Abdillah	/wiki/Jamal_Abdillah	['1900', '1950']
Sudirman Arshad	/wiki/Sudirman_Arshad	['1900', '1950']
Yasmin Ahmad	/wiki/Yasmin_Ahmad	['1900', '1950']
Taufik Batisah	/wiki/Taufik_Batisah	['1900', '1950']
Zul F	/wiki/Zul_F	['1900', '1950']
Erwin Gutawa	/wiki/Erwin_Gutawa	['1900', '1950']
Eqah	/wiki/Eqah	['1900', '1950']
Erra Fazira	/wiki/Erra_Fazira	['1900', '1950']
Sean Ghazi	/wiki/Sean_Ghazi	['1900', '1950']
Gita Gutawa	/wiki/Gita_Gutawa	['1900', '1950']
Nazril Irham	/wiki/Nazril_Irham	['1900', '1950']
Fauziah Latiff	/wiki/Fauziah_Latiff	['1900', '1950']
Sheila Majid	/wiki/Sheila_Majid	['1900', '1950']
Amy Mastura	/wiki/Amy_Mastura	['1900', '1950']
M. Nasir	/wiki/M._Nasir	['1900', '1950']
Noorhaqmal Mohamed Noor	/wiki/Noorhaqmal_Mohamed_Noor	['1900', '1950']
Siti Nurhaliza	/wiki/Siti_Nurhaliza	['1900', '1950']
Anuar Zain	/wiki/Anuar_Zain	['1900', '1950']
Aziz M. Osman	/wiki/Aziz_M._Osman	['1900', '1950']
Fasha Sandha	/wiki/Fasha_Sandha	['1900', '1950']
P. Ramlee	/wiki/P._Ramlee	['1900', '1950']
Aziz Sattar	/wiki/Aziz_Sattar	['1900', '1950']
Revalina Sayuthi Temat	/wiki/Revalina_Sayuthi_Temat	['1900', '1950']
Hill Zaini	/wiki/Hill_Zaini	['1900', '1950']
Pierre Andre	/wiki/Pierre_Andre	['1900', '1950']
Shaheizy Sam	/wiki/Shaheizy_Sam	['1900', '1950']
Aaron Aziz	/wiki/Aaron_Aziz	['1900', '1950']
Tunku Abdul Rahman	/wiki/Tunku_Abdul_Rahman	['1900', '1950']
Abdul Razak Hussein	/wiki/Abdul_Razak_Hussein	['1900', '1950']
Hussein Onn	/wiki/Hussein_Onn	['1900', '1950']
Mahathir Mohamad	/wiki/Mahathir_Mohamad	['1900', '1950']
Abdullah Ahmad Badawi	/wiki/Abdullah_Ahmad_Badawi	['1900', '1950']
Najib Razak	/wiki/Najib_Razak	['1900', '1950']
Sultan Ma'mun Al Rashid Perkasa Alamyah	/wiki/Sultan_Ma%27mun_Al_Rashid_Perkasa_Alamyah	['1900', '1950']
Mukhriz Mahathir	/wiki/Mukhriz_Mahathir	['1900', '1950']
Nik Abdul Aziz Nik Mat	/wiki/Nik_Abdul_Aziz_Nik_Mat	['1900', '1950']
Mohd Ali Rustam	/wiki/Mohd_Ali_Rustam	['1900', '1950']
Adnan Yaakob	/wiki/Adnan_Yaakob	['1900', '1950']
A. Samad Said	/wiki/A._Samad_Said	['1900', '1950']
Amir Muhammad	/wiki/Amir_Muhammad_(director)	['1900', '1950']
Amir Hamzah	/wiki/Amir_Hamzah	['1900', '1950']
Faisal Tehrani	/wiki/Faisal_Tehrani	['1900', '1950']
Huzir Sulaiman	/wiki/Huzir_Sulaiman	['1900', '1950']
Ishak Haji Muhammad	/wiki/Ishak_Haji_Muhammad	['1900', '1950']
Keris Mas	/wiki/Keris_Mas	['1900', '1950']
Lat	/wiki/Lat_(cartoonist)	['1900', '1950']
Munshi Abdullah	/wiki/Munshi_Abdullah	['1900', '1950']
Rehman Rashid	/wiki/Rehman_Rashid	['1900', '1950']
Saharil Hasrin Sanin	/wiki/Saharil_Hasrin_Sanin	['1900', '1950']
Shahnon Ahmad	/wiki/Shahnon_Ahmad	['1900', '1950']
Raja Ali Haji	/wiki/Raja_Ali_Haji	['1900', '1950']
Wan Azizah Wan Ismail	/wiki/Wan_Azizah_Wan_Ismail	['1900', '1950']
Anwar Ibrahim	/wiki/Anwar_Ibrahim	['1900', '1950']
Nizar Jamaluddin	/wiki/Nizar_Jamaluddin	['1900', '1950']
Abdul Hadi Awang	/wiki/Abdul_Hadi_Awang	['1900', '1950']
Fadzil Noor	/wiki/Fadzil_Noor	['1900', '1950']
Surin Pitsuwan	/wiki/Surin_Pitsuwan	['1900', '1950']
Hatta Rajasa	/wiki/Hatta_Rajasa	['1900', '1950']
Hamzah Haz	/wiki/Hamzah_Haz	['1900', '1950']
Abdul Somad	/wiki/Abdul_Somad	['1900', '1950']
Tuanku Sultan Otteman II	/wiki/Tuanku_Sultan_Otteman_II	['1900', '1950']
Sultan Ma'mun Al Rashid Perkasa Alamyah	/wiki/Sultan_Ma%27mun_Al_Rashid_Perkasa_Alamyah	['1900', '1950']
Sultan Ismail Petra	/wiki/Sultan_Ismail_Petra	['1900', '1950']
Prince Azim	/wiki/Prince_Azim	['1900', '1950']
Hafiz Hashim	/wiki/Hafiz_Hashim	['1900', '1950']
Roslin Hashim	/wiki/Roslin_Hashim	['1900', '1950']
Jalani Sidek	/wiki/Jalani_Sidek	['1900', '1950']
Misbun Sidek	/wiki/Misbun_Sidek	['1900', '1950']
Rashid Sidek	/wiki/Rashid_Sidek	['1900', '1950']
Razif Sidek	/wiki/Razif_Sidek	['1900', '1950']
Subkhiddin Mohd Salleh	/wiki/Subkhiddin_Mohd_Salleh	['1900', '1950']
Mokhtar Dahari	/wiki/Mokhtar_Dahari	['1900', '1950']
Akmal Rizal	/wiki/Akmal_Rizal	['1900', '1950']
Nazmi Faiz	/wiki/Nazmi_Faiz	['1900', '1950']
Azlan Iskandar	/wiki/Azlan_Iskandar	['1900', '1950']
Mohamed Fairuz Fauzy	/wiki/Mohamed_Fairuz_Fauzy	['1900', '1950']
Hafizh Syahrin	/wiki/Hafizh_Syahrin	['1900', '1950']
Zulfahmi Khairuddin	/wiki/Zulfahmi_Khairuddin	['1900', '1950']
Azizulhasni Awang	/wiki/Azizulhasni_Awang	['1900', '1950']
Fandi Ahmad	/wiki/Fandi_Ahmad	['1900', '1950']
Ibrahim Hussein	/wiki/Ibrahim_Hussein_(artist)	['1900', '1950']
Yusof Ghani	/wiki/Yusof_Ghani	['1900', '1950']
Ahmad Zakii Anwar	/wiki/Ahmad_Zakii_Anwar	['1900', '1950']
Adnan bin Saidi	/wiki/Adnan_bin_Saidi	['1915', '1942']
Syarif Masahor	/wiki/Syarif_Masahor	['1900', '1950']
Haji Abdul Rahman Limbong	/wiki/Haji_Abdul_Rahman_Limbong	['1900', '1950']
Dato' Bahaman	/wiki/Dato%27_Bahaman	['1900', '1950']
Kedayan	/wiki/Kedayan	['1900', '1950']
Acehnese people	/wiki/Acehnese_people	['1900', '1950']
Banjar people	/wiki/Banjar_people	['1900', '1950']
Batak	/wiki/Batak	['1900', '1950']
Mandailing people	/wiki/Mandailing_people	['1900', '1950']
Bugis	/wiki/Bugis	['1900', '1950']
Chams	/wiki/Chams	['1900', '1950']
Bawean	/wiki/Bawean	['1900', '1950']
Makassar	/wiki/Makassar	['1900', '1950']
Overseas Minangkabau	/wiki/Overseas_Minangkabau	['1900', '1950']
Kerinci people	/wiki/Kerinci_people	['1900', '1950']
Rawa	/wiki/Rawa_(tribe)	['1900', '1950']
Jawi Peranakan	/wiki/Jawi_Peranakan	['1900', '1950']
Chitty	/wiki/Chitty	['1900', '1950']
Peranakan	/wiki/Peranakan	['1900', '1950']
Kristang people	/wiki/Kristang_people	['1900', '1950']
Jakun people	/wiki/Jakun_people	['1900', '1950']
Orang Kanaq	/wiki/Orang_Kanaq	['1900', '1950']
Orang Laut	/wiki/Orang_Laut	['1900', '1950']
Orang Kuala	/wiki/Orang_Kuala	['1900', '1950']
Orang Seletar	/wiki/Orang_Seletar	['1900', '1950']
Semelai people	/wiki/Semelai_people	['1900', '1950']
Temoq people	/wiki/Temoq_people	['1900', '1950']
Temuan people	/wiki/Temuan_people	['1900', '1950']
Semang	/wiki/Semang	['1900', '1950']
Batek people	/wiki/Batek_people	['1900', '1950']
Lanoh people	/wiki/Lanoh_people	['1900', '1950']
Jahai people	/wiki/Jahai_people	['1900', '1950']
Kensiu	/wiki/Kensiu	['1900', '1950']
Kintaq	/wiki/Kintaq	['1900', '1950']
Mos language	/wiki/Mos_language	['1900', '1950']
Senoi	/wiki/Senoi	['1900', '1950']
Semai people	/wiki/Semai_people	['1900', '1950']
Mah Meri people	/wiki/Mah_Meri_people	['1900', '1950']
Cheq Wong people	/wiki/Cheq_Wong_people	['1900', '1950']
Temiar people	/wiki/Temiar_people	['1900', '1950']
Jah Hut people	/wiki/Jah_Hut_people	['1900', '1950']
Semaq Beri people	/wiki/Semaq_Beri_people	['1900', '1950']
Dayak people	/wiki/Dayak_people	['1900', '1950']
Bidayuh	/wiki/Bidayuh	['1900', '1950']
Bukitan people	/wiki/Bukitan_people	['1900', '1950']
Iban people	/wiki/Iban_people	['1900', '1950']
Selako people	/wiki/Selako_people	['1900', '1950']
Orang Ulu	/wiki/Orang_Ulu	['1900', '1950']
Kayan people	/wiki/Kayan_people_(Borneo)	['1900', '1950']
Kelabit people	/wiki/Kelabit_people	['1900', '1950']
Kenyah people	/wiki/Kenyah_people	['1900', '1950']
Lun Bawang	/wiki/Lun_Bawang	['1900', '1950']
Penan people	/wiki/Penan_people	['1900', '1950']
Punan Bah people	/wiki/Punan_Bah_people	['1900', '1950']
Sa'ban people	/wiki/Sa%27ban_people	['1900', '1950']
Ukit people	/wiki/Ukit_people	['1900', '1950']
Bisaya	/wiki/Bisaya_(Borneo)	['1900', '1950']
Bisaya	/wiki/Bisaya_(Borneo)	['1900', '1950']
Melanau people	/wiki/Melanau_people	['1900', '1950']
Kadazan-Dusun	/wiki/Kadazan-Dusun	['1900', '1950']
Dumpas	/wiki/Dumpas	['1900', '1950']
Dusun people	/wiki/Dusun_people	['1900', '1950']
Ida'an	/wiki/Ida%27an	['1900', '1950']
Kadazan people	/wiki/Kadazan_people	['1900', '1950']
Kwijau	/wiki/Kwijau	['1900', '1950']
Lotud	/wiki/Lotud	['1900', '1950']
Mangka'ak	/wiki/Mangka%27ak	['1900', '1950']
Maragang	/wiki/Maragang	['1900', '1950']
Minokok	/wiki/Minokok	['1900', '1950']
Orang Sungai	/wiki/Orang_Sungai	['1900', '1950']
Rumanau people	/wiki/Rumanau_people	['1900', '1950']
Rungus people	/wiki/Rungus_people	['1900', '1950']
Tambanuo people	/wiki/Tambanuo_people	['1900', '1950']
Sama-Bajau	/wiki/Sama-Bajau	['1900', '1950']
Bisaya	/wiki/Bisaya_(Borneo)	['1900', '1950']
Iranun people	/wiki/Iranun_people	['1900', '1950']
Lun Bawang	/wiki/Lun_Bawang	['1900', '1950']
Murut people	/wiki/Murut_people	['1900', '1950']
Tausūg people	/wiki/Taus%C5%ABg_people	['1900', '1950']
Tidong people	/wiki/Tidong_people	['1900', '1950']
Hoklo people	/wiki/Hoklo_people	['1900', '1950']
Cantonese people	/wiki/Cantonese_people	['1900', '1950']
Hakka people	/wiki/Hakka_people	['1900', '1950']
Hainan people	/wiki/Hainan_people	['1900', '1950']
Teochew people	/wiki/Teochew_people	['1900', '1950']
Fuzhou people	/wiki/Fuzhou_people	['1900', '1950']
Putian people	/wiki/Putian_people	['1900', '1950']
Penangite Chinese	/wiki/Penangite_Chinese	['1900', '1950']
Punjabis	/wiki/Punjabis	['1900', '1950']
Overseas Chinese	/wiki/Overseas_Chinese#Malaysia	['1900', '1950']
