text	link	year
Pierre Bruneau	/wiki/Pierre_Bruneau_(journalist)	['1900', '1950']
Nathalie Chung	/wiki/Nathalie_Chung	['1900', '1950']
Bernard Derome	/wiki/Bernard_Derome	['1900', '1950']
Simon Durivage	/wiki/Simon_Durivage	['1900', '1950']
Céline Galipeau	/wiki/C%C3%A9line_Galipeau	['1900', '1950']
Bill Haugland	/wiki/Bill_Haugland	['1900', '1950']
Jean-Luc Mongrain	/wiki/Jean-Luc_Mongrain	['1900', '1950']
Pascale Nadeau	/wiki/Pascale_Nadeau	['1900', '1950']
Mutsumi Takahashi	/wiki/Mutsumi_Takahashi	['1900', '1950']
Sophie Thibault	/wiki/Sophie_Thibault	['1900', '1950']
Dennis Trudeau	/wiki/Dennis_Trudeau	['1900', '1950']
Todd van der Heyden	/wiki/Todd_van_der_Heyden	['1900', '1950']
Denys Arcand	/wiki/Denys_Arcand	['1900', '1950']
Paul Arcand	/wiki/Paul_Arcand	['1900', '1950']
Gilles Archambault	/wiki/Gilles_Archambault	['1900', '1950']
André Arthur	/wiki/Andr%C3%A9_Arthur	['1900', '1950']
Eva Avila	/wiki/Eva_Avila	['1900', '1950']
Rachid Badouri	/wiki/Rachid_Badouri	['1900', '1950']
René Balcer	/wiki/Ren%C3%A9_Balcer	['1900', '1950']
Raoul Barré	/wiki/Raoul_Barr%C3%A9	['1900', '1950']
Michel Barrette	/wiki/Michel_Barrette	['1900', '1950']
Jay Baruchel	/wiki/Jay_Baruchel	['1900', '1950']
Victor-Lévy Beaulieu	/wiki/Victor-L%C3%A9vy_Beaulieu	['1900', '1950']
Daniel Bélanger	/wiki/Daniel_B%C3%A9langer	['1900', '1950']
Marie-Claire Blais	/wiki/Marie-Claire_Blais	['1900', '1950']
Paul Bley	/wiki/Paul_Bley	['1900', '1950']
Lothaire Bluteau	/wiki/Lothaire_Bluteau	['1900', '1950']
Nage	/wiki/Nage	['1900', '1950']
La Bolduc	/wiki/La_Bolduc	['1900', '1950']
Paul-Émile Borduas	/wiki/Paul-%C3%89mile_Borduas	['1900', '1950']
Isabelle Boulay	/wiki/Isabelle_Boulay	['1900', '1950']
Gerry Boulet	/wiki/Gerry_Boulet	['1900', '1950']
Pierre Bouvier	/wiki/Pierre_Bouvier	['1900', '1950']
Glenda Braganza	/wiki/Glenda_Braganza	['1900', '1950']
Michel Brault	/wiki/Michel_Brault	['1900', '1950']
Geneviève Bujold	/wiki/Genevi%C3%A8ve_Bujold	['1900', '1950']
Pascale Bussières	/wiki/Pascale_Bussi%C3%A8res	['1900', '1950']
Win Butler	/wiki/Win_Butler	['1900', '1950']
Roch Carrier	/wiki/Roch_Carrier	['1900', '1950']
Charles Carson	/wiki/Charles_Carson_(painter)	['1900', '1950']
Robert Charlebois	/wiki/Robert_Charlebois	['1900', '1950']
Régine Chassagne	/wiki/R%C3%A9gine_Chassagne	['1900', '1950']
Coeur de Pirate	/wiki/Coeur_de_Pirate	['1900', '1950']
Leonard Cohen	/wiki/Leonard_Cohen	['1900', '1950']
Marie-Josée Croze	/wiki/Marie-Jos%C3%A9e_Croze	['1900', '1950']
Peter Cullen	/wiki/Peter_Cullen	['1900', '1950']
Elisha Cuthbert	/wiki/Elisha_Cuthbert	['1900', '1950']
Sylvia Daoust	/wiki/Sylvia_Daoust	['1900', '1950']
Charles Daudelin	/wiki/Charles_Daudelin	['1900', '1950']
Esther Delisle	/wiki/Esther_Delisle	['1900', '1950']
Yvon Deschamps	/wiki/Yvon_Deschamps	['1900', '1950']
Celine Dion	/wiki/Celine_Dion	['1900', '1950']
Georges Dor	/wiki/Georges_Dor	['1900', '1950']
Hélène Dorion	/wiki/H%C3%A9l%C3%A8ne_Dorion	['1900', '1950']
Fifi D'Orsay	/wiki/Fifi_D%27Orsay	['1900', '1950']
Jean Duceppe	/wiki/Jean_Duceppe	['1900', '1950']
Louis Dudek	/wiki/Louis_Dudek	['1900', '1950']
Diane Dufresne	/wiki/Diane_Dufresne	['1900', '1950']
Roy Dupuis	/wiki/Roy_Dupuis	['1900', '1950']
Marcelle Ferron	/wiki/Marcelle_Ferron	['1900', '1950']
Jennifer Finnigan	/wiki/Jennifer_Finnigan	['1900', '1950']
Serge Fiori	/wiki/Serge_Fiori	['1900', '1950']
Glenn Ford	/wiki/Glenn_Ford	['1900', '1950']
Garou	/wiki/Garou_(singer)	['1900', '1950']
Mitsou	/wiki/Mitsou	['1900', '1950']
Jean-Claude Germain	/wiki/Jean-Claude_Germain	['1900', '1950']
Huntley Gordon	/wiki/Huntley_Gordon	['1900', '1950']
Pierre Granche	/wiki/Pierre_Granche	['1900', '1950']
Bruce Greenwood	/wiki/Bruce_Greenwood	['1900', '1950']
Sylvain Grenier	/wiki/Sylvain_Grenier	['1900', '1950']
Anne Hébert	/wiki/Anne_H%C3%A9bert	['1900', '1950']
Prudence Heward	/wiki/Prudence_Heward	['1900', '1950']
Pierre Jalbert	/wiki/Pierre_Jalbert	['1900', '1950']
Will James	/wiki/Will_James_(artist)	['1900', '1950']
René Jodoin	/wiki/Ren%C3%A9_Jodoin	['1900', '1950']
Oliver Jones	/wiki/Oliver_Jones_(pianist)	['1900', '1950']
Claude Jutra	/wiki/Claude_Jutra	['1900', '1950']
Florence La Badie	/wiki/Florence_La_Badie	['1900', '1950']
Éric Lapointe	/wiki/%C3%89ric_Lapointe_(singer)	['1900', '1950']
Pierre Lapointe	/wiki/Pierre_Lapointe	['1900', '1950']
Stéphanie Lapointe	/wiki/St%C3%A9phanie_Lapointe	['1900', '1950']
Carole Laure	/wiki/Carole_Laure	['1900', '1950']
Lucie Laurier	/wiki/Lucie_Laurier	['1900', '1950']
Daniel Lavoie	/wiki/Daniel_Lavoie	['1900', '1950']
Louise Lecavalier	/wiki/Louise_Lecavalier	['1900', '1950']
Félix Leclerc	/wiki/F%C3%A9lix_Leclerc	['1900', '1950']
Jean Leloup	/wiki/Jean_Leloup	['1900', '1950']
XQc	/wiki/XQc	['1900', '1950']
Robert Lepage	/wiki/Robert_Lepage	['1900', '1950']
Édouard Lock	/wiki/%C3%89douard_Lock	['1900', '1950']
Norm Macdonald	/wiki/Norm_Macdonald	['1900', '1950']
Marie-Mai	/wiki/Marie-Mai	['1900', '1950']
Marilou	/wiki/Marilou	['1900', '1950']
André Mathieu	/wiki/Andr%C3%A9_Mathieu	['1900', '1950']
Norman McLaren	/wiki/Norman_McLaren	['1900', '1950']
Guido Molinari	/wiki/Guido_Molinari	['1900', '1950']
Edythe Morahan de Lauzon	/wiki/Edythe_Morahan_de_Lauzon	['1900', '1950']
Jean-Paul Mousseau	/wiki/Jean-Paul_Mousseau	['1900', '1950']
Ben Mulroney	/wiki/Ben_Mulroney	['1900', '1950']
Émile Nelligan	/wiki/%C3%89mile_Nelligan	['1900', '1950']
Maryse Ouellet	/wiki/Maryse_Ouellet	['1900', '1950']
P. Reign	/wiki/P._Reign	['1900', '1950']
Kevin Parent	/wiki/Kevin_Parent	['1900', '1950']
Bruno Pelletier	/wiki/Bruno_Pelletier	['1900', '1950']
Pierre Perrault	/wiki/Pierre_Perrault	['1900', '1950']
Oscar Peterson	/wiki/Oscar_Peterson	['1900', '1950']
Luc Plamondon	/wiki/Luc_Plamondon	['1900', '1950']
Mordecai Richler	/wiki/Mordecai_Richler	['1900', '1950']
Jean-Paul Riopelle	/wiki/Jean-Paul_Riopelle	['1900', '1950']
Michel Rivard	/wiki/Michel_Rivard	['1900', '1950']
Michael Sarrazin	/wiki/Michael_Sarrazin	['1900', '1950']
Anne Savage	/wiki/Anne_Savage_(artist)	['1900', '1950']
Mack Sennett	/wiki/Mack_Sennett	['1900', '1950']
William Shatner	/wiki/William_Shatner	['1900', '1950']
Douglas Shearer	/wiki/Douglas_Shearer	['1900', '1950']
Norma Shearer	/wiki/Norma_Shearer	['1900', '1950']
René Simard	/wiki/Ren%C3%A9_Simard	['1900', '1950']
Devon Soltendieck	/wiki/Devon_Soltendieck	['1900', '1950']
Eva Tanguay	/wiki/Eva_Tanguay	['1900', '1950']
Miyuki Tanobe	/wiki/Miyuki_Tanobe	['1900', '1950']
Marie-Élaine Thibert	/wiki/Marie-%C3%89laine_Thibert	['1900', '1950']
Michel Tremblay	/wiki/Michel_Tremblay	['1900', '1950']
Roland Michel Tremblay	/wiki/Roland_Michel_Tremblay	['1900', '1950']
Armand Vaillancourt	/wiki/Armand_Vaillancourt	['1900', '1950']
Pierre Vallières	/wiki/Pierre_Valli%C3%A8res	['1900', '1950']
Gino Vannelli	/wiki/Gino_Vannelli	['1900', '1950']
Gilles Vigneault	/wiki/Gilles_Vigneault	['1900', '1950']
Annie Villeneuve	/wiki/Annie_Villeneuve	['1900', '1950']
Arthur Villeneuve	/wiki/Arthur_Villeneuve	['1900', '1950']
Andrée Watters	/wiki/Andr%C3%A9e_Watters	['1900', '1950']
Hal Willis	/wiki/Hal_Willis_(singer)	['1900', '1950']
H. Montagu Allan	/wiki/H._Montagu_Allan	['1900', '1950']
Hugh Allan	/wiki/Hugh_Allan	['1900', '1950']
Laurent Beaudoin	/wiki/Laurent_Beaudoin	['1900', '1950']
Conrad Black	/wiki/Conrad_Black	['1900', '1950']
Charles Bronfman	/wiki/Charles_Bronfman	['1900', '1950']
Edgar Bronfman, Sr.	/wiki/Edgar_Bronfman,_Sr.	['1900', '1950']
Samuel Bronfman	/wiki/Samuel_Bronfman	['1900', '1950']
Donald J. Carty	/wiki/Donald_J._Carty	['1900', '1950']
André Chagnon	/wiki/Andr%C3%A9_Chagnon	['1900', '1950']
Thomas Cleeve	/wiki/Thomas_Cleeve	['1900', '1950']
Jean Coutu	/wiki/Jean_Coutu_(pharmacist)	['1900', '1950']
Alphonse Desjardins	/wiki/Alphonse_Desjardins_(co-operator)	['1900', '1950']
Marie-Josée Drouin	/wiki/Marie-Jos%C3%A9e_Drouin	['1900', '1950']
Alexander Galt	/wiki/Alexander_Galt	['1900', '1950']
Mitch Garber	/wiki/Mitch_Garber	['1900', '1950']
Guy Laliberté	/wiki/Guy_Lalibert%C3%A9	['1900', '1950']
Bernard Lemaire	/wiki/Bernard_Lemaire	['1900', '1950']
Jean-Louis Lévesque	/wiki/Jean-Louis_L%C3%A9vesque	['1900', '1950']
William Christoper Macdonald	/wiki/William_Christoper_Macdonald	['1900', '1950']
John Wilson McConnell	/wiki/John_Wilson_McConnell	['1900', '1950']
James McGill	/wiki/James_McGill	['1900', '1950']
Hartland Molson	/wiki/Hartland_Molson	['1900', '1950']
John Molson	/wiki/John_Molson	['1900', '1950']
Pierre Péladeau	/wiki/Pierre_P%C3%A9ladeau	['1900', '1950']
John Redpath	/wiki/John_Redpath	['1900', '1950']
Denis Stairs	/wiki/Denis_Stairs_(engineer)	['1900', '1950']
Sam Steinberg	/wiki/Sam_Steinberg	['1900', '1950']
Donald Tarlton	/wiki/Donald_Tarlton	['1900', '1950']
Colin Webster	/wiki/Colin_Webster	['1900', '1950']
John Abbott	/wiki/John_Abbott	['1900', '1950']
Adrien Arcand	/wiki/Adrien_Arcand	['1900', '1950']
André Boisclair	/wiki/Andr%C3%A9_Boisclair	['1900', '1950']
Lucien Bouchard	/wiki/Lucien_Bouchard	['1900', '1950']
Andrée Boucher	/wiki/Andr%C3%A9e_Boucher	['1900', '1950']
Henri Bourassa	/wiki/Henri_Bourassa	['1900', '1950']
Robert Bourassa	/wiki/Robert_Bourassa	['1900', '1950']
Pierre Bourgault	/wiki/Pierre_Bourgault	['1900', '1950']
George-Étienne Cartier	/wiki/George-%C3%89tienne_Cartier	['1900', '1950']
Thérèse Casgrain	/wiki/Th%C3%A9r%C3%A8se_Casgrain	['1900', '1950']
Jean Charest	/wiki/Jean_Charest	['1900', '1950']
Jean Chrétien	/wiki/Jean_Chr%C3%A9tien	['1900', '1950']
Irwin Cotler	/wiki/Irwin_Cotler	['1900', '1950']
Jean Drapeau	/wiki/Jean_Drapeau	['1900', '1950']
Pierre Ducasse	/wiki/Pierre_Ducasse	['1900', '1950']
Gilles Duceppe	/wiki/Gilles_Duceppe	['1900', '1950']
Maurice Duplessis	/wiki/Maurice_Duplessis	['1900', '1950']
Ludger Duvernay	/wiki/Ludger_Duvernay	['1900', '1950']
Francis Fox	/wiki/Francis_Fox	['1900', '1950']
Lomer Gouin	/wiki/Lomer_Gouin	['1900', '1950']
Michaëlle Jean	/wiki/Micha%C3%ABlle_Jean	['1900', '1950']
Daniel Johnson, Sr.	/wiki/Daniel_Johnson,_Sr.	['1900', '1950']
Régis Labeaume	/wiki/R%C3%A9gis_Labeaume	['1900', '1950']
Louis-Hippolyte Lafontaine	/wiki/Louis-Hippolyte_Lafontaine	['1900', '1950']
Bernard Landry	/wiki/Bernard_Landry	['1900', '1950']
Hector-Louis Langevin	/wiki/Hector-Louis_Langevin	['1900', '1950']
Pierre Laporte	/wiki/Pierre_Laporte	['1900', '1950']
Wilfrid Laurier	/wiki/Wilfrid_Laurier	['1900', '1950']
Jean Lesage	/wiki/Jean_Lesage	['1900', '1950']
René Lévesque	/wiki/Ren%C3%A9_L%C3%A9vesque	['1900', '1950']
John Lynch-Staunton	/wiki/John_Lynch-Staunton	['1900', '1950']
Sean Patrick Maloney	/wiki/Sean_Patrick_Maloney	['1900', '1950']
Pauline Marois	/wiki/Pauline_Marois	['1900', '1950']
Thomas D'Arcy McGee	/wiki/Thomas_D%27Arcy_McGee	['1900', '1950']
Honoré Mercier	/wiki/Honor%C3%A9_Mercier	['1900', '1950']
Yves Michaud	/wiki/Yves_Michaud	['1900', '1950']
Brian Mulroney	/wiki/Brian_Mulroney	['1900', '1950']
John Neilson	/wiki/John_Neilson	['1900', '1950']
Robert Nelson	/wiki/Robert_Nelson_(insurrectionist)	['1900', '1950']
Wolfred Nelson	/wiki/Wolfred_Nelson	['1900', '1950']
Edmund Bailey O'Callaghan	/wiki/Edmund_Bailey_O%27Callaghan	['1900', '1950']
Louis-Joseph Papineau	/wiki/Louis-Joseph_Papineau	['1900', '1950']
Jacques Parizeau	/wiki/Jacques_Parizeau	['1900', '1950']
Claude Ryan	/wiki/Claude_Ryan	['1900', '1950']
Louis Stephen St-Laurent	/wiki/Louis_Stephen_St-Laurent	['1900', '1950']
Étienne-Paschal Taché	/wiki/%C3%89tienne-Paschal_Tach%C3%A9	['1900', '1950']
Louis-Alexandre Taschereau	/wiki/Louis-Alexandre_Taschereau	['1900', '1950']
Daniel Tracey	/wiki/Daniel_Tracey	['1900', '1950']
Pierre Elliott Trudeau	/wiki/Pierre_Elliott_Trudeau	['1900', '1950']
Sidney Altman	/wiki/Sidney_Altman	['1900', '1950']
Pierre Dansereau	/wiki/Pierre_Dansereau	['1900', '1950']
Paul David	/wiki/Paul_David	['1900', '1950']
George Mercer Dawson	/wiki/George_Mercer_Dawson	['1900', '1950']
Reginald Fessenden	/wiki/Reginald_Fessenden	['1900', '1950']
Armand Frappier	/wiki/Armand_Frappier	['1900', '1950']
Marc Garneau	/wiki/Marc_Garneau	['1900', '1950']
David H. Levy	/wiki/David_H._Levy	['1900', '1950']
William Edmond Logan	/wiki/William_Edmond_Logan	['1900', '1950']
Rudolph A. Marcus	/wiki/Rudolph_A._Marcus	['1900', '1950']
Henry Morgentaler	/wiki/Henry_Morgentaler	['1900', '1950']
Julie Payette	/wiki/Julie_Payette	['1900', '1950']
Wilder Penfield	/wiki/Wilder_Penfield	['1900', '1950']
Simon Plouffe	/wiki/Simon_Plouffe	['1900', '1950']
Hubert Reeves	/wiki/Hubert_Reeves	['1900', '1950']
Hans Selye	/wiki/Hans_Selye	['1900', '1950']
Henri Wittmann	/wiki/Henri_Wittmann	['1900', '1950']
David Saint-Jacques	/wiki/David_Saint-Jacques	['1900', '1950']
Jennifer Abel	/wiki/Jennifer_Abel	['1900', '1950']
Jasey-Jay Anderson	/wiki/Jasey-Jay_Anderson	['1900', '1950']
Sebastien Toutant	/wiki/Sebastien_Toutant	['1900', '1950']
Joel Anthony	/wiki/Joel_Anthony	['1900', '1950']
Alex Anthopoulos	/wiki/Alex_Anthopoulos	['1900', '1950']
Myriam Bédard	/wiki/Myriam_B%C3%A9dard	['1900', '1950']
Josée Bélanger	/wiki/Jos%C3%A9e_B%C3%A9langer	['1900', '1950']
Tanith Belbin	/wiki/Tanith_Belbin	['1900', '1950']
Jean Béliveau	/wiki/Jean_B%C3%A9liveau	['1900', '1950']
Chris Benoît	/wiki/Chris_Beno%C3%AEt	['1900', '1950']
Mike Bossy	/wiki/Mike_Bossy	['1900', '1950']
Eugenie Bouchard	/wiki/Eugenie_Bouchard	['1900', '1950']
Gaétan Boucher	/wiki/Ga%C3%A9tan_Boucher	['1900', '1950']
Ray Bourque	/wiki/Ray_Bourque	['1900', '1950']
Patrice Bergeron-Cleary	/wiki/Patrice_Bergeron-Cleary	['1900', '1950']
Adam Braz	/wiki/Adam_Braz	['1981', '2025']
Martin Brodeur	/wiki/Martin_Brodeur	['1900', '1950']
Marc-Olivier Brouillette	/wiki/Marc-Olivier_Brouillette	['1900', '1950']
Hy Buller	/wiki/Hy_Buller	['1926', '1968']
Dayana Cadeau	/wiki/Dayana_Cadeau	['1900', '1950']
Gabrielle Carle	/wiki/Gabrielle_Carle	['1900', '1950']
Patrick Carpentier	/wiki/Patrick_Carpentier	['1900', '1950']
Samuel Dalembert	/wiki/Samuel_Dalembert	['1900', '1950']
Jason Demers	/wiki/Jason_Demers	['1988', '2025']
Éric Desjardins	/wiki/%C3%89ric_Desjardins	['1900', '1950']
Étienne Desmarteau	/wiki/%C3%89tienne_Desmarteau	['1900', '1950']
Alexandre Despatie	/wiki/Alexandre_Despatie	['1900', '1950']
Marcel Dionne	/wiki/Marcel_Dionne	['1900', '1950']
Steve Dubinsky	/wiki/Steve_Dubinsky	['1970', '2025']
Marc-André Fleury	/wiki/Marc-Andr%C3%A9_Fleury	['1900', '1950']
Gottfried Fuchs	/wiki/Gottfried_Fuchs	['1889', '1972']
Éric Gagné	/wiki/%C3%89ric_Gagn%C3%A9	['1900', '1950']
Marc Gagnon	/wiki/Marc_Gagnon	['1900', '1950']
Arturo Gatti	/wiki/Arturo_Gatti	['1900', '1950']
Bernie Geoffrion	/wiki/Bernie_Geoffrion	['1900', '1950']
Doug Harvey	/wiki/Doug_Harvey_(ice_hockey)	['1900', '1950']
Émilie Heymans	/wiki/%C3%89milie_Heymans	['1900', '1950']
Alex Hilton	/wiki/Alex_Hilton	['1900', '1950']
Dave Hilton, Jr.	/wiki/Dave_Hilton,_Jr.	['1900', '1950']
Matthew Hilton	/wiki/Matthew_Hilton_(boxer)	['1900', '1950']
Guy Lafleur	/wiki/Guy_Lafleur	['1900', '1950']
Sébastien Lareau	/wiki/S%C3%A9bastien_Lareau	['1900', '1950']
René Lecavalier	/wiki/Ren%C3%A9_Lecavalier	['1900', '1950']
Vincent Lecavalier	/wiki/Vincent_Lecavalier	['1900', '1950']
Cathy LeFrançois	/wiki/Cathy_LeFran%C3%A7ois	['1900', '1950']
Mario Lemieux	/wiki/Mario_Lemieux	['1900', '1950']
Kris Letang	/wiki/Kris_Letang	['1900', '1950']
Roberto Luongo	/wiki/Roberto_Luongo	['1900', '1950']
Joe Malone	/wiki/Joe_Malone_(ice_hockey)	['1900', '1950']
Rick Martel	/wiki/Rick_Martel	['1900', '1950']
Rick Martin	/wiki/Rick_Martin	['1900', '1950']
Russell Martin	/wiki/Russell_Martin	['1900', '1950']
Marie-Eve Nault	/wiki/Marie-Eve_Nault	['1900', '1950']
Maryse Ouellet	/wiki/Maryse_Ouellet	['1900', '1950']
Kevin Owens	/wiki/Kevin_Owens	['1900', '1950']
Cory Pecker	/wiki/Cory_Pecker	['1981', '2025']
Gilbert Perreault	/wiki/Gilbert_Perreault	['1900', '1950']
Chantal Petitclerc	/wiki/Chantal_Petitclerc	['1900', '1950']
Rocco Placentino	/wiki/Rocco_Placentino	['1900', '1950']
Jacques Plante	/wiki/Jacques_Plante	['1900', '1950']
Manon Rhéaume	/wiki/Manon_Rh%C3%A9aume	['1900', '1950']
Henri Richard	/wiki/Henri_Richard	['1900', '1950']
Maurice Richard	/wiki/Maurice_Richard	['1900', '1950']
René Robert	/wiki/Ren%C3%A9_Robert	['1900', '1950']
Yvon Robert	/wiki/Yvon_Robert	['1900', '1950']
Jacques Rougeau	/wiki/Jacques_Rougeau	['1900', '1950']
Patrick Roy	/wiki/Patrick_Roy	['1900', '1950']
Martin St. Louis	/wiki/Martin_St._Louis	['1900', '1950']
Lance Stroll	/wiki/Lance_Stroll	['1900', '1950']
Georges St-Pierre	/wiki/Georges_St-Pierre	['1900', '1950']
Ronnie Stern	/wiki/Ronnie_Stern	['1967', '2025']
Donald Theetge	/wiki/Donald_Theetge	['1900', '1950']
José Théodore	/wiki/Jos%C3%A9_Th%C3%A9odore	['1900', '1950']
Maurice Vachon	/wiki/Maurice_Vachon	['1900', '1950']
Gilles Villeneuve	/wiki/Gilles_Villeneuve	['1900', '1950']
Jacques Villeneuve	/wiki/Jacques_Villeneuve	['1900', '1950']
Edson Warner	/wiki/Edson_Warner	['1900', '1950']
Rhian Wilkinson	/wiki/Rhian_Wilkinson	['1900', '1950']
Bernie Wolfe	/wiki/Bernie_Wolfe_(hockey)	['1951', '2025']
Gump Worsley	/wiki/Gump_Worsley	['1900', '1950']
Aleksandra Wozniak	/wiki/Aleksandra_Wozniak	['1900', '1950']
Larry Zeidel	/wiki/Larry_Zeidel	['1928', '2014']
Louise Arbour	/wiki/Louise_Arbour	['1900', '1950']
André Bessette	/wiki/Andr%C3%A9_Bessette	['1900', '1950']
Henri Raymond Casgrain	/wiki/Henri_Raymond_Casgrain	['1900', '1950']
Michel Chartrand	/wiki/Michel_Chartrand	['1900', '1950']
George Comer	/wiki/George_Comer	['1900', '1950']
Ernest Cormier	/wiki/Ernest_Cormier	['1900', '1950']
Aurélie Crépeau	/wiki/Aur%C3%A9lie_Cr%C3%A9peau	['1900', '1950']
Louis Cyr	/wiki/Louis_Cyr	['1900', '1950']
Northrop Frye	/wiki/Northrop_Frye	['1900', '1950']
Lionel Groulx	/wiki/Lionel_Groulx	['1900', '1950']
René Marc Jalbert	/wiki/Ren%C3%A9_Marc_Jalbert	['1900', '1950']
Louis Joliet	/wiki/Louis_Joliet	['1900', '1950']
Jean-Baptiste Kelly	/wiki/Jean-Baptiste_Kelly	['1900', '1950']
Antoine Labelle	/wiki/Antoine_Labelle	['1900', '1950']
Paul-Émile Léger	/wiki/Paul-%C3%89mile_L%C3%A9ger	['1900', '1950']
Lyse Lemieux	/wiki/Lyse_Lemieux	['1900', '1950']
René Lepage de Ste-Claire	/wiki/Ren%C3%A9_Lepage_de_Ste-Claire	['1900', '1950']
Bernard Lonergan	/wiki/Bernard_Lonergan	['1900', '1950']
Simon Mailloux	/wiki/Simon_Mailloux	['1900', '1950']
Jos Montferrand	/wiki/Jos_Montferrand	['1900', '1950']
Édouard Montpetit	/wiki/%C3%89douard_Montpetit	['1900', '1950']
Bruno Pauletto	/wiki/Bruno_Pauletto	['1900', '1950']
Mélanie Paquin	/wiki/M%C3%A9lanie_Paquin	['1900', '1950']
Pacifique Plante	/wiki/Pacifique_Plante	['1900', '1950']
Joseph-Octave Plessis	/wiki/Joseph-Octave_Plessis	['1900', '1950']
Roméo Sabourin	/wiki/Rom%C3%A9o_Sabourin	['1900', '1950']
Charles de Salaberry	/wiki/Charles_de_Salaberry	['1900', '1950']
Template:Canada topic	/wiki/Template:Canada_topic	['1900', '1950']
Template talk:Canada topic	/wiki/Template_talk:Canada_topic	['1900', '1950']
First Nations	/wiki/First_Nations	['1900', '1950']
Inuit	/wiki/Inuit	['1900', '1950']
Eritrean Canadians	/wiki/Eritrean_Canadians	['1900', '1950']
Ethiopian Canadians	/wiki/Ethiopian_Canadians	['1900', '1950']
Somali Canadians	/wiki/Somali_Canadians	['1900', '1950']
Arab Canadians	/wiki/Arab_Canadians	['1900', '1950']
Algerian Canadians	/wiki/Algerian_Canadians	['1900', '1950']
Egyptian Canadians	/wiki/Egyptian_Canadians	['1900', '1950']
Libyan Canadians	/wiki/Libyan_Canadians	['1900', '1950']
Moroccan Canadians	/wiki/Moroccan_Canadians	['1900', '1950']
Sudanese Canadians	/wiki/Sudanese_Canadians	['1900', '1950']
Tunisian Canadians	/wiki/Tunisian_Canadians	['1900', '1950']
Berber Canadians	/wiki/Berber_Canadians	['1900', '1950']
Coptic Canadians	/wiki/Coptic_Canadians	['1900', '1950']
South Sudanese Canadians	/wiki/South_Sudanese_Canadians	['1900', '1950']
South African Canadians	/wiki/South_African_Canadians	['1900', '1950']
Zimbabwean Canadians	/wiki/Zimbabwean_Canadians	['1900', '1950']
Cape Verdean Canadians	/wiki/Cape_Verdean_Canadians	['1900', '1950']
Ghanaian Canadians	/wiki/Ghanaian_Canadians	['1900', '1950']
Nigerian Canadians	/wiki/Nigerian_Canadians	['1900', '1950']
Igbo Canadians	/wiki/Igbo_Canadians	['1900', '1950']
Yoruba Canadians	/wiki/Yoruba_Canadians	['1900', '1950']
American Canadians	/wiki/American_Canadians	['1900', '1950']
Anglo-Americans	/wiki/Anglo-Americans	['1900', '1950']
Mexican Canadians	/wiki/Mexican_Canadians	['1900', '1950']
Barbadian Canadians	/wiki/Barbadian_Canadians	['1900', '1950']
Cuban Canadians	/wiki/Cuban_Canadians	['1900', '1950']
Guyanese Canadians	/wiki/Guyanese_Canadians	['1900', '1950']
Haitian Canadians	/wiki/Haitian_Canadians	['1900', '1950']
Jamaican Canadians	/wiki/Jamaican_Canadians	['1900', '1950']
Trinidadian and Tobagonian Canadians	/wiki/Trinidadian_and_Tobagonian_Canadians	['1900', '1950']
Argentine Canadians	/wiki/Argentine_Canadians	['1900', '1950']
Brazilian Canadians	/wiki/Brazilian_Canadians	['1900', '1950']
Chilean Canadians	/wiki/Chilean_Canadians	['1900', '1950']
Colombian Canadians	/wiki/Colombian_Canadians	['1900', '1950']
Cuban Canadians	/wiki/Cuban_Canadians	['1900', '1950']
Peruvian Canadians	/wiki/Peruvian_Canadians	['1900', '1950']
Salvadoran Canadians	/wiki/Salvadoran_Canadians	['1900', '1950']
Uruguayan Canadians	/wiki/Uruguayan_Canadians	['1900', '1950']
Venezuelan Canadians	/wiki/Venezuelan_Canadians	['1900', '1950']
Kazakh Canadians	/wiki/Kazakh_Canadians	['1900', '1950']
Tajik Canadians	/wiki/Tajik_Canadians	['1900', '1950']
Uzbek Canadians	/wiki/Uzbek_Canadians	['1900', '1950']
Chinese Canadians	/wiki/Chinese_Canadians	['1900', '1950']
Tibetan Canadians	/wiki/Tibetan_Canadians	['1900', '1950']
Hong Kong Canadians	/wiki/Hong_Kong_Canadians	['1900', '1950']
Japanese Canadians	/wiki/Japanese_Canadians	['1900', '1950']
Korean Canadians	/wiki/Korean_Canadians	['1900', '1950']
Mongolian Canadians	/wiki/Mongolian_Canadians	['1900', '1950']
Taiwanese Canadians	/wiki/Taiwanese_Canadians	['1900', '1950']
Bangladeshi Canadians	/wiki/Bangladeshi_Canadians	['1900', '1950']
Indo-Canadians	/wiki/Indo-Canadians	['1900', '1950']
Anglo-Indian Canadians	/wiki/Anglo-Indian_Canadians	['1900', '1950']
Tamil Canadians	/wiki/Tamil_Canadians	['1900', '1950']
Nepalese Canadians	/wiki/Nepalese_Canadians	['1900', '1950']
Pakistani Canadians	/wiki/Pakistani_Canadians	['1900', '1950']
Sri Lankan Canadians	/wiki/Sri_Lankan_Canadians	['1900', '1950']
Tamil Canadians	/wiki/Tamil_Canadians	['1900', '1950']
Cambodian Canadians	/wiki/Cambodian_Canadians	['1900', '1950']
Filipino Canadians	/wiki/Filipino_Canadians	['1900', '1950']
Indonesian Canadians	/wiki/Indonesian_Canadians	['1900', '1950']
Laotian Canadians	/wiki/Laotian_Canadians	['1900', '1950']
Malaysian Canadians	/wiki/Malaysian_Canadians	['1900', '1950']
Singaporean Canadians	/wiki/Singaporean_Canadians	['1900', '1950']
Thai Canadians	/wiki/Thai_Canadians	['1900', '1950']
Vietnamese Canadians	/wiki/Vietnamese_Canadians	['1900', '1950']
Afghan Canadians	/wiki/Afghan_Canadians	['1900', '1950']
Arab Canadians	/wiki/Arab_Canadians	['1900', '1950']
Iraqi Canadians	/wiki/Iraqi_Canadians	['1900', '1950']
Jordanian Canadians	/wiki/Jordanian_Canadians	['1900', '1950']
Kuwaiti Canadians	/wiki/Kuwaiti_Canadians	['1900', '1950']
Lebanese Canadians	/wiki/Lebanese_Canadians	['1900', '1950']
Palestinian Canadians	/wiki/Palestinian_Canadians	['1900', '1950']
Saudi Canadians	/wiki/Saudi_Canadians	['1900', '1950']
Syrian Canadians	/wiki/Syrian_Canadians	['1900', '1950']
Yemeni Canadians	/wiki/Yemeni_Canadians	['1900', '1950']
Armenian Canadians	/wiki/Armenian_Canadians	['1900', '1950']
Assyrian-Canadians	/wiki/Assyrian-Canadians	['1900', '1950']
Azerbaijani Canadians	/wiki/Azerbaijani_Canadians	['1900', '1950']
Iranian Canadians	/wiki/Iranian_Canadians	['1900', '1950']
Israeli Canadians	/wiki/Israeli_Canadians	['1900', '1950']
Kurdish Canadians	/wiki/Kurdish_Canadians	['1900', '1950']
Turkish Canadians	/wiki/Turkish_Canadians	['1900', '1950']
Austrian Canadians	/wiki/Austrian_Canadians	['1900', '1950']
Czech Canadians	/wiki/Czech_Canadians	['1900', '1950']
German Canadians	/wiki/German_Canadians	['1900', '1950']
Hungarian Canadians	/wiki/Hungarian_Canadians	['1900', '1950']
Polish Canadians	/wiki/Polish_Canadians	['1900', '1950']
Slovak Canadians	/wiki/Slovak_Canadians	['1900', '1950']
Slovene Canadians	/wiki/Slovene_Canadians	['1900', '1950']
Swiss Canadians	/wiki/Swiss_Canadians	['1900', '1950']
Belarusian Canadians	/wiki/Belarusian_Canadians	['1900', '1950']
Russian Canadians	/wiki/Russian_Canadians	['1900', '1950']
Tatar Canadians	/wiki/Tatar_Canadians	['1900', '1950']
Ukrainian Canadians	/wiki/Ukrainian_Canadians	['1900', '1950']
Scandinavian Canadians	/wiki/Scandinavian_Canadians	['1900', '1950']
Danish Canadians	/wiki/Danish_Canadians	['1900', '1950']
Finnish Canadians	/wiki/Finnish_Canadians	['1900', '1950']
Icelandic Canadians	/wiki/Icelandic_Canadians	['1900', '1950']
Norwegian Canadians	/wiki/Norwegian_Canadians	['1900', '1950']
Swedish Canadians	/wiki/Swedish_Canadians	['1900', '1950']
Estonian Canadians	/wiki/Estonian_Canadians	['1900', '1950']
Latvian Canadians	/wiki/Latvian_Canadians	['1900', '1950']
Lithuanian Canadians	/wiki/Lithuanian_Canadians	['1900', '1950']
Albanian Canadians	/wiki/Albanian_Canadians	['1900', '1950']
Bosnian Canadians	/wiki/Bosnian_Canadians	['1900', '1950']
Bulgarian Canadians	/wiki/Bulgarian_Canadians	['1900', '1950']
Croatian Canadians	/wiki/Croatian_Canadians	['1900', '1950']
Greek Canadians	/wiki/Greek_Canadians	['1900', '1950']
Macedonian Canadians	/wiki/Macedonian_Canadians	['1900', '1950']
Moldovan Canadians	/wiki/Moldovan_Canadians	['1900', '1950']
Montenegrin Canadians	/wiki/Montenegrin_Canadians	['1900', '1950']
Romanian Canadians	/wiki/Romanian_Canadians	['1900', '1950']
Serbian Canadians	/wiki/Serbian_Canadians	['1900', '1950']
Italian Canadians	/wiki/Italian_Canadians	['1900', '1950']
Maltese Canadians	/wiki/Maltese_Canadians	['1900', '1950']
Portuguese Canadians	/wiki/Portuguese_Canadians	['1900', '1950']
Spanish Canadians	/wiki/Spanish_Canadians	['1900', '1950']
Basque Canadians	/wiki/Basque_Canadians	['1900', '1950']
Belgian Canadians	/wiki/Belgian_Canadians	['1900', '1950']
Flemish Canadians	/wiki/Flemish_Canadians	['1900', '1950']
Cornish Canadians	/wiki/Cornish_Canadians	['1900', '1950']
Cornish Canadians	/wiki/Cornish_Canadians	['1900', '1950']
English Canadians	/wiki/English_Canadians	['1900', '1950']
Manx Canadians	/wiki/Manx_Canadians	['1900', '1950']
Scottish Canadians	/wiki/Scottish_Canadians	['1900', '1950']
Scots Gaels	/wiki/Scots_Gaels	['1900', '1950']
Welsh Canadians	/wiki/Welsh_Canadians	['1900', '1950']
Dutch Canadians	/wiki/Dutch_Canadians	['1900', '1950']
French Canadians	/wiki/French_Canadians	['1900', '1950']
Acadians	/wiki/Acadians	['1900', '1950']
Basque Canadians	/wiki/Basque_Canadians	['1900', '1950']
Breton Canadians	/wiki/Breton_Canadians	['1900', '1950']
Irish Canadian	/wiki/Irish_Canadian	['1900', '1950']
Luxembourgish Canadians	/wiki/Luxembourgish_Canadians	['1900', '1950']
Scotch-Irish Canadians	/wiki/Scotch-Irish_Canadians	['1900', '1950']
Australian Canadians	/wiki/Australian_Canadians	['1900', '1950']
Kanaka	/wiki/Kanaka_(Pacific_Island_worker)	['1900', '1950']
New Zealand Canadians	/wiki/New_Zealand_Canadians	['1900', '1950']
Canada 2016 Census	/wiki/Canada_2016_Census	['1900', '1950']
Canadian art	/wiki/Canadian_art	['1900', '1950']
Canadian nationality law	/wiki/Canadian_nationality_law	['1900', '1950']
Canadian cuisine	/wiki/Canadian_cuisine	['1900', '1950']
Canadian folklore	/wiki/Canadian_folklore	['1900', '1950']
Canadian identity	/wiki/Canadian_identity	['1900', '1950']
Immigration to Canada	/wiki/Immigration_to_Canada	['1900', '1950']
Canadian literature	/wiki/Canadian_literature	['1900', '1950']
Canadian Forces	/wiki/Canadian_Forces	['1900', '1950']
Canadian nationalism	/wiki/Canadian_nationalism	['1900', '1950']
Canadian cultural protectionism	/wiki/Canadian_cultural_protectionism	['1900', '1950']
Canadian values	/wiki/Canadian_values	['1900', '1950']
The Greatest Canadian	/wiki/The_Greatest_Canadian	['1900', '1950']
Aboriginal Canadian personalities	/wiki/Aboriginal_Canadian_personalities	['1900', '1950']
