text	link	year
Hans Blumenfeld	/wiki/Hans_Blumenfeld	['1892', '1988']
Joan Burt	/wiki/Joan_Burt	['1930', '2025']
Douglas Cardinal	/wiki/Douglas_Cardinal	['1934', '2025']
Mary Clark	/wiki/Mary_Clark_(architect)	['1936', '2025']
Ernest Cormier	/wiki/Ernest_Cormier	['1885', '1980']
A. J. Diamond	/wiki/A._J._Diamond	['1934', '2025']
Margaret Synge Dryer	/wiki/Margaret_Synge_Dryer	['1921', '1963']
Arthur Erickson	/wiki/Arthur_Erickson	['1924', '2008']
David Ewart	/wiki/David_Ewart	['1841', '1921']
Étienne Gaboury	/wiki/%C3%89tienne_Gaboury	['1930', '2025']
Frank Gehry	/wiki/Frank_Gehry	['1929', '2025']
Dan Hanganu	/wiki/Dan_Hanganu	['1946', '2025']
Stephen Irwin	/wiki/Stephen_Irwin_(architect)	['1900', '1950']
Bruce Kuwabara	/wiki/Bruce_Kuwabara	['1949', '2025']
E. J. Lennox	/wiki/E._J._Lennox	['1854', '1933']
John M. Lyle	/wiki/John_M._Lyle	['1872', '1945']
Raymond Moriyama	/wiki/Raymond_Moriyama	['1929', '2025']
Samuel Oghale Oboh	/wiki/Samuel_Oghale_Oboh	['1971', '2025']
John Ostell	/wiki/John_Ostell	['1813', '1892']
Francis Rattenbury	/wiki/Francis_Rattenbury	['1867', '1935']
Moshe Safdie	/wiki/Moshe_Safdie	['1938', '2025']
Fariborz Sahba	/wiki/Fariborz_Sahba	['1948', '2025']
Henry Sears	/wiki/Henry_Sears_(architect)	['1929', '2003']
Brigitte Shim	/wiki/Brigitte_Shim	['1958', '2025']
Bing Thom	/wiki/Bing_Thom	['1940', '2025']
Ronald Thom	/wiki/Ronald_Thom	['1923', '1986']
Bob Topping	/wiki/Bob_Topping	['1954', '2025']
Ryan Larkin	/wiki/Ryan_Larkin	['1943', '2025']
Danny Antonucci	/wiki/Danny_Antonucci	['1957', '2025']
Kate Beaton	/wiki/Kate_Beaton	['1900', '1950']
Chester Brown	/wiki/Chester_Brown	['1960', '2025']
John Byrne	/wiki/John_Byrne_(comics)	['1950', '2025']
Andy Donato	/wiki/Andy_Donato	['1937', '2025']
Hal Foster	/wiki/Hal_Foster	['1892', '1982']
J.D. Frazer	/wiki/J.D._Frazer	['1965', '2025']
Seth	/wiki/Seth_(cartoonist)	['1962', '2025']
Lynn Johnston	/wiki/Lynn_Johnston	['1947', '2025']
John Kricfalusi	/wiki/John_Kricfalusi	['1955', '2025']
Graeme MacKay	/wiki/Graeme_MacKay	['1968', '2025']
Sean Martin	/wiki/Sean_Martin_(cartoonist)	['1960', '2025']
Todd McFarlane	/wiki/Todd_McFarlane	['1961', '2025']
Win Mortimer	/wiki/Win_Mortimer	['1919', '1998']
Terry Mosher	/wiki/Terry_Mosher	['1942', '2025']
Len Norris	/wiki/Len_Norris	['1919', '1997']
Ryan North	/wiki/Ryan_North	['1980', '2025']
Scott Ramsoomair	/wiki/Scott_Ramsoomair	['1981', '2025']
Joe Shuster	/wiki/Joe_Shuster	['1914', '1992']
Dave Sim	/wiki/Dave_Sim	['1956', '2025']
Fiona Staples	/wiki/Fiona_Staples	['1984', '2025']
Paul Szep	/wiki/Paul_Szep	['1941', '2025']
Ben Wicks	/wiki/Ben_Wicks	['1926', '2000']
Roberta Bondar	/wiki/Roberta_Bondar	['1945', '2025']
Marc Garneau	/wiki/Marc_Garneau	['1949', '2025']
Chris Hadfield	/wiki/Chris_Hadfield	['1959', '2025']
Steven MacLean	/wiki/Steven_MacLean_(astronaut)	['1954', '2025']
Julie Payette	/wiki/Julie_Payette	['1963', '2025']
David Saint-Jacques	/wiki/David_Saint-Jacques	['1970', '2025']
Robert Thirsk	/wiki/Robert_Thirsk	['1953', '2025']
Bjarni Tryggvason	/wiki/Bjarni_Tryggvason	['1945', '2025']
Max Aitken, 1st Baron Beaverbrook	/wiki/Max_Aitken,_1st_Baron_Beaverbrook	['1879', '1964']
Francesco Aquilini	/wiki/Francesco_Aquilini	['1900', '1950']
David Asper	/wiki/David_Asper	['1958', '2025']
Izzy Asper	/wiki/Izzy_Asper	['1932', '2003']
Jeannine Bailliu	/wiki/Jeannine_Bailliu	['1900', '1950']
Conrad Black	/wiki/Conrad_Black	['1944', '2025']
Willard Boyle	/wiki/Willard_Boyle	['1924', '2025']
Edgar Bronfman, Sr.	/wiki/Edgar_Bronfman,_Sr.	['1929', '2013']
Samuel Bronfman	/wiki/Samuel_Bronfman	['1889', '1971']
Robert Campeau	/wiki/Robert_Campeau	['1923', '2025']
Jack Kent Cooke	/wiki/Jack_Kent_Cooke	['1912', '1997']
James Alexander Cowan	/wiki/James_Alexander_Cowan	['1901', '1978']
Samuel Cunard	/wiki/Samuel_Cunard	['1787', '1865']
William Davidson	/wiki/William_Davidson_(lumberman)	['1740', '1790']
Christine M. Day	/wiki/Christine_M._Day	['1900', '1950']
Michael DeGroote	/wiki/Michael_DeGroote	['1932', '2025']
Paul Desmarais	/wiki/Paul_Desmarais	['1927', '2013']
Craig Dobbin	/wiki/Craig_Dobbin	['1935', '2006']
Denzil Doyle	/wiki/Denzil_Doyle	['1900', '1950']
James Hamet Dunn	/wiki/James_Hamet_Dunn	['1874', '1956']
Timothy Eaton	/wiki/Timothy_Eaton	['1834', '1907']
Bernie Ebbers	/wiki/Bernie_Ebbers	['1941', '2025']
Alfred Fuller	/wiki/Alfred_Fuller	['1885', '1973']
Arcadi Gaydamak	/wiki/Arcadi_Gaydamak	['1952', '2025']
Percy Girouard	/wiki/Percy_Girouard	['1867', '1932']
Angèle Grenier	/wiki/Ang%C3%A8le_Grenier	['1900', '1950']
Charles Guillimin	/wiki/Charles_Guillimin	['1676', '1739']
Zabeen Hirji	/wiki/Zabeen_Hirji	['1960', '2025']
Janet Holder	/wiki/Janet_Holder	['1900', '1950']
Robin Ingle	/wiki/Robin_Ingle	['1900', '1950']
K. C. Irving	/wiki/K._C._Irving	['1899', '1992']
F. Ross Johnson	/wiki/F._Ross_Johnson	['1931', '2025']
Ron Joyce	/wiki/Ron_Joyce	['1930', '2025']
Moez Kassam	/wiki/Moez_Kassam	['1900', '1950']
Izaak Walton Killam	/wiki/Izaak_Walton_Killam	['1885', '1955']
Guy Laliberté	/wiki/Guy_Lalibert%C3%A9	['1959', '2025']
Cindy Lee	/wiki/Cindy_Lee	['1900', '1950']
Michael Lee-Chin	/wiki/Michael_Lee-Chin	['1951', '2025']
Li Ka-shing	/wiki/Li_Ka-shing	['1928', '2025']
Victor Li	/wiki/Victor_Li	['1964', '2025']
William Secondo Lombardo	/wiki/William_Secondo_Lombardo	['1900', '1950']
Pete Luckett	/wiki/Pete_Luckett	['1900', '1950']
William Christopher Macdonald	/wiki/William_Christopher_Macdonald	['1831', '1917']
Terry Matthews	/wiki/Terry_Matthews	['1943', '2025']
Louis B. Mayer	/wiki/Louis_B._Mayer	['1885', '1957']
Harrison McCain	/wiki/Harrison_McCain	['1927', '2004']
Samuel McLaughlin	/wiki/Samuel_McLaughlin	['1871', '1972']
Simon McTavish	/wiki/Simon_McTavish	['1750', '1804']
Hartland Molson	/wiki/Hartland_Molson	['1907', '2002']
John Molson	/wiki/John_Molson	['1763', '1836']
Peter Munk	/wiki/Peter_Munk	['1927', '2025']
Jim Pattison	/wiki/Jim_Pattison	['1928', '2025']
Pierre Péladeau	/wiki/Pierre_P%C3%A9ladeau	['1925', '1997']
Pierre Karl Péladeau	/wiki/Pierre_Karl_P%C3%A9ladeau	['1961', '2025']
Marie Penny	/wiki/Marie_Penny	['1900', '1950']
John Draper Perrin	/wiki/John_Draper_Perrin	['1890', '1967']
Richard Porritt	/wiki/Richard_Porritt	['1901', '1985']
Jean Pouliot	/wiki/Jean_Pouliot	['1923', '2004']
John Redpath	/wiki/John_Redpath	['1796', '1869']
Paul Reichmann	/wiki/Paul_Reichmann	['1930', '2025']
Edward Samuel Rogers	/wiki/Edward_Samuel_Rogers	['1933', '2008']
John Roth	/wiki/John_Roth_(businessman)	['1942', '2025']
Lino Saputo	/wiki/Lino_Saputo	['1937', '2025']
Isadore Sharp	/wiki/Isadore_Sharp	['1931', '2025']
E.D. Smith	/wiki/E.D._Smith	['1858', '1943']
Levy Solomons	/wiki/Levy_Solomons	['1730', '1792']
John F. Stairs	/wiki/John_F._Stairs	['1848', '1904']
Frank Stronach	/wiki/Frank_Stronach	['1932', '2025']
E. P. Taylor	/wiki/E._P._Taylor	['1901', '1989']
Nat Taylor	/wiki/Nat_Taylor	['1900', '1950']
William Cornelius Van Horne	/wiki/William_Cornelius_Van_Horne	['1843', '1915']
Jack L. Warner	/wiki/Jack_L._Warner	['1892', '1978']
Galen Weston	/wiki/Galen_Weston	['1940', '2025']
Chip Wilson	/wiki/Chip_Wilson	['1956', '2025']
Walter Wolf	/wiki/Walter_Wolf	['1939', '2025']
Bob Young	/wiki/Bob_Young_(businessman)	['1900', '1950']
Marie-Joseph Angélique	/wiki/Marie-Joseph_Ang%C3%A9lique	['1710', '1734']
Johnson Aziga	/wiki/Johnson_Aziga	['1956', '2025']
Paul Bernardo	/wiki/Paul_Bernardo	['1964', '2025']
John Hamilton	/wiki/John_Hamilton_(gangster)	['1899', '1934']
Richard Blass	/wiki/Richard_Blass	['1945', '1975']
Edwin Alonzo Boyd	/wiki/Edwin_Alonzo_Boyd	['1914', '2002']
Alfonso Caruana	/wiki/Alfonso_Caruana	['1946', '2025']
Jacques Cossette-Trudel	/wiki/Jacques_Cossette-Trudel	['1947', '2025']
Louise Cossette-Trudel	/wiki/Louise_Cossette-Trudel	['1947', '2025']
Vincenzo Cotroni	/wiki/Vincenzo_Cotroni	['1911', '1984']
Frank Cotroni	/wiki/Frank_Cotroni	['1931', '2004']
Raynald Desjardins	/wiki/Raynald_Desjardins	['1953', '2025']
Evelyn Dick	/wiki/Evelyn_Dick	['1920', '2025']
Larry Fisher	/wiki/Larry_Fisher_(murderer)	['1949', '2025']
Charles Guité	/wiki/Charles_Guit%C3%A9	['1900', '1950']
Karla Homolka	/wiki/Karla_Homolka	['1970', '2025']
Bindy Johal	/wiki/Bindy_Johal	['1971', '1998']
Jacques Lanctôt	/wiki/Jacques_Lanct%C3%B4t	['1945', '2025']
Yves Langlois	/wiki/Yves_Langlois	['1947', '2025']
Robert Latimer	/wiki/Robert_Latimer	['1953', '2025']
Allan Legere	/wiki/Allan_Legere	['1948', '2025']
Marc Lépine	/wiki/Marc_L%C3%A9pine	['1964', '1989']
Denis Lortie	/wiki/Denis_Lortie	['1900', '1950']
Grace Marks	/wiki/Grace_Marks	['1828', '2025']
Allan McLean	/wiki/Allan_McLean_(outlaw)	['1855', '1881']
Paddy Mitchell	/wiki/Paddy_Mitchell	['1942', '2007']
Kenneth Murdock	/wiki/Kenneth_Murdock	['1963', '2025']
Clifford Olson	/wiki/Clifford_Olson	['1940', '2011']
Johnny Papalia	/wiki/Johnny_Papalia	['1924', '1997']
Rocco Perri	/wiki/Rocco_Perri	['1900', '1950']
Robert Pickton	/wiki/Robert_Pickton	['1949', '2025']
Monica Proietti	/wiki/Monica_Proietti	['1940', '1967']
Louis Riel	/wiki/Louis_Riel	['1844', '1885']
Lucien Rivard	/wiki/Lucien_Rivard	['1915', '2002']
Nicolo Rizzuto	/wiki/Nicolo_Rizzuto	['1924', '2010']
Vito Rizzuto	/wiki/Vito_Rizzuto	['1946', '2013']
Paul Rose	/wiki/Paul_Rose_(political_figure)	['1943', '2013']
"Frank ""Dunie"" Ryan"	/wiki/Frank_%22Dunie%22_Ryan	['1942', '2025']
Pietro Scarcella	/wiki/Pietro_Scarcella	['1950', '2025']
Jeffrey Shuman	/wiki/Jeffrey_Shuman	['1962', '2025']
Francis Simard	/wiki/Francis_Simard	['1946', '2025']
Slumach	/wiki/Slumach	['1900', '1950']
Cathy Smith	/wiki/Cathy_Smith	['1948', '2025']
Colin Thatcher	/wiki/Colin_Thatcher	['1938', '2025']
Mark Twitchell	/wiki/Mark_Twitchell	['1979', '2025']
Paolo Violi	/wiki/Paolo_Violi	['1931', '1978']
Paul Volpe	/wiki/Paul_Volpe_(mobster)	['1927', '1983']
Russell Williams	/wiki/Russell_Williams_(colonel)	['1963', '2025']
Rocco Zito	/wiki/Rocco_Zito	['1928', '2016']
Robert Baltovich	/wiki/Robert_Baltovich	['1965', '2025']
Donald Marshall, Jr.	/wiki/Donald_Marshall,_Jr.	['1953', '2009']
David Milgaard	/wiki/David_Milgaard	['1952', '2025']
Guy Paul Morin	/wiki/Guy_Paul_Morin	['1900', '1950']
Louie Sam	/wiki/Louie_Sam	['1900', '1950']
Steven Truscott	/wiki/Steven_Truscott	['1945', '2025']
J. Willis Ambrose	/wiki/J._Willis_Ambrose	['1900', '1950']
Richard Lee Armstrong	/wiki/Richard_Lee_Armstrong	['1937', '1991']
Martha Black	/wiki/Martha_Black_(art_historian)	['1900', '1950']
Marguerite Bourgeoys	/wiki/Marguerite_Bourgeoys	['1620', '1700']
Stephen E. Calvert	/wiki/Stephen_E._Calvert	['1962', '2025']
Petr Cerny	/wiki/Petr_Cerny	['1900', '1950']
Henry C. Gunning	/wiki/Henry_C._Gunning	['1901', '1991']
Aleksis Dreimanis	/wiki/Aleksis_Dreimanis	['1914', '2025']
James E. Gill	/wiki/James_E._Gill	['1901', '1980']
James Edwin Hawley	/wiki/James_Edwin_Hawley	['1897', '1965']
Frank Hawthorne	/wiki/Frank_Hawthorne	['1946', '2025']
Adelaide Hoodless	/wiki/Adelaide_Hoodless	['1858', '1910']
Michael Ignatieff	/wiki/Michael_Ignatieff	['1947', '2025']
Sue Johanson	/wiki/Sue_Johanson	['1930', '2025']
Michael John Keen	/wiki/Michael_John_Keen	['1935', '1991']
Sean Kelly	/wiki/Sean_Kelly_(writer)	['1940', '2025']
J. Ross Mackay	/wiki/J._Ross_Mackay	['1915', '2025']
Michael D. Mehta	/wiki/Michael_D._Mehta	['1965', '2025']
Eric W. Mountjoy	/wiki/Eric_W._Mountjoy	['1900', '1950']
Gerard V. Middleton	/wiki/Gerard_V._Middleton	['1931', '2025']
Anthony J. Naldrett	/wiki/Anthony_J._Naldrett	['1900', '1950']
Santa J. Ono	/wiki/Santa_J._Ono	['1900', '1950']
William Richard Peltier	/wiki/William_Richard_Peltier	['1900', '1950']
Jordan Peterson	/wiki/Jordan_Peterson	['1962', '2025']
Egerton Ryerson	/wiki/Egerton_Ryerson	['1803', '1882']
Dora Sakayan	/wiki/Dora_Sakayan	['1900', '1950']
Colin Simpson	/wiki/Colin_Simpson_(electronics_professor)	['1900', '1950']
Charles R. Stelck	/wiki/Charles_R._Stelck	['1917', '2025']
David Strangway	/wiki/David_Strangway	['1900', '1950']
Thomas Symons	/wiki/Thomas_Symons	['1900', '1950']
Roger G. Walker	/wiki/Roger_G._Walker	['1900', '1950']
William Winegard	/wiki/William_Winegard	['1924', '2019']
Jeanne Beker	/wiki/Jeanne_Beker	['1952', '2025']
Sahar Biniaz	/wiki/Sahar_Biniaz	['1900', '1950']
Dean and Dan Caten	/wiki/Dean_and_Dan_Caten	['1965', '2025']
Keshia Chante	/wiki/Keshia_Chante	['1988', '2025']
Steven Cojocaru	/wiki/Steven_Cojocaru	['1962', '2025']
Meghan Collison	/wiki/Meghan_Collison	['1988', '2025']
Taryn Davidson	/wiki/Taryn_Davidson	['1991', '2025']
Linda Evangelista	/wiki/Linda_Evangelista	['1965', '2025']
Shalom Harlow	/wiki/Shalom_Harlow	['1973', '2025']
Winnie Harlow	/wiki/Winnie_Harlow	['1994', '2025']
Irina Lazareanu	/wiki/Irina_Lazareanu	['1982', '2025']
Jay Manuel	/wiki/Jay_Manuel	['1972', '2025']
Heather Marks	/wiki/Heather_Marks	['1988', '2025']
Kenneth G. Mills	/wiki/Kenneth_G._Mills	['1923', '2004']
Andi Muise	/wiki/Andi_Muise	['1987', '2025']
Peter Nygard	/wiki/Peter_Nygard	['1943', '2025']
Lana Ogilvie	/wiki/Lana_Ogilvie	['1900', '1950']
Coco Rocha	/wiki/Coco_Rocha	['1988', '2025']
Monika Schnarre	/wiki/Monika_Schnarre	['1971', '2025']
Jessica Stam	/wiki/Jessica_Stam	['1986', '2025']
Daria Werbowy	/wiki/Daria_Werbowy	['1983', '2025']
Jason Wu	/wiki/Jason_Wu	['1982', '2025']
Loizza Aquino	/wiki/Loizza_Aquino	['1999', '2025']
Louise Arbour	/wiki/Louise_Arbour	['1947', '2025']
J. Esmonde Barry	/wiki/J._Esmonde_Barry	['1923', '2007']
Norman Bethune	/wiki/Norman_Bethune	['1900', '1950']
Richard Maurice Bucke	/wiki/Richard_Maurice_Bucke	['1837', '1902']
Steve Fonyo	/wiki/Steve_Fonyo	['1966', '2025']
Terry Fox	/wiki/Terry_Fox	['1958', '1981']
Marc Kielburger	/wiki/Marc_Kielburger	['1900', '1950']
Grey Owl	/wiki/Grey_Owl	['1888', '1938']
Rick Hansen	/wiki/Rick_Hansen	['1957', '2025']
Stephen Lewis	/wiki/Stephen_Lewis	['1937', '2025']
Harold A. Rogers	/wiki/Harold_A._Rogers	['1899', '1994']
Jean Vanier	/wiki/Jean_Vanier	['1928', '2025']
Scott Abbott	/wiki/Scott_Abbott	['1900', '1950']
Thomas Ahearn	/wiki/Thomas_Ahearn	['1855', '1938']
Anthony R. Barringer	/wiki/Anthony_R._Barringer	['1925', '2025']
Earl W. Bascom	/wiki/Earl_W._Bascom	['1906', '1995']
Alexander Graham Bell	/wiki/Alexander_Graham_Bell	['1847', '1922']
Joseph-Armand Bombardier	/wiki/Joseph-Armand_Bombardier	['1907', '1964']
Gerald Bull	/wiki/Gerald_Bull	['1928', '1990']
Herbert Henry Dow	/wiki/Herbert_Henry_Dow	['1866', '1930']
Mathew Evans	/wiki/Mathew_Evans	['1900', '1950']
Charles Fenerty	/wiki/Charles_Fenerty	['1821', '1892']
Reginald Fessenden	/wiki/Reginald_Fessenden	['1866', '1932']
Sandford Fleming	/wiki/Sandford_Fleming	['1827', '1915']
Wilbur R. Franks	/wiki/Wilbur_R._Franks	['1901', '1986']
Abraham Pineo Gesner	/wiki/Abraham_Pineo_Gesner	['1797', '1864']
James Gosling	/wiki/James_Gosling	['1955', '2025']
Chris Haney	/wiki/Chris_Haney_(Trivial_Pursuit)	['1950', '2010']
Sam Jacks	/wiki/Sam_Jacks	['1915', '1975']
George Klein	/wiki/George_Klein_(inventor)	['1904', '1992']
Thomas Edvard Krogh	/wiki/Thomas_Edvard_Krogh	['1936', '2025']
Hugh Le Caine	/wiki/Hugh_Le_Caine	['1914', '1977']
Cluny MacPherson	/wiki/Cluny_MacPherson	['1879', '1966']
Wilson Markle	/wiki/Wilson_Markle	['1938', '2025']
Elijah McCoy	/wiki/Elijah_McCoy	['1844', '1929']
James Naismith	/wiki/James_Naismith	['1861', '1939']
P. L. Robertson	/wiki/P._L._Robertson	['1879', '1951']
Henry Ruttan	/wiki/Henry_Ruttan	['1792', '1871']
Thomas F. Ryan	/wiki/Thomas_F._Ryan	['1872', '1971']
Snowblower	/wiki/Snowblower	['1876', '1946']
Simon Sunatori	/wiki/Simon_Sunatori	['1959', '2025']
Lewis Urry	/wiki/Lewis_Urry	['1927', '2004']
Harry Wasylyk	/wiki/Harry_Wasylyk	['1925', '2025']
Thomas Willson	/wiki/Thomas_Willson	['1860', '1915']
Henry Woodward	/wiki/Henry_Woodward_(inventor)	['1900', '1950']
Alfred Scow	/wiki/Alfred_Scow	['1927', '2013']
Samantha Bee	/wiki/Samantha_Bee	['1969', '2025']
Stephen Brunt	/wiki/Stephen_Brunt	['1959', '2025']
Stevie Cameron	/wiki/Stevie_Cameron	['1943', '2025']
Gordon Donaldson	/wiki/Gordon_Donaldson_(journalist)	['1926', '2001']
Barbara Frum	/wiki/Barbara_Frum	['1937', '1992']
Jian Ghomeshi	/wiki/Jian_Ghomeshi	['1967', '2025']
Ken Hechtman	/wiki/Ken_Hechtman	['1900', '1950']
Kenny Hotz	/wiki/Kenny_Hotz	['1973', '2025']
Mark Irwin	/wiki/Mark_Irwin	['1950', '2025']
Peter Jennings	/wiki/Peter_Jennings	['1938', '2005']
Jason Jones	/wiki/Jason_Jones_(actor)	['1900', '1950']
Pat Kiernan	/wiki/Pat_Kiernan	['1900', '1950']
Michael Kesterton	/wiki/Michael_Kesterton	['1945', '2025']
Lisa LaFlamme	/wiki/Lisa_LaFlamme	['1964', '2025']
Neil Macdonald	/wiki/Neil_Macdonald	['1957', '2025']
Robert MacNeil	/wiki/Robert_MacNeil	['1931', '2025']
Peter Mansbridge	/wiki/Peter_Mansbridge	['1948', '2025']
Rick Mercer	/wiki/Rick_Mercer	['1969', '2025']
Mosha Michael	/wiki/Mosha_Michael	['1900', '1950']
"Margaret Lally ""Ma"" Murray"	/wiki/Margaret_Lally_%22Ma%22_Murray	['1900', '1950']
Peter C. Newman	/wiki/Peter_C._Newman	['1929', '2025']
Sydney Newman	/wiki/Sydney_Newman	['1917', '1997']
Steve Paikin	/wiki/Steve_Paikin	['1960', '2025']
Pete Parker	/wiki/Pete_Parker	['1895', '1991']
Sandie Rinaldo	/wiki/Sandie_Rinaldo	['1950', '2025']
John Roberts	/wiki/John_Roberts_(journalist)	['1956', '2025']
Lloyd Robertson	/wiki/Lloyd_Robertson	['1934', '2025']
Morley Safer	/wiki/Morley_Safer	['1931', '2016']
Shane Smith	/wiki/Shane_Smith_(journalist)	['1969', '2025']
George Stroumboulopoulos	/wiki/George_Stroumboulopoulos	['1972', '2025']
Peter Trueman	/wiki/Peter_Trueman	['1934', '2025']
Jan Wong	/wiki/Jan_Wong	['1952', '2025']
Evan Adams	/wiki/Evan_Adams	['1900', '1950']
Maria Louisa Angwin	/wiki/Maria_Louisa_Angwin	['1849', '1898']
Elizabeth Bagshaw	/wiki/Elizabeth_Bagshaw	['1881', '1982']
Frederick Banting	/wiki/Frederick_Banting	['1891', '1941']
John Cameron Bell	/wiki/John_Cameron_Bell	['1953', '2025']
Norman Bethune	/wiki/Norman_Bethune	['1890', '1939']
Wilfred Bigelow	/wiki/Wilfred_Bigelow	['1913', '2005']
Basil Boulton	/wiki/Basil_Boulton	['1938', '2008']
John Callaghan	/wiki/John_Callaghan	['1923', '2004']
John Dick	/wiki/John_Dick_(scientist)	['1957', '2025']
Tommy Douglas	/wiki/Tommy_Douglas	['1904', '1986']
Carl Goresky	/wiki/Carl_Goresky	['1932', '1996']
David H. Hubel	/wiki/David_H._Hubel	['1926', '2013']
Harold E. Johns	/wiki/Harold_E._Johns	['1915', '1998']
Doreen Kimura	/wiki/Doreen_Kimura	['1933', '2013']
William Harding le Riche	/wiki/William_Harding_le_Riche	['1916', '2010']
Jeanne Mance	/wiki/Jeanne_Mance	['1606', '1673']
Ernest McCulloch	/wiki/Ernest_McCulloch	['1926', '2011']
Frances Gertrude McGill	/wiki/Frances_Gertrude_McGill	['1882', '1959']
Henry Morgentaler	/wiki/Henry_Morgentaler	['1923', '2013']
William Osler	/wiki/William_Osler	['1849', '1919']
Daniel David Palmer	/wiki/Daniel_David_Palmer	['1845', '1913']
Edgar Randolph Parker	/wiki/Edgar_Randolph_Parker	['1871', '1951']
Wilder Penfield	/wiki/Wilder_Penfield	['1891', '1976']
David Sackett	/wiki/David_Sackett	['1934', '2025']
Sydney Segal	/wiki/Sydney_Segal	['1920', '1997']
James Till	/wiki/James_Till	['1931', '2025']
A. Ross Tilley	/wiki/A._Ross_Tilley	['1904', '1988']
Irene Ayako Uchida	/wiki/Irene_Ayako_Uchida	['1917', '2013']
Maurice Baril	/wiki/Maurice_Baril	['1943', '2025']
Gustave Biéler	/wiki/Gustave_Bi%C3%A9ler	['1904', '1944']
Leonard Birchall	/wiki/Leonard_Birchall	['1915', '2004']
Billy Bishop	/wiki/Billy_Bishop	['1894', '1956']
Jean Boyle	/wiki/Jean_Boyle	['1947', '2025']
Isaac Brock	/wiki/Isaac_Brock	['1769', '1812']
Roy Brown	/wiki/Roy_Brown_(pilot)	['1893', '1944']
Lawrence Moore Cosgrave	/wiki/Lawrence_Moore_Cosgrave	['1890', '1971']
Harry Crerar	/wiki/Harry_Crerar	['1888', '1965']
Arthur Currie	/wiki/Arthur_Currie	['1875', '1933']
Roméo Dallaire	/wiki/Rom%C3%A9o_Dallaire	['1946', '2025']
Guy D'Artois	/wiki/Guy_D%27Artois	['1917', '1999']
John de Chastelain	/wiki/John_de_Chastelain	['1937', '2025']
Peter Dmytruk	/wiki/Peter_Dmytruk	['1920', '1943']
Charles Drury	/wiki/Charles_Drury	['1912', '1991']
John Weir Foote	/wiki/John_Weir_Foote	['1904', '1988']
Nichola Goddard	/wiki/Nichola_Goddard	['1980', '2006']
William Hall	/wiki/William_Hall_(VC)	['1827', '1904']
John Kenneth Macalister	/wiki/John_Kenneth_Macalister	['1914', '1944']
Bruce MacLean	/wiki/Bruce_MacLean	['1900', '1950']
Simon Mailloux	/wiki/Simon_Mailloux	['1983', '2025']
John McCrae	/wiki/John_McCrae	['1872', '1918']
Alan Arnett McLeod	/wiki/Alan_Arnett_McLeod	['1899', '1918']
Andrew McNaughton	/wiki/Andrew_McNaughton	['1887', '1966']
Theodore Meighen	/wiki/Theodore_Meighen	['1905', '1979']
Charles Merritt	/wiki/Charles_Merritt	['1908', '2000']
Sydney Chilton Mewburn	/wiki/Sydney_Chilton_Mewburn	['1863', '1956']
Jerri Mumford	/wiki/Jerri_Mumford	['1909', '2002']
Leonard W. Murray	/wiki/Leonard_W._Murray	['1896', '1971']
Henry Norwest	/wiki/Henry_Norwest	['1884', '1918']
George Pearkes	/wiki/George_Pearkes	['1888', '1984']
Francis Pegahmagabow	/wiki/Francis_Pegahmagabow	['1891', '1952']
Frank Pickersgill	/wiki/Frank_Pickersgill	['1915', '1944']
Desmond Piers	/wiki/Desmond_Piers	['1913', '2005']
George Lawrence Price	/wiki/George_Lawrence_Price	['1898', '1918']
Tommy Prince	/wiki/Tommy_Prince	['1915', '1977']
James Ralston	/wiki/James_Ralston	['1881', '1948']
Thomas Ricketts	/wiki/Thomas_Ricketts	['1901', '1967']
Harold A. Rogers	/wiki/Harold_A._Rogers	['1889', '1994']
Roméo Sabourin	/wiki/Rom%C3%A9o_Sabourin	['1923', '1944']
Guy Simonds	/wiki/Guy_Simonds	['1903', '1974']
Ernest Smith	/wiki/Ernest_Smith	['1914', '2005']
Sam Steele	/wiki/Sam_Steele	['1851', '1919']
William Stephenson	/wiki/William_Stephenson	['1897', '1989']
Kenneth Stuart	/wiki/Kenneth_Stuart	['1891', '1945']
Tecumseh	/wiki/Tecumseh	['1768', '1813']
Robert Timbrell	/wiki/Robert_Timbrell	['1920', '2006']
Christopher Vokes	/wiki/Christopher_Vokes	['1904', '1985']
Edward Oliver Wheeler	/wiki/Edward_Oliver_Wheeler	['1890', '1962']
Ramsey Muir Withers	/wiki/Ramsey_Muir_Withers	['1930', '2025']
James Lucas Yeo	/wiki/James_Lucas_Yeo	['1782', '1818']
Shawn Farquhar	/wiki/Shawn_Farquhar	['1962', '2025']
Doug Henning	/wiki/Doug_Henning	['1947', '2000']
Leon Mandrake	/wiki/Leon_Mandrake	['1911', '1993']
James Randi	/wiki/James_Randi	['1928', '2025']
Dai Vernon	/wiki/Dai_Vernon	['1894', '1992']
Lloyd Axworthy	/wiki/Lloyd_Axworthy	['1939', '2025']
Thomas Bain	/wiki/Thomas_Bain	['1834', '1915']
Robert Baldwin	/wiki/Robert_Baldwin	['1804', '1858']
Maude Barlow	/wiki/Maude_Barlow	['1947', '2025']
Perrin Beatty	/wiki/Perrin_Beatty	['1950', '2025']
Monique Bégin	/wiki/Monique_B%C3%A9gin	['1936', '2025']
Thomas R. Berger	/wiki/Thomas_R._Berger	['1933', '2025']
Ethel Blondin-Andrew	/wiki/Ethel_Blondin-Andrew	['1951', '2025']
Henri Bourassa	/wiki/Henri_Bourassa	['1868', '1952']
Pierre Bourgault	/wiki/Pierre_Bourgault	['1934', '2003']
Ed Broadbent	/wiki/Ed_Broadbent	['1936', '2025']
George Brown	/wiki/George_Brown_(Canadian_politician)	['1818', '1880']
Rosemary Brown	/wiki/Rosemary_Brown_(politician)	['1930', '2003']
Tim Buck	/wiki/Tim_Buck	['1891', '1973']
George-Étienne Cartier	/wiki/George-%C3%89tienne_Cartier	['1814', '1873']
Brock Chisholm	/wiki/Brock_Chisholm	['1896', '1971']
Joe Clark	/wiki/Joe_Clark	['1900', '1950']
Sheila Copps	/wiki/Sheila_Copps	['1952', '2025']
Victor Copps	/wiki/Victor_Copps	['1919', '1988']
Ellen Fairclough	/wiki/Ellen_Fairclough	['1905', '2004']
The Famous Five	/wiki/The_Famous_Five_(Canada)	['1900', '1950']
Jennifer Granholm	/wiki/Jennifer_Granholm	['1959', '2025']
Gurmant Grewal	/wiki/Gurmant_Grewal	['1957', '2025']
Nina Grewal	/wiki/Nina_Grewal	['1958', '2025']
Elijah Harper	/wiki/Elijah_Harper	['1949', '2013']
C. D. Howe	/wiki/C._D._Howe	['1886', '1960']
Joseph Howe	/wiki/Joseph_Howe	['1804', '1873']
Stan Keyes	/wiki/Stan_Keyes	['1953', '2025']
Louis-Hippolyte Lafontaine	/wiki/Louis-Hippolyte_Lafontaine	['1807', '1864']
Franklin K. Lane	/wiki/Franklin_K._Lane	['1913', '1920']
Jack Layton	/wiki/Jack_Layton	['1950', '2011']
William Lyon Mackenzie	/wiki/William_Lyon_Mackenzie	['1795', '1861']
Allan MacNab	/wiki/Allan_MacNab	['1798', '1862']
Thomas D'Arcy McGee	/wiki/Thomas_D%27Arcy_McGee	['1825', '1868']
Agnes Macphail	/wiki/Agnes_Macphail	['1890', '1954']
Beverley McLachlin	/wiki/Beverley_McLachlin	['1943', '2025']
James McMillan	/wiki/James_McMillan_(Senator)	['1838', '1902']
John Munro	/wiki/John_Munro_(Canadian_politician)	['1931', '2003']
Louis-Joseph Papineau	/wiki/Louis-Joseph_Papineau	['1786', '1871']
Allan Studholme	/wiki/Allan_Studholme	['1846', '1919']
Nathan Eldon Tanner	/wiki/Nathan_Eldon_Tanner	['1898', '1982']
Shawn Atleo	/wiki/Shawn_Atleo	['1900', '1950']
William Beynon	/wiki/William_Beynon	['1900', '1950']
Big Bear	/wiki/Big_Bear	['1825', '1888']
Joseph Brant	/wiki/Joseph_Brant	['1742', '1807']
Mary Brant	/wiki/Mary_Brant	['1736', '1796']
Frank Calder	/wiki/Frank_Calder	['1900', '1950']
Joe Capilano	/wiki/Joe_Capilano	['1900', '1950']
Rose Charlie	/wiki/Rose_Charlie	['1900', '1950']
Arthur Wellington Clah	/wiki/Arthur_Wellington_Clah	['1900', '1950']
Heber Clifton	/wiki/Heber_Clifton	['1900', '1950']
Cumshewa	/wiki/Cumshewa	['1900', '1950']
Harley Desjarlais	/wiki/Harley_Desjarlais	['1900', '1950']
Alfred Dudoward	/wiki/Alfred_Dudoward	['1900', '1950']
Dan George	/wiki/Dan_George	['1900', '1950']
Joseph Gosnell	/wiki/Joseph_Gosnell	['1900', '1950']
Simon Gunanoot	/wiki/Simon_Gunanoot	['1900', '1950']
Guujaaw	/wiki/Guujaaw	['1900', '1950']
Elijah Harper	/wiki/Elijah_Harper	['1900', '1950']
Chief Hunter Jack	/wiki/Chief_Hunter_Jack	['1900', '1950']
Mary John, Sr.	/wiki/Mary_John,_Sr.	['1900', '1950']
August Jack Khatsahlano	/wiki/August_Jack_Khatsahlano	['1900', '1950']
Klattasine	/wiki/Klattasine	['1900', '1950']
Koyah	/wiki/Koyah	['1900', '1950']
George Manuel	/wiki/George_Manuel	['1900', '1950']
Maquinna	/wiki/Maquinna	['1900', '1950']
Harriet Nahanee	/wiki/Harriet_Nahanee	['1900', '1950']
Nicola	/wiki/Nicola_(chief)	['1900', '1950']
Andy Paull	/wiki/Andy_Paull	['1900', '1950']
Stewart Phillip	/wiki/Stewart_Phillip	['1900', '1950']
Chief Poundmaker	/wiki/Chief_Poundmaker	['1900', '1950']
Piapot	/wiki/Piapot	['1816', '1908']
Steven Point	/wiki/Steven_Point	['1900', '1950']
Louis Riel	/wiki/Louis_Riel	['1844', '1885']
James Sewid	/wiki/James_Sewid	['1900', '1950']
Tecumseh	/wiki/Tecumseh	['1768', '1813']
Alec Thomas	/wiki/Alec_Thomas	['1900', '1950']
Wickanninish	/wiki/Wickanninish	['1900', '1950']
Walter Wright	/wiki/Walter_Wright_(oral_historian)	['1900', '1950']
Marguerite Bourgeoys	/wiki/Marguerite_Bourgeoys	['1620', '1700']
Noël Chabanel	/wiki/No%C3%ABl_Chabanel	['1613', '1649']
Anthony Daniel	/wiki/Anthony_Daniel	['1601', '1648']
Jean de Brébeuf	/wiki/Jean_de_Br%C3%A9beuf	['1539', '1649']
Jean de Lalande	/wiki/Jean_de_Lalande	['1900', '1950']
Saint Charles Garnier	/wiki/Saint_Charles_Garnier	['1606', '1649']
René Goupil	/wiki/Ren%C3%A9_Goupil	['1608', '1642']
Isaacs Jogues	/wiki/Isaacs_Jogues	['1607', '1646']
Gabriel Lallemant	/wiki/Gabriel_Lallemant	['1610', '1649']
Alexis André	/wiki/Alexis_Andr%C3%A9	['1832', '1893']
Aloysius Matthew Ambrozic	/wiki/Aloysius_Matthew_Ambrozic	['1930', '2011']
André Besette	/wiki/Andr%C3%A9_Besette	['1845', '1937']
Linda Bond	/wiki/Linda_Bond	['1946', '2025']
Arnold Brown	/wiki/Arnold_Brown_(General_of_The_Salvation_Army)	['1913', '2002']
Hugh B. Brown	/wiki/Hugh_B._Brown	['1883', '1975']
Ranj Dhaliwal	/wiki/Ranj_Dhaliwal	['1976', '2025']
Lionel Groulx	/wiki/Lionel_Groulx	['1878', '1967']
Albert Lacombe	/wiki/Albert_Lacombe	['1827', '1916']
John G. Lake	/wiki/John_G._Lake	['1870', '1935']
Paul-Émile Léger	/wiki/Paul-%C3%89mile_L%C3%A9ger	['1904', '1991']
Merlin Lybbert	/wiki/Merlin_Lybbert	['1926', '2001']
David Mainse	/wiki/David_Mainse	['1936', '2025']
Aimee Semple McPherson	/wiki/Aimee_Semple_McPherson	['1890', '1944']
William D. Morrow	/wiki/William_D._Morrow	['1900', '1950']
Michael Power	/wiki/Michael_Power_(Canadian_bishop)	['1804', '1847']
Alexandre-Antonin Taché	/wiki/Alexandre-Antonin_Tach%C3%A9	['1823', '1894']
Nathan Eldon Tanner	/wiki/Nathan_Eldon_Tanner	['1898', '1982']
John Taylor	/wiki/John_Taylor_(Latter_Day_Saints)	['1808', '1887']
Kateri Tekakwitha	/wiki/Kateri_Tekakwitha	['1656', '1680']
Rúhíyyih Khanum	/wiki/R%C3%BAh%C3%ADyyih_Khanum	['1910', '2000']
Bramwell Tillsley	/wiki/Bramwell_Tillsley	['1931', '2025']
Clarence Wiseman	/wiki/Clarence_Wiseman	['1907', '1985']
Roch Thériault	/wiki/Roch_Th%C3%A9riault	['1947', '2011']
Brother XII	/wiki/Brother_XII	['1878', '1934']
Louise Arbour	/wiki/Louise_Arbour	['1947', '2025']
Pratima Bansal	/wiki/Pratima_Bansal	['1900', '1950']
Timothy Brook	/wiki/Timothy_Brook_(historian)	['1900', '1950']
Joseph-Alphonse-Paul Cadotte	/wiki/Joseph-Alphonse-Paul_Cadotte	['1900', '1950']
Jack Chambers	/wiki/Jack_Chambers_(linguist)	['1938', '2025']
T. H. Clark	/wiki/T._H._Clark	['1893', '1996']
Gerald Cohen	/wiki/Gerald_Cohen	['1941', '2009']
Northrop Frye	/wiki/Northrop_Frye	['1912', '1991']
John Kenneth Galbraith	/wiki/John_Kenneth_Galbraith	['1908', '2006']
George Grant	/wiki/George_Grant_(philosopher)	['1918', '1988']
John Peters Humphrey	/wiki/John_Peters_Humphrey	['1905', '1995']
Harold Innis	/wiki/Harold_Innis	['1894', '1952']
Marshall McLuhan	/wiki/Marshall_McLuhan	['1911', '1980']
Steven Pinker	/wiki/Steven_Pinker	['1954', '2025']
John Ralston Saul	/wiki/John_Ralston_Saul	['1947', '2025']
F. R. Scott	/wiki/F._R._Scott	['1899', '1985']
Guy Sylvestre	/wiki/Guy_Sylvestre	['1918', '2025']
David Sztybel	/wiki/David_Sztybel	['1967', '2025']
Charles Taylor	/wiki/Charles_Taylor_(philosopher)	['1931', '2025']
Robert Campbell Aitken	/wiki/Robert_Campbell_Aitken	['1963', '2025']
Sidney Altman	/wiki/Sidney_Altman	['1939', '2025']
Brenda Andrews	/wiki/Brenda_Andrews	['1900', '1950']
Albert Bandura	/wiki/Albert_Bandura	['1921', '2025']
Neil Banerjee	/wiki/Neil_Banerjee	['1900', '1950']
Karen Bailey	/wiki/Karen_Bailey	['1900', '1950']
Karen Beauchemin	/wiki/Karen_Beauchemin	['1900', '1950']
Robert Bell	/wiki/Robert_Bell_(geologist)	['1841', '1917']
Walter A. Bell	/wiki/Walter_A._Bell	['1889', '1969']
Selwyn G. Blaylock	/wiki/Selwyn_G._Blaylock	['1879', '1945']
Stewart Blusson	/wiki/Stewart_Blusson	['1939', '2025']
Adolfo J. de Bold	/wiki/Adolfo_J._de_Bold	['1942', '2025']
Willard Boyle	/wiki/Willard_Boyle	['1924', '2025']
Bertram Brockhouse	/wiki/Bertram_Brockhouse	['1918', '2003']
Georges Brossard	/wiki/Georges_Brossard	['1940', '2025']
Moira Brown	/wiki/Moira_Brown	['1900', '1950']
Vernon Douglas Burrows	/wiki/Vernon_Douglas_Burrows	['1930', '2025']
John J. Clague	/wiki/John_J._Clague	['1946', '2025']
Kate Crooks	/wiki/Kate_Crooks_(botanist)	['1833', '1871']
Claire Cupples	/wiki/Claire_Cupples	['1900', '1950']
Philip J. Currie	/wiki/Philip_J._Currie	['1900', '1950']
John William Dawson	/wiki/John_William_Dawson	['1820', '1899']
Duncan R. Derry	/wiki/Duncan_R._Derry	['1906', '1987']
Raymond L. Desjardins	/wiki/Raymond_L._Desjardins	['1900', '1950']
Martine Dorais	/wiki/Martine_Dorais	['1900', '1950']
R. J. W. Douglas	/wiki/R._J._W._Douglas	['1920', '1979']
Eugenia Duodu	/wiki/Eugenia_Duodu	['1900', '1950']
John Charles Fields	/wiki/John_Charles_Fields	['1863', '1932']
J. Keith Fraser	/wiki/J._Keith_Fraser	['1922', '2025']
Hu Gabrielse	/wiki/Hu_Gabrielse	['1900', '1950']
William Giauque	/wiki/William_Giauque	['1949', '2025']
Cynthia Grant	/wiki/Cynthia_Grant	['1900', '1950']
Donald O. Hebb	/wiki/Donald_O._Hebb	['1904', '1985']
Gerhard Herzberg	/wiki/Gerhard_Herzberg	['1904', '1999']
James Hillier	/wiki/James_Hillier	['1915', '2007']
Paul F. Hoffman	/wiki/Paul_F._Hoffman	['1941', '2025']
Edward A. Irving	/wiki/Edward_A._Irving	['1927', '2025']
Charles Legge	/wiki/Charles_Legge	['1900', '1950']
Victor Ling	/wiki/Victor_Ling	['1944', '2025']
William Edmond Logan	/wiki/William_Edmond_Logan	['1798', '1875']
Mary MacArthur	/wiki/Mary_MacArthur	['1900', '1950']
John Macoun	/wiki/John_Macoun	['1831', '1920']
Tak Wah Mak	/wiki/Tak_Wah_Mak	['1946', '2025']
Claude Hillaire-Marcel	/wiki/Claude_Hillaire-Marcel	['1944', '2025']
Rudolph A. Marcus	/wiki/Rudolph_A._Marcus	['1923', '2025']
Jerrold E. Marsden	/wiki/Jerrold_E._Marsden	['1942', '2010']
Ernest McCulloch	/wiki/Ernest_McCulloch	['1926', '2025']
Maud Menten	/wiki/Maud_Menten	['1879', '1960']
John Charles Polanyi	/wiki/John_Charles_Polanyi	['1929', '2025']
Isabella Preston	/wiki/Isabella_Preston	['1900', '1950']
Raymond A. Price	/wiki/Raymond_A._Price	['1933', '2025']
Hubert Reeves	/wiki/Hubert_Reeves	['1932', '2025']
Soon Jai Park	/wiki/Soon_Jai_Park	['1937', '2018']
Elizabeth Pattey	/wiki/Elizabeth_Pattey	['1900', '1950']
Henry de Puyjalon	/wiki/Henry_de_Puyjalon	['1841', '2025']
Donald F. Sangster	/wiki/Donald_F._Sangster	['1900', '1950']
Charles E. Saunders	/wiki/Charles_E._Saunders	['1867', '1937']
Arthur Schawlow	/wiki/Arthur_Schawlow	['1921', '1999']
David Schindler	/wiki/David_Schindler	['1940', '2025']
Myron Scholes	/wiki/Myron_Scholes	['1941', '2025']
Karen Schwartzkopf-Genswein	/wiki/Karen_Schwartzkopf-Genswein	['1900', '1950']
Hans Selye	/wiki/Hans_Selye	['1907', '1982']
Michael Smith	/wiki/Michael_Smith_(chemist)	['1932', '2000']
Ralph M. Steinman	/wiki/Ralph_M._Steinman	['1943', '2011']
Peter A Stewart	/wiki/Peter_A_Stewart	['1921', '1993']
Donna Strickland	/wiki/Donna_Strickland	['1900', '1950']
Richard Summerbell	/wiki/Richard_Summerbell	['1956', '2025']
David Suzuki	/wiki/David_Suzuki	['1936', '2025']
Felicitas Svejda	/wiki/Felicitas_Svejda	['1900', '1950']
Henry Taube	/wiki/Henry_Taube	['1915', '2005']
Richard Taylor	/wiki/Richard_Taylor_(physicist)	['1929', '2025']
James Till	/wiki/James_Till	['1931', '2025']
Joseph Tyrrell	/wiki/Joseph_Tyrrell	['1858', '1957']
William Vickrey	/wiki/William_Vickrey	['1914', '1996']
Harold Williams	/wiki/Harold_Williams_(geologist)	['1934', '2025']
John Tuzo Wilson	/wiki/John_Tuzo_Wilson	['1908', '1993']
Janis Babson	/wiki/Janis_Babson	['1950', '1961']
Great Antonio	/wiki/Great_Antonio	['1925', '2003']
Grant Bristow	/wiki/Grant_Bristow	['1958', '2025']
René Lepage de Sainte-Claire	/wiki/Ren%C3%A9_Lepage_de_Sainte-Claire	['1656', '1718']
Black Donnellys	/wiki/Black_Donnellys	['1900', '1950']
Josiah Henson	/wiki/Josiah_Henson	['1789', '1883']
Harold Kandel	/wiki/Harold_Kandel	['1906', '1995']
Marc Karam	/wiki/Marc_Karam	['1980', '2025']
Anna Ruth Lang	/wiki/Anna_Ruth_Lang	['1900', '1950']
Sunny Leone	/wiki/Sunny_Leone	['1981', '2025']
Bat Masterson	/wiki/Bat_Masterson	['1853', '1921']
Charles Vance Millar	/wiki/Charles_Vance_Millar	['1853', '1926']
Sorel Mizzi	/wiki/Sorel_Mizzi	['1986', '2025']
John Wilson Murray	/wiki/John_Wilson_Murray	['1840', '1906']
Daniel Negreanu	/wiki/Daniel_Negreanu	['1974', '2025']
Minnie Patterson	/wiki/Minnie_Patterson	['1900', '1950']
Sue Rodriguez	/wiki/Sue_Rodriguez	['1950', '1994']
Alexander Milton Ross	/wiki/Alexander_Milton_Ross	['1832', '1897']
Craig Russell	/wiki/Craig_Russell_(Canadian_actor)	['1948', '1990']
Laura Secord	/wiki/Laura_Secord	['1775', '1868']
Joshua Slocum	/wiki/Joshua_Slocum	['1844', '1909']
Margaret Trudeau	/wiki/Margaret_Trudeau	['1948', '2025']
Amuro Ray	/wiki/Amuro_Ray	['1900', '1950']
Ike Broflovski	/wiki/Ike_Broflovski	['1900', '1950']
Captain Canuck	/wiki/Captain_Canuck	['1900', '1950']
Benton Fraser	/wiki/Benton_Fraser	['1900', '1950']
Wolverine	/wiki/Wolverine_(character)	['1900', '1950']
Justin Time	/wiki/Justin_Time_(TV_series)	['1900', '1950']
Rodney McKay	/wiki/Rodney_McKay	['1900', '1950']
Captain Canuck	/wiki/Captain_Canuck	['1900', '1950']
Trevor Philips	/wiki/Trevor_Philips	['1900', '1950']
Scott Pilgrim	/wiki/Scott_Pilgrim	['1900', '1950']
Sergeant William Preston	/wiki/Sergeant_William_Preston	['1900', '1950']
Peter Puck	/wiki/Peter_Puck	['1900', '1950']
Robin Scherbatsky	/wiki/Robin_Scherbatsky	['1900', '1950']
Captain Canuck	/wiki/Captain_Canuck	['1900', '1950']
Anne Shirley	/wiki/Anne_Shirley	['1900', '1950']
Terrance and Phillip	/wiki/Terrance_and_Phillip	['1900', '1950']
Deadpool	/wiki/Deadpool	['1900', '1950']
Template:Canada topic	/wiki/Template:Canada_topic	['1900', '1950']
Template talk:Canada topic	/wiki/Template_talk:Canada_topic	['1900', '1950']
First Nations	/wiki/First_Nations	['1900', '1950']
Inuit	/wiki/Inuit	['1900', '1950']
Anglo-Americans	/wiki/Anglo-Americans	['1900', '1950']
Scots Gaels	/wiki/Scots_Gaels	['1900', '1950']
Acadians	/wiki/Acadians	['1900', '1950']
French-speaking Quebecer	/wiki/French-speaking_Quebecer	['1900', '1950']
Kanaka	/wiki/Kanaka_(Pacific_Island_worker)	['1900', '1950']
Canada 2016 Census	/wiki/Canada_2016_Census	['1900', '1950']
Immigration to Canada	/wiki/Immigration_to_Canada	['1900', '1950']
Template:Canada topics	/wiki/Template:Canada_topics	['1900', '1950']
Template talk:Canada topics	/wiki/Template_talk:Canada_topics	['1900', '1950']
New France	/wiki/New_France	['1534', '1763']
Canada under British rule	/wiki/Canada_under_British_rule	['1763', '1867']
Post-Confederation era	/wiki/Post-Confederation_era	['1867', '1914']
First Nations	/wiki/First_Nations	['1900', '1950']
Alberta	/wiki/Alberta	['1900', '1950']
British Columbia	/wiki/British_Columbia	['1900', '1950']
Manitoba	/wiki/Manitoba	['1900', '1950']
New Brunswick	/wiki/New_Brunswick	['1900', '1950']
Newfoundland and Labrador	/wiki/Newfoundland_and_Labrador	['1900', '1950']
Nova Scotia	/wiki/Nova_Scotia	['1900', '1950']
Ontario	/wiki/Ontario	['1900', '1950']
Prince Edward Island	/wiki/Prince_Edward_Island	['1900', '1950']
Quebec	/wiki/Quebec	['1900', '1950']
Saskatchewan	/wiki/Saskatchewan	['1900', '1950']
Northwest Territories	/wiki/Northwest_Territories	['1900', '1950']
Nunavut	/wiki/Nunavut	['1900', '1950']
Yukon	/wiki/Yukon	['1900', '1950']
Pacific Northwest	/wiki/Pacific_Northwest	['1900', '1950']
Western Canada	/wiki/Western_Canada	['1900', '1950']
Great Plains	/wiki/Great_Plains	['1900', '1950']
Northern Canada	/wiki/Northern_Canada	['1900', '1950']
Great Lakes region	/wiki/Great_Lakes_region	['1900', '1950']
Central Canada	/wiki/Central_Canada	['1900', '1950']
The Maritimes	/wiki/The_Maritimes	['1900', '1950']
Eastern Canada	/wiki/Eastern_Canada	['1900', '1950']
Atlantic Canada	/wiki/Atlantic_Canada	['1900', '1950']
Great Lakes	/wiki/Great_Lakes	['1900', '1950']
Toronto Stock Exchange	/wiki/Toronto_Stock_Exchange	['1900', '1950']
Immigration to Canada	/wiki/Immigration_to_Canada	['1900', '1950']
