text	link	year
Chola Dynasty	/wiki/Chola_Dynasty	['1900', '1950']
Pandyan Dynasty	/wiki/Pandyan_Dynasty	['1900', '1950']
Chera Dynasty	/wiki/Chera_Dynasty	['1900', '1950']
Pallava Dynasty	/wiki/Pallava_Dynasty	['1900', '1950']
Eastern Ganga Dynasty	/wiki/Eastern_Ganga_Dynasty	['1900', '1950']
Ay kingdom	/wiki/Ay_kingdom	['1900', '1950']
Velirs	/wiki/Velirs	['1900', '1950']
Aryacakravarti dynasty	/wiki/Aryacakravarti_dynasty	['1900', '1950']
Vannimai	/wiki/Vannimai	['1900', '1950']
Ramnad estate	/wiki/Ramnad_estate	['1900', '1950']
Ramanatha Sethupathi	/wiki/Ramanatha_Sethupathi	['1900', '1950']
Rajeswari Nachiyar	/wiki/Rajeswari_Nachiyar	['1900', '1950']
Rajkumar Sethupathy	/wiki/Rajkumar_Sethupathy	['1900', '1950']
Latha	/wiki/Latha_(actress)	['1900', '1950']
Thondaman dynasty	/wiki/Thondaman_dynasty	['1922', '1997']
Rajagopala Tondaiman	/wiki/Rajagopala_Tondaiman	['1922', '1997']
R. Rajagopala Tondaiman	/wiki/R._Rajagopala_Tondaiman	['1900', '1950']
Charubala Tondaiman	/wiki/Charubala_Tondaiman	['2001', '2009']
C. Rajagopalachari	/wiki/C._Rajagopalachari	['1878', '1972']
R. Venkataraman	/wiki/R._Venkataraman	['1910', '2009']
A.P.J. Abdul Kalam	/wiki/A.P.J._Abdul_Kalam	['1931', '2015']
S.R. Nathan	/wiki/S.R._Nathan	['1924', '2016']
Veerasamy Ringadoo	/wiki/Veerasamy_Ringadoo	['1920', '2000']
Angidi Chettiar	/wiki/Angidi_Chettiar	['1928', '2010']
Ariranga Govindasamy Pillay	/wiki/Ariranga_Govindasamy_Pillay	['2002', '2002']
Radhika Coomaraswamy	/wiki/Radhika_Coomaraswamy	['1900', '1950']
James Appathurai	/wiki/James_Appathurai	['1900', '1950']
Roy Padayachie	/wiki/Roy_Padayachie	['1950', '2012']
Rettamalai Srinivasan	/wiki/Rettamalai_Srinivasan	['1860', '1945']
V. O. Chidambaram Pillai	/wiki/V._O._Chidambaram_Pillai	['1872', '1936']
Subramanya Bharathi	/wiki/Subramanya_Bharathi	['1882', '1921']
V. Kalyanasundaram	/wiki/V._Kalyanasundaram	['1883', '1953']
Subramaniya Siva	/wiki/Subramaniya_Siva	['1884', '1925']
Jeevanandham	/wiki/Jeevanandham	['1907', '1963']
Champakaraman Pillai	/wiki/Champakaraman_Pillai	['1891', '1934']
Tiruppur Kumaran	/wiki/Tiruppur_Kumaran	['1904', '1932']
U. Muthuramalingam Thevar	/wiki/U._Muthuramalingam_Thevar	['1908', '1963']
K. Kamaraj	/wiki/K._Kamaraj	['1903', '1975']
Thillaiaadi Valliammai	/wiki/Thillaiaadi_Valliammai	['1898', '1914']
V.T. Sambanthan	/wiki/V.T._Sambanthan	['1919', '1979']
Velupillai Prabhakaran	/wiki/Velupillai_Prabhakaran	['1954', '2009']
Marshal Nesamony	/wiki/Marshal_Nesamony	['1895', '1968']
Varadarajan Mudaliar	/wiki/Varadarajan_Mudaliar	['1926', '1988']
C. Rangarajan	/wiki/C._Rangarajan	['1997', '2003']
T.V. Rajeswar	/wiki/T.V._Rajeswar	['1985', '1989']
E.S.L. Narasimhan	/wiki/E.S.L._Narasimhan	['2007', '2010']
P. Sathasivam	/wiki/P._Sathasivam	['2013', '2014']
C. Rajagopalachari	/wiki/C._Rajagopalachari	['1878', '1972']
K. Kamaraj	/wiki/K._Kamaraj	['1903', '1975']
M. Bhaktavatsalam	/wiki/M._Bhaktavatsalam	['1897', '1987']
C. N. Annadurai	/wiki/C._N._Annadurai	['1909', '1969']
V. R. Nedunchezhiyan	/wiki/V._R._Nedunchezhiyan	['1920', '2000']
M. Karunanidhi	/wiki/M._Karunanidhi	['1924', '2018']
M. G. Ramachandran	/wiki/M._G._Ramachandran	['1977', '1987']
J. Jayalalithaa	/wiki/J._Jayalalithaa	['1948', '2016']
O. Panneerselvam	/wiki/O._Panneerselvam	['1900', '1950']
Edappadi K. Palaniswami	/wiki/Edappadi_K._Palaniswami	['1900', '1950']
V. Venkatasubha Reddiar	/wiki/V._Venkatasubha_Reddiar	['1909', '1982']
Subramanyan Ramaswamy	/wiki/Subramanyan_Ramaswamy	['1900', '1950']
V. Vaithilingam	/wiki/V._Vaithilingam	['1900', '1950']
P. Shanmugam	/wiki/P._Shanmugam	['1927', '2013']
N. Rangaswamy	/wiki/N._Rangaswamy	['1900', '1950']
V. Narayanasamy	/wiki/V._Narayanasamy	['1900', '1950']
R.K. Shanmukham Chetty	/wiki/R.K._Shanmukham_Chetty	['1892', '1953']
Jana Krishnamurthi	/wiki/Jana_Krishnamurthi	['1928', '2007']
K. Santhanam	/wiki/K._Santhanam	['1895', '1980']
Satyavani Muthu	/wiki/Satyavani_Muthu	['1923', '1999']
Vazhappady K. Ramamurthy	/wiki/Vazhappady_K._Ramamurthy	['1940', '2002']
M. Arunachalam	/wiki/M._Arunachalam	['1944', '2004']
P. Chidambaram	/wiki/P._Chidambaram	['1900', '1950']
A. Raja	/wiki/A._Raja	['1900', '1950']
Subbulakshmi Jagadeesan	/wiki/Subbulakshmi_Jagadeesan	['1900', '1950']
K. Venkatapathy	/wiki/K._Venkatapathy	['1900', '1950']
S. Regupathy	/wiki/S._Regupathy	['1900', '1950']
Gingee N. Ramachandran	/wiki/Gingee_N._Ramachandran	['1900', '1950']
M.K. Azhagiri	/wiki/M.K._Azhagiri	['1900', '1950']
S. S. Palanimanickam	/wiki/S._S._Palanimanickam	['1900', '1950']
S. Jagathrakshakan	/wiki/S._Jagathrakshakan	['1900', '1950']
T. R. Baalu	/wiki/T._R._Baalu	['1900', '1950']
Mani Shankar Aiyar	/wiki/Mani_Shankar_Aiyar	['1900', '1950']
Subramanian Swamy	/wiki/Subramanian_Swamy	['1900', '1950']
Murasoli Maran	/wiki/Murasoli_Maran	['1900', '1950']
Dayanidhi Maran	/wiki/Dayanidhi_Maran	['1900', '1950']
R. Velu	/wiki/R._Velu	['1900', '1950']
V. Radhika Selvi	/wiki/V._Radhika_Selvi	['1900', '1950']
V. Narayanasamy	/wiki/V._Narayanasamy	['1900', '1950']
Nirmala Sitharaman	/wiki/Nirmala_Sitharaman	['1900', '1950']
Anbumani Ramadoss	/wiki/Anbumani_Ramadoss	['1900', '1950']
Pon Radhakrishnan	/wiki/Pon_Radhakrishnan	['1900', '1950']
Moses Nagamootoo	/wiki/Moses_Nagamootoo	['1900', '1950']
S Jayakumar	/wiki/S_Jayakumar	['1900', '1950']
Tharman Shanmugaratnam	/wiki/Tharman_Shanmugaratnam	['1900', '1950']
Vivian Balakrishnan	/wiki/Vivian_Balakrishnan	['1900', '1950']
S Rajaratnam	/wiki/S_Rajaratnam	['1915', '2006']
S Dhanabalan	/wiki/S_Dhanabalan	['1900', '1950']
J. B. Jeyaretnam	/wiki/J._B._Jeyaretnam	['1926', '2008']
Ramasamy Palanisamy	/wiki/Ramasamy_Palanisamy	['1900', '1950']
Nagalingam Shanmugathasan	/wiki/Nagalingam_Shanmugathasan	['1920', '1993']
Bala Tampoe	/wiki/Bala_Tampoe	['1922', '2014']
Pillayan	/wiki/Pillayan	['1900', '1950']
P. P. Devaraj	/wiki/P._P._Devaraj	['1900', '1950']
Radhakrishnan	/wiki/Radhakrishnan	['1900', '1950']
Visvanathan Rudrakumaran	/wiki/Visvanathan_Rudrakumaran	['1900', '1950']
Samy Vellu	/wiki/Samy_Vellu	['1900', '1950']
K.R. Somasundram	/wiki/K.R._Somasundram	['1900', '1950']
Joshua Benjamin Jeyaretnam	/wiki/Joshua_Benjamin_Jeyaretnam	['1926', '2008']
Radhakrishna Padayachi	/wiki/Radhakrishna_Padayachi	['1950', '2012']
Rathika Sitsabaiesan	/wiki/Rathika_Sitsabaiesan	['1900', '1950']
Gunasagaran Gounder	/wiki/Gunasagaran_Gounder	['1900', '1950']
Perumal Mupnar	/wiki/Perumal_Mupnar	['1900', '1950']
S.J.V. Chelvanayakam	/wiki/S.J.V._Chelvanayakam	['1898', '1977']
S. Thondaman	/wiki/S._Thondaman	['1913', '1999']
N. Shanmugathasan	/wiki/N._Shanmugathasan	['1920', '1993']
Joseph Pararajasingham	/wiki/Joseph_Pararajasingham	['1934', '2005']
Lakshman Kadirgamar	/wiki/Lakshman_Kadirgamar	['1932', '2005']
Veerasingham Anandasangaree	/wiki/Veerasingham_Anandasangaree	['1900', '1950']
Murugesu Sivasithamparam	/wiki/Murugesu_Sivasithamparam	['1923', '2002']
Rajavarothiam Sampanthan	/wiki/Rajavarothiam_Sampanthan	['1900', '1950']
Neelan Tiruchelvam	/wiki/Neelan_Tiruchelvam	['1944', '1999']
Appapillai Amirthalingam	/wiki/Appapillai_Amirthalingam	['1927', '1989']
Douglas Devananda	/wiki/Douglas_Devananda	['1900', '1950']
Thamizhavel G. Sarangapani	/wiki/Thamizhavel_G._Sarangapani	['1903', '1974']
Patrick Pillay	/wiki/Patrick_Pillay	['1900', '1950']
Jean-Paul Virapoullé	/wiki/Jean-Paul_Virapoull%C3%A9	['1900', '1950']
E.E.C. Thuraisingham	/wiki/E.E.C._Thuraisingham	['1898', '1979']
Kamala Devi Harris	/wiki/Kamala_Devi_Harris	['1900', '1950']
P.T. Rajan	/wiki/P.T._Rajan	['1892', '1974']
P.T.R. Palanivel Rajan	/wiki/P.T.R._Palanivel_Rajan	['1932', '2006']
P. Subbarayan	/wiki/P._Subbarayan	['1889', '1962']
Mohan Kumaramangalam	/wiki/Mohan_Kumaramangalam	['1916', '1973']
Rangarajan Kumaramangalam	/wiki/Rangarajan_Kumaramangalam	['1952', '2000']
Lalitha Kumaramangalam	/wiki/Lalitha_Kumaramangalam	['1900', '1950']
Parvathi Krishnan	/wiki/Parvathi_Krishnan	['1919', '2014']
Sir C.P. Ramaswami Iyer	/wiki/Sir_C.P._Ramaswami_Iyer	['1879', '1966']
M. Bhaktavatsalam	/wiki/M._Bhaktavatsalam	['1897', '1987']
Jayanthi Natarajan	/wiki/Jayanthi_Natarajan	['1900', '1950']
Jayanthi Natarajan	/wiki/Jayanthi_Natarajan	['1900', '1950']
C. Rajagopalachari	/wiki/C._Rajagopalachari	['1878', '1972']
E.V.K.S. Elangovan	/wiki/E.V.K.S._Elangovan	['1900', '1950']
E.V.K.S. Elangovan	/wiki/E.V.K.S._Elangovan	['1900', '1950']
Kumari Ananthan	/wiki/Kumari_Ananthan	['1900', '1950']
H. Vasanthakumar	/wiki/H._Vasanthakumar	['1900', '1950']
G.K. Moopanar	/wiki/G.K._Moopanar	['1931', '2001']
G.K. Vasan	/wiki/G.K._Vasan	['1900', '1950']
Karunanidhi	/wiki/Karunanidhi	['1924', '2018']
M.K. Alagiri	/wiki/M.K._Alagiri	['1900', '1950']
M.K. Stalin	/wiki/M.K._Stalin	['1900', '1950']
Kanimozhi	/wiki/Kanimozhi	['1900', '1950']
Murasoli Maran	/wiki/Murasoli_Maran	['1934', '2003']
Dayanidhi Maran	/wiki/Dayanidhi_Maran	['1900', '1950']
S. Ramadoss	/wiki/S._Ramadoss	['1900', '1950']
Anbumani Ramadoss	/wiki/Anbumani_Ramadoss	['1900', '1950']
A. Coomaraswamy	/wiki/A._Coomaraswamy	['1783', '1836']
Muthu Coomaraswamy	/wiki/Muthu_Coomaraswamy	['1833', '1879']
Ananda Coomaraswamy	/wiki/Ananda_Coomaraswamy	['1877', '1947']
A. Ponnambalam	/wiki/A._Ponnambalam	['1814', '1887']
P. Coomaraswamy	/wiki/P._Coomaraswamy	['1849', '1906']
Ponnambalam Ramanathan	/wiki/Ponnambalam_Ramanathan	['1851', '1930']
Arunachalam Mahadeva	/wiki/Arunachalam_Mahadeva	['1885', '1969']
Baku Mahadeva	/wiki/Baku_Mahadeva	['1921', '2013']
Ponnambalam Arunachalam	/wiki/Ponnambalam_Arunachalam	['1853', '1924']
S. Pararajasingam	/wiki/S._Pararajasingam	['1900', '1950']
V.P. Ganeshan	/wiki/V.P._Ganeshan	['1900', '1950']
Mano Ganesan	/wiki/Mano_Ganesan	['1900', '1950']
Praba Ganesan	/wiki/Praba_Ganesan	['1900', '1950']
Savumiamoorthy Thondaman	/wiki/Savumiamoorthy_Thondaman	['1913', '1999']
Arumugam Thondaman	/wiki/Arumugam_Thondaman	['1900', '1950']
Arumugam Thondaman	/wiki/Arumugam_Thondaman	['1900', '1950']
G.G. Ponnambalam	/wiki/G.G._Ponnambalam	['1901', '1977']
Kumar Ponnambalam	/wiki/Kumar_Ponnambalam	['1940', '2000']
Gajendrakumar Ponnambalam	/wiki/Gajendrakumar_Ponnambalam	['1900', '1950']
Arumugam Canagaratnam	/wiki/Arumugam_Canagaratnam	['1898', '1964']
Cathiravelu Sittampalam	/wiki/Cathiravelu_Sittampalam	['1898', '1964']
Cathiravelu Ponnambalam	/wiki/Cathiravelu_Ponnambalam	['1900', '1950']
Paramasiva Prabhakar Kumaramangalam	/wiki/Paramasiva_Prabhakar_Kumaramangalam	['1913', '2000']
Krishnaswamy Sundararajan	/wiki/Krishnaswamy_Sundararajan	['1930', '1999']
Oscar Stanley Dawson	/wiki/Oscar_Stanley_Dawson	['1923', '2011']
Sushil Kumar	/wiki/Sushil_Kumar_(admiral)	['1940', '2019']
Srinivasapuram Krishna Swamy	/wiki/Srinivasapuram_Krishna_Swamy	['2001', '2004']
C. V. Raman	/wiki/C._V._Raman	['1900', '1950']
Subrahmanyan Chandrasekhar	/wiki/Subrahmanyan_Chandrasekhar	['1900', '1950']
Venkatraman Ramakrishnan	/wiki/Venkatraman_Ramakrishnan	['1900', '1950']
Akshay Venkatesh	/wiki/Akshay_Venkatesh	['1900', '1950']
C. V. Raman	/wiki/C._V._Raman	['1900', '1950']
C. Rajagopalachari	/wiki/C._Rajagopalachari	['1900', '1950']
K. Kamaraj	/wiki/K._Kamaraj	['1900', '1950']
A.P.J. Abdul Kalam	/wiki/A.P.J._Abdul_Kalam	['1900', '1950']
M. G. Ramachandran	/wiki/M._G._Ramachandran	['1900', '1950']
C. Subramaniam	/wiki/C._Subramaniam	['1900', '1950']
M. S. Subbulakshmi	/wiki/M._S._Subbulakshmi	['1900', '1950']
Arcot Lakshmanaswami Mudaliar	/wiki/Arcot_Lakshmanaswami_Mudaliar	['1900', '1950']
Subrahmanyan Chandrasekhar	/wiki/Subrahmanyan_Chandrasekhar	['1900', '1950']
Kalyan Sundaram	/wiki/Kalyan_Sundaram	['1900', '1950']
Arcot Ramasamy Mudaliar	/wiki/Arcot_Ramasamy_Mudaliar	['1900', '1950']
T. Swaminathan	/wiki/T._Swaminathan	['1900', '1950']
T. Balasaraswati	/wiki/T._Balasaraswati	['1900', '1950']
V. Arunachalam	/wiki/V._Arunachalam	['1900', '1950']
Raja Jesudoss Chelliah	/wiki/Raja_Jesudoss_Chelliah	['1900', '1950']
Balu Sankaran	/wiki/Balu_Sankaran	['1900', '1950']
V. Krishnamurthy	/wiki/V._Krishnamurthy	['1900', '1950']
Sivaji Ganesan	/wiki/Sivaji_Ganesan	['1900', '1950']
Kamal Haasan	/wiki/Kamal_Haasan	['1900', '1950']
Ilaiyaraaja	/wiki/Ilaiyaraaja	['1900', '1950']
A. R. Rahman	/wiki/A._R._Rahman	['1900', '1950']
Arogyaswami Paulraj	/wiki/Arogyaswami_Paulraj	['1900', '1950']
Shiv Nadar	/wiki/Shiv_Nadar	['1900', '1950']
Jayakanthan	/wiki/Jayakanthan	['1900', '1950']
Rajinikanth	/wiki/Rajinikanth	['1900', '1950']
Sivaji Ganesan	/wiki/Sivaji_Ganesan	['1900', '1950']
K. Balachander	/wiki/K._Balachander	['1900', '1950']
Kamal Haasan	/wiki/Kamal_Haasan	['1900', '1950']
Vairamuthu	/wiki/Vairamuthu	['1900', '1950']
B. Palaniappan	/wiki/B._Palaniappan	['1900', '1950']
Sivanthi Adithan	/wiki/Sivanthi_Adithan	['1900', '1950']
Actor Vivek	/wiki/Actor_Vivek	['1900', '1950']
Mecca Rafeeque Ahmed	/wiki/Mecca_Rafeeque_Ahmed	['1900', '1950']
Prabhu Deva	/wiki/Prabhu_Deva	['1900', '1950']
M.S.Swaminathan	/wiki/M.S.Swaminathan	['1900', '1950']
M.S. Subbulakshmi	/wiki/M.S._Subbulakshmi	['1900', '1950']
Jockin Arputham	/wiki/Jockin_Arputham	['1900', '1950']
Palagummi Sainath	/wiki/Palagummi_Sainath	['1900', '1950']
Kulandei Francis	/wiki/Kulandei_Francis	['1900', '1950']
T.M. Krishna	/wiki/T.M._Krishna	['1900', '1950']
Sivaji Ganesan	/wiki/Sivaji_Ganesan	['1900', '1950']
K.Balachander	/wiki/K.Balachander	['1900', '1950']
Ramaswamy Parmeshwaran	/wiki/Ramaswamy_Parmeshwaran	['1946', '1987']
Viswanathan Anand	/wiki/Viswanathan_Anand	['92', '1991']
Akilan	/wiki/Akilan	['1900', '1950']
Jayakanthan	/wiki/Jayakanthan	['1900', '1950']
Vyjayanthimala	/wiki/Vyjayanthimala	['1900', '1950']
Karaikudi Sambasiva Iyer	/wiki/Karaikudi_Sambasiva_Iyer	['1900', '1950']
Ariyakudi Ramanuja Iyengar	/wiki/Ariyakudi_Ramanuja_Iyengar	['1900', '1950']
Papanasam R. Sivan	/wiki/Papanasam_R._Sivan	['1900', '1950']
V. Raghavan	/wiki/V._Raghavan	['1900', '1950']
L. Athira Krishna	/wiki/L._Athira_Krishna	['1900', '1950']
Suresh Joachim	/wiki/Suresh_Joachim	['1900', '1950']
V.S. Kumar Anandan	/wiki/V.S._Kumar_Anandan	['1900', '1950']
Kutraleeswaran	/wiki/Kutraleeswaran	['1900', '1950']
Rajasekharan Parameswaran	/wiki/Rajasekharan_Parameswaran	['1900', '1950']
Kutraleeswaran	/wiki/Kutraleeswaran	['1900', '1950']
A. R. Rahman	/wiki/A._R._Rahman	['1900', '1950']
Cottalango Leon	/wiki/Cottalango_Leon	['1900', '1950']
M.B.Nirmal	/wiki/M.B.Nirmal	['1900', '1950']
Krishnammal Jagannathan	/wiki/Krishnammal_Jagannathan	['1900', '1950']
Naraina Pillai	/wiki/Naraina_Pillai	['1900', '1950']
Anjali Gopalan	/wiki/Anjali_Gopalan	['1900', '1950']
Harish Iyer	/wiki/Harish_Iyer	['1900', '1950']
Chinna Pillai	/wiki/Chinna_Pillai	['1900', '1950']
Traffic Ramasamy	/wiki/Traffic_Ramasamy	['1900', '1950']
B.S. Abdur Rahman	/wiki/B.S._Abdur_Rahman	['1900', '1950']
Ananda Krishnan	/wiki/Ananda_Krishnan	['1900', '1950']
Kalanithi Maran	/wiki/Kalanithi_Maran	['1900', '1950']
Shiv Nadar	/wiki/Shiv_Nadar	['1900', '1950']
Ram Shriram	/wiki/Ram_Shriram	['1900', '1950']
A. Vellayan	/wiki/A._Vellayan	['1900', '1950']
Maha Sinnathamby	/wiki/Maha_Sinnathamby	['1900', '1950']
G. Gnanalingam	/wiki/G._Gnanalingam	['1900', '1950']
R. G. Chandramogan	/wiki/R._G._Chandramogan	['1900', '1950']
Sundar Pichai	/wiki/Sundar_Pichai	['1900', '1950']
T. S. Kalyanaraman	/wiki/T._S._Kalyanaraman	['1900', '1950']
Palani G. Periasamy	/wiki/Palani_G._Periasamy	['1900', '1950']
Indra Krishnamurthy Nooyi	/wiki/Indra_Krishnamurthy_Nooyi	['1900', '1950']
Sundar Pichai	/wiki/Sundar_Pichai	['1900', '1950']
Kalanidhi Maran	/wiki/Kalanidhi_Maran	['1900', '1950']
Natarajan Chandrasekaran	/wiki/Natarajan_Chandrasekaran	['1900', '1950']
Subramaniam Ramadorai	/wiki/Subramaniam_Ramadorai	['1900', '1950']
Valiama Narain	/wiki/Valiama_Narain	['1900', '1950']
Ramamurthy Thyagarajan	/wiki/Ramamurthy_Thyagarajan	['1900', '1950']
L. S. Kandasamy	/wiki/L._S._Kandasamy	['1900', '1950']
Jeppiaar	/wiki/Jeppiaar	['1900', '1950']
V. L. Ethiraj	/wiki/V._L._Ethiraj	['1900', '1950']
Rajalakshmi Parthasarathy	/wiki/Rajalakshmi_Parthasarathy	['1900', '1950']
B.S. Abdur Rahman	/wiki/B.S._Abdur_Rahman	['1900', '1950']
Munirathna Anandakrishnan	/wiki/Munirathna_Anandakrishnan	['1900', '1950']
Bala V. Balachandran	/wiki/Bala_V._Balachandran	['1900', '1950']
V. M. Muralidharan	/wiki/V._M._Muralidharan	['1900', '1950']
Subra Suresh	/wiki/Subra_Suresh	['1900', '1950']
Ramayya Krishnan	/wiki/Ramayya_Krishnan	['1900', '1950']
Annamalai Chettiar	/wiki/Annamalai_Chettiar	['1900', '1950']
Pachaiyappa Mudaliar	/wiki/Pachaiyappa_Mudaliar	['1900', '1950']
Chengalvaraya Naicker	/wiki/Chengalvaraya_Naicker	['1900', '1950']
Kandasamy Kandar	/wiki/Kandasamy_Kandar	['1900', '1950']
Alagappa Chettiar	/wiki/Alagappa_Chettiar	['1900', '1950']
Gopalapuram Parthasarathy	/wiki/Gopalapuram_Parthasarathy	['1900', '1950']
Yogendra Duraiswamy	/wiki/Yogendra_Duraiswamy	['1900', '1950']
Tamara Kunanayakam	/wiki/Tamara_Kunanayakam	['1900', '1950']
Arunachalam Mahadeva	/wiki/Arunachalam_Mahadeva	['1900', '1950']
Anton Muttukumaru	/wiki/Anton_Muttukumaru	['1900', '1950']
Manicasothy Saravanamuttu	/wiki/Manicasothy_Saravanamuttu	['1900', '1950']
H. W. Thambiah	/wiki/H._W._Thambiah	['1900', '1950']
Krishnan Srinivasan	/wiki/Krishnan_Srinivasan	['1900', '1950']
K. Raghunath	/wiki/K._Raghunath	['1900', '1950']
Beno Zephine N L	/wiki/Beno_Zephine_N_L	['1900', '1950']
J. S. Tissainayagam	/wiki/J._S._Tissainayagam	['1900', '1950']
George Alagiah	/wiki/George_Alagiah	['1900', '1950']
James Coomarasamy	/wiki/James_Coomarasamy	['1900', '1950']
Darshini David	/wiki/Darshini_David	['1900', '1950']
Tim Kash	/wiki/Tim_Kash	['1900', '1950']
Taraki Sivaram	/wiki/Taraki_Sivaram	['1900', '1950']
E. Saravanapavan	/wiki/E._Saravanapavan	['1900', '1950']
N. Ram	/wiki/N._Ram	['1900', '1950']
Cho Ramaswamy	/wiki/Cho_Ramaswamy	['1900', '1950']
Thenkachi Ko. Swaminathan	/wiki/Thenkachi_Ko._Swaminathan	['1900', '1950']
Hari Sreenivasan	/wiki/Hari_Sreenivasan	['1900', '1950']
Mylswamy Annadurai	/wiki/Mylswamy_Annadurai	['1900', '1950']
Shiva Ayyadurai	/wiki/Shiva_Ayyadurai	['1900', '1950']
Kailasavadivoo Sivan	/wiki/Kailasavadivoo_Sivan	['1900', '1950']
Stanley Jeyaraja Tambiah	/wiki/Stanley_Jeyaraja_Tambiah	['1900', '1950']
Arumugam Vijiaratnam	/wiki/Arumugam_Vijiaratnam	['1900', '1950']
Bala V. Balachandran	/wiki/Bala_V._Balachandran	['1900', '1950']
V. L. Ethiraj	/wiki/V._L._Ethiraj	['1900', '1950']
Malcolm Adiseshiah	/wiki/Malcolm_Adiseshiah	['1910', '1994']
V C Kulandaiswamy	/wiki/V_C_Kulandaiswamy	['1900', '1950']
M. Varadarasan	/wiki/M._Varadarasan	['1900', '1950']
Philip Jeyaretnam	/wiki/Philip_Jeyaretnam	['1900', '1950']
Shan Ratnam	/wiki/Shan_Ratnam	['1900', '1950']
Arjun Appadurai	/wiki/Arjun_Appadurai	['1900', '1950']
H.S.S. Lawrence	/wiki/H.S.S._Lawrence	['1900', '1950']
C.K. Prahalad	/wiki/C.K._Prahalad	['1900', '1950']
Prof B.P. Sanjay	/wiki/Prof_B.P._Sanjay	['1900', '1950']
M. S. Ananth	/wiki/M._S._Ananth	['1900', '1950']
Xavier Thaninayagam	/wiki/Xavier_Thaninayagam	['1900', '1950']
Christie Jayaratnam Eliezer	/wiki/Christie_Jayaratnam_Eliezer	['1900', '1950']
Sanjay Subrahmanyam	/wiki/Sanjay_Subrahmanyam	['1900', '1950']
Indira Samarasekera	/wiki/Indira_Samarasekera	['1900', '1950']
Vilayanur S. Ramachandran	/wiki/Vilayanur_S._Ramachandran	['1900', '1950']
G. Nammalvar	/wiki/G._Nammalvar	['1900', '1950']
M. S. Swaminathan	/wiki/M._S._Swaminathan	['1900', '1950']
Ganapathi Thanikaimoni	/wiki/Ganapathi_Thanikaimoni	['1938', '1986']
M.O.P. Iyengar	/wiki/M.O.P._Iyengar	['1900', '1950']
C.Livingstone	/wiki/C.Livingstone	['1900', '1950']
Ramanathan V. Guha	/wiki/Ramanathan_V._Guha	['1900', '1950']
Madhu Sudan	/wiki/Madhu_Sudan	['1900', '1950']
Hari Balakrishnan	/wiki/Hari_Balakrishnan	['1900', '1950']
Arogyaswami Paulraj	/wiki/Arogyaswami_Paulraj	['1900', '1950']
Shiva Ayyadurai	/wiki/Shiva_Ayyadurai	['1900', '1950']
Ravindran Kannan	/wiki/Ravindran_Kannan	['1900', '1950']
T. V. Raman	/wiki/T._V._Raman	['1900', '1950']
Sundar Pichai	/wiki/Sundar_Pichai	['1900', '1950']
Marti Subrahmanyam	/wiki/Marti_Subrahmanyam	['1900', '1950']
Bala V. Balachandran	/wiki/Bala_V._Balachandran	['1900', '1950']
Ravi Jagannathan	/wiki/Ravi_Jagannathan	['1900', '1950']
H.V.R. Iyengar	/wiki/H.V.R._Iyengar	['1957', '1962']
S. Jagannathan	/wiki/S._Jagannathan	['1970', '1975']
M. Narasimham	/wiki/M._Narasimham	['1900', '1950']
S. Venkitaramanan	/wiki/S._Venkitaramanan	['1990', '1992']
K. Ramachandran	/wiki/K._Ramachandran	['1900', '1950']
T.N. Srinivasan	/wiki/T.N._Srinivasan	['1900', '1950']
Raghuram Rajan	/wiki/Raghuram_Rajan	['2013', '2016']
Sendhil Mullainathan	/wiki/Sendhil_Mullainathan	['1900', '1950']
Jomo Kwame Sundaram	/wiki/Jomo_Kwame_Sundaram	['1900', '1950']
Ramon Navaratnam	/wiki/Ramon_Navaratnam	['1900', '1950']
Raj Chetty	/wiki/Raj_Chetty	['1900', '1950']
Swaminathan Gurumurthy	/wiki/Swaminathan_Gurumurthy	['1900', '1950']
Arvind Subramanian	/wiki/Arvind_Subramanian	['2014', '2018']
Krishnamurthy Subramanian	/wiki/Krishnamurthy_Subramanian	['1900', '1950']
K. Sripavan	/wiki/K._Sripavan	['1900', '1950']
Rajesh Sreenivasan	/wiki/Rajesh_Sreenivasan	['1900', '1950']
Karthy Govender	/wiki/Karthy_Govender	['1900', '1950']
Kamala Harris	/wiki/Kamala_Harris	['1900', '1950']
K.S. Rajah	/wiki/K.S._Rajah	['1900', '1950']
Navanethem Pillay	/wiki/Navanethem_Pillay	['1900', '1950']
M. Patanjali Sastri	/wiki/M._Patanjali_Sastri	['1900', '1950']
V. Bhashyam Aiyangar	/wiki/V._Bhashyam_Aiyangar	['1900', '1950']
A. Vaidyanatha Iyer	/wiki/A._Vaidyanatha_Iyer	['1890', '1955']
Mythili Raman	/wiki/Mythili_Raman	['1900', '1950']
Sri Srinivasan	/wiki/Sri_Srinivasan	['1900', '1950']
Srinivasa Ramanujan	/wiki/Srinivasa_Ramanujan	['1887', '1920']
Bharati Krishna Tirtha	/wiki/Bharati_Krishna_Tirtha	['1900', '1950']
Ramachandran Balasubramanian	/wiki/Ramachandran_Balasubramanian	['1900', '1950']
Subbayya Sivasankaranarayana Pillai	/wiki/Subbayya_Sivasankaranarayana_Pillai	['1901', '1950']
Kollagunta Gopalaiyer Ramanathan	/wiki/Kollagunta_Gopalaiyer_Ramanathan	['1920', '1992']
Christie Jayaratnam Eliezer	/wiki/Christie_Jayaratnam_Eliezer	['1918', '2001']
C. S. Seshadri	/wiki/C._S._Seshadri	['1900', '1950']
S. R. Srinivasa Varadhan	/wiki/S._R._Srinivasa_Varadhan	['1900', '1950']
C. P. Ramanujam	/wiki/C._P._Ramanujam	['1938', '1974']
Tirukkannapuram Vijayaraghavan	/wiki/Tirukkannapuram_Vijayaraghavan	['1902', '1955']
Ravindran Kannan	/wiki/Ravindran_Kannan	['1900', '1950']
Kannan Soundararajan	/wiki/Kannan_Soundararajan	['1900', '1950']
Conjeeveram Seshadri	/wiki/Conjeeveram_Seshadri	['1900', '1950']
Ramaiyengar Sridharan	/wiki/Ramaiyengar_Sridharan	['1900', '1950']
Chidambaram Padmanabhan Ramanujam	/wiki/Chidambaram_Padmanabhan_Ramanujam	['1900', '1950']
Srinivasacharya Raghavan	/wiki/Srinivasacharya_Raghavan	['1900', '1950']
Madabusi Santanam Raghunathan	/wiki/Madabusi_Santanam_Raghunathan	['1900', '1950']
A. A. Krishnaswami Ayyangar	/wiki/A._A._Krishnaswami_Ayyangar	['1900', '1950']
Mudumbai Seshachalu Narasimhan	/wiki/Mudumbai_Seshachalu_Narasimhan	['1900', '1950']
K. R. Parthasarathy	/wiki/K._R._Parthasarathy_(probabilist)	['1900', '1950']
Ramaiyengar Sridharan	/wiki/Ramaiyengar_Sridharan	['1900', '1950']
Raman Parimala	/wiki/Raman_Parimala	['1900', '1950']
Balamurali Ambati	/wiki/Balamurali_Ambati	['1900', '1950']
Rangaswamy Srinivasan	/wiki/Rangaswamy_Srinivasan	['1900', '1950']
V.S. Ramachandran	/wiki/V.S._Ramachandran	['1900', '1950']
Shan Ratnam	/wiki/Shan_Ratnam	['1900', '1950']
Ganapathi Thanikaimoni	/wiki/Ganapathi_Thanikaimoni	['1900', '1950']
Govindappa Venkataswamy	/wiki/Govindappa_Venkataswamy	['1900', '1950']
Ravi Iyengar	/wiki/Ravi_Iyengar	['1900', '1950']
Gunamudian David Boaz	/wiki/Gunamudian_David_Boaz	['1900', '1950']
Sir Chandrasekhara Venkata Raman	/wiki/Sir_Chandrasekhara_Venkata_Raman	['1900', '1950']
Subrahmanyan Chandrasekhar	/wiki/Subrahmanyan_Chandrasekhar	['1900', '1950']
Krishnaswami Kasturirangan	/wiki/Krishnaswami_Kasturirangan	['1900', '1950']
Raja Ramanna	/wiki/Raja_Ramanna	['1900', '1950']
P.K. Iyengar	/wiki/P.K._Iyengar	['1900', '1950']
M.R.Srinivasan	/wiki/M.R.Srinivasan	['1900', '1950']
Rajagopala Chidambaram	/wiki/Rajagopala_Chidambaram	['1900', '1950']
S.R. Ranganathan	/wiki/S.R._Ranganathan	['1900', '1950']
A. Sivathanu Pillai	/wiki/A._Sivathanu_Pillai	['1900', '1950']
Gopalasamudram Narayana Iyer Ramachandran	/wiki/Gopalasamudram_Narayana_Iyer_Ramachandran	['1922', '2001']
Ramanujam Varatharaja Perumal	/wiki/Ramanujam_Varatharaja_Perumal	['1900', '1950']
Ramanuja Vijayaraghavan	/wiki/Ramanuja_Vijayaraghavan	['1900', '1950']
Udaya Kumar	/wiki/Udaya_Kumar_(designer)	['1900', '1950']
Vallampadugai Srinivasa Raghavan Arunachalam	/wiki/Vallampadugai_Srinivasa_Raghavan_Arunachalam	['1900', '1950']
Poondi Kumaraswamy	/wiki/Poondi_Kumaraswamy	['1900', '1950']
P.S.Krishnaprasad	/wiki/P.S.Krishnaprasad	['1900', '1950']
S. Somasegar	/wiki/S._Somasegar	['1900', '1950']
S.Vanajah	/wiki/S.Vanajah	['1900', '1950']
Ramamurti Shankar	/wiki/Ramamurti_Shankar	['1900', '1950']
B.C. Shekhar	/wiki/B.C._Shekhar	['1900', '1950']
Raman Sundrum	/wiki/Raman_Sundrum	['1900', '1950']
Siva Sivananthan	/wiki/Siva_Sivananthan	['1900', '1950']
Mahadeva Subramania Mani	/wiki/Mahadeva_Subramania_Mani	['1900', '1950']
Muthu Thandavar	/wiki/Muthu_Thandavar	['1900', '1950']
Marimutthu Pillai	/wiki/Marimutthu_Pillai	['1900', '1950']
Arunachala Kavi	/wiki/Arunachala_Kavi	['1900', '1950']
Kollangudi Karuppayee	/wiki/Kollangudi_Karuppayee	['1900', '1950']
Nagore E.M. Hanifa	/wiki/Nagore_E.M._Hanifa	['1900', '1950']
Ranjani-Gayatri	/wiki/Ranjani-Gayatri	['1900', '1950']
Papanasam Sivan	/wiki/Papanasam_Sivan	['1900', '1950']
Sikkil Gurucharan	/wiki/Sikkil_Gurucharan	['1900', '1950']
Lalgudi Jayaraman	/wiki/Lalgudi_Jayaraman	['1900', '1950']
Kunnakudi Vaidyanathan	/wiki/Kunnakudi_Vaidyanathan	['1900', '1950']
Ariyakudi Ramanuja Iyengar	/wiki/Ariyakudi_Ramanuja_Iyengar	['1900', '1950']
T.M. Krishna	/wiki/T.M._Krishna	['1900', '1950']
Madurai Mani Iyer	/wiki/Madurai_Mani_Iyer	['1900', '1950']
Veena Dhanammal	/wiki/Veena_Dhanammal	['1900', '1950']
E. Gayathri	/wiki/E._Gayathri	['1900', '1950']
D.K. Pattammal	/wiki/D.K._Pattammal	['1900', '1950']
Semmangudi Srinivasa Iyer	/wiki/Semmangudi_Srinivasa_Iyer	['1900', '1950']
Muthuswami Dikshitar	/wiki/Muthuswami_Dikshitar	['1900', '1950']
N. Ramani	/wiki/N._Ramani	['1900', '1950']
L. Athira Krishna	/wiki/L._Athira_Krishna	['1900', '1950']
Aruna Sairam	/wiki/Aruna_Sairam	['1900', '1950']
T. Brinda	/wiki/T._Brinda	['1900', '1950']
T. Muktha	/wiki/T._Muktha	['1900', '1950']
T. Viswanathan	/wiki/T._Viswanathan	['1900', '1950']
R. Vedavalli	/wiki/R._Vedavalli	['1900', '1950']
Sirkazhi Govindarajan	/wiki/Sirkazhi_Govindarajan	['1900', '1950']
Maharajapuram Santhanam	/wiki/Maharajapuram_Santhanam	['1900', '1950']
Sanjay Subrahmanyan	/wiki/Sanjay_Subrahmanyan	['1900', '1950']
T.M. Krishna	/wiki/T.M._Krishna	['1900', '1950']
T.M. Soundararajan	/wiki/T.M._Soundararajan	['1900', '1950']
Nithyashree Mahadevan	/wiki/Nithyashree_Mahadevan	['1900', '1950']
Nisha Rajagopalan	/wiki/Nisha_Rajagopalan	['1900', '1950']
Chinmayi	/wiki/Chinmayi	['1900', '1950']
Mahathi	/wiki/Mahathi	['1900', '1950']
Aruna Sayeeram	/wiki/Aruna_Sayeeram	['1900', '1950']
Alathur Brothers	/wiki/Alathur_Brothers	['1912', '1964']
Ariyakudi Ramanuja Iyengar	/wiki/Ariyakudi_Ramanuja_Iyengar	['1900', '1950']
Poochi Srinivasa Iyengar	/wiki/Poochi_Srinivasa_Iyengar	['1900', '1950']
Patnam Subramania Iyer	/wiki/Patnam_Subramania_Iyer	['1900', '1950']
G.N. Balasubramaniam	/wiki/G.N._Balasubramaniam	['1900', '1950']
S. Sowmya	/wiki/S._Sowmya	['1900', '1950']
M.L. Vasanthakumari	/wiki/M.L._Vasanthakumari	['1900', '1950']
Charumathi Ramachandran	/wiki/Charumathi_Ramachandran	['1900', '1950']
Vasundhara Devi	/wiki/Vasundhara_Devi	['1900', '1950']
Vyjayanthimala	/wiki/Vyjayanthimala	['1900', '1950']
Abraham Pandithar	/wiki/Abraham_Pandithar	['1900', '1950']
K.V. Mahadevan	/wiki/K.V._Mahadevan	['1918', '2001']
T.K. Ramamoorthy	/wiki/T.K._Ramamoorthy	['1922', '2013']
Ilayaraja	/wiki/Ilayaraja	['1900', '1950']
Gangai Amaran	/wiki/Gangai_Amaran	['1900', '1950']
Chandrabose	/wiki/Chandrabose_(composer)	['1900', '1950']
Sankar Ganesh	/wiki/Sankar_Ganesh	['1900', '1950']
Deva	/wiki/Deva_(music_director)	['1900', '1950']
S. A. Rajkumar	/wiki/S._A._Rajkumar	['1900', '1950']
Sirpy	/wiki/Sirpy	['1900', '1950']
A. R. Rahman	/wiki/A._R._Rahman	['1900', '1950']
Yuvan Shankar Raja	/wiki/Yuvan_Shankar_Raja	['1900', '1950']
Harris Jayaraj	/wiki/Harris_Jayaraj	['1900', '1950']
D. Imman	/wiki/D._Imman	['1900', '1950']
Srikanth Deva	/wiki/Srikanth_Deva	['1900', '1950']
Bobo Shashi	/wiki/Bobo_Shashi	['1900', '1950']
Karthik Raja	/wiki/Karthik_Raja	['1900', '1950']
Bharathwaj	/wiki/Bharathwaj	['1900', '1950']
G. V. Prakash Kumar	/wiki/G._V._Prakash_Kumar	['1900', '1950']
Vijay Antony	/wiki/Vijay_Antony	['1900', '1950']
Anirudh Ravichander	/wiki/Anirudh_Ravichander	['1900', '1950']
James Vasanthan	/wiki/James_Vasanthan	['1900', '1950']
Santhosh Narayanan	/wiki/Santhosh_Narayanan	['1900', '1950']
Mohamaad Ghibran	/wiki/Mohamaad_Ghibran	['1900', '1950']
M.I.A.	/wiki/M.I.A._(rapper)	['1900', '1950']
Clarence Jey	/wiki/Clarence_Jey	['1900', '1950']
Poetic Ammo	/wiki/Poetic_Ammo	['1900', '1950']
Kamahl	/wiki/Kamahl	['1900', '1950']
Tharini Mudaliar	/wiki/Tharini_Mudaliar	['1900', '1950']
Jacintha Abisheganaden	/wiki/Jacintha_Abisheganaden	['1900', '1950']
Rudra	/wiki/Rudra_(band)	['1900', '1950']
Shruti Haasan	/wiki/Shruti_Haasan	['1900', '1950']
Blaaze	/wiki/Blaaze	['1900', '1950']
Lord Kossity	/wiki/Lord_Kossity	['1900', '1950']
Siva Kaneswaran	/wiki/Siva_Kaneswaran	['1900', '1950']
Arjun Coomaraswamy	/wiki/Arjun_Coomaraswamy	['1900', '1950']
Dinesh Kanagaratnam	/wiki/Dinesh_Kanagaratnam	['1900', '1950']
Hiphop Tamizha	/wiki/Hiphop_Tamizha	['1900', '1950']
Sofia Ashraf	/wiki/Sofia_Ashraf	['1900', '1950']
Vidya Vox	/wiki/Vidya_Vox	['1900', '1950']
Jaclyn Victor	/wiki/Jaclyn_Victor	['1900', '1950']
Lydian Nadhaswaram	/wiki/Lydian_Nadhaswaram	['1900', '1950']
T. Balasaraswati	/wiki/T._Balasaraswati	['1900', '1950']
Chitra Visweswaran	/wiki/Chitra_Visweswaran	['1900', '1950']
Padma Subramanyam	/wiki/Padma_Subramanyam	['1900', '1950']
Rukmini Devi Arundale	/wiki/Rukmini_Devi_Arundale	['1900', '1950']
Anita Ratnam	/wiki/Anita_Ratnam	['1900', '1950']
Vyjayanthimala	/wiki/Vyjayanthimala	['1900', '1950']
Rajee Narayan	/wiki/Rajee_Narayan	['1900', '1950']
Ajith Kumar	/wiki/Ajith_Kumar	['1900', '1950']
Dhanush	/wiki/Dhanush	['1900', '1950']
Gemini Ganesan	/wiki/Gemini_Ganesan	['1900', '1950']
Jayaram	/wiki/Jayaram	['1900', '1950']
Kamal Haasan	/wiki/Kamal_Haasan	['1900', '1950']
R. Madhavan	/wiki/R._Madhavan	['1900', '1950']
Suriya	/wiki/Suriya	['1900', '1950']
Saravanan	/wiki/Saravanan_(actor)	['1900', '1950']
Sivaji Ganesan	/wiki/Sivaji_Ganesan	['1900', '1950']
Vijay	/wiki/Vijay_(actor)	['1900', '1950']
Vijayakanth	/wiki/Vijayakanth	['1900', '1950']
Harish Kalyan	/wiki/Harish_Kalyan	['1900', '1950']
Siddharth	/wiki/Siddharth_(actor)	['1900', '1950']
Karthi	/wiki/Karthi	['1900', '1950']
Janani Iyer	/wiki/Janani_Iyer	['1900', '1950']
Jayalalithaa	/wiki/Jayalalithaa	['1900', '1950']
Madhoo	/wiki/Madhoo	['1900', '1950']
Priyamani	/wiki/Priyamani	['1900', '1950']
Ramya Krishnan	/wiki/Ramya_Krishnan	['1900', '1950']
Dhansika	/wiki/Dhansika	['1900', '1950']
Athulya Ravi	/wiki/Athulya_Ravi	['1900', '1950']
Priya Bhavani Shankar	/wiki/Priya_Bhavani_Shankar	['1900', '1950']
Vasundhara Das	/wiki/Vasundhara_Das	['1900', '1950']
Adah Sharma	/wiki/Adah_Sharma	['1900', '1950']
Trisha Krishnan	/wiki/Trisha_Krishnan	['1900', '1950']
Vidya Balan	/wiki/Vidya_Balan	['1900', '1950']
Sendhil Ramamurthy	/wiki/Sendhil_Ramamurthy	['1900', '1950']
Ashok Amritraj	/wiki/Ashok_Amritraj	['1900', '1950']
Sunkrish Bala	/wiki/Sunkrish_Bala	['1900', '1950']
Mindy Kaling	/wiki/Mindy_Kaling	['1900', '1950']
Aziz Ansari	/wiki/Aziz_Ansari	['1900', '1950']
Chandran Rutnam	/wiki/Chandran_Rutnam	['1900', '1950']
M. Night Shyamalan	/wiki/M._Night_Shyamalan	['1900', '1950']
Aziz Ansari	/wiki/Aziz_Ansari	['1900', '1950']
Padma Lakshmi	/wiki/Padma_Lakshmi	['1900', '1950']
Romesh Ranganathan	/wiki/Romesh_Ranganathan	['1900', '1950']
Mariyappan Thangavelu	/wiki/Mariyappan_Thangavelu	['1900', '1950']
Santhi Soundarajan	/wiki/Santhi_Soundarajan	['1900', '1950']
Mani Jegathesan	/wiki/Mani_Jegathesan	['1900', '1950']
Sathish Sivalingam	/wiki/Sathish_Sivalingam	['1900', '1950']
Gomathi Marimuthu	/wiki/Gomathi_Marimuthu	['1900', '1950']
A. Maria Irudayam	/wiki/A._Maria_Irudayam	['1900', '1950']
R. Arokiaraj	/wiki/R._Arokiaraj	['1900', '1950']
B. Radhakrishnan	/wiki/B._Radhakrishnan	['1900', '1950']
A. Palanisamy	/wiki/A._Palanisamy	['1900', '1950']
G.E. Sridharan	/wiki/G.E._Sridharan	['1900', '1950']
Sivabalan	/wiki/Sivabalan	['1900', '1950']
Viswanathan Anand	/wiki/Viswanathan_Anand	['1900', '1950']
Manuel Aaron	/wiki/Manuel_Aaron	['1900', '1950']
Murugan Thiruchelvam	/wiki/Murugan_Thiruchelvam	['1900', '1950']
Krishnan Sasikiran	/wiki/Krishnan_Sasikiran	['1900', '1950']
S. Vijayalakshmi	/wiki/S._Vijayalakshmi	['1900', '1950']
Aarthie Ramaswamy	/wiki/Aarthie_Ramaswamy	['1900', '1950']
Baskaran Adhiban	/wiki/Baskaran_Adhiban	['1900', '1950']
S.P. Sethuraman	/wiki/S.P._Sethuraman	['1900', '1950']
Buchi Babu Naidu	/wiki/Buchi_Babu_Naidu	['1868', '1908']
Cotah Ramaswami	/wiki/Cotah_Ramaswami	['1900', '1950']
M.Baliah Naidu	/wiki/M.Baliah_Naidu	['1895', '1948']
M.J. Gopalan	/wiki/M.J._Gopalan	['1909', '2003']
C.R. Rangachari	/wiki/C.R._Rangachari	['1916', '1993']
M. Suryanarayan	/wiki/M._Suryanarayan	['1900', '1950']
C.D. Gopinath	/wiki/C.D._Gopinath	['1900', '1950']
Ravichandran Ashwin	/wiki/Ravichandran_Ashwin	['1900', '1950']
Srinivas Venkataraghavan	/wiki/Srinivas_Venkataraghavan	['1900', '1950']
Krishnamachari Srikkanth	/wiki/Krishnamachari_Srikkanth	['1900', '1950']
T.A. Sekhar	/wiki/T.A._Sekhar	['1900', '1950']
Thiru Kumaran	/wiki/Thiru_Kumaran	['1900', '1950']
Tirumalai Srinivasan	/wiki/Tirumalai_Srinivasan	['1900', '1950']
Laxman Sivaramakrishnan	/wiki/Laxman_Sivaramakrishnan	['1900', '1950']
V.B. Chandrasekhar	/wiki/V.B._Chandrasekhar	['1900', '1950']
Bharat Arun	/wiki/Bharat_Arun	['1900', '1950']
Murali Kartik	/wiki/Murali_Kartik	['1900', '1950']
Sadagoppan Ramesh	/wiki/Sadagoppan_Ramesh	['1900', '1950']
Subramaniam Badrinath	/wiki/Subramaniam_Badrinath	['1900', '1950']
Murali Vijay	/wiki/Murali_Vijay	['1900', '1950']
Lakshmipathy Balaji	/wiki/Lakshmipathy_Balaji	['1900', '1950']
Dinesh Karthik	/wiki/Dinesh_Karthik	['1900', '1950']
Washington Sundar	/wiki/Washington_Sundar	['1900', '1950']
Mithali Raj	/wiki/Mithali_Raj	['1900', '1950']
Muttiah Muralitharan	/wiki/Muttiah_Muralitharan	['1900', '1950']
Angelo Mathews	/wiki/Angelo_Mathews	['1900', '1950']
Russel Arnold	/wiki/Russel_Arnold	['1900', '1950']
Roy Dias	/wiki/Roy_Dias	['1900', '1950']
Sridharan Jeganathan	/wiki/Sridharan_Jeganathan	['1900', '1950']
Vinodhan John	/wiki/Vinodhan_John	['1900', '1950']
Pradeep Jayaprakashdaran	/wiki/Pradeep_Jayaprakashdaran	['1900', '1950']
S. Illangaratnam	/wiki/S._Illangaratnam	['1900', '1950']
Mahadevan Sathasivam	/wiki/Mahadevan_Sathasivam	['1900', '1950']
K.T. Francis	/wiki/K.T._Francis	['1900', '1950']
Nasser Hussain	/wiki/Nasser_Hussain	['1900', '1950']
Sanjayan Thuraisingam	/wiki/Sanjayan_Thuraisingam	['1900', '1950']
Alvin Kallicharan	/wiki/Alvin_Kallicharan	['1900', '1950']
Mahendra Nagamootoo	/wiki/Mahendra_Nagamootoo	['1900', '1950']
Veerasammy Permaul	/wiki/Veerasammy_Permaul	['1900', '1950']
Peter Velappan	/wiki/Peter_Velappan	['1900', '1950']
Peter Thangaraj	/wiki/Peter_Thangaraj	['1938', '2008']
Syed Sabir Pasha	/wiki/Syed_Sabir_Pasha	['1900', '1950']
Vasudevan Baskaran	/wiki/Vasudevan_Baskaran	['1979', '1980']
Dhanraj Pillay	/wiki/Dhanraj_Pillay	['1999', '2000']
Adam Sinclair	/wiki/Adam_Sinclair	['1900', '1950']
M. Magendran	/wiki/M._Magendran	['1900', '1950']
Narain Karthikeyan	/wiki/Narain_Karthikeyan	['1900', '1950']
Karun Chandhok	/wiki/Karun_Chandhok	['1900', '1950']
S. Karivardhan	/wiki/S._Karivardhan	['1900', '1950']
Naren Kumar	/wiki/Naren_Kumar	['1900', '1950']
J. Anand	/wiki/J._Anand	['1900', '1950']
Ajith Kumar	/wiki/Ajith_Kumar	['1900', '1950']
Nicol David	/wiki/Nicol_David	['1900', '1950']
Deepika Pallikal	/wiki/Deepika_Pallikal	['1900', '1950']
Joshna Chinappa	/wiki/Joshna_Chinappa	['1900', '1950']
Vijay Amritraj	/wiki/Vijay_Amritraj	['1900', '1950']
Anand Amritraj	/wiki/Anand_Amritraj	['1900', '1950']
Ashok Amritraj	/wiki/Ashok_Amritraj	['1900', '1950']
Prakash Amritraj	/wiki/Prakash_Amritraj	['1900', '1950']
Ramanathan Krishnan	/wiki/Ramanathan_Krishnan	['1900', '1950']
Ramesh Krishnan	/wiki/Ramesh_Krishnan	['1900', '1950']
Nirupama Vaidyanathan	/wiki/Nirupama_Vaidyanathan	['1900', '1950']
Vyjayanthimala	/wiki/Vyjayanthimala	['1900', '1950']
Rukmini Devi Arundale	/wiki/Rukmini_Devi_Arundale	['1900', '1950']
Balasaraswati	/wiki/Balasaraswati	['1900', '1950']
Alarmel Valli	/wiki/Alarmel_Valli	['1900', '1950']
Chitra Visweswaran	/wiki/Chitra_Visweswaran	['1900', '1950']
Padma Subramanyam	/wiki/Padma_Subramanyam	['1900', '1950']
Pithukuli Murugadas	/wiki/Pithukuli_Murugadas	['1900', '1950']
K.B. Sundarambal	/wiki/K.B._Sundarambal	['1900', '1950']
Sirkazhi Govindarajan	/wiki/Sirkazhi_Govindarajan	['1900', '1950']
Vethathiri Maharishi	/wiki/Vethathiri_Maharishi	['1900', '1950']
Sirkazhi G. Sivachidambaram	/wiki/Sirkazhi_G._Sivachidambaram	['1900', '1950']
Bodhidharma	/wiki/Bodhidharma	['1900', '1950']
Ayya Vaikundar	/wiki/Ayya_Vaikundar	['1809', '1851']
Arutprakasa Vallalar Chidambaram Ramalinga Swamigal	/wiki/Arutprakasa_Vallalar_Chidambaram_Ramalinga_Swamigal	['1823', '1873']
Ramanuja	/wiki/Ramanuja	['1017', '1137']
Appayya Dikshidar	/wiki/Appayya_Dikshidar	['1520', '1593']
Anandabharati Aiyangar	/wiki/Anandabharati_Aiyangar	['1786', '1846']
Ramana Maharshi	/wiki/Ramana_Maharshi	['1879', '1950']
Yogaswami	/wiki/Yogaswami	['1872', '1964']
Bangaru Adigalar	/wiki/Bangaru_Adigalar	['1900', '1950']
Swami Sivananda	/wiki/Swami_Sivananda	['1887', '1963']
Duraisamy Simon Lourdusamy	/wiki/Duraisamy_Simon_Lourdusamy	['1924', '2014']
Dayananda Saraswati	/wiki/Dayananda_Saraswati_(Chinmaya_Mission)	['1930', '2015']
Vethathiri Maharishi	/wiki/Vethathiri_Maharishi	['1900', '1950']
Bala Prajapathi Adikalar	/wiki/Bala_Prajapathi_Adikalar	['1900', '1950']
Vedanayagam Samuel Azariah	/wiki/Vedanayagam_Samuel_Azariah	['1874', '1945']
Thirumuruga Kirupananda Variyar	/wiki/Thirumuruga_Kirupananda_Variyar	['1900', '1950']
D.G.S. Dhinakaran	/wiki/D.G.S._Dhinakaran	['1900', '1950']
Sri Sri Ravi Shankar	/wiki/Sri_Sri_Ravi_Shankar	['1900', '1950']
Perumal Rasu	/wiki/Perumal_Rasu	['1900', '1950']
Laxmisena	/wiki/Laxmisena	['1900', '1950']
Sadhu Kuppuswami	/wiki/Sadhu_Kuppuswami	['1900', '1950']
Swami Vipulananda	/wiki/Swami_Vipulananda	['1900', '1950']
Tholkappiar	/wiki/Tholkappiar	['1900', '1950']
Thiruvalluvar	/wiki/Thiruvalluvar	['1900', '1950']
Tirumular	/wiki/Tirumular	['1900', '1950']
Kambar	/wiki/Kambar_(poet)	['1900', '1950']
Avvaiyar	/wiki/Avvaiyar	['1900', '1950']
Eelattu Poothanthevanar	/wiki/Eelattu_Poothanthevanar	['1900', '1950']
Nakkeerar	/wiki/Nakkeerar	['1900', '1950']
Arunagirinathar	/wiki/Arunagirinathar	['1900', '1950']
Sekkizhar	/wiki/Sekkizhar	['1900', '1950']
Manikkavasagar	/wiki/Manikkavasagar	['1900', '1950']
Siva prakasar	/wiki/Siva_prakasar	['1900', '1950']
Thirumular	/wiki/Thirumular	['1900', '1950']
Nammalvar	/wiki/Nammalvar	['1900', '1950']
Thirumazhisai Aazhwar	/wiki/Thirumazhisai_Aazhwar	['1900', '1950']
Andal	/wiki/Andal	['1900', '1950']
V. Akilesapillai	/wiki/V._Akilesapillai	['1900', '1950']
Umaru Pulavar	/wiki/Umaru_Pulavar	['1605', '1703']
Ilango Adigal	/wiki/Ilango_Adigal	['1900', '1950']
Tirutakakatevar	/wiki/Tirutakakatevar	['1900', '1950']
Mandalapuruder	/wiki/Mandalapuruder	['1900', '1950']
Svarupananda Desikar	/wiki/Svarupananda_Desikar	['1900', '1950']
Ramachandra Guha	/wiki/Ramachandra_Guha	['1900', '1950']
Bharathidasan	/wiki/Bharathidasan	['1891', '1964']
Pattukkottai Kalyanasundaram	/wiki/Pattukkottai_Kalyanasundaram	['1900', '1950']
Pudhumaipithan	/wiki/Pudhumaipithan	['1906', '1948']
Samuel Vedanayagam Pillai	/wiki/Samuel_Vedanayagam_Pillai	['1900', '1950']
Akilan	/wiki/Akilan	['1900', '1950']
Ramalingam Pillai	/wiki/Ramalingam_Pillai	['1900', '1950']
Thi. Janakiraman	/wiki/Thi._Janakiraman	['1900', '1950']
Mahavidwan Vasudeva Mudaliar	/wiki/Mahavidwan_Vasudeva_Mudaliar	['1900', '1950']
Kalki Krishnamurthy	/wiki/Kalki_Krishnamurthy	['1899', '1954']
Jayakanthan	/wiki/Jayakanthan	['1900', '1950']
G.P. Rajarathnam	/wiki/G.P._Rajarathnam	['1909', '1979']
T.P. Kailasam	/wiki/T.P._Kailasam	['1884', '1946']
Masti Venkatesha Iyengar	/wiki/Masti_Venkatesha_Iyengar	['1891', '1986']
Kannadasan	/wiki/Kannadasan	['1927', '1981']
Vairamuthu	/wiki/Vairamuthu	['1900', '1950']
Leena Manimekalai	/wiki/Leena_Manimekalai	['1900', '1950']
Indira Soundarajan	/wiki/Indira_Soundarajan	['1900', '1950']
Ashoka Mitran	/wiki/Ashoka_Mitran	['1900', '1950']
R.K. Narayan	/wiki/R.K._Narayan	['1906', '2001']
Makaral Karthikeya Mudaliar	/wiki/Makaral_Karthikeya_Mudaliar	['1900', '1950']
Pa. Subramania Mudaliar	/wiki/Pa._Subramania_Mudaliar	['1900', '1950']
D.V.Gundappa	/wiki/D.V.Gundappa	['1900', '1950']
Varadarasanar	/wiki/Varadarasanar	['1900', '1950']
Sandilyan	/wiki/Sandilyan	['1900', '1950']
Pa. Vijay	/wiki/Pa._Vijay	['1900', '1950']
Vaali	/wiki/Vaali_(poet)	['1900', '1950']
Sujatha Rangarajan	/wiki/Sujatha_Rangarajan	['1900', '1950']
T.K. Doraiswamy	/wiki/T.K._Doraiswamy	['1921', '2007']
Gopal Baratham	/wiki/Gopal_Baratham	['1935', '2002']
Edwin Thumboo	/wiki/Edwin_Thumboo	['1900', '1950']
Shyam Selvadurai	/wiki/Shyam_Selvadurai	['1900', '1950']
R. Raghava Iyengar	/wiki/R._Raghava_Iyengar	['1900', '1950']
K.S. Maniam	/wiki/K.S._Maniam	['1900', '1950']
Rani Manicka	/wiki/Rani_Manicka	['1900', '1950']
S. Abdul Rahman	/wiki/S._Abdul_Rahman	['1900', '1950']
Inkulab	/wiki/Inkulab	['1900', '1950']
Mu Metha	/wiki/Mu_Metha	['1900', '1950']
Ka. Mu. Sheriff	/wiki/Ka._Mu._Sheriff	['1900', '1950']
Manushyaputhiran	/wiki/Manushyaputhiran	['1900', '1950']
Rajathi Salma	/wiki/Rajathi_Salma	['1900', '1950']
Balakumaran	/wiki/Balakumaran	['1900', '1950']
Ronnie Govender	/wiki/Ronnie_Govender	['1900', '1950']
Kessie Govender	/wiki/Kessie_Govender	['1900', '1950']
Kandappu Murugesu	/wiki/Kandappu_Murugesu	['1900', '1950']
Arumuka Navalar	/wiki/Arumuka_Navalar	['1822', '1879']
Siva prakasar	/wiki/Siva_prakasar	['1900', '1950']
Maraimalai Adigal	/wiki/Maraimalai_Adigal	['1900', '1950']
U.V. Swaminatha Iyer	/wiki/U.V._Swaminatha_Iyer	['1855', '1942']
Paventhar Bharathidasan	/wiki/Paventhar_Bharathidasan	['1900', '1950']
Kalyanasundara Mudaliar	/wiki/Kalyanasundara_Mudaliar	['1900', '1950']
Varadarasanar	/wiki/Varadarasanar	['1900', '1950']
Solomon Pappaiah	/wiki/Solomon_Pappaiah	['1900', '1950']
Pudhumaipithan	/wiki/Pudhumaipithan	['1900', '1950']
Jayakanthan	/wiki/Jayakanthan	['1900', '1950']
Kavimani Desigavinayagam Pillai	/wiki/Kavimani_Desigavinayagam_Pillai	['1900', '1950']
Manonmaniam Sundaram Pillai	/wiki/Manonmaniam_Sundaram_Pillai	['1900', '1950']
Perumal Rasu	/wiki/Perumal_Rasu	['1900', '1950']
Ramanuja Kavirayar	/wiki/Ramanuja_Kavirayar	['1900', '1950']
Gagan Narang	/wiki/Gagan_Narang	['1900', '1950']
K.K. Raghava	/wiki/K.K._Raghava	['1900', '1950']
S. Chandrasekaran	/wiki/S._Chandrasekaran	['1900', '1950']
