text	link	year
William Emmanuel Abraham	/wiki/William_Emmanuel_Abraham	['1900', '1950']
Kwasi Kwarfo Adarkwa	/wiki/Kwasi_Kwarfo_Adarkwa	['1900', '1950']
James Emman Kwegyir Aggrey	/wiki/James_Emman_Kwegyir_Aggrey	['1900', '1950']
Francis Allotey	/wiki/Francis_Allotey	['1900', '1950']
Fred McBagonluri	/wiki/Fred_McBagonluri	['1900', '1950']
Joseph Amenowode	/wiki/Joseph_Amenowode	['1900', '1950']
Kwame Anthony Appiah	/wiki/Kwame_Anthony_Appiah	['1900', '1950']
George Ayittey	/wiki/George_Ayittey	['1900', '1950']
Robert Patrick Baffour	/wiki/Robert_Patrick_Baffour	['1900', '1950']
Nicholas T. Clerk	/wiki/Nicholas_T._Clerk	['1900', '1950']
George C. Clerk	/wiki/George_C._Clerk	['1900', '1950']
Philip Gbeho	/wiki/Philip_Gbeho	['1900', '1950']
Paa Grant	/wiki/Paa_Grant	['1900', '1950']
Joseph Henry Mensah	/wiki/Joseph_Henry_Mensah	['1900', '1950']
J. H. Kwabena Nketia	/wiki/J._H._Kwabena_Nketia	['1900', '1950']
Lawrence Henry Yaw Ofosu-Appiah	/wiki/Lawrence_Henry_Yaw_Ofosu-Appiah	['1900', '1950']
Jane Naana Opoku-Agyemang	/wiki/Jane_Naana_Opoku-Agyemang	['1900', '1950']
Kwesi Akwansah Andam	/wiki/Kwesi_Akwansah_Andam	['1900', '1950']
Aba Andam	/wiki/Aba_Andam	['1900', '1950']
Daniel Asua Wubah	/wiki/Daniel_Asua_Wubah	['1900', '1950']
Rita Akosua Dickson	/wiki/Rita_Akosua_Dickson	['1900', '1950']
Wiz Kudowor	/wiki/Wiz_Kudowor	['1900', '1950']
Kwame Akoto-Bamfo	/wiki/Kwame_Akoto-Bamfo	['1900', '1950']
Eric Adjetey Anang	/wiki/Eric_Adjetey_Anang	['1900', '1950']
Ben Agbee	/wiki/Ben_Agbee	['1900', '1950']
El Anatsui	/wiki/El_Anatsui	['1900', '1950']
Nana Oforiatta Ayim	/wiki/Nana_Oforiatta_Ayim	['1900', '1950']
James Cudjoe	/wiki/James_Cudjoe	['1900', '1950']
Godfried Donkor	/wiki/Godfried_Donkor	['1900', '1950']
Kimathi Donkor	/wiki/Kimathi_Donkor	['1900', '1950']
Ablade Glover	/wiki/Ablade_Glover	['1900', '1950']
Theodosia Okoh	/wiki/Theodosia_Okoh	['1900', '1950']
Owusu-Ankomah	/wiki/Owusu-Ankomah	['1900', '1950']
Rikki Wemega-Kwawu	/wiki/Rikki_Wemega-Kwawu	['1900', '1950']
Lynette Yiadom-Boakye	/wiki/Lynette_Yiadom-Boakye	['1900', '1950']
Bright Tetteh Ackwerh	/wiki/Bright_Tetteh_Ackwerh	['1900', '1950']
David Adjaye	/wiki/David_Adjaye	['1900', '1950']
Theodore S. Clerk	/wiki/Theodore_S._Clerk	['1900', '1950']
Elsie Owusu	/wiki/Elsie_Owusu	['1900', '1950']
Harry Sawyerr	/wiki/Harry_Sawyerr	['1900', '1950']
Virgil Abloh	/wiki/Virgil_Abloh	['1900', '1950']
Hilda Akua	/wiki/Hilda_Akua	['1900', '1950']
Kofi Ansah	/wiki/Kofi_Ansah	['1900', '1950']
Ozwald Boateng	/wiki/Ozwald_Boateng	['1900', '1950']
Joe Casely-Hayford	/wiki/Joe_Casely-Hayford	['1900', '1950']
Edward Enninful	/wiki/Edward_Enninful	['1900', '1950']
Claudia Lumor	/wiki/Claudia_Lumor	['1900', '1950']
Samata	/wiki/Samata_(fashion_designer)	['1900', '1950']
Sam Sarpong	/wiki/Sam_Sarpong	['1900', '1950']
Adwoa Aboah	/wiki/Adwoa_Aboah	['1900', '1950']
Ruth Quarshie	/wiki/Ruth_Quarshie	['1900', '1950']
Akpene Diata Hoggar	/wiki/Akpene_Diata_Hoggar	['1900', '1950']
Nana Akua Addo	/wiki/Nana_Akua_Addo	['1900', '1950']
Prisca Abah	/wiki/Prisca_Abah	['1900', '1950']
Kate Tachie-Menson	/wiki/Kate_Tachie-Menson	['1900', '1950']
Aisha Ayensu	/wiki/Aisha_Ayensu	['1900', '1950']
Charlotte Mensah	/wiki/Charlotte_Mensah	['1900', '1950']
Felicia Ansah Abban	/wiki/Felicia_Ansah_Abban	['1900', '1950']
Philip Kwame Apagya	/wiki/Philip_Kwame_Apagya	['1900', '1950']
James Barnor	/wiki/James_Barnor	['1900', '1950']
Prince Gyasi	/wiki/Prince_Gyasi	['1900', '1950']
Obo Addy	/wiki/Obo_Addy	['1900', '1950']
Awal Alhassan	/wiki/Awal_Alhassan	['1900', '1950']
Adam Afriyie	/wiki/Adam_Afriyie	['1900', '1950']
Roland Agambire	/wiki/Roland_Agambire	['1900', '1950']
Prince Kofi Amoabeng	/wiki/Prince_Kofi_Amoabeng	['1900', '1950']
K. Y. Amoako	/wiki/K._Y._Amoako	['1900', '1950']
Joyce Aryee	/wiki/Joyce_Aryee	['1900', '1950']
Thomas Edward Barter	/wiki/Thomas_Edward_Barter	['1900', '1950']
Paul Boateng	/wiki/Paul_Boateng	['1900', '1950']
Sam E Jonah	/wiki/Sam_E_Jonah	['1900', '1950']
J. K. Siaw	/wiki/J._K._Siaw	['1900', '1950']
Dzigbordi Dosoo	/wiki/Dzigbordi_Dosoo	['1900', '1950']
Winnifred Selby	/wiki/Winnifred_Selby	['1900', '1950']
Bernice Dapaah	/wiki/Bernice_Dapaah	['1900', '1950']
Akua Sarpong-Ayisa	/wiki/Akua_Sarpong-Ayisa	['1900', '1950']
Adowarim Lugu Zuri	/wiki/Adowarim_Lugu_Zuri	['1900', '1950']
Abena Amoah	/wiki/Abena_Amoah	['1900', '1950']
Marufatu Abiola Bawuah	/wiki/Marufatu_Abiola_Bawuah	['1900', '1950']
Yvette Adounvo Atekpe	/wiki/Yvette_Adounvo_Atekpe	['1900', '1950']
Patricia Obo-Nai	/wiki/Patricia_Obo-Nai	['1900', '1950']
Anne Amuzu	/wiki/Anne_Amuzu	['1900', '1950']
Elizabeth Wyns-Dogbe	/wiki/Elizabeth_Wyns-Dogbe	['1900', '1950']
Gottlieb A. Adom	/wiki/Gottlieb_A._Adom	['1900', '1950']
James Emman Kwegyir Aggrey	/wiki/James_Emman_Kwegyir_Aggrey	['1900', '1950']
Kofi Annan	/wiki/Kofi_Annan	['1900', '1950']
Ernest Aryeetey	/wiki/Ernest_Aryeetey	['1900', '1950']
Edward S. Ayensu	/wiki/Edward_S._Ayensu	['1900', '1950']
George Ayittey	/wiki/George_Ayittey	['1900', '1950']
Kwesi Botchwey	/wiki/Kwesi_Botchwey	['1900', '1950']
Beattie Casely-Hayford	/wiki/Beattie_Casely-Hayford	['1900', '1950']
Gus Casely-Hayford	/wiki/Gus_Casely-Hayford	['1900', '1950']
Alexander Worthy Clerk	/wiki/Alexander_Worthy_Clerk	['1900', '1950']
Carl Henry Clerk	/wiki/Carl_Henry_Clerk	['1900', '1950']
Jane E. Clerk	/wiki/Jane_E._Clerk	['1900', '1950']
John Atta Mills	/wiki/John_Atta_Mills	['1900', '1950']
Patrick Awuah	/wiki/Patrick_Awuah	['1900', '1950']
Stephen Adei	/wiki/Stephen_Adei	['1900', '1950']
Richard Appiah Akoto	/wiki/Richard_Appiah_Akoto	['1900', '1950']
Francis Allotey	/wiki/Francis_Allotey	['1900', '1950']
Kofi Awoonor	/wiki/Kofi_Awoonor	['1900', '1950']
Mavis Owureku-Asare	/wiki/Mavis_Owureku-Asare	['1900', '1950']
Priscilla Kolibea Mante	/wiki/Priscilla_Kolibea_Mante	['1900', '1950']
Marian Asantewah Nkansah	/wiki/Marian_Asantewah_Nkansah	['1900', '1950']
Samuel Azu Crabbe	/wiki/Samuel_Azu_Crabbe	['1900', '1950']
Mabel Agyemang	/wiki/Mabel_Agyemang	['1900', '1950']
Daniel Francis Annan	/wiki/Daniel_Francis_Annan	['1900', '1950']
Joyce Bamford-Addo	/wiki/Joyce_Bamford-Addo	['1900', '1950']
Vincent Cyril Richard Arthur Charles Crabbe	/wiki/Vincent_Cyril_Richard_Arthur_Charles_Crabbe	['1900', '1950']
Thomas Mensah	/wiki/Thomas_Mensah_(lawyer)	['1900', '1950']
Emmanuel Charles Quist	/wiki/Emmanuel_Charles_Quist	['1900', '1950']
Georgina Theodora Wood	/wiki/Georgina_Theodora_Wood	['1900', '1950']
Jones Victor Mawulorm Dotse	/wiki/Jones_Victor_Mawulorm_Dotse	['1900', '1950']
Amanda Akuokor Clinton	/wiki/Amanda_Akuokor_Clinton	['1900', '1950']
Sandra Opoku	/wiki/Sandra_Opoku	['1900', '1950']
K. B. Asante	/wiki/K._B._Asante	['1900', '1950']
Paul Boateng	/wiki/Paul_Boateng	['1900', '1950']
Mohammed Ibn Chambas	/wiki/Mohammed_Ibn_Chambas	['1900', '1950']
Pauline M. Clerk	/wiki/Pauline_M._Clerk	['1900', '1950']
Akua Kuenyehia	/wiki/Akua_Kuenyehia	['1900', '1950']
Amon Nikoi	/wiki/Amon_Nikoi	['1900', '1950']
Nathan Quao	/wiki/Nathan_Quao	['1900', '1950']
Genevive Delali Tsegah	/wiki/Genevive_Delali_Tsegah	['1900', '1950']
Charlotte Osei	/wiki/Charlotte_Osei	['1900', '1950']
Elsie Addo Awadzi	/wiki/Elsie_Addo_Awadzi	['1900', '1950']
Elizabeth Adjei	/wiki/Elizabeth_Adjei	['1900', '1950']
Freema Agyeman	/wiki/Freema_Agyeman	['1900', '1950']
John Akomfrah	/wiki/John_Akomfrah	['1900', '1950']
Amma Asante	/wiki/Amma_Asante	['1900', '1950']
Jackie Aygemang	/wiki/Jackie_Aygemang	['1900', '1950']
Yaba Badoe	/wiki/Yaba_Badoe	['1900', '1950']
Akosua Busia	/wiki/Akosua_Busia	['1900', '1950']
Paul Danquah	/wiki/Paul_Danquah	['1900', '1950']
Idris Elba	/wiki/Idris_Elba	['1900', '1950']
Boris Kodjoe	/wiki/Boris_Kodjoe	['1900', '1950']
Nii Odartei Evans	/wiki/Nii_Odartei_Evans	['1900', '1950']
Peter Mensah	/wiki/Peter_Mensah	['1900', '1950']
Yvonne Nelson	/wiki/Yvonne_Nelson	['1900', '1950']
Nadia Buari	/wiki/Nadia_Buari	['1900', '1950']
Joselyn Dumas	/wiki/Joselyn_Dumas	['1900', '1950']
Majid Michel	/wiki/Majid_Michel	['1900', '1950']
Hugh Quarshie	/wiki/Hugh_Quarshie	['1900', '1950']
Van Vicker	/wiki/Van_Vicker	['1900', '1950']
Chris Attoh	/wiki/Chris_Attoh	['1900', '1950']
Michael Dapaah	/wiki/Michael_Dapaah	['1900', '1950']
Kwame Owusu Ansah	/wiki/Kwame_Owusu_Ansah	['1900', '1950']
Mac Jordan Amartey	/wiki/Mac_Jordan_Amartey	['1900', '1950']
Bob Santo	/wiki/Bob_Santo	['1900', '1950']
David Dontoh	/wiki/David_Dontoh	['1900', '1950']
John Dumelo	/wiki/John_Dumelo	['1900', '1950']
Kofi Adjorlolo	/wiki/Kofi_Adjorlolo	['1900', '1950']
Ama Abebrese	/wiki/Ama_Abebrese	['1900', '1950']
Dayan Kodua	/wiki/Dayan_Kodua	['1900', '1950']
Sika Osei	/wiki/Sika_Osei	['1900', '1950']
Zynnell Zuh	/wiki/Zynnell_Zuh	['1900', '1950']
Anita Kuma	/wiki/Anita_Kuma	['1900', '1950']
Thelma Buabeng	/wiki/Thelma_Buabeng	['1900', '1950']
Clara Amoateng Benson	/wiki/Clara_Amoateng_Benson	['1900', '1950']
Hailliote Sumney	/wiki/Hailliote_Sumney	['1900', '1950']
Kofi Adu	/wiki/Kofi_Adu	['1900', '1950']
Michael Blackson	/wiki/Michael_Blackson	['1900', '1950']
Jacinta Ocansey	/wiki/Jacinta_Ocansey	['1900', '1950']
Komla Dumor	/wiki/Komla_Dumor	['1900', '1950']
Anas Aremeyaw Anas	/wiki/Anas_Aremeyaw_Anas	['1900', '1950']
Roger A. Agana	/wiki/Roger_A._Agana	['1900', '1950']
David Ampofo	/wiki/David_Ampofo	['1900', '1950']
Jemila Abdulai	/wiki/Jemila_Abdulai	['1900', '1950']
Akpene Diata Hoggar	/wiki/Akpene_Diata_Hoggar	['1900', '1950']
Manasseh Azure	/wiki/Manasseh_Azure	['1900', '1950']
Natalie Fort	/wiki/Natalie_Fort	['1900', '1950']
Nathaniel Attoh	/wiki/Nathaniel_Attoh	['1900', '1950']
Attractive Mustapha	/wiki/Attractive_Mustapha	['1900', '1950']
Robert Nii Arday Clegg	/wiki/Robert_Nii_Arday_Clegg	['1900', '1950']
Akua Dansua	/wiki/Akua_Dansua	['1900', '1950']
Ameyaw Debrah	/wiki/Ameyaw_Debrah	['1900', '1950']
Komla Dumor	/wiki/Komla_Dumor	['1900', '1950']
Cameron Duodu	/wiki/Cameron_Duodu	['1900', '1950']
Ekow Eshun	/wiki/Ekow_Eshun	['1900', '1950']
Afua Hirsch	/wiki/Afua_Hirsch	['1900', '1950']
Isaac Kaledzi	/wiki/Isaac_Kaledzi	['1900', '1950']
Asare Konadu	/wiki/Asare_Konadu	['1900', '1950']
Kent Mensah	/wiki/Kent_Mensah	['1900', '1950']
Gamal Nkrumah	/wiki/Gamal_Nkrumah	['1900', '1950']
Samia Nkrumah	/wiki/Samia_Nkrumah	['1900', '1950']
Pearl Akanya Ofori	/wiki/Pearl_Akanya_Ofori	['1900', '1950']
Kwaku Sakyi-Addo	/wiki/Kwaku_Sakyi-Addo	['1900', '1950']
Emma Morrison	/wiki/Emma_Morrison	['1900', '1950']
Kwami Sefa Kayi	/wiki/Kwami_Sefa_Kayi	['1900', '1950']
Brigitte Sossou Perenyi	/wiki/Brigitte_Sossou_Perenyi	['1900', '1950']
Jessica Opare Saforo	/wiki/Jessica_Opare_Saforo	['1900', '1950']
Anita Kuma	/wiki/Anita_Kuma	['1900', '1950']
Juliet Bawuah	/wiki/Juliet_Bawuah	['1900', '1950']
Kweku Baako Jnr	/wiki/Kweku_Baako_Jnr	['1900', '1950']
Akwasi Afrifa	/wiki/Akwasi_Afrifa	['1900', '1950']
Joseph Arthur Ankrah	/wiki/Joseph_Arthur_Ankrah	['1900', '1950']
Emmanuel Kwasi Kotoka	/wiki/Emmanuel_Kwasi_Kotoka	['1900', '1950']
David Anumle Hansen	/wiki/David_Anumle_Hansen	['1900', '1950']
Jerry Rawlings	/wiki/Jerry_Rawlings	['1900', '1950']
Kwame Addo-Kufuor	/wiki/Kwame_Addo-Kufuor	['1900', '1950']
Raphael Armattoe	/wiki/Raphael_Armattoe	['1900', '1950']
E. A. Badoe	/wiki/E._A._Badoe	['1900', '1950']
John Bilson	/wiki/John_Bilson_(politician)	['1900', '1950']
Kofi Boahene	/wiki/Kofi_Boahene	['1900', '1950']
Peter Bossman	/wiki/Peter_Bossman	['1900', '1950']
Alexander Adu Clerk	/wiki/Alexander_Adu_Clerk	['1900', '1950']
Matilda J. Clerk	/wiki/Matilda_J._Clerk	['1900', '1950']
Charles Odamtten Easmon	/wiki/Charles_Odamtten_Easmon	['1900', '1950']
Kwabena Frimpong-Boateng	/wiki/Kwabena_Frimpong-Boateng	['1900', '1950']
Ernest James Hayford	/wiki/Ernest_James_Hayford	['1900', '1950']
Susan Gyankorama De-Graft Johnson	/wiki/Susan_Gyankorama_De-Graft_Johnson	['1900', '1950']
Emmanuel A. Kissi	/wiki/Emmanuel_A._Kissi	['1900', '1950']
Jacob Kwakye-Maafo	/wiki/Jacob_Kwakye-Maafo	['1900', '1950']
Edward Mahama	/wiki/Edward_Mahama	['1900', '1950']
Frederick Nanka-Bruce	/wiki/Frederick_Nanka-Bruce	['1900', '1950']
David Ofori-Adjei	/wiki/David_Ofori-Adjei	['1900', '1950']
Susan Ofori-Atta	/wiki/Susan_Ofori-Atta	['1900', '1950']
Benjamin Quartey-Papafio	/wiki/Benjamin_Quartey-Papafio	['1900', '1950']
Bernard Ribeiro, Baron Ribeiro	/wiki/Bernard_Ribeiro,_Baron_Ribeiro	['1900', '1950']
Ellen Boakye	/wiki/Ellen_Boakye	['1900', '1950']
Afua Adwo Jectey Hesse	/wiki/Afua_Adwo_Jectey_Hesse	['1900', '1950']
Akwasi Afrifa	/wiki/Akwasi_Afrifa	['1900', '1950']
Adam Afriyie	/wiki/Adam_Afriyie	['1900', '1950']
Ebenezer Ako-Adjei	/wiki/Ebenezer_Ako-Adjei	['1900', '1950']
Edward Akufo-Addo	/wiki/Edward_Akufo-Addo	['1900', '1950']
Nana Akufo-Addo	/wiki/Nana_Akufo-Addo	['1900', '1950']
Reginald Reynolds Amponsah	/wiki/Reginald_Reynolds_Amponsah	['1900', '1950']
Joseph Arthur Ankrah	/wiki/Joseph_Arthur_Ankrah	['1900', '1950']
Kofi Annan	/wiki/Kofi_Annan	['1900', '1950']
William Ofori Atta	/wiki/William_Ofori_Atta	['1900', '1950']
Prosper Douglas Bani	/wiki/Prosper_Douglas_Bani	['1900', '1950']
Albert Adu Boahen	/wiki/Albert_Adu_Boahen	['1900', '1950']
Paul Boateng	/wiki/Paul_Boateng	['1900', '1950']
Peter Bossman	/wiki/Peter_Bossman	['1900', '1950']
Kofi Abrefa Busia	/wiki/Kofi_Abrefa_Busia	['1900', '1950']
J. B. Danquah	/wiki/J._B._Danquah	['1900', '1950']
James Victor Gbeho	/wiki/James_Victor_Gbeho	['1900', '1950']
J. E. Casely Hayford	/wiki/J._E._Casely_Hayford	['1900', '1950']
John Kufuor	/wiki/John_Kufuor	['1900', '1950']
Kwasi Kwarteng	/wiki/Kwasi_Kwarteng	['1900', '1950']
Fiifi Fiavi Kwetey	/wiki/Fiifi_Fiavi_Kwetey	['1900', '1950']
Ambrose Dery	/wiki/Ambrose_Dery	['1900', '1950']
Haruna Iddrisu	/wiki/Haruna_Iddrisu	['1900', '1950']
Alan John Kyerematen	/wiki/Alan_John_Kyerematen	['1900', '1950']
John Dramani Mahama	/wiki/John_Dramani_Mahama	['1900', '1950']
John Atta Mills	/wiki/John_Atta_Mills	['1900', '1950']
Muntaka Mohammed Mubarak	/wiki/Muntaka_Mohammed_Mubarak	['1900', '1950']
Paa Kwesi Nduom	/wiki/Paa_Kwesi_Nduom	['1900', '1950']
Kwame Nkrumah	/wiki/Kwame_Nkrumah	['1900', '1950']
Emmanuel Obetsebi-Lamptey	/wiki/Emmanuel_Obetsebi-Lamptey	['1900', '1950']
Jacob Otanka Obetsebi-Lamptey	/wiki/Jacob_Otanka_Obetsebi-Lamptey	['1900', '1950']
Nii Amaa Ollennu	/wiki/Nii_Amaa_Ollennu	['1900', '1950']
Aaron Mike Oquaye	/wiki/Aaron_Mike_Oquaye	['1900', '1950']
Victor Owusu	/wiki/Victor_Owusu	['1900', '1950']
Jerry Rawlings	/wiki/Jerry_Rawlings	['1900', '1950']
Charles Wereko-Brobby	/wiki/Charles_Wereko-Brobby	['1900', '1950']
Kwadwo Baah Wiredu	/wiki/Kwadwo_Baah_Wiredu	['1900', '1950']
Kojo Oppong Nkrumah	/wiki/Kojo_Oppong_Nkrumah	['1900', '1950']
Obuobia Darko-Opoku	/wiki/Obuobia_Darko-Opoku	['1900', '1950']
Ama Bame Busia	/wiki/Ama_Bame_Busia	['1900', '1950']
Nana Akua Owusu Afriyie	/wiki/Nana_Akua_Owusu_Afriyie	['1900', '1950']
Naana Eyiah Quansah	/wiki/Naana_Eyiah_Quansah	['1900', '1950']
Abena Durowaa Mensah	/wiki/Abena_Durowaa_Mensah	['1900', '1950']
Cynthia Mamle Morrison	/wiki/Cynthia_Mamle_Morrison	['1900', '1950']
Joyce Adwoa Akoh Dei	/wiki/Joyce_Adwoa_Akoh_Dei	['1900', '1950']
Tina Gifty Naa Ayele Mensah	/wiki/Tina_Gifty_Naa_Ayele_Mensah	['1900', '1950']
Nana Ama Dokua Asiamah Adjei	/wiki/Nana_Ama_Dokua_Asiamah_Adjei	['1900', '1950']
Felicia Adjei	/wiki/Felicia_Adjei	['1900', '1950']
Osumanu Adama	/wiki/Osumanu_Adama	['1900', '1950']
Osei Kofi	/wiki/Osei_Kofi	['1900', '1950']
Joseph Addai	/wiki/Joseph_Addai	['1900', '1950']
Freddy Adu	/wiki/Freddy_Adu	['1900', '1950']
Harry Aikines-Aryeetey	/wiki/Harry_Aikines-Aryeetey	['1900', '1950']
Vida Anim	/wiki/Vida_Anim	['1900', '1950']
Ezekiel Ansah	/wiki/Ezekiel_Ansah	['1900', '1950']
Stephen Appiah	/wiki/Stephen_Appiah	['1900', '1950']
Kwadwo Asamoah	/wiki/Kwadwo_Asamoah	['1900', '1950']
Anita Asante	/wiki/Anita_Asante	['1900', '1950']
André Ayew	/wiki/Andr%C3%A9_Ayew	['1900', '1950']
Jordan Ayew	/wiki/Jordan_Ayew	['1900', '1950']
Mario Balotelli	/wiki/Mario_Balotelli	['1900', '1950']
Jérôme Boateng	/wiki/J%C3%A9r%C3%B4me_Boateng	['1900', '1950']
Kevin-Prince Boateng	/wiki/Kevin-Prince_Boateng	['1900', '1950']
Joshua Clottey	/wiki/Joshua_Clottey	['1900', '1950']
Marcel Desailly	/wiki/Marcel_Desailly	['1900', '1950']
Michael Essien	/wiki/Michael_Essien	['1900', '1950']
Ignisious Gaisah	/wiki/Ignisious_Gaisah	['1900', '1950']
Kim Grant	/wiki/Kim_Grant_(footballer)	['1900', '1950']
Asamoah Gyan	/wiki/Asamoah_Gyan	['1900', '1950']
Kofi Kingston	/wiki/Kofi_Kingston	['1900', '1950']
Nana Konadu	/wiki/Nana_Konadu	['1900', '1950']
John Mensah	/wiki/John_Mensah	['1900', '1950']
Pops Mensah-Bonsu	/wiki/Pops_Mensah-Bonsu	['1900', '1950']
Azumah Nelson	/wiki/Azumah_Nelson	['1900', '1950']
Kwame Nkrumah-Acheampong	/wiki/Kwame_Nkrumah-Acheampong	['1900', '1950']
John Paintsil	/wiki/John_Paintsil	['1900', '1950']
Abedi Pele	/wiki/Abedi_Pele	['1900', '1950']
Clement Quartey	/wiki/Clement_Quartey	['1900', '1950']
Ike Quartey	/wiki/Ike_Quartey	['1900', '1950']
Danny Welbeck	/wiki/Danny_Welbeck	['1900', '1950']
Arthur Wharton	/wiki/Arthur_Wharton	['1900', '1950']
Rachel Yankey	/wiki/Rachel_Yankey	['1900', '1950']
Tony Yeboah	/wiki/Tony_Yeboah	['1900', '1950']
Thomas Partey	/wiki/Thomas_Partey	['1900', '1950']
Timothy Fosu-Mensah	/wiki/Timothy_Fosu-Mensah	['1900', '1950']
Stephen Appiah	/wiki/Stephen_Appiah	['1900', '1950']
Abdul Baba Rahman	/wiki/Abdul_Baba_Rahman	['1900', '1950']
Kevin-Prince Boateng	/wiki/Kevin-Prince_Boateng	['1900', '1950']
Charles Asampong Taylor	/wiki/Charles_Asampong_Taylor	['1900', '1950']
Bernard Dong Bortey	/wiki/Bernard_Dong_Bortey	['1900', '1950']
Isaac Dogboe	/wiki/Isaac_Dogboe	['1900', '1950']
Vida Opoku	/wiki/Vida_Opoku	['1900', '1950']
Azume Adams	/wiki/Azume_Adams	['1900', '1950']
Lydia Mato	/wiki/Lydia_Mato	['1900', '1950']
Juliana Kakraba	/wiki/Juliana_Kakraba	['1900', '1950']
Winnifred Ntumi	/wiki/Winnifred_Ntumi	['1900', '1950']
Rose Amoanimaa Yeboah	/wiki/Rose_Amoanimaa_Yeboah	['1900', '1950']
Abigail Kwarteng	/wiki/Abigail_Kwarteng	['1900', '1950']
Habiba Atta Forson	/wiki/Habiba_Atta_Forson	['1900', '1950']
Dzifa Affainie	/wiki/Dzifa_Affainie	['1900', '1950']
Anas Aremeyaw Anas	/wiki/Anas_Aremeyaw_Anas	['1900', '1950']
Roger A. Agana	/wiki/Roger_A._Agana	['1900', '1950']
Terry Baddoo	/wiki/Terry_Baddoo	['1900', '1950']
Margaret Busby	/wiki/Margaret_Busby	['1900', '1950']
Ameyaw Debrah	/wiki/Ameyaw_Debrah	['1900', '1950']
Marcel Desailly	/wiki/Marcel_Desailly	['1900', '1950']
Afua Hirsch	/wiki/Afua_Hirsch	['1900', '1950']
Ras Kwame	/wiki/Ras_Kwame	['1900', '1950']
Ras Mubarak	/wiki/Ras_Mubarak	['1900', '1950']
Deborah Owusu-Bonsu	/wiki/Deborah_Owusu-Bonsu	['1900', '1950']
June Sarpong	/wiki/June_Sarpong	['1900', '1950']
Mahama Shaibu	/wiki/Mahama_Shaibu	['1900', '1950']
Alhassan Suhuyini	/wiki/Alhassan_Suhuyini	['1900', '1950']
Reggie Yates	/wiki/Reggie_Yates	['1900', '1950']
Ama Ata Aidoo	/wiki/Ama_Ata_Aidoo	['1900', '1950']
Mohammed Naseehu Ali	/wiki/Mohammed_Naseehu_Ali	['1900', '1950']
Kofi Anyidoho	/wiki/Kofi_Anyidoho	['1900', '1950']
Ayi Kwei Armah	/wiki/Ayi_Kwei_Armah	['1900', '1950']
Ayesha Harruna Attah	/wiki/Ayesha_Harruna_Attah	['1900', '1950']
Kofi Awoonor	/wiki/Kofi_Awoonor	['1900', '1950']
J. Benibengor Blay	/wiki/J._Benibengor_Blay	['1900', '1950']
William Boyd	/wiki/William_Boyd_(writer)	['1900', '1950']
Mabel Dove Danquah	/wiki/Mabel_Dove_Danquah	['1900', '1950']
Amma Darko	/wiki/Amma_Darko	['1900', '1950']
Kwame Dawes	/wiki/Kwame_Dawes	['1900', '1950']
Joe de Graft	/wiki/Joe_de_Graft	['1900', '1950']
Amu Djoleto	/wiki/Amu_Djoleto	['1900', '1950']
W. E. B. Du Bois	/wiki/W._E._B._Du_Bois	['1900', '1950']
Kodwo Eshun	/wiki/Kodwo_Eshun	['1900', '1950']
Yaa Gyasi	/wiki/Yaa_Gyasi	['1900', '1950']
Kojo Laing	/wiki/Kojo_Laing	['1900', '1950']
Lesley Lokko	/wiki/Lesley_Lokko	['1900', '1950']
Atukwei Okai	/wiki/Atukwei_Okai	['1900', '1950']
Frank Kobina Parkes	/wiki/Frank_Kobina_Parkes	['1900', '1950']
Nii Parkes	/wiki/Nii_Parkes	['1900', '1950']
Taiye Selasi	/wiki/Taiye_Selasi	['1900', '1950']
Efua Sutherland	/wiki/Efua_Sutherland	['1900', '1950']
Empi Baryeh	/wiki/Empi_Baryeh	['1900', '1950']
Portia Dery	/wiki/Portia_Dery	['1900', '1950']
Nana Achampong	/wiki/Nana_Achampong	['1900', '1950']
Asumadu	/wiki/Asumadu	['1900', '1950']
Akosua Agyapong	/wiki/Akosua_Agyapong	['1900', '1950']
Kofi Owusu Dua Anto	/wiki/Kofi_Owusu_Dua_Anto	['1900', '1950']
Kojo Antwi	/wiki/Kojo_Antwi	['1900', '1950']
Kojo Funds	/wiki/Kojo_Funds	['1900', '1950']
Becca	/wiki/Becca_(Ghanaian_singer)	['1900', '1950']
Joe Beecham	/wiki/Joe_Beecham	['1900', '1950']
Lethal Bizzle	/wiki/Lethal_Bizzle	['1900', '1950']
C-Real	/wiki/C-Real_(rapper)	['1900', '1950']
Castro	/wiki/Castro_(musician)	['1900', '1950']
A. B. Crentsil	/wiki/A._B._Crentsil	['1900', '1950']
Rocky Dawuni	/wiki/Rocky_Dawuni	['1900', '1950']
Amakye Dede	/wiki/Amakye_Dede	['1900', '1950']
Donae'o	/wiki/Donae%27o	['1900', '1950']
Bisa Kdei	/wiki/Bisa_Kdei	['1900', '1950']
Samini	/wiki/Samini	['1900', '1950']
E.L	/wiki/E.L_(rapper)	['1900', '1950']
Efya	/wiki/Efya	['1900', '1950']
Fuse ODG	/wiki/Fuse_ODG	['1900', '1950']
Kofi Ghanaba	/wiki/Kofi_Ghanaba	['1900', '1950']
Ethel Eshun	/wiki/Ethel_Eshun	['1900', '1950']
Jay Ghartey	/wiki/Jay_Ghartey	['1900', '1950']
Sherifa Gunu	/wiki/Sherifa_Gunu	['1900', '1950']
Joey B	/wiki/Joey_B	['1900', '1950']
Joe Mettle	/wiki/Joe_Mettle	['1900', '1950']
Kesse	/wiki/Kesse_(musician)	['1900', '1950']
Kofi Kinaata	/wiki/Kofi_Kinaata	['1900', '1950']
Pappy Kojo	/wiki/Pappy_Kojo	['1900', '1950']
Medikal	/wiki/Medikal	['1900', '1950']
Daddy Lumba	/wiki/Daddy_Lumba	['1900', '1950']
Joe Mettle	/wiki/Joe_Mettle	['1900', '1950']
Nayaah	/wiki/Nayaah	['1900', '1950']
Agya Koo Nimo	/wiki/Agya_Koo_Nimo	['1900', '1950']
Nii Okai	/wiki/Nii_Okai	['1900', '1950']
Yaw Osei-Owusu	/wiki/Yaw_Osei-Owusu	['1900', '1950']
Osibisa	/wiki/Osibisa	['1900', '1950']
Dizzee Rascal	/wiki/Dizzee_Rascal	['1900', '1950']
Raye	/wiki/Raye_(singer)	['1900', '1950']
Reggie Rockstone	/wiki/Reggie_Rockstone	['1900', '1950']
Sarkodie	/wiki/Sarkodie_(rapper)	['1900', '1950']
Esther Smith	/wiki/Esther_Smith	['1900', '1950']
Stonebwoy	/wiki/Stonebwoy	['1900', '1950']
Stormzy	/wiki/Stormzy	['1900', '1950']
Sway	/wiki/Sway_(rapper)	['1900', '1950']
Tempa T	/wiki/Tempa_T	['1900', '1950']
Tricky	/wiki/Tricky_(musician)	['1900', '1950']
Shatta Wale	/wiki/Shatta_Wale	['1900', '1950']
Helen Yawson	/wiki/Helen_Yawson	['1900', '1950']
Ebony Reigns	/wiki/Ebony_Reigns	['1900', '1950']
Wendy Shay	/wiki/Wendy_Shay	['1900', '1950']
R2Bees	/wiki/R2Bees	['1900', '1950']
Sarkodie	/wiki/Sarkodie_(rapper)	['1900', '1950']
Kuami Eugene	/wiki/Kuami_Eugene	['1900', '1950']
Akan	/wiki/Akan_(Musician)	['1900', '1950']
Kwesi Arthur	/wiki/Kwesi_Arthur	['1900', '1950']
Darkovibes	/wiki/Darkovibes	['1900', '1950']
Ebony	/wiki/Ebony	['1900', '1950']
Wiyaala	/wiki/Wiyaala	['1900', '1950']
Rocky Dawuni	/wiki/Rocky_Dawuni	['1900', '1950']
Nii Quaynor	/wiki/Nii_Quaynor	['1900', '1950']
Mohammed-Sani Abdulai	/wiki/Mohammed-Sani_Abdulai	['1900', '1950']
Stella Saaka	/wiki/Stella_Saaka	['1900', '1950']
Juliana Dogbadzi	/wiki/Juliana_Dogbadzi	['1900', '1950']
Abena Dugan	/wiki/Abena_Dugan	['1900', '1950']
Afi Azaratu Yakubu	/wiki/Afi_Azaratu_Yakubu	['1900', '1950']
Herman Chinery-Hesse	/wiki/Herman_Chinery-Hesse	['1900', '1950']
Thomas Mensah	/wiki/Thomas_Mensah	['1900', '1950']
Ave Kludze	/wiki/Ave_Kludze	['1900', '1950']
Bright Simons	/wiki/Bright_Simons	['1900', '1950']
Fred McBagonluri	/wiki/Fred_McBagonluri	['1900', '1950']
Kofi Bentum Quantson	/wiki/Kofi_Bentum_Quantson	['1900', '1950']
Harriet Bruce-Annan	/wiki/Harriet_Bruce-Annan	['1965', '2025']
Efua Asibon	/wiki/Efua_Asibon	['1900', '1950']
Ama Hemmah	/wiki/Ama_Hemmah	['1900', '1950']
Felicia Edem Attipoe	/wiki/Felicia_Edem_Attipoe	['1900', '1950']
Ruth Ama Gyan-Darkwa	/wiki/Ruth_Ama_Gyan-Darkwa	['1900', '1950']
DJ Zel	/wiki/DJ_Zel	['1900', '1950']
Molly Germaine Prempeh	/wiki/Molly_Germaine_Prempeh	['1900', '1950']
Gold Coast Euro-Africans	/wiki/Gold_Coast_Euro-Africans	['1900', '1950']
Coromantee	/wiki/Coromantee	['1900', '1950']
Ndyuka people	/wiki/Ndyuka_people	['1900', '1950']
Template:Ghana topics	/wiki/Template:Ghana_topics	['1900', '1950']
Template talk:Ghana topics	/wiki/Template_talk:Ghana_topics	['1900', '1950']
Ashanti Empire	/wiki/Ashanti_Empire	['1900', '1950']
Gold Coast	/wiki/Gold_Coast_(British_colony)	['1900', '1950']
Nkrumah government	/wiki/Nkrumah_government	['1960', '1966']
National Liberation Council	/wiki/National_Liberation_Council	['1900', '1950']
Kofi Abrefa Busia	/wiki/Kofi_Abrefa_Busia	['1900', '1950']
Ignatius Kutu Acheampong	/wiki/Ignatius_Kutu_Acheampong	['1900', '1950']
Armed Forces Revolutionary Council, Ghana	/wiki/Armed_Forces_Revolutionary_Council,_Ghana	['1900', '1950']
Hilla Limann	/wiki/Hilla_Limann	['1900', '1950']
Provisional National Defence Council	/wiki/Provisional_National_Defence_Council	['1900', '1950']
Jerry Rawlings	/wiki/Jerry_Rawlings	['1900', '1950']
John Kufuor	/wiki/John_Kufuor	['1900', '1950']
John Atta Mills	/wiki/John_Atta_Mills	['1900', '1950']
John Mahama	/wiki/John_Mahama	['1900', '1950']
Nana Akufo-Addo	/wiki/Nana_Akufo-Addo	['1900', '1950']
Ghana Armed Forces	/wiki/Ghana_Armed_Forces	['1900', '1950']
Ghana Stock Exchange	/wiki/Ghana_Stock_Exchange	['1900', '1950']
Ghana's material cultural heritage	/wiki/Ghana%27s_material_cultural_heritage	['1900', '1950']
God Bless Our Homeland Ghana	/wiki/God_Bless_Our_Homeland_Ghana	['1900', '1950']
