text	link	year
Anna Maria Horsford	/wiki/Anna_Maria_Horsford	['1900', '1950']
Gregory Abbott	/wiki/Gregory_Abbott	['1900', '1950']
Jazzie B	/wiki/Jazzie_B	['1900', '1950']
Shermain Jeremy	/wiki/Shermain_Jeremy	['1900', '1950']
Curtly Ambrose	/wiki/Curtly_Ambrose	['1900', '1950']
Speedy Claxton	/wiki/Speedy_Claxton	['1900', '1950']
Carl Herrera	/wiki/Carl_Herrera	['1900', '1950']
Emile Heskey	/wiki/Emile_Heskey	['1900', '1950']
Maurice Hope	/wiki/Maurice_Hope	['1900', '1950']
Colin Kazim-Richards	/wiki/Colin_Kazim-Richards	['1900', '1950']
Ledley King	/wiki/Ledley_King	['1900', '1950']
Vivian Richards	/wiki/Vivian_Richards	['1900', '1950']
Richie Richardson	/wiki/Richie_Richardson	['1900', '1950']
Andy Roberts	/wiki/Andy_Roberts_(cricketer)	['1900', '1950']
Lester Bird	/wiki/Lester_Bird	['1900', '1950']
Vere Cornwall Bird	/wiki/Vere_Cornwall_Bird	['1900', '1950']
James Carlisle	/wiki/James_Carlisle	['1900', '1950']
Tim Hector	/wiki/Tim_Hector	['1900', '1950']
Wilfred Jacobs	/wiki/Wilfred_Jacobs	['1900', '1950']
Baldwin Spencer	/wiki/Baldwin_Spencer	['1900', '1950']
Sydney Walling	/wiki/Sydney_Walling	['1900', '1950']
George Walter	/wiki/George_Walter	['1900', '1950']
Leonard Tim Hector	/wiki/Leonard_Tim_Hector	['1900', '1950']
Marie-Elena John	/wiki/Marie-Elena_John	['1900', '1950']
Jamaica Kincaid	/wiki/Jamaica_Kincaid	['1900', '1950']
Stacey Dash	/wiki/Stacey_Dash	['1900', '1950']
Melyssa Ford	/wiki/Melyssa_Ford	['1900', '1950']
Doug E. Fresh	/wiki/Doug_E._Fresh	['1900', '1950']
Jada Pinkett Smith	/wiki/Jada_Pinkett_Smith	['1900', '1950']
Meagan Good	/wiki/Meagan_Good	['1900', '1950']
Cuba Gooding Jr.	/wiki/Cuba_Gooding_Jr.	['1900', '1950']
Omar Gooding	/wiki/Omar_Gooding	['1900', '1950']
David Harewood	/wiki/David_Harewood	['1900', '1950']
LL Cool J	/wiki/LL_Cool_J	['1900', '1950']
Mari Morrow	/wiki/Mari_Morrow	['1900', '1950']
Gwyneth Paltrow	/wiki/Gwyneth_Paltrow	['1900', '1950']
Redd Pepper	/wiki/Redd_Pepper	['1900', '1950']
Robert Christopher Riley	/wiki/Robert_Christopher_Riley	['1900', '1950']
Lamman Rucker	/wiki/Lamman_Rucker	['1900', '1950']
Robert Bailey	/wiki/Robert_Bailey_(American_football)	['1900', '1950']
Nigel Benn	/wiki/Nigel_Benn	['1900', '1950']
Andrea Blackett	/wiki/Andrea_Blackett	['1900', '1950']
Emmerson Boyce	/wiki/Emmerson_Boyce	['1900', '1950']
Fred Brathwaite	/wiki/Fred_Brathwaite	['1900', '1950']
Pierre Browne	/wiki/Pierre_Browne	['1900', '1950']
Anson Carter	/wiki/Anson_Carter	['1900', '1950']
Ashley Cole	/wiki/Ashley_Cole	['1900', '1950']
Jon Cornish	/wiki/Jon_Cornish	['1900', '1950']
Joel Garner	/wiki/Joel_Garner	['1900', '1950']
Joshua Gibson	/wiki/Joshua_Gibson_(footballer)	['1900', '1950']
Gordon Greenidge	/wiki/Gordon_Greenidge	['1900', '1950']
Ramon Harewood	/wiki/Ramon_Harewood	['1900', '1950']
Desmond Haynes	/wiki/Desmond_Haynes	['1900', '1950']
George Headley	/wiki/George_Headley	['1900', '1950']
Conrad Hunte	/wiki/Conrad_Hunte	['1900', '1950']
Paul Ince	/wiki/Paul_Ince	['1900', '1950']
Winston Justice	/wiki/Winston_Justice	['1900', '1950']
Malcolm Marshall	/wiki/Malcolm_Marshall	['1900', '1950']
Fran Matthews	/wiki/Fran_Matthews	['1900', '1950']
Earl Maynard	/wiki/Earl_Maynard	['1900', '1950']
Anton Norris	/wiki/Anton_Norris	['1900', '1950']
Kemar Roach	/wiki/Kemar_Roach	['1900', '1950']
Sam Seale	/wiki/Sam_Seale	['1900', '1950']
Alana Shipp	/wiki/Alana_Shipp	['1900', '1950']
Garfield Sobers	/wiki/Garfield_Sobers	['1900', '1950']
Obadele Thompson	/wiki/Obadele_Thompson	['1900', '1950']
Walter Tull	/wiki/Walter_Tull	['1900', '1950']
Clyde Walcott	/wiki/Clyde_Walcott	['1900', '1950']
Joel Ward	/wiki/Joel_Ward_(ice_hockey)	['1900', '1950']
Everton Weekes	/wiki/Everton_Weekes	['1900', '1950']
Kevin Weekes	/wiki/Kevin_Weekes	['1900', '1950']
Frank Worrell	/wiki/Frank_Worrell	['1900', '1950']
Stede Bonnet	/wiki/Stede_Bonnet	['1900', '1950']
William Shorey	/wiki/William_Shorey	['1900', '1950']
Afrika Bambaataa	/wiki/Afrika_Bambaataa	['1900', '1950']
Kelly Beckett	/wiki/Kelly_Beckett	['1900', '1950']
Vita Chambers	/wiki/Vita_Chambers	['1900', '1950']
CJ Fly	/wiki/CJ_Fly	['1900', '1950']
Mark Morrison	/wiki/Mark_Morrison	['1900', '1950']
Carl Cox	/wiki/Carl_Cox	['1900', '1950']
Charles D. Lewis	/wiki/Charles_D._Lewis	['1900', '1950']
Damon Dash	/wiki/Damon_Dash	['1900', '1950']
Cover Drive	/wiki/Cover_Drive	['1900', '1950']
Faith Evans	/wiki/Faith_Evans	['1900', '1950']
Livvi Franc	/wiki/Livvi_Franc	['1900', '1950']
Doug E. Fresh	/wiki/Doug_E._Fresh	['1900', '1950']
Cuba Gooding, Sr.	/wiki/Cuba_Gooding,_Sr.	['1900', '1950']
Grandmaster Flash	/wiki/Grandmaster_Flash	['1900', '1950']
Grynner	/wiki/Grynner	['1900', '1950']
Alison Hinds	/wiki/Alison_Hinds	['1900', '1950']
Jaicko	/wiki/Jaicko	['1900', '1950']
Tory Lanez	/wiki/Tory_Lanez	['1900', '1950']
Ryan Leslie	/wiki/Ryan_Leslie	['1900', '1950']
Hal Linton	/wiki/Hal_Linton	['1900', '1950']
Magnet Man	/wiki/Magnet_Man	['1900', '1950']
Zeeteah Massiah	/wiki/Zeeteah_Massiah	['1900', '1950']
Mighty Gabby	/wiki/Mighty_Gabby	['1900', '1950']
Jackie Opel	/wiki/Jackie_Opel	['1900', '1950']
Leigh-Anne Pinnock	/wiki/Leigh-Anne_Pinnock	['1900', '1950']
Rayvon	/wiki/Rayvon	['1900', '1950']
Red Plastic Bag	/wiki/Red_Plastic_Bag	['1900', '1950']
Rihanna	/wiki/Rihanna	['1900', '1950']
Rakim Mayers	/wiki/Rakim_Mayers	['1900', '1950']
Rupee	/wiki/Rupee_(musician)	['1900', '1950']
Shontelle	/wiki/Shontelle	['1900', '1950']
Arturo Tappin	/wiki/Arturo_Tappin	['1900', '1950']
Tweet	/wiki/Tweet_(singer)	['1900', '1950']
Joseph L. Walcott	/wiki/Joseph_L._Walcott	['1900', '1950']
Dave East	/wiki/Dave_East	['1900', '1950']
Grantley Adams	/wiki/Grantley_Adams	['1900', '1950']
J.M.G. Adams	/wiki/J.M.G._Adams	['1900', '1950']
Owen Arthur	/wiki/Owen_Arthur	['1900', '1950']
Errol Barrow	/wiki/Errol_Barrow	['1900', '1950']
Courtney Blackman	/wiki/Courtney_Blackman	['1900', '1950']
Bussa	/wiki/Bussa	['1900', '1950']
Shirley Chisholm	/wiki/Shirley_Chisholm	['1900', '1950']
Anne C. Cools	/wiki/Anne_C._Cools	['1900', '1950']
Adrian Fenty	/wiki/Adrian_Fenty	['1900', '1950']
Charles Gittens	/wiki/Charles_Gittens	['1900', '1950']
Eric Holder	/wiki/Eric_Holder	['1900', '1950']
Clifford Husbands	/wiki/Clifford_Husbands	['1900', '1950']
Gwen Ifill	/wiki/Gwen_Ifill	['1900', '1950']
Thomas R. Jones	/wiki/Thomas_R._Jones_(judge)	['1900', '1950']
Clyde Mascoll	/wiki/Clyde_Mascoll	['1900', '1950']
Chirlane McCray	/wiki/Chirlane_McCray	['1900', '1950']
Billie Miller	/wiki/Billie_Miller	['1900', '1950']
Richard B. Moore	/wiki/Richard_B._Moore	['1900', '1950']
Charles O'Neale	/wiki/Charles_O%27Neale	['1900', '1950']
Clement Payne	/wiki/Clement_Payne	['1900', '1950']
Erskine Sandiford	/wiki/Erskine_Sandiford	['1900', '1950']
Bret Schundler	/wiki/Bret_Schundler	['1900', '1950']
Lloyd Sealy	/wiki/Lloyd_Sealy	['1900', '1950']
David Thompson	/wiki/David_Thompson_(Barbadian_politician)	['1900', '1950']
Dennis M. Walcott	/wiki/Dennis_M._Walcott	['1900', '1950']
Frank L. White	/wiki/Frank_L._White	['1900', '1950']
Adisa Andwele	/wiki/Adisa_Andwele	['1900', '1950']
Hilary Beckles	/wiki/Hilary_Beckles	['1900', '1950']
Edward Brathwaite	/wiki/Edward_Brathwaite	['1900', '1950']
Austin Clarke	/wiki/Austin_Clarke_(novelist)	['1900', '1950']
Tony Cozier	/wiki/Tony_Cozier	['1900', '1950']
Alan Emtage	/wiki/Alan_Emtage	['1900', '1950']
Abel Hendy Jones Greenidge	/wiki/Abel_Hendy_Jones_Greenidge	['1900', '1950']
Charles Wilton Wood Greenidge	/wiki/Charles_Wilton_Wood_Greenidge	['1900', '1950']
Ted Harris	/wiki/Ted_Harris_(pastor)	['1900', '1950']
Agymah Kamau	/wiki/Agymah_Kamau	['1900', '1950']
Odimumba Kwamdela	/wiki/Odimumba_Kwamdela	['1900', '1950']
George Lamming	/wiki/George_Lamming	['1900', '1950']
Glenville Lovell	/wiki/Glenville_Lovell	['1900', '1950']
Paule Marshall	/wiki/Paule_Marshall	['1900', '1950']
Avinash Persaud	/wiki/Avinash_Persaud	['1900', '1950']
Susan L. Taylor	/wiki/Susan_L._Taylor	['1900', '1950']
Maurice DuBois	/wiki/Maurice_DuBois	['1900', '1950']
Phyllis Shand Allfrey	/wiki/Phyllis_Shand_Allfrey	['1900', '1950']
Eugenia Charles	/wiki/Eugenia_Charles	['1900', '1950']
Pierre Charles	/wiki/Pierre_Charles_(Dominican_politician)	['1900', '1950']
Rosie Douglas	/wiki/Rosie_Douglas	['1900', '1950']
Edison James	/wiki/Edison_James	['1900', '1950']
Patrick R. John	/wiki/Patrick_R._John	['1900', '1950']
Edward Oliver LeBlanc	/wiki/Edward_Oliver_LeBlanc	['1900', '1950']
Nicholas Liverpool	/wiki/Nicholas_Liverpool	['1900', '1950']
Doreen Paul	/wiki/Doreen_Paul	['1900', '1950']
Clarence Seignoret	/wiki/Clarence_Seignoret	['1900', '1950']
Oliver Seraphin	/wiki/Oliver_Seraphin	['1900', '1950']
Vernon Shaw	/wiki/Vernon_Shaw	['1900', '1950']
Roosevelt Skerrit	/wiki/Roosevelt_Skerrit	['1900', '1950']
Crispin Sorhaindo	/wiki/Crispin_Sorhaindo	['1900', '1950']
Liam Sebastien	/wiki/Liam_Sebastien	['1900', '1950']
Shane Shillingford	/wiki/Shane_Shillingford	['1900', '1950']
Lennox Honychurch	/wiki/Lennox_Honychurch	['1900', '1950']
Jean Rhys	/wiki/Jean_Rhys	['1900', '1950']
Léon Bertrand	/wiki/L%C3%A9on_Bertrand	['1900', '1950']
Justin Catayée	/wiki/Justin_Catay%C3%A9e	['1900', '1950']
Félix Éboué	/wiki/F%C3%A9lix_%C3%89bou%C3%A9	['1900', '1950']
Gaston Monnerville	/wiki/Gaston_Monnerville	['1900', '1950']
Victor Schoelcher	/wiki/Victor_Schoelcher	['1900', '1950']
Christiane Taubira	/wiki/Christiane_Taubira	['1900', '1950']
Léon Damas	/wiki/L%C3%A9on_Damas	['1900', '1950']
Canute Caliste	/wiki/Canute_Caliste	['1900', '1950']
Lewis Hamilton	/wiki/Lewis_Hamilton	['1900', '1950']
Kirani James	/wiki/Kirani_James	['1900', '1950']
Jason Roberts	/wiki/Jason_Roberts_(footballer)	['1900', '1950']
James Baillie	/wiki/James_Baillie_(c.1737-1793)	['1900', '1950']
Ajamu	/wiki/Ajamu	['1900', '1950']
Casey Benjamin	/wiki/Casey_Benjamin	['1900', '1950']
Craig David	/wiki/Craig_David	['1900', '1950']
Dollarman	/wiki/Dollarman	['1900', '1950']
David Emmanuel	/wiki/David_Emmanuel_(musician)	['1900', '1950']
Sir Galba	/wiki/Sir_Galba	['1900', '1950']
Leslie Hutchinson	/wiki/Leslie_Hutchinson	['1900', '1950']
Finley Jeffrey	/wiki/Finley_Jeffrey	['1900', '1950']
Jemeni	/wiki/Jemeni	['1900', '1950']
Row Lewis	/wiki/Row_Lewis	['1900', '1950']
Mighty Sparrow	/wiki/Mighty_Sparrow	['1900', '1950']
Ms. Dynamite	/wiki/Ms._Dynamite	['1900', '1950']
Sonika	/wiki/Sonika	['1900', '1950']
Jean Augustine	/wiki/Jean_Augustine	['1900', '1950']
Maurice Bishop	/wiki/Maurice_Bishop	['1900', '1950']
Herbert A. Blaize	/wiki/Herbert_A._Blaize	['1900', '1950']
Nicholas Brathwaite	/wiki/Nicholas_Brathwaite	['1900', '1950']
Tubal Uriah Butler	/wiki/Tubal_Uriah_Butler	['1900', '1950']
Henri Christophe	/wiki/Henri_Christophe	['1900', '1950']
Bernard Coard	/wiki/Bernard_Coard	['1900', '1950']
Eric Gairy	/wiki/Eric_Gairy	['1900', '1950']
Malcolm X	/wiki/Malcolm_X	['1900', '1950']
Keith Mitchell	/wiki/Keith_Mitchell	['1900', '1950']
David Paterson	/wiki/David_Paterson	['1900', '1950']
Tillman Thomas	/wiki/Tillman_Thomas	['1900', '1950']
Tobias S. Buckell	/wiki/Tobias_S._Buckell	['1900', '1950']
Merle Collins	/wiki/Merle_Collins	['1900', '1950']
Audre Lorde	/wiki/Audre_Lorde	['1900', '1950']
Franklyn Harvey	/wiki/Franklyn_Harvey	['1900', '1950']
Jacques Schwarz-Bart	/wiki/Jacques_Schwarz-Bart	['1900', '1950']
Eric Abidal	/wiki/Eric_Abidal	['1900', '1950']
Jocelyn Angloma	/wiki/Jocelyn_Angloma	['1900', '1950']
Christine Arron	/wiki/Christine_Arron	['1900', '1950']
Jim Bilba	/wiki/Jim_Bilba	['1900', '1950']
Pascal Chimbonda	/wiki/Pascal_Chimbonda	['1900', '1950']
Laura Flessel-Colovic	/wiki/Laura_Flessel-Colovic	['1900', '1950']
William Gallas	/wiki/William_Gallas	['1900', '1950']
Thierry Henry	/wiki/Thierry_Henry	['1900', '1950']
Jérôme Moïso	/wiki/J%C3%A9r%C3%B4me_Mo%C3%AFso	['1900', '1950']
Jean-Marc Mormeck	/wiki/Jean-Marc_Mormeck	['1900', '1950']
Marie-José Pérec	/wiki/Marie-Jos%C3%A9_P%C3%A9rec	['1900', '1950']
Mickaël Piétrus	/wiki/Micka%C3%ABl_Pi%C3%A9trus	['1900', '1950']
Therry Racon	/wiki/Therry_Racon	['1900', '1950']
Teddy Riner	/wiki/Teddy_Riner	['1900', '1950']
Louis Saha	/wiki/Louis_Saha	['1900', '1950']
Lilian Thuram	/wiki/Lilian_Thuram	['1900', '1950']
Marius Trésor	/wiki/Marius_Tr%C3%A9sor	['1900', '1950']
Sarah Maldoror	/wiki/Sarah_Maldoror	['1900', '1950']
Louis Delgrès	/wiki/Louis_Delgr%C3%A8s	['1900', '1950']
Victor Hugues	/wiki/Victor_Hugues	['1900', '1950']
Victorin Lurel	/wiki/Victorin_Lurel	['1900', '1950']
Stéphane Pocrain	/wiki/St%C3%A9phane_Pocrain	['1900', '1950']
Patrick Reason	/wiki/Patrick_Reason	['1900', '1950']
Jean Baptiste Labat	/wiki/Jean_Baptiste_Labat	['1900', '1950']
Maryse Condé	/wiki/Maryse_Cond%C3%A9	['1900', '1950']
Daniel Maximin	/wiki/Daniel_Maximin	['1900', '1950']
Saint-John Perse	/wiki/Saint-John_Perse	['1900', '1950']
Shivnarine Chanderpaul	/wiki/Shivnarine_Chanderpaul	['1900', '1950']
Lance Gibbs	/wiki/Lance_Gibbs	['1900', '1950']
Carl Hooper	/wiki/Carl_Hooper	['1900', '1950']
Rohan Bholalall Kanhai	/wiki/Rohan_Bholalall_Kanhai	['1900', '1950']
Clive Lloyd	/wiki/Clive_Lloyd	['1900', '1950']
Ramnaresh Ronnie Sarwan	/wiki/Ramnaresh_Ronnie_Sarwan	['1900', '1950']
Red Cafe	/wiki/Red_Cafe	['1900', '1950']
Rihanna	/wiki/Rihanna	['1900', '1950']
Melanie Fiona	/wiki/Melanie_Fiona	['1900', '1950']
Eddy Grant	/wiki/Eddy_Grant	['1900', '1950']
P. Reign	/wiki/P._Reign	['1900', '1950']
Brindley Benn	/wiki/Brindley_Benn	['1900', '1950']
Forbes Burnham	/wiki/Forbes_Burnham	['1900', '1950']
Arthur Chung	/wiki/Arthur_Chung	['1900', '1950']
Clinton Collymore	/wiki/Clinton_Collymore	['1900', '1950']
Hubert Nathaniel Critchlow	/wiki/Hubert_Nathaniel_Critchlow	['1900', '1950']
Cuffy	/wiki/Cuffy_(person)	['1900', '1950']
Jack Gladstone	/wiki/Jack_Gladstone	['1900', '1950']
Quamina Gladstone	/wiki/Quamina_Gladstone	['1900', '1950']
Bernie Grant	/wiki/Bernie_Grant	['1900', '1950']
Sam Hinds	/wiki/Sam_Hinds	['1900', '1950']
Desmond Hoyte	/wiki/Desmond_Hoyte	['1900', '1950']
Cheddi Jagan	/wiki/Cheddi_Jagan	['1900', '1950']
Janet Jagan	/wiki/Janet_Jagan	['1900', '1950']
Bharrat Jagdeo	/wiki/Bharrat_Jagdeo	['1900', '1950']
Eusi Kwayana	/wiki/Eusi_Kwayana	['1900', '1950']
Moses Nagamootoo	/wiki/Moses_Nagamootoo	['1900', '1950']
Reepu Daman Persaud	/wiki/Reepu_Daman_Persaud	['1900', '1950']
Shridath Ramphal	/wiki/Shridath_Ramphal	['1900', '1950']
Clement Rohee	/wiki/Clement_Rohee	['1900', '1950']
Rupert Roopnaraine	/wiki/Rupert_Roopnaraine	['1900', '1950']
E. R. Braithwaite	/wiki/E._R._Braithwaite	['1900', '1950']
Jan Carew	/wiki/Jan_Carew	['1900', '1950']
Martin Carter	/wiki/Martin_Carter	['1900', '1950']
David Dabydeen	/wiki/David_Dabydeen	['1900', '1950']
Wilson Harris	/wiki/Wilson_Harris	['1900', '1950']
Roy Heath	/wiki/Roy_Heath	['1900', '1950']
Matthew James Higgins	/wiki/Matthew_James_Higgins	['1900', '1950']
Edgar Mittelholzer	/wiki/Edgar_Mittelholzer	['1900', '1950']
Walter Rodney	/wiki/Walter_Rodney	['1900', '1950']
Ivan Van Sertima	/wiki/Ivan_Van_Sertima	['1900', '1950']
A.J. Seymour	/wiki/A.J._Seymour	['1900', '1950']
Eric D. Walrond	/wiki/Eric_D._Walrond	['1900', '1950']
Nicolas Anelka	/wiki/Nicolas_Anelka	['1900', '1950']
Ronny Turiaf	/wiki/Ronny_Turiaf	['1900', '1950']
Euzhan Palcy	/wiki/Euzhan_Palcy	['1900', '1950']
Joséphine de Beauharnais	/wiki/Jos%C3%A9phine_de_Beauharnais	['1900', '1950']
Alfred Marie-Jeanne	/wiki/Alfred_Marie-Jeanne	['1900', '1950']
Aimé Césaire	/wiki/Aim%C3%A9_C%C3%A9saire	['1900', '1950']
Patrick Chamoiseau	/wiki/Patrick_Chamoiseau	['1900', '1950']
Raphaël Confiant	/wiki/Rapha%C3%ABl_Confiant	['1900', '1950']
Frantz Fanon	/wiki/Frantz_Fanon	['1900', '1950']
Édouard Glissant	/wiki/%C3%89douard_Glissant	['1900', '1950']
René Maran	/wiki/Ren%C3%A9_Maran	['1900', '1950']
Joseph Zobel	/wiki/Joseph_Zobel	['1900', '1950']
Paulette Nardal	/wiki/Paulette_Nardal	['1900', '1950']
Jeanne Nardal	/wiki/Jeanne_Nardal	['1900', '1950']
Tory Lanez	/wiki/Tory_Lanez	['1900', '1950']
Leroy Fer	/wiki/Leroy_Fer	['1900', '1950']
Andruw Jones	/wiki/Andruw_Jones	['1900', '1950']
Patrick Kluivert	/wiki/Patrick_Kluivert	['1900', '1950']
Churandy Martina	/wiki/Churandy_Martina	['1900', '1950']
Sidney Ponson	/wiki/Sidney_Ponson	['1900', '1950']
Errol Zimmerman	/wiki/Errol_Zimmerman	['1900', '1950']
Jandino Asporaat	/wiki/Jandino_Asporaat	['1900', '1950']
Betico Croes	/wiki/Betico_Croes	['1900', '1950']
Daniel De Leon	/wiki/Daniel_De_Leon	['1900', '1950']
Moises Frumencio da Costa Gomez	/wiki/Moises_Frumencio_da_Costa_Gomez	['1900', '1950']
Ben Komproe	/wiki/Ben_Komproe	['1900', '1950']
Maria Liberia-Peters	/wiki/Maria_Liberia-Peters	['1900', '1950']
Claude Wathey	/wiki/Claude_Wathey	['1900', '1950']
Keith Arthurton	/wiki/Keith_Arthurton	['1900', '1950']
Kim Collins	/wiki/Kim_Collins	['1900', '1950']
Derick Parry	/wiki/Derick_Parry	['1900', '1950']
Stuart Williams	/wiki/Stuart_Williams_(cricketer)	['1900', '1950']
Elquemedo Willett	/wiki/Elquemedo_Willett	['1900', '1950']
James Baillie	/wiki/James_Baillie_(c.1737-1793)	['1900', '1950']
Clement Arrindell	/wiki/Clement_Arrindell	['1900', '1950']
Robert Bradshaw	/wiki/Robert_Bradshaw_(politician)	['1900', '1950']
Denzil Douglas	/wiki/Denzil_Douglas	['1900', '1950']
Alexander Hamilton	/wiki/Alexander_Hamilton	['1900', '1950']
Rawlins Lowndes	/wiki/Rawlins_Lowndes	['1900', '1950']
Lee Moore	/wiki/Lee_Moore_(politician)	['1900', '1950']
Cuthbert Sebastian	/wiki/Cuthbert_Sebastian	['1900', '1950']
Kennedy Simmonds	/wiki/Kennedy_Simmonds	['1900', '1950']
Paul Southwell	/wiki/Paul_Southwell	['1900', '1950']
Joan Armatrading	/wiki/Joan_Armatrading	['1900', '1950']
Imruh Bakari	/wiki/Imruh_Bakari	['1900', '1950']
Christene Browne	/wiki/Christene_Browne	['1900', '1950']
Burt Caesar	/wiki/Burt_Caesar	['1900', '1950']
Pogus Caesar	/wiki/Pogus_Caesar	['1900', '1950']
Caryl Phillips	/wiki/Caryl_Phillips	['1900', '1950']
Cicely Tyson	/wiki/Cicely_Tyson	['1900', '1950']
Marianne Jean-Baptiste	/wiki/Marianne_Jean-Baptiste	['1900', '1950']
Joseph Marcell	/wiki/Joseph_Marcell	['1900', '1950']
Joey Badass	/wiki/Joey_Badass	['1900', '1950']
Llewellyn Xavier	/wiki/Llewellyn_Xavier	['1900', '1950']
Jermain Defoe	/wiki/Jermain_Defoe	['1900', '1950']
Anton Ferdinand	/wiki/Anton_Ferdinand	['1900', '1950']
Les Ferdinand	/wiki/Les_Ferdinand	['1900', '1950']
Rio Ferdinand	/wiki/Rio_Ferdinand	['1900', '1950']
Dominic Johnson	/wiki/Dominic_Johnson	['1900', '1950']
Cyrille Regis	/wiki/Cyrille_Regis	['1900', '1950']
Dave Regis	/wiki/Dave_Regis	['1900', '1950']
John Regis	/wiki/John_Regis_(athlete)	['1900', '1950']
Rene Regis	/wiki/Rene_Regis	['1900', '1950']
Darren Sammy	/wiki/Darren_Sammy	['1900', '1950']
Arthur Lewis	/wiki/Arthur_Lewis_(economist)	['1900', '1950']
Shola Ama	/wiki/Shola_Ama	['1900', '1950']
Nicole David	/wiki/Nicole_David	['1900', '1950']
"Ronald ""Boo"" Hinkson"	/wiki/Ronald_%22Boo%22_Hinkson	['1900', '1950']
Trevor Nelson	/wiki/Trevor_Nelson	['1900', '1950']
Joey Badass	/wiki/Joey_Badass	['1900', '1950']
Kenny Anthony	/wiki/Kenny_Anthony	['1900', '1950']
Winston Cenac	/wiki/Winston_Cenac	['1900', '1950']
George Charles	/wiki/George_Charles	['1900', '1950']
John Compton	/wiki/John_Compton	['1900', '1950']
Julian Hunte	/wiki/Julian_Hunte	['1900', '1950']
Allen Montgomery Lewis	/wiki/Allen_Montgomery_Lewis	['1900', '1950']
Vaughan Lewis	/wiki/Vaughan_Lewis	['1900', '1950']
Allan Louisy	/wiki/Allan_Louisy	['1900', '1950']
Pearlette Louisy	/wiki/Pearlette_Louisy	['1900', '1950']
George Odlum	/wiki/George_Odlum	['1900', '1950']
Derek Walcott	/wiki/Derek_Walcott	['1900', '1950']
Adonal Foyle	/wiki/Adonal_Foyle	['1900', '1950']
Sancho Lyttle	/wiki/Sancho_Lyttle	['1900', '1950']
Sophia Young	/wiki/Sophia_Young	['1900', '1950']
Kevin Lyttle	/wiki/Kevin_Lyttle	['1900', '1950']
Mattafix	/wiki/Mattafix	['1900', '1950']
Charles Antrobus	/wiki/Charles_Antrobus	['1900', '1950']
Frederick Ballantyne	/wiki/Frederick_Ballantyne	['1900', '1950']
Milton Cato	/wiki/Milton_Cato	['1900', '1950']
Joseph Chatoyer	/wiki/Joseph_Chatoyer	['1900', '1950']
Arnhim Eustace	/wiki/Arnhim_Eustace	['1900', '1950']
Ralph Gonsalves	/wiki/Ralph_Gonsalves	['1900', '1950']
David Emmanuel Jack	/wiki/David_Emmanuel_Jack	['1900', '1950']
Ebenezer Joshua	/wiki/Ebenezer_Joshua	['1900', '1950']
James F. Mitchell	/wiki/James_F._Mitchell	['1900', '1950']
Louis Straker	/wiki/Louis_Straker	['1900', '1950']
Ramdew Chaitoe	/wiki/Ramdew_Chaitoe	['1900', '1950']
Damaru	/wiki/Damaru	['1900', '1950']
Dropati	/wiki/Dropati	['1900', '1950']
Natalie La Rose	/wiki/Natalie_La_Rose	['1900', '1950']
Tommy Asinga	/wiki/Tommy_Asinga	['1900', '1950']
Ryan Babel	/wiki/Ryan_Babel	['1900', '1950']
Remy Bonjasky	/wiki/Remy_Bonjasky	['1900', '1950']
Edgar Davids	/wiki/Edgar_Davids	['1900', '1950']
Eljero Elia	/wiki/Eljero_Elia	['1900', '1950']
Ilonka Elmont	/wiki/Ilonka_Elmont	['1900', '1950']
Ruud Gullit	/wiki/Ruud_Gullit	['1900', '1950']
Ernesto Hoost	/wiki/Ernesto_Hoost	['1900', '1950']
Patrick Kluivert	/wiki/Patrick_Kluivert	['1900', '1950']
Anthony Nesty	/wiki/Anthony_Nesty	['1900', '1950']
Frank Rijkaard	/wiki/Frank_Rijkaard	['1900', '1950']
Clarence Seedorf	/wiki/Clarence_Seedorf	['1900', '1950']
Tyrone Spong	/wiki/Tyrone_Spong	['1900', '1950']
Letitia Vriesde	/wiki/Letitia_Vriesde	['1900', '1950']
Aron Winter	/wiki/Aron_Winter	['1900', '1950']
Jan Earnst Matzeliger	/wiki/Jan_Earnst_Matzeliger	['1900', '1950']
Jules Ajodhia	/wiki/Jules_Ajodhia	['1900', '1950']
Henck Arron	/wiki/Henck_Arron	['1900', '1950']
Bram Behr	/wiki/Bram_Behr	['1900', '1950']
Dési Bouterse	/wiki/D%C3%A9si_Bouterse	['1900', '1950']
Ronnie Brunswijk	/wiki/Ronnie_Brunswijk	['1900', '1950']
Johan Ferrier	/wiki/Johan_Ferrier	['1900', '1950']
Otto Huiswoud	/wiki/Otto_Huiswoud	['1900', '1950']
Harry Kisoensingh	/wiki/Harry_Kisoensingh	['1900', '1950']
Jagernath Lachmon	/wiki/Jagernath_Lachmon	['1900', '1950']
Pretaapnarian Radhakishun	/wiki/Pretaapnarian_Radhakishun	['1900', '1950']
Ram Sardjoe	/wiki/Ram_Sardjoe	['1900', '1950']
Ronald Venetiaan	/wiki/Ronald_Venetiaan	['1900', '1950']
Jules Wijdenbosch	/wiki/Jules_Wijdenbosch	['1900', '1950']
Aphra Behn	/wiki/Aphra_Behn	['1900', '1950']
Anton de Kom	/wiki/Anton_de_Kom	['1900', '1950']
Lou Lichtveld	/wiki/Lou_Lichtveld	['1900', '1950']
Isaiah Boodhoo	/wiki/Isaiah_Boodhoo	['1900', '1950']
Michel-Jean Cazabon	/wiki/Michel-Jean_Cazabon	['1900', '1950']
Boscoe Holder	/wiki/Boscoe_Holder	['1900', '1950']
Geoffrey Holder	/wiki/Geoffrey_Holder	['1900', '1950']
Inshan Ali	/wiki/Inshan_Ali	['1900', '1950']
Stephen Ames	/wiki/Stephen_Ames	['1900', '1950']
Marvin Andrews	/wiki/Marvin_Andrews	['1900', '1950']
Ian Bishop	/wiki/Ian_Bishop_(cricketer,_born_1967)	['1900', '1950']
Marlon Black	/wiki/Marlon_Black	['1900', '1950']
Ato Boldon	/wiki/Ato_Boldon	['1900', '1950']
George Bovell	/wiki/George_Bovell	['1900', '1950']
Dwayne Bravo	/wiki/Dwayne_Bravo	['1900', '1950']
Darrel Brown	/wiki/Darrel_Brown	['1900', '1950']
Marc Burns	/wiki/Marc_Burns	['1900', '1950']
Learie Constantine	/wiki/Learie_Constantine	['1900', '1950']
Hasely Crawford	/wiki/Hasely_Crawford	['1900', '1950']
Rajindra Dhanraj	/wiki/Rajindra_Dhanraj	['1900', '1950']
Mervyn Dillon	/wiki/Mervyn_Dillon	['1900', '1950']
Ansil Elcock	/wiki/Ansil_Elcock	['1900', '1950']
Daren Ganga	/wiki/Daren_Ganga	['1900', '1950']
Roger Gibbon	/wiki/Roger_Gibbon	['1900', '1950']
Larry Gomes	/wiki/Larry_Gomes	['1900', '1950']
Gerry Gomez	/wiki/Gerry_Gomez	['1900', '1950']
Tony Gray	/wiki/Tony_Gray_(cricketer)	['1900', '1950']
Shaka Hislop	/wiki/Shaka_Hislop	['1900', '1950']
Clayton Ince	/wiki/Clayton_Ince	['1900', '1950']
Stern John	/wiki/Stern_John	['1900', '1950']
Kenwyne Jones	/wiki/Kenwyne_Jones	['1900', '1950']
Brian Lara	/wiki/Brian_Lara	['1900', '1950']
Russell Latapy	/wiki/Russell_Latapy	['1900', '1950']
Leonson Lewis	/wiki/Leonson_Lewis	['1900', '1950']
Gus Logie	/wiki/Gus_Logie	['1900', '1950']
Clint Marcelle	/wiki/Clint_Marcelle	['1900', '1950']
Wendell Mottley	/wiki/Wendell_Mottley	['1900', '1950']
Deryck Murray	/wiki/Deryck_Murray	['1900', '1950']
Jerren Nixon	/wiki/Jerren_Nixon	['1900', '1950']
Sonny Ramadhin	/wiki/Sonny_Ramadhin	['1900', '1950']
Manny Ramjohn	/wiki/Manny_Ramjohn	['1900', '1950']
Dinanath Ramnarine	/wiki/Dinanath_Ramnarine	['1900', '1950']
Anthony Rougier	/wiki/Anthony_Rougier	['1900', '1950']
Phil Simmons	/wiki/Phil_Simmons	['1900', '1950']
Jeffrey Stollmeyer	/wiki/Jeffrey_Stollmeyer	['1900', '1950']
Victor Stollmeyer	/wiki/Victor_Stollmeyer	['1900', '1950']
Richard Thompson	/wiki/Richard_Thompson_(athlete)	['1900', '1950']
Evans Wise	/wiki/Evans_Wise	['1900', '1950']
Dwight Yorke	/wiki/Dwight_Yorke	['1900', '1950']
Pearl Primus	/wiki/Pearl_Primus	['1900', '1950']
Horace Ové	/wiki/Horace_Ov%C3%A9	['1900', '1950']
Frances-Anne Solomon	/wiki/Frances-Anne_Solomon	['1900', '1950']
Attila the Hun	/wiki/Attila_the_Hun_(calypsonian)	['1900', '1950']
Winifred Atwell	/wiki/Winifred_Atwell	['1900', '1950']
"Denise ""Saucy Wow"" Belfon"	/wiki/Denise_%22Saucy_Wow%22_Belfon	['1900', '1950']
Foxy Brown	/wiki/Foxy_Brown_(rapper)	['1900', '1950']
Chalkdust	/wiki/Chalkdust	['1900', '1950']
Ken Marlon Charles	/wiki/Ken_Marlon_Charles_(KMC)	['1900', '1950']
Maximus Dan	/wiki/Maximus_Dan	['1900', '1950']
Destra Garcia	/wiki/Destra_Garcia	['1900', '1950']
Bunji Garlin	/wiki/Bunji_Garlin	['1900', '1950']
Haddaway	/wiki/Haddaway	['1900', '1950']
Heather Headley	/wiki/Heather_Headley	['1900', '1950']
Ray Holman	/wiki/Ray_Holman	['1900', '1950']
Lord Invader	/wiki/Lord_Invader	['1900', '1950']
Lord Kitchener	/wiki/Lord_Kitchener_(calypsonian)	['1900', '1950']
Lord Melody	/wiki/Lord_Melody	['1900', '1950']
Fay Ann Lyons-Alvarez	/wiki/Fay_Ann_Lyons-Alvarez	['1900', '1950']
Mighty Sparrow	/wiki/Mighty_Sparrow	['1900', '1950']
Mighty Spoiler	/wiki/Mighty_Spoiler	['1900', '1950']
Nicki Minaj	/wiki/Nicki_Minaj	['1900', '1950']
PartyNextDoor	/wiki/PartyNextDoor	['1900', '1950']
Cardi B	/wiki/Cardi_B	['1900', '1950']
Lennox Mohammed	/wiki/Lennox_Mohammed	['1900', '1950']
Machel Montano	/wiki/Machel_Montano	['1900', '1950']
Billy Ocean	/wiki/Billy_Ocean	['1900', '1950']
Denise Plummer	/wiki/Denise_Plummer	['1900', '1950']
Sundar Popo	/wiki/Sundar_Popo	['1900', '1950']
Patrice Roberts	/wiki/Patrice_Roberts	['1900', '1950']
David Rudder	/wiki/David_Rudder	['1900', '1950']
Adesh Samaroo	/wiki/Adesh_Samaroo	['1900', '1950']
Jit Samaroo	/wiki/Jit_Samaroo	['1900', '1950']
Hazel Scott	/wiki/Hazel_Scott	['1900', '1950']
Lennox Sharpe	/wiki/Lennox_Sharpe	['1900', '1950']
Lord Shorty	/wiki/Lord_Shorty	['1900', '1950']
Black Stalin	/wiki/Black_Stalin	['1900', '1950']
André Tanker	/wiki/Andr%C3%A9_Tanker	['1900', '1950']
Rakesh Yankaran	/wiki/Rakesh_Yankaran	['1900', '1950']
Tubal Uriah Butler	/wiki/Tubal_Uriah_Butler	['1900', '1950']
Rudranath Capildeo	/wiki/Rudranath_Capildeo	['1900', '1950']
Simbhoonath Capildeo	/wiki/Simbhoonath_Capildeo	['1900', '1950']
Stokely Carmichael	/wiki/Stokely_Carmichael	['1900', '1950']
George Chambers	/wiki/George_Chambers	['1900', '1950']
Carson Charles	/wiki/Carson_Charles	['1900', '1950']
Arthur Andrew Cipriani	/wiki/Arthur_Andrew_Cipriani	['1900', '1950']
Ellis Clarke	/wiki/Ellis_Clarke	['1900', '1950']
Winston Dookeran	/wiki/Winston_Dookeran	['1900', '1950']
Knowlson Gift	/wiki/Knowlson_Gift	['1900', '1950']
Albert Gomes	/wiki/Albert_Gomes	['1900', '1950']
Geddes Granger	/wiki/Geddes_Granger	['1900', '1950']
Noor Hassanali	/wiki/Noor_Hassanali	['1900', '1950']
Karl Hudson-Phillips	/wiki/Karl_Hudson-Phillips	['1900', '1950']
A.P.T. James	/wiki/A.P.T._James	['1900', '1950']
Roy Joseph	/wiki/Roy_Joseph	['1900', '1950']
Franklin Khan	/wiki/Franklin_Khan	['1900', '1950']
Fuad Khan	/wiki/Fuad_Khan	['1900', '1950']
Gillian Lucky	/wiki/Gillian_Lucky	['1900', '1950']
Ramesh Maharaj	/wiki/Ramesh_Maharaj	['1900', '1950']
Patrick Manning	/wiki/Patrick_Manning	['1900', '1950']
Bhadase Maraj	/wiki/Bhadase_Maraj	['1900', '1950']
Ralph Maraj	/wiki/Ralph_Maraj	['1900', '1950']
Wendell Mottley	/wiki/Wendell_Mottley	['1900', '1950']
George Padmore	/wiki/George_Padmore	['1900', '1950']
Basdeo Panday	/wiki/Basdeo_Panday	['1900', '1950']
Kamla Persad-Bissessar	/wiki/Kamla_Persad-Bissessar	['1900', '1950']
George Maxwell Richards	/wiki/George_Maxwell_Richards	['1900', '1950']
Adrian Cola Rienzi	/wiki/Adrian_Cola_Rienzi	['1900', '1950']
A. N. R. Robinson	/wiki/A._N._R._Robinson	['1900', '1950']
Keith Rowley	/wiki/Keith_Rowley	['1900', '1950']
"Austin ""Jack"" Warner"	/wiki/Austin_%22Jack%22_Warner	['1900', '1950']
Eric Williams	/wiki/Eric_Williams	['1900', '1950']
Eric A. Williams	/wiki/Eric_A._Williams	['1900', '1950']
Gerald Yetming	/wiki/Gerald_Yetming	['1900', '1950']
Lloyd Best	/wiki/Lloyd_Best	['1900', '1950']
Ralph de Boissière	/wiki/Ralph_de_Boissi%C3%A8re	['1900', '1950']
Dionne Brand	/wiki/Dionne_Brand	['1900', '1950']
Stokely Carmichael	/wiki/Stokely_Carmichael	['1900', '1950']
Rosa Guy	/wiki/Rosa_Guy	['1900', '1950']
Merle Hodge	/wiki/Merle_Hodge	['1900', '1950']
C. L. R. James	/wiki/C._L._R._James	['1900', '1950']
Earl Lovelace	/wiki/Earl_Lovelace	['1900', '1950']
Mustapha Matura	/wiki/Mustapha_Matura	['1900', '1950']
Shiva Naipaul	/wiki/Shiva_Naipaul	['1900', '1950']
V.S. Naipaul	/wiki/V.S._Naipaul	['1900', '1950']
Kenneth Ramchand	/wiki/Kenneth_Ramchand	['1900', '1950']
Lall Sawh	/wiki/Lall_Sawh	['1900', '1950']
Samuel Selvon	/wiki/Samuel_Selvon	['1900', '1950']
Eric Williams	/wiki/Eric_Williams	['1900', '1950']
Kelsey Grammer	/wiki/Kelsey_Grammer	['1900', '1950']
Lawrence Hilton-Jacobs	/wiki/Lawrence_Hilton-Jacobs	['1900', '1950']
Camille Pissarro	/wiki/Camille_Pissarro	['1900', '1950']
William Thornton	/wiki/William_Thornton	['1900', '1950']
Raja Bell	/wiki/Raja_Bell	['1900', '1950']
Horace Clarke	/wiki/Horace_Clarke	['1900', '1950']
Midre Cummings	/wiki/Midre_Cummings	['1900', '1950']
Tim Duncan	/wiki/Tim_Duncan	['1900', '1950']
Julian Jackson	/wiki/Julian_Jackson_(boxer)	['1900', '1950']
Calvin Pickering	/wiki/Calvin_Pickering	['1900', '1950']
Elmo Plaskett	/wiki/Elmo_Plaskett	['1900', '1950']
John Lettsom	/wiki/John_Lettsom	['1900', '1950']
Morris Simmonds	/wiki/Morris_Simmonds	['1900', '1950']
Edward Blyden	/wiki/Edward_Blyden	['1900', '1950']
Frank Rudolph Crosswaith	/wiki/Frank_Rudolph_Crosswaith	['1900', '1950']
Hubert Henry Harrison	/wiki/Hubert_Henry_Harrison	['1900', '1950']
Casper Holstein	/wiki/Casper_Holstein	['1900', '1950']
Roy Innis	/wiki/Roy_Innis	['1900', '1950']
D. Hamilton Jackson	/wiki/D._Hamilton_Jackson	['1900', '1950']
J. Raymond Jones	/wiki/J._Raymond_Jones	['1900', '1950']
William Alexander Leidesdorff	/wiki/William_Alexander_Leidesdorff	['1900', '1950']
T. McCants Stewart	/wiki/T._McCants_Stewart	['1900', '1950']
Terence Todman	/wiki/Terence_Todman	['1900', '1950']
Denmark Vesey	/wiki/Denmark_Vesey	['1900', '1950']
Barbara Christian	/wiki/Barbara_Christian	['1900', '1950']
Arthur Schomburg	/wiki/Arthur_Schomburg	['1900', '1950']
