text	link	year
David Akers-Jones	/wiki/David_Akers-Jones	['1986', '1987']
Au Wai Lun	/wiki/Au_Wai_Lun	['1900', '1950']
Jin Au-Yeung	/wiki/Jin_Au-Yeung	['1900', '1950']
Jamie Atkinson	/wiki/Jamie_Atkinson	['1900', '1950']
Au Chi-wai	/wiki/Au_Chi-wai	['1900', '1950']
Clara Blandick	/wiki/Clara_Blandick	['1876', '1962']
Albert Chan	/wiki/Albert_Chan	['1900', '1950']
Anson Chan	/wiki/Anson_Chan	['1900', '1950']
David Chan Yuk-cheung	/wiki/David_Chan_Yuk-cheung	['1900', '1950']
Fruit Chan	/wiki/Fruit_Chan	['1900', '1950']
Jackie Chan	/wiki/Jackie_Chan	['1900', '1950']
Sita Chan	/wiki/Sita_Chan	['1900', '1950']
William Chang	/wiki/William_Chang	['1900', '1950']
Catchick Paul Chater	/wiki/Catchick_Paul_Chater	['1900', '1950']
Chen Din Hwa	/wiki/Chen_Din_Hwa	['1900', '1950']
Edison Chen	/wiki/Edison_Chen	['1900', '1950']
Fala Chen	/wiki/Fala_Chen	['1900', '1950']
Kelly Chen	/wiki/Kelly_Chen	['1900', '1950']
Adam Cheng	/wiki/Adam_Cheng	['1900', '1950']
Davi Cheng	/wiki/Davi_Cheng	['1900', '1950']
Sammi Cheng	/wiki/Sammi_Cheng	['1900', '1950']
Shiu-Yuen Cheng	/wiki/Shiu-Yuen_Cheng	['1900', '1950']
Yumiko Cheng	/wiki/Yumiko_Cheng	['1900', '1950']
Hilton Cheong-Leen	/wiki/Hilton_Cheong-Leen	['1900', '1950']
Angie Cheung	/wiki/Angie_Cheung	['1900', '1950']
Cecilia Cheung	/wiki/Cecilia_Cheung	['1900', '1950']
Cindy Cheung	/wiki/Cindy_Cheung_(television_presenter)	['1900', '1950']
Fernando Cheung	/wiki/Fernando_Cheung	['1900', '1950']
Jacky Cheung	/wiki/Jacky_Cheung	['1900', '1950']
Cheung Kam Ching	/wiki/Cheung_Kam_Ching	['1900', '1950']
Leslie Cheung	/wiki/Leslie_Cheung	['1900', '1950']
Maggie Cheung Ho Yee	/wiki/Maggie_Cheung_Ho_Yee	['1900', '1950']
Maggie Cheung	/wiki/Maggie_Cheung	['1900', '1950']
Rachel Cheung	/wiki/Rachel_Cheung	['1900', '1950']
Steven Cheung	/wiki/Steven_Cheung_(actor)	['1900', '1950']
Steven N. S. Cheung	/wiki/Steven_N._S._Cheung	['1900', '1950']
Teresa Cheung	/wiki/Teresa_Cheung_(socialite)	['1900', '1950']
Chin Tsi-ang	/wiki/Chin_Tsi-ang	['1900', '1950']
Angie Chiu	/wiki/Angie_Chiu	['1900', '1950']
Rebecca Chiu	/wiki/Rebecca_Chiu	['1900', '1950']
Samson Chiu	/wiki/Samson_Chiu	['1900', '1950']
Raymond Cho	/wiki/Raymond_Cho_(actor)	['1900', '1950']
Raymond Chow	/wiki/Raymond_Chow	['1900', '1950']
Ada Choi	/wiki/Ada_Choi	['1900', '1950']
Elkie Chong	/wiki/Elkie_Chong	['1900', '1950']
Niki Chow	/wiki/Niki_Chow	['1900', '1950']
Stephen Chow	/wiki/Stephen_Chow	['1900', '1950']
Vivian Chow	/wiki/Vivian_Chow	['1900', '1950']
York Chow	/wiki/York_Chow	['1900', '1950']
Chow Yun-fat	/wiki/Chow_Yun-fat	['1900', '1950']
Almond Chu	/wiki/Almond_Chu	['1900', '1950']
Athena Chu	/wiki/Athena_Chu	['1900', '1950']
Samuel Chu	/wiki/Samuel_Chu	['1900', '1950']
Winston Chu	/wiki/Winston_Chu	['1900', '1950']
Chung Sze Yuen	/wiki/Chung_Sze_Yuen	['1900', '1950']
Adrienne Clarkson	/wiki/Adrienne_Clarkson	['1900', '1950']
Dejay	/wiki/Dejay	['1900', '1950']
Christopher Doyle	/wiki/Christopher_Doyle	['1900', '1950']
Lydia Dunn, Baroness Dunn	/wiki/Lydia_Dunn,_Baroness_Dunn	['1900', '1950']
Audrey Eu	/wiki/Audrey_Eu	['1900', '1950']
Fan Chun Yip	/wiki/Fan_Chun_Yip	['1900', '1950']
Rita Fan	/wiki/Rita_Fan	['1900', '1950']
Henry Fok	/wiki/Henry_Fok	['1900', '1950']
Timothy Fok	/wiki/Timothy_Fok	['1900', '1950']
Alex Fong	/wiki/Alex_Fong_(actor)	['1900', '1950']
Alex Fong	/wiki/Alex_Fong_(singer)	['1900', '1950']
Alexander Fu	/wiki/Alexander_Fu	['1900', '1950']
Fu Mingxia	/wiki/Fu_Mingxia	['1900', '1950']
Marco Fu	/wiki/Marco_Fu	['1900', '1950']
Frederick Fung	/wiki/Frederick_Fung	['1900', '1950']
Fung Kwok Wai	/wiki/Fung_Kwok_Wai	['1900', '1950']
Brian Hau	/wiki/Brian_Hau	['1900', '1950']
Anne Heung	/wiki/Anne_Heung	['1900', '1950']
Tom Hilditch	/wiki/Tom_Hilditch	['1900', '1950']
Albert Ho	/wiki/Albert_Ho	['1900', '1950']
Cyd Ho	/wiki/Cyd_Ho	['1900', '1950']
Denise Ho	/wiki/Denise_Ho	['1900', '1950']
Ho Sin Tung	/wiki/Ho_Sin_Tung	['1900', '1950']
Stanley Ho	/wiki/Stanley_Ho	['1900', '1950']
Kuan Hsin-chi	/wiki/Kuan_Hsin-chi	['1900', '1950']
Jessica Hester Hsuan	/wiki/Jessica_Hester_Hsuan	['1900', '1950']
Alfred Hui	/wiki/Alfred_Hui	['1900', '1950']
Andy Hui	/wiki/Andy_Hui	['1900', '1950']
Ann Hui	/wiki/Ann_Hui	['1900', '1950']
King Hu	/wiki/King_Hu	['1900', '1950']
Michael Hui	/wiki/Michael_Hui	['1900', '1950']
Sam Hui	/wiki/Sam_Hui	['1900', '1950']
Sammo Hung	/wiki/Sammo_Hung	['1900', '1950']
William Hung	/wiki/William_Hung	['1900', '1950']
Babar Hayat	/wiki/Babar_Hayat	['1900', '1950']
Stephen Ip	/wiki/Stephen_Ip	['1900', '1950']
Andrew Johnston	/wiki/Andrew_Johnston_(Australian_actor)	['1900', '1950']
Lord Kadoorie	/wiki/Lord_Kadoorie	['1900', '1950']
Michael Kadoorie	/wiki/Michael_Kadoorie	['1900', '1950']
Charles K. Kao	/wiki/Charles_K._Kao	['1900', '1950']
Nicholas Kao Se Tseien	/wiki/Nicholas_Kao_Se_Tseien	['1900', '1950']
James Johnstone Keswick	/wiki/James_Johnstone_Keswick	['1900', '1950']
Keswick branch	/wiki/Keswick_branch	['1900', '1950']
Ambrose King	/wiki/Ambrose_King	['1900', '1950']
Josephine Koo	/wiki/Josephine_Koo	['1900', '1950']
Hong Kong national rugby union team	/wiki/Hong_Kong_national_rugby_union_team	['1900', '1950']
Charles Kwan	/wiki/Charles_Kwan	['1900', '1950']
Stanley Kwan	/wiki/Stanley_Kwan	['1900', '1950']
Aaron Kwok	/wiki/Aaron_Kwok	['1900', '1950']
Raymond Kwok	/wiki/Raymond_Kwok	['1900', '1950']
Thomas Kwok	/wiki/Thomas_Kwok	['1900', '1950']
Walter Kwok	/wiki/Walter_Kwok	['1900', '1950']
Leung Kwok-hung	/wiki/Leung_Kwok-hung	['1900', '1950']
Paul Kwong	/wiki/Paul_Kwong	['1900', '1950']
Peter Kwong	/wiki/Peter_Kwong_(bishop)	['1900', '1950']
Kwok Ka Ming	/wiki/Kwok_Ka_Ming	['1900', '1950']
Leo Ku	/wiki/Leo_Ku	['1900', '1950']
Louis Koo	/wiki/Louis_Koo	['1900', '1950']
Nancy Kwan	/wiki/Nancy_Kwan	['1900', '1950']
Susanna Kwan	/wiki/Susanna_Kwan	['1900', '1950']
Douglas Lapraik	/wiki/Douglas_Lapraik	['1900', '1950']
Larissa Lai	/wiki/Larissa_Lai	['1900', '1950']
Leon Lai	/wiki/Leon_Lai	['1900', '1950']
George Lam	/wiki/George_Lam	['1900', '1950']
Raymond Lam	/wiki/Raymond_Lam	['1900', '1950']
Ringo Lam	/wiki/Ringo_Lam	['1900', '1950']
Sandy Lam	/wiki/Sandy_Lam	['1900', '1950']
Andy Lau	/wiki/Andy_Lau	['1900', '1950']
Lau Ching-Wan	/wiki/Lau_Ching-Wan	['1900', '1950']
Emily Lau	/wiki/Emily_Lau	['1900', '1950']
Kurtis Lau Wai-kin	/wiki/Kurtis_Lau_Wai-kin	['1900', '1950']
Akandu Lawrence	/wiki/Akandu_Lawrence	['1900', '1950']
Allen Lee	/wiki/Allen_Lee	['1900', '1950']
Ambrose Lee	/wiki/Ambrose_Lee	['1900', '1950']
Andy Lee	/wiki/Andy_Lee_(snooker_player)	['1900', '1950']
Lee Hoi-chuen	/wiki/Lee_Hoi-chuen	['1900', '1950']
Bruce Lee	/wiki/Bruce_Lee	['1900', '1950']
Robert Lee	/wiki/Robert_Lee_(musician)	['1900', '1950']
Colleen Lee	/wiki/Colleen_Lee	['1900', '1950']
Hacken Lee	/wiki/Hacken_Lee	['1900', '1950']
Johnson Lee	/wiki/Johnson_Lee	['1900', '1950']
Lee San San	/wiki/Lee_San_San	['1900', '1950']
Sam Lee	/wiki/Sam_Lee_(actor)	['1900', '1950']
Lee Kin Wo	/wiki/Lee_Kin_Wo	['1900', '1950']
Lee Lai Shan	/wiki/Lee_Lai_Shan	['1900', '1950']
Lilian Lee	/wiki/Lilian_Lee	['1900', '1950']
Martin Lee	/wiki/Martin_Lee	['1900', '1950']
Lee Shau Kee	/wiki/Lee_Shau_Kee	['1900', '1950']
Martin Lee Ka-shing	/wiki/Martin_Lee_Ka-shing	['1900', '1950']
Peter Lee Ka-kit	/wiki/Peter_Lee_Ka-kit	['1900', '1950']
Isabella Leong	/wiki/Isabella_Leong	['1900', '1950']
Antony Leung	/wiki/Antony_Leung	['1900', '1950']
Leung Chun Ying	/wiki/Leung_Chun_Ying	['1900', '1950']
Elsie Leung	/wiki/Elsie_Leung	['1900', '1950']
Gigi Leung	/wiki/Gigi_Leung	['1900', '1950']
Leung Kwok Hung	/wiki/Leung_Kwok_Hung	['1900', '1950']
Tony Leung Chiu Wai	/wiki/Tony_Leung_Chiu_Wai	['1900', '1950']
Tony Leung Ka Fai	/wiki/Tony_Leung_Ka_Fai	['1900', '1950']
Andrew Li	/wiki/Andrew_Li	['1900', '1950']
Arthur Li	/wiki/Arthur_Li	['1900', '1950']
Sir David Li	/wiki/Sir_David_Li	['1900', '1950']
Herman Li	/wiki/Herman_Li	['1900', '1950']
Li Ka Shing	/wiki/Li_Ka_Shing	['1900', '1950']
Richard Li	/wiki/Richard_Li	['1900', '1950']
Victor Li	/wiki/Victor_Li	['1900', '1950']
Betty Loh Ti	/wiki/Betty_Loh_Ti	['1900', '1950']
Christine Loh	/wiki/Christine_Loh	['1900', '1950']
Ma Lin	/wiki/Ma_Lin_(educator)	['1900', '1950']
Ma Lik	/wiki/Ma_Lik	['1900', '1950']
Vivek Mahbubani	/wiki/Vivek_Mahbubani	['1900', '1950']
Hormusjee Naorojee Mody	/wiki/Hormusjee_Naorojee_Mody	['1900', '1950']
Mong Man Wai	/wiki/Mong_Man_Wai	['1900', '1950']
Karen Mok	/wiki/Karen_Mok	['1900', '1950']
Anita Mui	/wiki/Anita_Mui	['1900', '1950']
Kenneth Ma	/wiki/Kenneth_Ma	['1900', '1950']
Steven Ma	/wiki/Steven_Ma	['1900', '1950']
Joe Ma	/wiki/Joe_Ma_(actor)	['1900', '1950']
Evergreen Mak Cheung-ching	/wiki/Evergreen_Mak_Cheung-ching	['1900', '1950']
David Millar	/wiki/David_Millar	['1900', '1950']
Carl Ng	/wiki/Carl_Ng	['1900', '1950']
Sandra Ng	/wiki/Sandra_Ng	['1900', '1950']
Dorabjee Nowrojee	/wiki/Dorabjee_Nowrojee	['1900', '1950']
Kary Ng	/wiki/Kary_Ng	['1900', '1950']
Ng On-yee	/wiki/Ng_On-yee	['1900', '1950']
Ron Ng	/wiki/Ron_Ng	['1900', '1950']
Matt Page	/wiki/Matt_Page	['1900', '1950']
The Pancakes	/wiki/The_Pancakes	['1900', '1950']
Fung Chin Pang	/wiki/Fung_Chin_Pang	['1900', '1950']
Jenny Pat	/wiki/Jenny_Pat	['1900', '1950']
Christopher Patten	/wiki/Christopher_Patten	['1900', '1950']
Hong Kong Phooey	/wiki/Hong_Kong_Phooey	['1900', '1950']
Chung-Kwong Poon	/wiki/Chung-Kwong_Poon	['1900', '1950']
Neville Poy	/wiki/Neville_Poy	['1900', '1950']
Vivienne Poy	/wiki/Vivienne_Poy	['1900', '1950']
Michelle Reis	/wiki/Michelle_Reis	['1900', '1950']
Josh Richardson	/wiki/Josh_Richardson	['1900', '1950']
Gregory Charles Rivers	/wiki/Gregory_Charles_Rivers	['1900', '1950']
Ruan Lingyu	/wiki/Ruan_Lingyu	['1900', '1950']
Dhun Jehangir Ruttonjee	/wiki/Dhun_Jehangir_Ruttonjee	['1900', '1950']
Jehangir Hormusjee Ruttonjee	/wiki/Jehangir_Hormusjee_Ruttonjee	['1900', '1950']
Leslie George Santos	/wiki/Leslie_George_Santos	['1900', '1950']
Victor Sassoon	/wiki/Victor_Sassoon	['1900', '1950']
Run Run Shaw	/wiki/Run_Run_Shaw	['1900', '1950']
Runme Shaw	/wiki/Runme_Shaw	['1900', '1950']
Lydia Shum	/wiki/Lydia_Shum	['1900', '1950']
Edwin Siu	/wiki/Edwin_Siu	['1900', '1950']
Yan-kit So	/wiki/Yan-kit_So	['1900', '1950']
Angela Su	/wiki/Angela_Su	['1900', '1950']
Michelle Sun	/wiki/Michelle_Sun	['1900', '1950']
Alan Tam	/wiki/Alan_Tam	['1900', '1950']
Patrick Tam	/wiki/Patrick_Tam_(film_director)	['1900', '1950']
Patrick Tam Yiu-Man	/wiki/Patrick_Tam_Yiu-Man	['1900', '1950']
Roman Tam	/wiki/Roman_Tam	['1900', '1950']
Alan Tang	/wiki/Alan_Tang	['1900', '1950']
Henry Tang	/wiki/Henry_Tang	['1900', '1950']
Tat Ming Pair	/wiki/Tat_Ming_Pair	['1900', '1950']
Tsai Yuan-pei	/wiki/Tsai_Yuan-pei	['1900', '1950']
Donald Tsang	/wiki/Donald_Tsang	['1900', '1950']
John Tsang Chun-wah	/wiki/John_Tsang_Chun-wah	['1900', '1950']
Tsang Tsou Choi	/wiki/Tsang_Tsou_Choi	['1900', '1950']
Kay Tse	/wiki/Kay_Tse	['1900', '1950']
Nicholas Tse	/wiki/Nicholas_Tse	['1900', '1950']
Kate Tsui	/wiki/Kate_Tsui	['1900', '1950']
Kristal Tin	/wiki/Kristal_Tin	['1900', '1950']
Daniel C. Tsui	/wiki/Daniel_C._Tsui	['1900', '1950']
Tsui Hark	/wiki/Tsui_Hark	['1900', '1950']
Johnnie To	/wiki/Johnnie_To	['1900', '1950']
Raymond To	/wiki/Raymond_To	['1900', '1950']
Ronny Tong	/wiki/Ronny_Tong	['1900', '1950']
Tung Chao Yung	/wiki/Tung_Chao_Yung	['1900', '1950']
Tung Chee Hwa	/wiki/Tung_Chee_Hwa	['1900', '1950']
Comedy Dave	/wiki/Comedy_Dave	['1900', '1950']
Jackson Wang	/wiki/Jackson_Wang	['1900', '1950']
Nina Wang	/wiki/Nina_Wang	['1900', '1950']
Teddy Wang	/wiki/Teddy_Wang	['1900', '1950']
Wayne Wang	/wiki/Wayne_Wang	['1900', '1950']
David Michael Webb	/wiki/David_Michael_Webb	['1900', '1950']
Chow Kai Wing	/wiki/Chow_Kai_Wing	['1900', '1950']
Anthony Wong Chau Sang	/wiki/Anthony_Wong_Chau_Sang	['1900', '1950']
Anthony Wong	/wiki/Anthony_Wong_(singer)	['1900', '1950']
Eleanor Wong	/wiki/Eleanor_Wong_(musician)	['1900', '1950']
Carter Wong	/wiki/Carter_Wong	['1900', '1950']
Faye Wong	/wiki/Faye_Wong	['1900', '1950']
Jennifer Wong	/wiki/Jennifer_Wong	['1900', '1950']
Joshua Wong	/wiki/Joshua_Wong	['1900', '1950']
Lucas Wong	/wiki/Lucas_Wong	['1900', '1950']
Wong Kam-po	/wiki/Wong_Kam-po	['1900', '1950']
Wong Kar-wai	/wiki/Wong_Kar-wai	['1900', '1950']
Koma Wong	/wiki/Koma_Wong	['1900', '1950']
Natalie Wong	/wiki/Natalie_Wong	['1900', '1950']
Race Wong	/wiki/Race_Wong	['1900', '1950']
Raymond Wong Yuk-man	/wiki/Raymond_Wong_Yuk-man	['1900', '1950']
Wong Wo Bik	/wiki/Wong_Wo_Bik	['1900', '1950']
Wong Yan Lung	/wiki/Wong_Yan_Lung	['1900', '1950']
John Woo	/wiki/John_Woo	['1900', '1950']
Daniel Wu	/wiki/Daniel_Wu	['1900', '1950']
Wu Kwok Hung	/wiki/Wu_Kwok_Hung	['1900', '1950']
Myolie Wu	/wiki/Myolie_Wu	['1900', '1950']
Jack Yan	/wiki/Jack_Yan	['1900', '1950']
Choi Yan-chi	/wiki/Choi_Yan-chi	['1900', '1950']
Ti Liang Yang	/wiki/Ti_Liang_Yang	['1900', '1950']
Chao Yat	/wiki/Chao_Yat	['1900', '1950']
Benny Yau	/wiki/Benny_Yau	['1900', '1950']
Sally Yeh	/wiki/Sally_Yeh	['1900', '1950']
Donnie Yen	/wiki/Donnie_Yen	['1900', '1950']
Yeoh Eng-kiong	/wiki/Yeoh_Eng-kiong	['1900', '1950']
Michelle Yeoh	/wiki/Michelle_Yeoh	['1900', '1950']
Angelababy	/wiki/Angelababy	['1900', '1950']
Miriam Yeung	/wiki/Miriam_Yeung	['1900', '1950']
Yip Hon	/wiki/Yip_Hon	['1900', '1950']
Yim Ho	/wiki/Yim_Ho	['1900', '1950']
Patrick Yu	/wiki/Patrick_Yu	['1900', '1950']
Tik Chi Yuen	/wiki/Tik_Chi_Yuen	['1900', '1950']
Yuen Biao	/wiki/Yuen_Biao	['1900', '1950']
Anita Yuen	/wiki/Anita_Yuen	['1900', '1950']
Corey Yuen	/wiki/Corey_Yuen	['1900', '1950']
Yuen Kwok-yung	/wiki/Yuen_Kwok-yung	['1900', '1950']
Yuen Wah	/wiki/Yuen_Wah	['1900', '1950']
Tavia Yeung	/wiki/Tavia_Yeung	['1900', '1950']
Tyson Yoshi	/wiki/Tyson_Yoshi	['1900', '1950']
Allan Zeman	/wiki/Allan_Zeman	['1900', '1950']
Joseph Zen Ze-kiun	/wiki/Joseph_Zen_Ze-kiun	['1900', '1950']
Chief Secretary	/wiki/Chief_Secretary_(Hong_Kong)	['1900', '1950']
Wikipedia:HK wikipedians' notice board	/wiki/Wikipedia:HK_wikipedians%27_notice_board	['1900', '1950']
Wikipedia:HK wikipedians' notice board/HKCOTW	/wiki/Wikipedia:HK_wikipedians%27_notice_board/HKCOTW	['1900', '1950']
